model_id,fold,scenario_id,available_count,available_modalities,drop_modalities,macro_f1,micro_f1,mean_average_precision,brier_score,seed_count
B4,0,mask.000001,1,phone_state,phone_acc|phone_gyro|watch_acc|location|audio,0.383269436531,0.618664110247,0.410677815476,0.17361899611,3
B4,0,mask.000010,1,audio,phone_acc|phone_gyro|watch_acc|location|phone_state,0.337896772001,0.583728933767,0.354353723301,0.176904160285,3
B4,0,mask.000011,2,audio|phone_state,phone_acc|phone_gyro|watch_acc|location,0.423401473289,0.655442826421,0.433974106477,0.148720388089,3
B4,0,mask.000100,1,location,phone_acc|phone_gyro|watch_acc|audio|phone_state,0.35075508437,0.568687705035,0.366563256849,0.177313352633,3
B4,0,mask.000101,2,location|phone_state,phone_acc|phone_gyro|watch_acc|audio,0.449266461597,0.658546228578,0.452286131084,0.149544762136,3
B4,0,mask.000110,2,location|audio,phone_acc|phone_gyro|watch_acc|phone_state,0.406419042481,0.6288185704,0.418224609883,0.154929073149,3
B4,0,mask.000111,3,location|audio|phone_state,phone_acc|phone_gyro|watch_acc,0.476138400026,0.685837414984,0.475544956001,0.135962255996,3
B4,0,mask.001000,1,watch_acc,phone_acc|phone_gyro|location|audio|phone_state,0.339766580666,0.551482390615,0.393943221895,0.186648866806,3
B4,0,mask.001001,2,watch_acc|phone_state,phone_acc|phone_gyro|location|audio,0.462377267866,0.660814939136,0.483477190072,0.14792423109,3
B4,0,mask.001010,2,watch_acc|audio,phone_acc|phone_gyro|location|phone_state,0.430682898924,0.640174945176,0.450433578083,0.147041413578,3
B4,0,mask.001011,3,watch_acc|audio|phone_state,phone_acc|phone_gyro|location,0.490679834224,0.686898867839,0.504745784376,0.131502937257,3
B4,0,mask.001100,2,watch_acc|location,phone_acc|phone_gyro|audio|phone_state,0.456433811989,0.627628852978,0.491900923035,0.157102770252,3
B4,0,mask.001101,3,watch_acc|location|phone_state,phone_acc|phone_gyro|audio,0.525416513755,0.697151074411,0.530430893096,0.130512607435,3
B4,0,mask.001110,3,watch_acc|location|audio,phone_acc|phone_gyro|phone_state,0.504857340353,0.673664679637,0.516559308668,0.133991077455,3
B4,0,mask.001111,4,watch_acc|location|audio|phone_state,phone_acc|phone_gyro,0.536446769891,0.712153554885,0.54369472244,0.122478153409,3
B4,0,mask.010000,1,phone_gyro,phone_acc|watch_acc|location|audio|phone_state,0.245914775701,0.462592745892,0.291348155321,0.220367025772,3
B4,0,mask.010001,2,phone_gyro|phone_state,phone_acc|watch_acc|location|audio,0.430781215343,0.631212559089,0.441667642001,0.165981229357,3
B4,0,mask.010010,2,phone_gyro|audio,phone_acc|watch_acc|location|phone_state,0.375314493739,0.594272854438,0.397725965318,0.168198391792,3
B4,0,mask.010011,3,phone_gyro|audio|phone_state,phone_acc|watch_acc|location,0.462781004696,0.663882937523,0.466336040576,0.144544656222,3
B4,0,mask.010100,2,phone_gyro|location,phone_acc|watch_acc|audio|phone_state,0.385905994403,0.561456451707,0.401904459924,0.184847884918,3
B4,0,mask.010101,3,phone_gyro|location|phone_state,phone_acc|watch_acc|audio,0.493924445772,0.66725900909,0.491444448424,0.146048233592,3
B4,0,mask.010110,3,phone_gyro|location|audio,phone_acc|watch_acc|phone_state,0.440133284434,0.637839287545,0.457066698249,0.14865304554,3
B4,0,mask.010111,4,phone_gyro|location|audio|phone_state,phone_acc|watch_acc,0.512389445303,0.691293393039,0.50982477473,0.132837492147,3
B4,0,mask.011000,2,phone_gyro|watch_acc,phone_acc|location|audio|phone_state,0.337440278521,0.533572368039,0.376125419262,0.198950586555,3
B4,0,mask.011001,3,phone_gyro|watch_acc|phone_state,phone_acc|location|audio,0.479460016661,0.660317816698,0.493679995913,0.149590271932,3
B4,0,mask.011010,3,phone_gyro|watch_acc|audio,phone_acc|location|phone_state,0.437108698972,0.638010253389,0.458440896983,0.148966399855,3
B4,0,mask.011011,4,phone_gyro|watch_acc|audio|phone_state,phone_acc|location,0.512061365115,0.688995239811,0.517808915655,0.131514086037,3
B4,0,mask.011100,3,phone_gyro|watch_acc|location,phone_acc|audio|phone_state,0.462959261476,0.617328723045,0.493526142667,0.163374713827,3
B4,0,mask.011101,4,phone_gyro|watch_acc|location|phone_state,phone_acc|audio,0.547328250366,0.697770857883,0.549053731412,0.131179488589,3
B4,0,mask.011110,4,phone_gyro|watch_acc|location|audio,phone_acc|phone_state,0.511068385322,0.672887899108,0.52844285308,0.13380863552,3
B4,0,mask.011111,5,phone_gyro|watch_acc|location|audio|phone_state,phone_acc,0.557983855832,0.713605759481,0.559547257884,0.121849936394,3
B4,0,mask.100000,1,phone_acc,phone_gyro|watch_acc|location|audio|phone_state,0.363872253748,0.569751345921,0.37391227198,0.1844639879,3
B4,0,mask.100001,2,phone_acc|phone_state,phone_gyro|watch_acc|location|audio,0.450416428532,0.653466285855,0.458820229088,0.155900922365,3
B4,0,mask.100010,2,phone_acc|audio,phone_gyro|watch_acc|location|phone_state,0.421836957733,0.626975616036,0.409021831606,0.159376370706,3
B4,0,mask.100011,3,phone_acc|audio|phone_state,phone_gyro|watch_acc|location,0.474453836281,0.675511794871,0.475074891665,0.142014684369,3
B4,0,mask.100100,2,phone_acc|location,phone_gyro|watch_acc|audio|phone_state,0.450717240675,0.630979470346,0.435034480442,0.156490734144,3
B4,0,mask.100101,3,phone_acc|location|phone_state,phone_gyro|watch_acc|audio,0.498969590976,0.685562853802,0.492002156789,0.136864775012,3
B4,0,mask.100110,3,phone_acc|location|audio,phone_gyro|watch_acc|phone_state,0.474706626757,0.664212645153,0.463928044807,0.143478115692,3
B4,0,mask.100111,4,phone_acc|location|audio|phone_state,phone_gyro|watch_acc,0.511814520579,0.701321032437,0.508713307362,0.129823137912,3
B4,0,mask.101000,2,phone_acc|watch_acc,phone_gyro|location|audio|phone_state,0.437283828623,0.620026467358,0.460680331459,0.16074777986,3
B4,0,mask.101001,3,phone_acc|watch_acc|phone_state,phone_gyro|location|audio,0.500465274833,0.679544215918,0.521047099573,0.141004363393,3
B4,0,mask.101010,3,phone_acc|watch_acc|audio,phone_gyro|location|phone_state,0.493795241867,0.665983977847,0.48901194199,0.140150094136,3
B4,0,mask.101011,4,phone_acc|watch_acc|audio|phone_state,phone_gyro|location,0.529386905953,0.700072108286,0.532863857848,0.129906001552,3
B4,0,mask.101100,3,phone_acc|watch_acc|location,phone_gyro|audio|phone_state,0.510180942984,0.671796459702,0.528705397054,0.138607464586,3
B4,0,mask.101101,4,phone_acc|watch_acc|location|phone_state,phone_gyro|audio,0.546454091932,0.710057633471,0.556645265893,0.125178289178,3
B4,0,mask.101110,4,phone_acc|watch_acc|location|audio,phone_gyro|phone_state,0.539749436499,0.69359473427,0.541106016348,0.12770167977,3
B4,0,mask.101111,5,phone_acc|watch_acc|location|audio|phone_state,phone_gyro,0.559622245103,0.721742797039,0.565244475395,0.120258914668,3
B4,0,mask.110000,2,phone_acc|phone_gyro,watch_acc|location|audio|phone_state,0.366632793872,0.568119183273,0.392926920386,0.178886348468,3
B4,0,mask.110001,3,phone_acc|phone_gyro|phone_state,watch_acc|location|audio,0.468974726164,0.658777530425,0.48215782029,0.152160789116,3
B4,0,mask.110010,3,phone_acc|phone_gyro|audio,watch_acc|location|phone_state,0.429632141958,0.633723569112,0.439192053844,0.15407514365,3
B4,0,mask.110011,4,phone_acc|phone_gyro|audio|phone_state,watch_acc|location,0.497451025806,0.681918990021,0.497727659207,0.139204011928,3
B4,0,mask.110100,3,phone_acc|phone_gyro|location,watch_acc|audio|phone_state,0.450570670576,0.626457130228,0.458021776049,0.156437074866,3
B4,0,mask.110101,4,phone_acc|phone_gyro|location|phone_state,watch_acc|audio,0.512662062891,0.688014523796,0.516263487499,0.136074441759,3
B4,0,mask.110110,4,phone_acc|phone_gyro|location|audio,watch_acc|phone_state,0.487443538682,0.670516007228,0.487930192602,0.138601371789,3
B4,0,mask.110111,5,phone_acc|phone_gyro|location|audio|phone_state,watch_acc,0.531677998425,0.705693183788,0.530898748729,0.127836220268,3
B4,0,mask.111000,3,phone_acc|phone_gyro|watch_acc,location|audio|phone_state,0.437372418558,0.606488991073,0.458675477003,0.165705963872,3
B4,0,mask.111001,4,phone_acc|phone_gyro|watch_acc|phone_state,location|audio,0.51532487851,0.679181838356,0.532378179973,0.141426623148,3
B4,0,mask.111010,4,phone_acc|phone_gyro|watch_acc|audio,location|phone_state,0.489653195166,0.664203127745,0.499247694047,0.139401489169,3
B4,0,mask.111011,5,phone_acc|phone_gyro|watch_acc|audio|phone_state,location,0.540016903087,0.700810638333,0.544044988242,0.129473096687,3
B4,0,mask.111100,4,phone_acc|phone_gyro|watch_acc|location,audio|phone_state,0.516830277457,0.663051983464,0.535675508519,0.142095465837,3
B4,0,mask.111101,5,phone_acc|phone_gyro|watch_acc|location|phone_state,audio,0.560995147427,0.708815653203,0.570576714205,0.125901315924,3
B4,0,mask.111110,5,phone_acc|phone_gyro|watch_acc|location|audio,phone_state,0.547266084715,0.693063721956,0.553357540022,0.126536400705,3
B4,0,mask.111111,6,phone_acc|phone_gyro|watch_acc|location|audio|phone_state,,0.571661239196,0.721849891573,0.577288947565,0.11980060478,3
B4,1,mask.000001,1,phone_state,phone_acc|phone_gyro|watch_acc|location|audio,0.40950800669,0.578013418531,0.445562874301,0.203626364268,3
B4,1,mask.000010,1,audio,phone_acc|phone_gyro|watch_acc|location|phone_state,0.374742680906,0.594633608415,0.387703932346,0.159695007974,3
B4,1,mask.000011,2,audio|phone_state,phone_acc|phone_gyro|watch_acc|location,0.456826833554,0.641662152433,0.472501563348,0.152985359461,3
B4,1,mask.000100,1,location,phone_acc|phone_gyro|watch_acc|audio|phone_state,0.320596194442,0.5170731798,0.348134785245,0.196253176631,3
B4,1,mask.000101,2,location|phone_state,phone_acc|phone_gyro|watch_acc|audio,0.442669010706,0.611888844309,0.449317037638,0.163864866936,3
B4,1,mask.000110,2,location|audio,phone_acc|phone_gyro|watch_acc|phone_state,0.413142640901,0.603247407287,0.439371877224,0.152865311279,3
B4,1,mask.000111,3,location|audio|phone_state,phone_acc|phone_gyro|watch_acc,0.478276632852,0.654111579471,0.496499362666,0.141976559216,3
B4,1,mask.001000,1,watch_acc,phone_acc|phone_gyro|location|audio|phone_state,0.402115760518,0.540306623321,0.435374433717,0.189823903698,3
B4,1,mask.001001,2,watch_acc|phone_state,phone_acc|phone_gyro|location|audio,0.526410490123,0.622609310983,0.546802986092,0.166907668084,3
B4,1,mask.001010,2,watch_acc|audio,phone_acc|phone_gyro|location|phone_state,0.474796815061,0.627063399162,0.491309157237,0.146012275483,3
B4,1,mask.001011,3,watch_acc|audio|phone_state,phone_acc|phone_gyro|location,0.547742182876,0.663612971867,0.559567808052,0.137964950785,3
B4,1,mask.001100,2,watch_acc|location,phone_acc|phone_gyro|audio|phone_state,0.455900099604,0.564334778488,0.472269297244,0.17935937171,3
B4,1,mask.001101,3,watch_acc|location|phone_state,phone_acc|phone_gyro|audio,0.545891916865,0.629322105901,0.542005927617,0.15248914017,3
B4,1,mask.001110,3,watch_acc|location|audio,phone_acc|phone_gyro|phone_state,0.51031219139,0.627587737064,0.523395376774,0.144392585053,3
B4,1,mask.001111,4,watch_acc|location|audio|phone_state,phone_acc|phone_gyro,0.565295805166,0.672334173717,0.569275253465,0.133662000806,3
B4,1,mask.010000,1,phone_gyro,phone_acc|watch_acc|location|audio|phone_state,0.255882243583,0.486362585426,0.318836341502,0.203375113659,3
B4,1,mask.010001,2,phone_gyro|phone_state,phone_acc|watch_acc|location|audio,0.435576756876,0.592173404418,0.464035794164,0.191251234871,3
B4,1,mask.010010,2,phone_gyro|audio,phone_acc|watch_acc|location|phone_state,0.410771885126,0.599059184,0.423262919926,0.155012849924,3
B4,1,mask.010011,3,phone_gyro|audio|phone_state,phone_acc|watch_acc|location,0.488944659805,0.645355279434,0.502371084968,0.14964315726,3
B4,1,mask.010100,2,phone_gyro|location,phone_acc|watch_acc|audio|phone_state,0.370981644591,0.52502976424,0.408189830963,0.188590847901,3
B4,1,mask.010101,3,phone_gyro|location|phone_state,phone_acc|watch_acc|audio,0.494700214901,0.615156108502,0.488620271443,0.160759509125,3
B4,1,mask.010110,3,phone_gyro|location|audio,phone_acc|watch_acc|phone_state,0.455669219356,0.606531010909,0.484794406164,0.149258147272,3
B4,1,mask.010111,4,phone_gyro|location|audio|phone_state,phone_acc|watch_acc,0.517448905726,0.65495653191,0.530992132207,0.140671017071,3
B4,1,mask.011000,2,phone_gyro|watch_acc,phone_acc|location|audio|phone_state,0.413741938702,0.542108453739,0.444218436407,0.187331171035,3
B4,1,mask.011001,3,phone_gyro|watch_acc|phone_state,phone_acc|location|audio,0.530590574151,0.622385910846,0.551463673206,0.163979906059,3
B4,1,mask.011010,3,phone_gyro|watch_acc|audio,phone_acc|location|phone_state,0.488676314993,0.626418973258,0.503009355061,0.145734685863,3
B4,1,mask.011011,4,phone_gyro|watch_acc|audio|phone_state,phone_acc|location,0.558182895666,0.662926724041,0.569436451267,0.137628128888,3
B4,1,mask.011100,3,phone_gyro|watch_acc|location,phone_acc|audio|phone_state,0.476018904951,0.567363282848,0.491781137747,0.176860846666,3
B4,1,mask.011101,4,phone_gyro|watch_acc|location|phone_state,phone_acc|audio,0.563387750142,0.62977264441,0.555608439362,0.152268098147,3
B4,1,mask.011110,4,phone_gyro|watch_acc|location|audio,phone_acc|phone_state,0.531849546115,0.629254832253,0.539596865407,0.143495023218,3
B4,1,mask.011111,5,phone_gyro|watch_acc|location|audio|phone_state,phone_acc,0.585384146679,0.672468863463,0.582624874381,0.133812314078,3
B4,1,mask.100000,1,phone_acc,phone_gyro|watch_acc|location|audio|phone_state,0.379106545881,0.552805327589,0.378749422139,0.192933687425,3
B4,1,mask.100001,2,phone_acc|phone_state,phone_gyro|watch_acc|location|audio,0.487303230533,0.62714316415,0.501738006264,0.175205771054,3
B4,1,mask.100010,2,phone_acc|audio,phone_gyro|watch_acc|location|phone_state,0.472410650821,0.625516116889,0.471364713196,0.151959107182,3
B4,1,mask.100011,3,phone_acc|audio|phone_state,phone_gyro|watch_acc|location,0.528052703866,0.661471710488,0.537958311845,0.144078895249,3
B4,1,mask.100100,2,phone_acc|location,phone_gyro|watch_acc|audio|phone_state,0.462011247068,0.59031696463,0.461745140043,0.164667275756,3
B4,1,mask.100101,3,phone_acc|location|phone_state,phone_gyro|watch_acc|audio,0.517911976633,0.641377080799,0.517298924931,0.153543052276,3
B4,1,mask.100110,3,phone_acc|location|audio,phone_gyro|watch_acc|phone_state,0.503283821442,0.633224547324,0.51975009619,0.144366957446,3
B4,1,mask.100111,4,phone_acc|location|audio|phone_state,phone_gyro|watch_acc,0.543198509247,0.675006075567,0.555109120857,0.135540515344,3
B4,1,mask.101000,2,phone_acc|watch_acc,phone_gyro|location|audio|phone_state,0.491831527653,0.597086700289,0.49682846167,0.165282126732,3
B4,1,mask.101001,3,phone_acc|watch_acc|phone_state,phone_gyro|location|audio,0.553001174276,0.64084003505,0.575894534888,0.156462663744,3
B4,1,mask.101010,3,phone_acc|watch_acc|audio,phone_gyro|location|phone_state,0.537111178601,0.656243279541,0.542022218424,0.135716502699,3
B4,1,mask.101011,4,phone_acc|watch_acc|audio|phone_state,phone_gyro|location,0.578715441752,0.676100315411,0.591807200891,0.132883141874,3
B4,1,mask.101100,3,phone_acc|watch_acc|location,phone_gyro|audio|phone_state,0.525559709269,0.612990603601,0.526995010606,0.156253611123,3
B4,1,mask.101101,4,phone_acc|watch_acc|location|phone_state,phone_gyro|audio,0.577066689182,0.651454752605,0.58011200223,0.145472820456,3
B4,1,mask.101110,4,phone_acc|watch_acc|location|audio,phone_gyro|phone_state,0.565722094083,0.661230680719,0.566091767412,0.135110447028,3
B4,1,mask.101111,5,phone_acc|watch_acc|location|audio|phone_state,phone_gyro,0.597822506629,0.689826875695,0.599999402972,0.128671169652,3
B4,1,mask.110000,2,phone_acc|phone_gyro,watch_acc|location|audio|phone_state,0.373833120316,0.547436317194,0.387791673497,0.186142720206,3
B4,1,mask.110001,3,phone_acc|phone_gyro|phone_state,watch_acc|location|audio,0.491062083541,0.628205135087,0.505900918685,0.169239671257,3
B4,1,mask.110010,3,phone_acc|phone_gyro|audio,watch_acc|location|phone_state,0.470591265232,0.623305719737,0.477382276466,0.14989023545,3
B4,1,mask.110011,4,phone_acc|phone_gyro|audio|phone_state,watch_acc|location,0.532716234569,0.661728559201,0.544079335041,0.142413705197,3
B4,1,mask.110100,3,phone_acc|phone_gyro|location,watch_acc|audio|phone_state,0.475452865433,0.589695416365,0.477548595633,0.162984449525,3
B4,1,mask.110101,4,phone_acc|phone_gyro|location|phone_state,watch_acc|audio,0.537651261596,0.640219764682,0.533979755378,0.152855601943,3
B4,1,mask.110110,4,phone_acc|phone_gyro|location|audio,watch_acc|phone_state,0.520213595282,0.633877104654,0.530680442739,0.143836560814,3
B4,1,mask.110111,5,phone_acc|phone_gyro|location|audio|phone_state,watch_acc,0.56362783632,0.675076717253,0.568851140867,0.135593273352,3
B4,1,mask.111000,3,phone_acc|phone_gyro|watch_acc,location|audio|phone_state,0.488968102869,0.589559168209,0.498498060531,0.164619612461,3
B4,1,mask.111001,4,phone_acc|phone_gyro|watch_acc|phone_state,location|audio,0.558114971014,0.638312893764,0.576694098358,0.154346004382,3
B4,1,mask.111010,4,phone_acc|phone_gyro|watch_acc|audio,location|phone_state,0.536605668436,0.651053167709,0.546065237443,0.135711194811,3
B4,1,mask.111011,5,phone_acc|phone_gyro|watch_acc|audio|phone_state,location,0.584471835256,0.673232271499,0.595128248607,0.132629756421,3
B4,1,mask.111100,4,phone_acc|phone_gyro|watch_acc|location,audio|phone_state,0.530465731006,0.609656740439,0.533679709172,0.155341402277,3
B4,1,mask.111101,5,phone_acc|phone_gyro|watch_acc|location|phone_state,audio,0.583796875115,0.649454332759,0.584952429511,0.145347033133,3
B4,1,mask.111110,5,phone_acc|phone_gyro|watch_acc|location|audio,phone_state,0.571388337072,0.658500524344,0.570885151157,0.135054200498,3
B4,1,mask.111111,6,phone_acc|phone_gyro|watch_acc|location|audio|phone_state,,0.605309750726,0.687746104376,0.605207422012,0.129034117091,3
B4,2,mask.000001,1,phone_state,phone_acc|phone_gyro|watch_acc|location|audio,0.420737983808,0.623198280366,0.425026506666,0.183534649448,3
B4,2,mask.000010,1,audio,phone_acc|phone_gyro|watch_acc|location|phone_state,0.344217618302,0.585927320856,0.367407881542,0.167198936738,3
B4,2,mask.000011,2,audio|phone_state,phone_acc|phone_gyro|watch_acc|location,0.455670557484,0.646907818387,0.448861377264,0.1543169614,3
B4,2,mask.000100,1,location,phone_acc|phone_gyro|watch_acc|audio|phone_state,0.293124516386,0.49684446295,0.322499926964,0.217195413617,3
B4,2,mask.000101,2,location|phone_state,phone_acc|phone_gyro|watch_acc|audio,0.472943775548,0.635484986445,0.475177579709,0.162516161403,3
B4,2,mask.000110,2,location|audio,phone_acc|phone_gyro|watch_acc|phone_state,0.390992721553,0.579455068142,0.398727874147,0.166345419363,3
B4,2,mask.000111,3,location|audio|phone_state,phone_acc|phone_gyro|watch_acc,0.498748602909,0.663071638335,0.491724422975,0.143098761041,3
B4,2,mask.001000,1,watch_acc,phone_acc|phone_gyro|location|audio|phone_state,0.375684725263,0.503611919817,0.465791229521,0.214159999083,3
B4,2,mask.001001,2,watch_acc|phone_state,phone_acc|phone_gyro|location|audio,0.53634955681,0.646074214997,0.538959699783,0.164793744729,3
B4,2,mask.001010,2,watch_acc|audio,phone_acc|phone_gyro|location|phone_state,0.487473337211,0.627017361649,0.512250605659,0.153213760637,3
B4,2,mask.001011,3,watch_acc|audio|phone_state,phone_acc|phone_gyro|location,0.548554505733,0.674662339959,0.550213888534,0.141685181014,3
B4,2,mask.001100,2,watch_acc|location,phone_acc|phone_gyro|audio|phone_state,0.427510726541,0.520664050815,0.492669325836,0.210809438907,3
B4,2,mask.001101,3,watch_acc|location|phone_state,phone_acc|phone_gyro|audio,0.56047815745,0.656746554924,0.569681074921,0.155339811982,3
B4,2,mask.001110,3,watch_acc|location|audio,phone_acc|phone_gyro|phone_state,0.498933602257,0.612256979331,0.538679708449,0.157437736897,3
B4,2,mask.001111,4,watch_acc|location|audio|phone_state,phone_acc|phone_gyro,0.570425831092,0.685281610639,0.578782613836,0.135568441198,3
B4,2,mask.010000,1,phone_gyro,phone_acc|watch_acc|location|audio|phone_state,0.347414015167,0.563279112432,0.369994692093,0.183978122792,3
B4,2,mask.010001,2,phone_gyro|phone_state,phone_acc|watch_acc|location|audio,0.477736008617,0.634586807404,0.469694249413,0.176054041326,3
B4,2,mask.010010,2,phone_gyro|audio,phone_acc|watch_acc|location|phone_state,0.412923615065,0.601794598254,0.425134716788,0.163704530753,3
B4,2,mask.010011,3,phone_gyro|audio|phone_state,phone_acc|watch_acc|location,0.497281653784,0.656608113137,0.489776644965,0.152381018079,3
B4,2,mask.010100,2,phone_gyro|location,phone_acc|watch_acc|audio|phone_state,0.393178752704,0.521772952868,0.410012116185,0.208117801032,3
B4,2,mask.010101,3,phone_gyro|location|phone_state,phone_acc|watch_acc|audio,0.532635076888,0.651489347085,0.529550086223,0.157307461134,3
B4,2,mask.010110,3,phone_gyro|location|audio,phone_acc|watch_acc|phone_state,0.455789712741,0.596208423355,0.477934245033,0.161663217404,3
B4,2,mask.010111,4,phone_gyro|location|audio|phone_state,phone_acc|watch_acc,0.542998178555,0.673022805677,0.542684840525,0.141085628388,3
B4,2,mask.011000,2,phone_gyro|watch_acc,phone_acc|location|audio|phone_state,0.393649716236,0.512263137021,0.454359104521,0.212084201314,3
B4,2,mask.011001,3,phone_gyro|watch_acc|phone_state,phone_acc|location|audio,0.543182139395,0.648710706289,0.548809670302,0.163610851422,3
B4,2,mask.011010,3,phone_gyro|watch_acc|audio,phone_acc|location|phone_state,0.498239579184,0.631008623425,0.522549182441,0.152762413019,3
B4,2,mask.011011,4,phone_gyro|watch_acc|audio|phone_state,phone_acc|location,0.557443524114,0.677751323307,0.561772400816,0.141691568944,3
B4,2,mask.011100,3,phone_gyro|watch_acc|location,phone_acc|audio|phone_state,0.445554774121,0.530760659859,0.497692239285,0.207784631342,3
B4,2,mask.011101,4,phone_gyro|watch_acc|location|phone_state,phone_acc|audio,0.572977270161,0.661930672721,0.579660189394,0.153907252589,3
B4,2,mask.011110,4,phone_gyro|watch_acc|location|audio,phone_acc|phone_state,0.515723475463,0.619255145275,0.553549560545,0.155833449323,3
B4,2,mask.011111,5,phone_gyro|watch_acc|location|audio|phone_state,phone_acc,0.583666512709,0.68975005492,0.590774570306,0.134949324376,3
B4,2,mask.100000,1,phone_acc,phone_gyro|watch_acc|location|audio|phone_state,0.346665410257,0.56375053693,0.356134311608,0.196126525042,3
B4,2,mask.100001,2,phone_acc|phone_state,phone_gyro|watch_acc|location|audio,0.472518472174,0.659003279101,0.481794502165,0.158942772034,3
B4,2,mask.100010,2,phone_acc|audio,phone_gyro|watch_acc|location|phone_state,0.457184786063,0.645946271999,0.454929870317,0.149401973952,3
B4,2,mask.100011,3,phone_acc|audio|phone_state,phone_gyro|watch_acc|location,0.510705267624,0.673400222335,0.512873560176,0.144853550385,3
B4,2,mask.100100,2,phone_acc|location,phone_gyro|watch_acc|audio|phone_state,0.427549566834,0.575294274445,0.419416877775,0.178723160719,3
B4,2,mask.100101,3,phone_acc|location|phone_state,phone_gyro|watch_acc|audio,0.534278154471,0.6782044646,0.533948355473,0.143434686698,3
B4,2,mask.100110,3,phone_acc|location|audio,phone_gyro|watch_acc|phone_state,0.497445171674,0.643182676926,0.481055266342,0.144282599766,3
B4,2,mask.100111,4,phone_acc|location|audio|phone_state,phone_gyro|watch_acc,0.551915812672,0.691966408914,0.549752515656,0.132818340776,3
B4,2,mask.101000,2,phone_acc|watch_acc,phone_gyro|location|audio|phone_state,0.453253386705,0.5817278627,0.496723043388,0.177548617759,3
B4,2,mask.101001,3,phone_acc|watch_acc|phone_state,phone_gyro|location|audio,0.560515411803,0.673767539078,0.573686932943,0.148717552017,3
B4,2,mask.101010,3,phone_acc|watch_acc|audio,phone_gyro|location|phone_state,0.540867645567,0.675377198949,0.552367191193,0.135987032188,3
B4,2,mask.101011,4,phone_acc|watch_acc|audio|phone_state,phone_gyro|location,0.576250671944,0.697391741901,0.587047754592,0.133392740447,3
B4,2,mask.101100,3,phone_acc|watch_acc|location,phone_gyro|audio|phone_state,0.483839647795,0.589892407539,0.518663415859,0.173887996271,3
B4,2,mask.101101,4,phone_acc|watch_acc|location|phone_state,phone_gyro|audio,0.58308980839,0.687323366259,0.594116494708,0.139142982315,3
B4,2,mask.101110,4,phone_acc|watch_acc|location|audio,phone_gyro|phone_state,0.551309455098,0.667204259466,0.566719937992,0.137055258817,3
B4,2,mask.101111,5,phone_acc|watch_acc|location|audio|phone_state,phone_gyro,0.593496567517,0.709111158934,0.60540768685,0.126170915967,3
B4,2,mask.110000,2,phone_acc|phone_gyro,watch_acc|location|audio|phone_state,0.387180770078,0.576490820982,0.388157070993,0.190396540989,3
B4,2,mask.110001,3,phone_acc|phone_gyro|phone_state,watch_acc|location|audio,0.501687579532,0.664613475755,0.50622595349,0.157579056289,3
B4,2,mask.110010,3,phone_acc|phone_gyro|audio,watch_acc|location|phone_state,0.472170955656,0.649614431786,0.481761880399,0.149502125188,3
B4,2,mask.110011,4,phone_acc|phone_gyro|audio|phone_state,watch_acc|location,0.525089541364,0.676419395266,0.533760134594,0.144990913304,3
B4,2,mask.110100,3,phone_acc|phone_gyro|location,watch_acc|audio|phone_state,0.461057040781,0.582893108155,0.448175040606,0.176618964942,3
B4,2,mask.110101,4,phone_acc|phone_gyro|location|phone_state,watch_acc|audio,0.557916723673,0.685376797901,0.555879909021,0.142182338967,3
B4,2,mask.110110,4,phone_acc|phone_gyro|location|audio,watch_acc|phone_state,0.517172516859,0.649928996834,0.514218629891,0.143563826925,3
B4,2,mask.110111,5,phone_acc|phone_gyro|location|audio|phone_state,watch_acc,0.568388264647,0.697251109337,0.571688950599,0.132620619262,3
B4,2,mask.111000,3,phone_acc|phone_gyro|watch_acc,location|audio|phone_state,0.468152769053,0.587580956989,0.496395657417,0.175534202917,3
B4,2,mask.111001,4,phone_acc|phone_gyro|watch_acc|phone_state,location|audio,0.571280443751,0.677819266531,0.577129293779,0.14782027827,3
B4,2,mask.111010,4,phone_acc|phone_gyro|watch_acc|audio,location|phone_state,0.548612455752,0.676835905634,0.558317400286,0.135775494831,3
B4,2,mask.111011,5,phone_acc|phone_gyro|watch_acc|audio|phone_state,location,0.583722008532,0.698844950098,0.592318269401,0.133543994837,3
B4,2,mask.111100,4,phone_acc|phone_gyro|watch_acc|location,audio|phone_state,0.496377422381,0.595740033233,0.5235676714,0.172116513527,3
B4,2,mask.111101,5,phone_acc|phone_gyro|watch_acc|location|phone_state,audio,0.593148886556,0.690418188634,0.599150664075,0.138584239171,3
B4,2,mask.111110,5,phone_acc|phone_gyro|watch_acc|location|audio,phone_state,0.559708929026,0.671106647762,0.575455723155,0.136236281645,3
B4,2,mask.111111,6,phone_acc|phone_gyro|watch_acc|location|audio|phone_state,,0.600816807579,0.711345073809,0.611381684518,0.126060686747,3
B4,3,mask.000001,1,phone_state,phone_acc|phone_gyro|watch_acc|location|audio,0.377599402229,0.592298261389,0.401321736579,0.18689401387,3
B4,3,mask.000010,1,audio,phone_acc|phone_gyro|watch_acc|location|phone_state,0.360871820468,0.602522017729,0.36996172831,0.170889612818,3
B4,3,mask.000011,2,audio|phone_state,phone_acc|phone_gyro|watch_acc|location,0.444980777542,0.67394217193,0.443055706785,0.158545117057,3
B4,3,mask.000100,1,location,phone_acc|phone_gyro|watch_acc|audio|phone_state,0.254920667194,0.534910652351,0.305810788851,0.176817679933,3
B4,3,mask.000101,2,location|phone_state,phone_acc|phone_gyro|watch_acc|audio,0.41703566982,0.649882277298,0.413933784124,0.155322843265,3
B4,3,mask.000110,2,location|audio,phone_acc|phone_gyro|watch_acc|phone_state,0.401817603668,0.634955780207,0.414945898131,0.142103566844,3
B4,3,mask.000111,3,location|audio|phone_state,phone_acc|phone_gyro|watch_acc,0.47724908261,0.70146323451,0.474142987138,0.133225454743,3
B4,3,mask.001000,1,watch_acc,phone_acc|phone_gyro|location|audio|phone_state,0.318749216842,0.510700361691,0.387355752866,0.188190594483,3
B4,3,mask.001001,2,watch_acc|phone_state,phone_acc|phone_gyro|location|audio,0.461693213827,0.629569279051,0.476039795411,0.164162769232,3
B4,3,mask.001010,2,watch_acc|audio,phone_acc|phone_gyro|location|phone_state,0.455392762467,0.636628845197,0.468821950478,0.152922243997,3
B4,3,mask.001011,3,watch_acc|audio|phone_state,phone_acc|phone_gyro|location,0.512269489236,0.690949575243,0.521131522637,0.14451461234,3
B4,3,mask.001100,2,watch_acc|location,phone_acc|phone_gyro|audio|phone_state,0.397396035774,0.589512052047,0.432496552935,0.162390978779,3
B4,3,mask.001101,3,watch_acc|location|phone_state,phone_acc|phone_gyro|audio,0.488787065657,0.669900816216,0.500621116783,0.144310067357,3
B4,3,mask.001110,3,watch_acc|location|audio,phone_acc|phone_gyro|phone_state,0.485638892955,0.659934327197,0.50374932523,0.134108604328,3
B4,3,mask.001111,4,watch_acc|location|audio|phone_state,phone_acc|phone_gyro,0.540396948549,0.715408794587,0.55260404148,0.123806203785,3
B4,3,mask.010000,1,phone_gyro,phone_acc|watch_acc|location|audio|phone_state,0.261743307411,0.529566893739,0.305475973932,0.214554729925,3
B4,3,mask.010001,2,phone_gyro|phone_state,phone_acc|watch_acc|location|audio,0.411978574075,0.598531591406,0.423758037968,0.184088511277,3
B4,3,mask.010010,2,phone_gyro|audio,phone_acc|watch_acc|location|phone_state,0.398562200996,0.612536030622,0.405471858637,0.172952396509,3
B4,3,mask.010011,3,phone_gyro|audio|phone_state,phone_acc|watch_acc|location,0.475347694735,0.681475150796,0.47636757898,0.154991144791,3
B4,3,mask.010100,2,phone_gyro|location,phone_acc|watch_acc|audio|phone_state,0.326753152933,0.55249910418,0.354173422717,0.171874988109,3
B4,3,mask.010101,3,phone_gyro|location|phone_state,phone_acc|watch_acc|audio,0.441090128045,0.646477616471,0.443442803692,0.156931161847,3
B4,3,mask.010110,3,phone_gyro|location|audio,phone_acc|watch_acc|phone_state,0.438045672021,0.629029330471,0.449258572533,0.145620068499,3
B4,3,mask.010111,4,phone_gyro|location|audio|phone_state,phone_acc|watch_acc,0.500141808685,0.701321484251,0.506866961987,0.134180570611,3
B4,3,mask.011000,2,phone_gyro|watch_acc,phone_acc|location|audio|phone_state,0.3261972519,0.522912121573,0.394509641998,0.193105542246,3
B4,3,mask.011001,3,phone_gyro|watch_acc|phone_state,phone_acc|location|audio,0.474012725731,0.628330163003,0.493538044835,0.167840495661,3
B4,3,mask.011010,3,phone_gyro|watch_acc|audio,phone_acc|location|phone_state,0.460299097958,0.636806750865,0.478783694934,0.156231774599,3
B4,3,mask.011011,4,phone_gyro|watch_acc|audio|phone_state,phone_acc|location,0.526649278716,0.696409899238,0.5417533818,0.14511733649,3
B4,3,mask.011100,3,phone_gyro|watch_acc|location,phone_acc|audio|phone_state,0.415190236532,0.597998027205,0.440317072915,0.160483893319,3
B4,3,mask.011101,4,phone_gyro|watch_acc|location|phone_state,phone_acc|audio,0.500801202343,0.666520167931,0.51534410896,0.146775146815,3
B4,3,mask.011110,4,phone_gyro|watch_acc|location|audio,phone_acc|phone_state,0.495507629023,0.655571227112,0.511863971251,0.135705793744,3
B4,3,mask.011111,5,phone_gyro|watch_acc|location|audio|phone_state,phone_acc,0.553646982314,0.715027022158,0.569556115966,0.125933508266,3
B4,3,mask.100000,1,phone_acc,phone_gyro|watch_acc|location|audio|phone_state,0.305601195032,0.485567899739,0.310160869434,0.225577749683,3
B4,3,mask.100001,2,phone_acc|phone_state,phone_gyro|watch_acc|location|audio,0.419944081455,0.609626216426,0.423776706787,0.182128921289,3
B4,3,mask.100010,2,phone_acc|audio,phone_gyro|watch_acc|location|phone_state,0.420587215169,0.613906564082,0.413954115598,0.169486885887,3
B4,3,mask.100011,3,phone_acc|audio|phone_state,phone_gyro|watch_acc|location,0.473864365143,0.678008337374,0.471039776663,0.157560741723,3
B4,3,mask.100100,2,phone_acc|location,phone_gyro|watch_acc|audio|phone_state,0.351831750293,0.557247123557,0.352347025012,0.176806378893,3
B4,3,mask.100101,3,phone_acc|location|phone_state,phone_gyro|watch_acc|audio,0.448496040893,0.651393940247,0.445446138045,0.154728186296,3
B4,3,mask.100110,3,phone_acc|location|audio,phone_gyro|watch_acc|phone_state,0.442358016961,0.62583719016,0.446721231822,0.150393166721,3
B4,3,mask.100111,4,phone_acc|location|audio|phone_state,phone_gyro|watch_acc,0.501194888457,0.695471435302,0.501259687053,0.136532311059,3
B4,3,mask.101000,2,phone_acc|watch_acc,phone_gyro|location|audio|phone_state,0.387372769741,0.551465035615,0.421754730168,0.183592292439,3
B4,3,mask.101001,3,phone_acc|watch_acc|phone_state,phone_gyro|location|audio,0.483394048734,0.644647184615,0.500800385791,0.16235654729,3
B4,3,mask.101010,3,phone_acc|watch_acc|audio,phone_gyro|location|phone_state,0.491416774779,0.64845343401,0.493006517385,0.151024288717,3
B4,3,mask.101011,4,phone_acc|watch_acc|audio|phone_state,phone_gyro|location,0.534225437704,0.6979165234,0.541285798908,0.144246864786,3
B4,3,mask.101100,3,phone_acc|watch_acc|location,phone_gyro|audio|phone_state,0.440503217574,0.603375024051,0.453552746853,0.159763236667,3
B4,3,mask.101101,4,phone_acc|watch_acc|location|phone_state,phone_gyro|audio,0.511421872367,0.675448276194,0.526209352293,0.142408692365,3
B4,3,mask.101110,4,phone_acc|watch_acc|location|audio,phone_gyro|phone_state,0.508793285396,0.658381352412,0.520362944269,0.137145906621,3
B4,3,mask.101111,5,phone_acc|watch_acc|location|audio|phone_state,phone_gyro,0.556170172262,0.71295791238,0.566553129197,0.126401469676,3
B4,3,mask.110000,2,phone_acc|phone_gyro,watch_acc|location|audio|phone_state,0.307811687055,0.501225685831,0.326302789595,0.223278616251,3
B4,3,mask.110001,3,phone_acc|phone_gyro|phone_state,watch_acc|location|audio,0.438567377805,0.614960739474,0.444034878859,0.181203396082,3
B4,3,mask.110010,3,phone_acc|phone_gyro|audio,watch_acc|location|phone_state,0.424983959405,0.612109143091,0.431677223205,0.174492022463,3
B4,3,mask.110011,4,phone_acc|phone_gyro|audio|phone_state,watch_acc|location,0.489343003645,0.679312307524,0.496074896836,0.156583469708,3
B4,3,mask.110100,3,phone_acc|phone_gyro|location,watch_acc|audio|phone_state,0.369351908258,0.557848184628,0.369101784692,0.177833334961,3
B4,3,mask.110101,4,phone_acc|phone_gyro|location|phone_state,watch_acc|audio,0.46609603154,0.64879373175,0.46780159995,0.156316366336,3
B4,3,mask.110110,4,phone_acc|phone_gyro|location|audio,watch_acc|phone_state,0.465848177795,0.626415462011,0.467287945971,0.15176801022,3
B4,3,mask.110111,5,phone_acc|phone_gyro|location|audio|phone_state,watch_acc,0.519057658181,0.696310353466,0.523148543788,0.137785182338,3
B4,3,mask.111000,3,phone_acc|phone_gyro|watch_acc,location|audio|phone_state,0.391312210189,0.556457860809,0.423765173439,0.188453734002,3
B4,3,mask.111001,4,phone_acc|phone_gyro|watch_acc|phone_state,location|audio,0.49239573947,0.643678890571,0.511908895469,0.164986711008,3
B4,3,mask.111010,4,phone_acc|phone_gyro|watch_acc|audio,location|phone_state,0.487397629976,0.642517053232,0.497994673747,0.155340256872,3
B4,3,mask.111011,5,phone_acc|phone_gyro|watch_acc|audio|phone_state,location,0.539091785387,0.698671710651,0.555103240278,0.145243350416,3
B4,3,mask.111100,4,phone_acc|phone_gyro|watch_acc|location,audio|phone_state,0.442264544389,0.599726049027,0.453672119118,0.160831625692,3
B4,3,mask.111101,5,phone_acc|phone_gyro|watch_acc|location|phone_state,audio,0.517804715019,0.671582715752,0.535930856828,0.144734209438,3
B4,3,mask.111110,5,phone_acc|phone_gyro|watch_acc|location|audio,phone_state,0.51354331206,0.653472174752,0.525087795308,0.138840429699,3
B4,3,mask.111111,6,phone_acc|phone_gyro|watch_acc|location|audio|phone_state,,0.564588411972,0.712552404142,0.578548281907,0.128251550953,3
B4,4,mask.000001,1,phone_state,phone_acc|phone_gyro|watch_acc|location|audio,0.419552936203,0.544371575323,0.429152112923,0.185358392883,3
B4,4,mask.000010,1,audio,phone_acc|phone_gyro|watch_acc|location|phone_state,0.415662131225,0.51400776917,0.442865108742,0.176479756825,3
B4,4,mask.000011,2,audio|phone_state,phone_acc|phone_gyro|watch_acc|location,0.483591559603,0.570263921408,0.513916598647,0.160699534826,3
B4,4,mask.000100,1,location,phone_acc|phone_gyro|watch_acc|audio|phone_state,0.359661211824,0.473037352299,0.429557704716,0.192397328461,3
B4,4,mask.000101,2,location|phone_state,phone_acc|phone_gyro|watch_acc|audio,0.504378496927,0.589317593835,0.510348314661,0.169745616,3
B4,4,mask.000110,2,location|audio,phone_acc|phone_gyro|watch_acc|phone_state,0.51372636021,0.57356017647,0.512106275245,0.166419866058,3
B4,4,mask.000111,3,location|audio|phone_state,phone_acc|phone_gyro|watch_acc,0.533871732569,0.602507216626,0.554048382074,0.160016788512,3
B4,4,mask.001000,1,watch_acc,phone_acc|phone_gyro|location|audio|phone_state,0.405248861422,0.52717414511,0.471490696707,0.17204377018,3
B4,4,mask.001001,2,watch_acc|phone_state,phone_acc|phone_gyro|location|audio,0.558724464586,0.634835726418,0.566705913759,0.14062432417,3
B4,4,mask.001010,2,watch_acc|audio,phone_acc|phone_gyro|location|phone_state,0.501534462507,0.570565728433,0.546699686449,0.150042019624,3
B4,4,mask.001011,3,watch_acc|audio|phone_state,phone_acc|phone_gyro|location,0.590304835503,0.633783537593,0.622736275219,0.134836024536,3
B4,4,mask.001100,2,watch_acc|location,phone_acc|phone_gyro|audio|phone_state,0.519501531597,0.575494295133,0.5695640197,0.168264364619,3
B4,4,mask.001101,3,watch_acc|location|phone_state,phone_acc|phone_gyro|audio,0.59779072041,0.649353257392,0.608929084855,0.142946867803,3
B4,4,mask.001110,3,watch_acc|location|audio,phone_acc|phone_gyro|phone_state,0.577146562506,0.608783632265,0.603074872042,0.150656810627,3
B4,4,mask.001111,4,watch_acc|location|audio|phone_state,phone_acc|phone_gyro,0.614416061495,0.646420064574,0.634787952791,0.140590878233,3
B4,4,mask.010000,1,phone_gyro,phone_acc|watch_acc|location|audio|phone_state,0.240629455541,0.366127271904,0.34689490691,0.256197915785,3
B4,4,mask.010001,2,phone_gyro|phone_state,phone_acc|watch_acc|location|audio,0.459994620331,0.559754607324,0.470607091327,0.173489451766,3
B4,4,mask.010010,2,phone_gyro|audio,phone_acc|watch_acc|location|phone_state,0.419048204303,0.522106264929,0.473035776155,0.171081925467,3
B4,4,mask.010011,3,phone_gyro|audio|phone_state,phone_acc|watch_acc|location,0.516244801338,0.582879299815,0.555091464089,0.15505264063,3
B4,4,mask.010100,2,phone_gyro|location,phone_acc|watch_acc|audio|phone_state,0.423546540346,0.488110804892,0.485396745093,0.185997297649,3
B4,4,mask.010101,3,phone_gyro|location|phone_state,phone_acc|watch_acc|audio,0.556302749704,0.605622740199,0.568916254362,0.160416018114,3
B4,4,mask.010110,3,phone_gyro|location|audio,phone_acc|watch_acc|phone_state,0.553114160014,0.584571850595,0.557764468305,0.159902391457,3
B4,4,mask.010111,4,phone_gyro|location|audio|phone_state,phone_acc|watch_acc,0.585630168679,0.616147968949,0.600221980068,0.154514258906,3
B4,4,mask.011000,2,phone_gyro|watch_acc,phone_acc|location|audio|phone_state,0.41996234641,0.532504147374,0.478783947502,0.166437100922,3
B4,4,mask.011001,3,phone_gyro|watch_acc|phone_state,phone_acc|location|audio,0.567388017629,0.636560770895,0.585222782265,0.138161731923,3
B4,4,mask.011010,3,phone_gyro|watch_acc|audio,phone_acc|location|phone_state,0.515332252081,0.577778733849,0.563040036974,0.146286841817,3
B4,4,mask.011011,4,phone_gyro|watch_acc|audio|phone_state,phone_acc|location,0.60525271612,0.641207082597,0.641935522192,0.132449627957,3
B4,4,mask.011100,3,phone_gyro|watch_acc|location,phone_acc|audio|phone_state,0.538320582641,0.582654312246,0.574261346227,0.162470863121,3
B4,4,mask.011101,4,phone_gyro|watch_acc|location|phone_state,phone_acc|audio,0.62128090638,0.655871961148,0.624153010201,0.139500055473,3
B4,4,mask.011110,4,phone_gyro|watch_acc|location|audio,phone_acc|phone_state,0.595268543745,0.616750323094,0.615860521962,0.146535015765,3
B4,4,mask.011111,5,phone_gyro|watch_acc|location|audio|phone_state,phone_acc,0.638927207613,0.654893520035,0.651098187479,0.137770398058,3
B4,4,mask.100000,1,phone_acc,phone_gyro|watch_acc|location|audio|phone_state,0.327249282038,0.414602722686,0.356909059284,0.214355800381,3
B4,4,mask.100001,2,phone_acc|phone_state,phone_gyro|watch_acc|location|audio,0.472086969075,0.567752970277,0.476233480901,0.165635415776,3
B4,4,mask.100010,2,phone_acc|audio,phone_gyro|watch_acc|location|phone_state,0.465294150196,0.542452400943,0.49267765113,0.165559456325,3
B4,4,mask.100011,3,phone_acc|audio|phone_state,phone_gyro|watch_acc|location,0.520062990932,0.586259268183,0.54691579284,0.153010503476,3
B4,4,mask.100100,2,phone_acc|location,phone_gyro|watch_acc|audio|phone_state,0.455176360366,0.511551428393,0.468246849912,0.183506713412,3
B4,4,mask.100101,3,phone_acc|location|phone_state,phone_gyro|watch_acc|audio,0.542636000212,0.610863972857,0.54055354631,0.158020879571,3
B4,4,mask.100110,3,phone_acc|location|audio,phone_gyro|watch_acc|phone_state,0.547175550416,0.59300991464,0.542850283492,0.15874636716,3
B4,4,mask.100111,4,phone_acc|location|audio|phone_state,phone_gyro|watch_acc,0.568835377317,0.616851683154,0.57995992767,0.153391027098,3
B4,4,mask.101000,2,phone_acc|watch_acc,phone_gyro|location|audio|phone_state,0.445933682768,0.530526238604,0.520715484877,0.168261256246,3
B4,4,mask.101001,3,phone_acc|watch_acc|phone_state,phone_gyro|location|audio,0.579853182727,0.640349297403,0.594082213052,0.138119570035,3
B4,4,mask.101010,3,phone_acc|watch_acc|audio,phone_gyro|location|phone_state,0.536468890405,0.586078039399,0.588965448359,0.146413330872,3
B4,4,mask.101011,4,phone_acc|watch_acc|audio|phone_state,phone_gyro|location,0.608600043974,0.641102476977,0.639284519191,0.133539113373,3
B4,4,mask.101100,3,phone_acc|watch_acc|location,phone_gyro|audio|phone_state,0.53881461564,0.580227760849,0.571693862932,0.164850192315,3
B4,4,mask.101101,4,phone_acc|watch_acc|location|phone_state,phone_gyro|audio,0.610779331732,0.654954064916,0.615331509244,0.139909997835,3
B4,4,mask.101110,4,phone_acc|watch_acc|location|audio,phone_gyro|phone_state,0.592996306552,0.616625216014,0.614539700984,0.148338761387,3
B4,4,mask.101111,5,phone_acc|watch_acc|location|audio|phone_state,phone_gyro,0.628695505171,0.654591503929,0.643627444884,0.138153698111,3
B4,4,mask.110000,2,phone_acc|phone_gyro,watch_acc|location|audio|phone_state,0.311007561862,0.412326078015,0.387222072588,0.203423454303,3
B4,4,mask.110001,3,phone_acc|phone_gyro|phone_state,watch_acc|location|audio,0.486414023534,0.573949837686,0.513240165641,0.159399439535,3
B4,4,mask.110010,3,phone_acc|phone_gyro|audio,watch_acc|location|phone_state,0.450193370883,0.543855142224,0.514594258166,0.161942407122,3
B4,4,mask.110011,4,phone_acc|phone_gyro|audio|phone_state,watch_acc|location,0.533672369874,0.59384519538,0.576494294071,0.149600036463,3
B4,4,mask.110100,3,phone_acc|phone_gyro|location,watch_acc|audio|phone_state,0.463329623771,0.513571692979,0.498007811662,0.179866674615,3
B4,4,mask.110101,4,phone_acc|phone_gyro|location|phone_state,watch_acc|audio,0.570824109419,0.619691363448,0.579740033601,0.153279836373,3
B4,4,mask.110110,4,phone_acc|phone_gyro|location|audio,watch_acc|phone_state,0.562887810973,0.598856495765,0.572265445005,0.155145655029,3
B4,4,mask.110111,5,phone_acc|phone_gyro|location|audio|phone_state,watch_acc,0.600431230427,0.62703038616,0.611420760544,0.15026443342,3
B4,4,mask.111000,3,phone_acc|phone_gyro|watch_acc,location|audio|phone_state,0.451579348547,0.532902655514,0.523325534532,0.164403132802,3
B4,4,mask.111001,4,phone_acc|phone_gyro|watch_acc|phone_state,location|audio,0.582745513275,0.639520711784,0.607463997469,0.136199862297,3
B4,4,mask.111010,4,phone_acc|phone_gyro|watch_acc|audio,location|phone_state,0.536508061203,0.587562413579,0.595874994219,0.143866422217,3
B4,4,mask.111011,5,phone_acc|phone_gyro|watch_acc|audio|phone_state,location,0.612275792148,0.644899033278,0.648874921499,0.131951763534,3
B4,4,mask.111100,4,phone_acc|phone_gyro|watch_acc|location,audio|phone_state,0.546607516748,0.584609274735,0.573070477644,0.161249898018,3
B4,4,mask.111101,5,phone_acc|phone_gyro|watch_acc|location|phone_state,audio,0.625309046547,0.659749634726,0.625381947076,0.137802942382,3
B4,4,mask.111110,5,phone_acc|phone_gyro|watch_acc|location|audio,phone_state,0.601687962846,0.621190748012,0.620348020817,0.145597527862,3
B4,4,mask.111111,6,phone_acc|phone_gyro|watch_acc|location|audio|phone_state,,0.642666105102,0.65990108775,0.652710893145,0.136408126678,3
B5,0,mask.000001,1,phone_state,phone_acc|phone_gyro|watch_acc|location|audio,0.408868996411,0.622700277467,0.416126866226,0.172772106966,3
B5,0,mask.000010,1,audio,phone_acc|phone_gyro|watch_acc|location|phone_state,0.360739026518,0.585015177514,0.366929408319,0.174200299741,3
B5,0,mask.000011,2,audio|phone_state,phone_acc|phone_gyro|watch_acc|location,0.456891808112,0.665676263169,0.451760812255,0.141506448783,3
B5,0,mask.000100,1,location,phone_acc|phone_gyro|watch_acc|audio|phone_state,0.386169576387,0.559522196412,0.373325193868,0.182228084634,3
B5,0,mask.000101,2,location|phone_state,phone_acc|phone_gyro|watch_acc|audio,0.472114823009,0.666232413269,0.461188339208,0.143860416186,3
B5,0,mask.000110,2,location|audio,phone_acc|phone_gyro|watch_acc|phone_state,0.443847307697,0.640266017923,0.436696128191,0.145743343498,3
B5,0,mask.000111,3,location|audio|phone_state,phone_acc|phone_gyro|watch_acc,0.498467523969,0.696644492361,0.495912144535,0.125738617786,3
B5,0,mask.001000,1,watch_acc,phone_acc|phone_gyro|location|audio|phone_state,0.400845085992,0.563467241215,0.406589659829,0.188649925357,3
B5,0,mask.001001,2,watch_acc|phone_state,phone_acc|phone_gyro|location|audio,0.500856185636,0.666799828601,0.487593315711,0.145940845828,3
B5,0,mask.001010,2,watch_acc|audio,phone_acc|phone_gyro|location|phone_state,0.477236822118,0.654001421787,0.472093536412,0.144638089214,3
B5,0,mask.001011,3,watch_acc|audio|phone_state,phone_acc|phone_gyro|location,0.529411400835,0.697453030364,0.520523343408,0.126534213629,3
B5,0,mask.001100,2,watch_acc|location,phone_acc|phone_gyro|audio|phone_state,0.497979147545,0.647990096941,0.499959709366,0.150431644618,3
B5,0,mask.001101,3,watch_acc|location|phone_state,phone_acc|phone_gyro|audio,0.547467448232,0.704394738304,0.53933045064,0.125657874192,3
B5,0,mask.001110,3,watch_acc|location|audio,phone_acc|phone_gyro|phone_state,0.537961835584,0.689029009664,0.533945710931,0.127654444152,3
B5,0,mask.001111,4,watch_acc|location|audio|phone_state,phone_acc|phone_gyro,0.566141014916,0.72268448007,0.560291895845,0.114337663413,3
B5,0,mask.010000,1,phone_gyro,phone_acc|watch_acc|location|audio|phone_state,0.332092939667,0.494489170336,0.333465720376,0.217472845968,3
B5,0,mask.010001,2,phone_gyro|phone_state,phone_acc|watch_acc|location|audio,0.454750918384,0.637305927785,0.457563793837,0.160550111062,3
B5,0,mask.010010,2,phone_gyro|audio,phone_acc|watch_acc|location|phone_state,0.411739607813,0.603352848518,0.416409946856,0.168098566262,3
B5,0,mask.010011,3,phone_gyro|audio|phone_state,phone_acc|watch_acc|location,0.494407715146,0.674329864856,0.487159067349,0.138136732064,3
B5,0,mask.010100,2,phone_gyro|location,phone_acc|watch_acc|audio|phone_state,0.433858806353,0.568753183484,0.425300968732,0.184268290105,3
B5,0,mask.010101,3,phone_gyro|location|phone_state,phone_acc|watch_acc|audio,0.509960007214,0.677382367148,0.505344596748,0.140039224653,3
B5,0,mask.010110,3,phone_gyro|location|audio,phone_acc|watch_acc|phone_state,0.480987460826,0.651390689723,0.478194229753,0.145275086851,3
B5,0,mask.010111,4,phone_gyro|location|audio|phone_state,phone_acc|watch_acc,0.531153173442,0.702355312433,0.527838645427,0.124674471895,3
B5,0,mask.011000,2,phone_gyro|watch_acc,phone_acc|location|audio|phone_state,0.430339223936,0.571020168205,0.422269455784,0.191452399,3
B5,0,mask.011001,3,phone_gyro|watch_acc|phone_state,phone_acc|location|audio,0.521390812691,0.667706537026,0.513460923952,0.145135414432,3
B5,0,mask.011010,3,phone_gyro|watch_acc|audio,phone_acc|location|phone_state,0.493034744727,0.65379731124,0.488871169002,0.148779910833,3
B5,0,mask.011011,4,phone_gyro|watch_acc|audio|phone_state,phone_acc|location,0.550666675717,0.69941220085,0.540715479641,0.127097139325,3
B5,0,mask.011100,3,phone_gyro|watch_acc|location,phone_acc|audio|phone_state,0.506679065647,0.637324516743,0.507667081237,0.158972819356,3
B5,0,mask.011101,4,phone_gyro|watch_acc|location|phone_state,phone_acc|audio,0.567083270955,0.703737051216,0.562917530641,0.127142767063,3
B5,0,mask.011110,4,phone_gyro|watch_acc|location|audio,phone_acc|phone_state,0.550106891049,0.687864280529,0.544883388606,0.132185588715,3
B5,0,mask.011111,5,phone_gyro|watch_acc|location|audio|phone_state,phone_acc,0.584659284108,0.723013857027,0.577844819095,0.115865828233,3
B5,0,mask.100000,1,phone_acc,phone_gyro|watch_acc|location|audio|phone_state,0.399235996984,0.552304074165,0.38232306369,0.207782512892,3
B5,0,mask.100001,2,phone_acc|phone_state,phone_gyro|watch_acc|location|audio,0.491792934401,0.658914175012,0.464970075238,0.156212823023,3
B5,0,mask.100010,2,phone_acc|audio,phone_gyro|watch_acc|location|phone_state,0.459084661738,0.630278526475,0.441927902929,0.15861123423,3
B5,0,mask.100011,3,phone_acc|audio|phone_state,phone_gyro|watch_acc|location,0.50996542248,0.685182074108,0.499891149813,0.136249494226,3
B5,0,mask.100100,2,phone_acc|location,phone_gyro|watch_acc|audio|phone_state,0.47650245418,0.623273635405,0.462767736392,0.162595650436,3
B5,0,mask.100101,3,phone_acc|location|phone_state,phone_gyro|watch_acc|audio,0.526948027577,0.690414297915,0.509265709029,0.134815150632,3
B5,0,mask.100110,3,phone_acc|location|audio,phone_gyro|watch_acc|phone_state,0.519708694267,0.671312658207,0.498726642961,0.138463577923,3
B5,0,mask.100111,4,phone_acc|location|audio|phone_state,phone_gyro|watch_acc,0.543017484468,0.709853674816,0.537365126488,0.122732791856,3
B5,0,mask.101000,2,phone_acc|watch_acc,phone_gyro|location|audio|phone_state,0.488580127667,0.635894846644,0.478106670912,0.160943700995,3
B5,0,mask.101001,3,phone_acc|watch_acc|phone_state,phone_gyro|location|audio,0.537966083216,0.686414244445,0.528958644429,0.137929909518,3
B5,0,mask.101010,3,phone_acc|watch_acc|audio,phone_gyro|location|phone_state,0.533707961306,0.675623977265,0.523501453134,0.138557874979,3
B5,0,mask.101011,4,phone_acc|watch_acc|audio|phone_state,phone_gyro|location,0.562467035822,0.70740907892,0.556515377,0.124853884095,3
B5,0,mask.101100,3,phone_acc|watch_acc|location,phone_gyro|audio|phone_state,0.535070353966,0.6779925891,0.542747933018,0.137170860209,3
B5,0,mask.101101,4,phone_acc|watch_acc|location|phone_state,phone_gyro|audio,0.570671422776,0.715242028928,0.571644543918,0.121852939493,3
B5,0,mask.101110,4,phone_acc|watch_acc|location|audio,phone_gyro|phone_state,0.570577688259,0.703568580353,0.566641032704,0.124254814765,3
B5,0,mask.101111,5,phone_acc|watch_acc|location|audio|phone_state,phone_gyro,0.588849294592,0.728791716889,0.589004646897,0.113814858936,3
B5,0,mask.110000,2,phone_acc|phone_gyro,watch_acc|location|audio|phone_state,0.421531260352,0.575411634485,0.418965746386,0.194754372105,3
B5,0,mask.110001,3,phone_acc|phone_gyro|phone_state,watch_acc|location|audio,0.497758183242,0.662980802275,0.489939784915,0.15254764485,3
B5,0,mask.110010,3,phone_acc|phone_gyro|audio,watch_acc|location|phone_state,0.466135379066,0.63621158499,0.468057278091,0.157925355019,3
B5,0,mask.110011,4,phone_acc|phone_gyro|audio|phone_state,watch_acc|location,0.522783538315,0.687989806235,0.519027616245,0.135657686623,3
B5,0,mask.110100,3,phone_acc|phone_gyro|location,watch_acc|audio|phone_state,0.48398061189,0.624463448149,0.482997727698,0.165303050385,3
B5,0,mask.110101,4,phone_acc|phone_gyro|location|phone_state,watch_acc|audio,0.535805105346,0.69070908238,0.534264464864,0.135146084049,3
B5,0,mask.110110,4,phone_acc|phone_gyro|location|audio,watch_acc|phone_state,0.522060059827,0.672572713756,0.518391397254,0.140353197756,3
B5,0,mask.110111,5,phone_acc|phone_gyro|location|audio|phone_state,watch_acc,0.552504086705,0.710382937777,0.553785748738,0.123554386353,3
B5,0,mask.111000,3,phone_acc|phone_gyro|watch_acc,location|audio|phone_state,0.493259599895,0.628837946897,0.486447569106,0.167592644728,3
B5,0,mask.111001,4,phone_acc|phone_gyro|watch_acc|phone_state,location|audio,0.548275795109,0.684666152935,0.544863738839,0.138970810412,3
B5,0,mask.111010,4,phone_acc|phone_gyro|watch_acc|audio,location|phone_state,0.533090612616,0.672357888213,0.530264041866,0.142665795155,3
B5,0,mask.111011,5,phone_acc|phone_gyro|watch_acc|audio|phone_state,location,0.570778360841,0.706412644794,0.567832638663,0.12621418115,3
B5,0,mask.111100,4,phone_acc|phone_gyro|watch_acc|location,audio|phone_state,0.538741392161,0.668697950763,0.545938798414,0.145130883307,3
B5,0,mask.111101,5,phone_acc|phone_gyro|watch_acc|location|phone_state,audio,0.581451856576,0.711909107676,0.585889483582,0.12438989826,3
B5,0,mask.111110,5,phone_acc|phone_gyro|watch_acc|location|audio,phone_state,0.570913710014,0.699302080501,0.57173949227,0.128976451746,3
B5,0,mask.111111,6,phone_acc|phone_gyro|watch_acc|location|audio|phone_state,,0.597941730445,0.726773932828,0.598242286423,0.115999225776,3
B5,1,mask.000001,1,phone_state,phone_acc|phone_gyro|watch_acc|location|audio,0.434664556698,0.622710471953,0.44157719304,0.164477561154,3
B5,1,mask.000010,1,audio,phone_acc|phone_gyro|watch_acc|location|phone_state,0.40109252987,0.573685658964,0.394989599446,0.172172992756,3
B5,1,mask.000011,2,audio|phone_state,phone_acc|phone_gyro|watch_acc|location,0.471729177702,0.649303032497,0.4793555536,0.143669654319,3
B5,1,mask.000100,1,location,phone_acc|phone_gyro|watch_acc|audio|phone_state,0.373980771741,0.502414714427,0.378541486773,0.197278205342,3
B5,1,mask.000101,2,location|phone_state,phone_acc|phone_gyro|watch_acc|audio,0.461315448459,0.620563948868,0.460908445369,0.15720815887,3
B5,1,mask.000110,2,location|audio,phone_acc|phone_gyro|watch_acc|phone_state,0.467585882464,0.602504645013,0.467629545142,0.155625925406,3
B5,1,mask.000111,3,location|audio|phone_state,phone_acc|phone_gyro|watch_acc,0.503413615846,0.649806408247,0.513428261522,0.139779566877,3
B5,1,mask.001000,1,watch_acc,phone_acc|phone_gyro|location|audio|phone_state,0.428439795846,0.530625210123,0.429319725537,0.197091271692,3
B5,1,mask.001001,2,watch_acc|phone_state,phone_acc|phone_gyro|location|audio,0.541965214588,0.646437573816,0.5352511211,0.148075220677,3
B5,1,mask.001010,2,watch_acc|audio,phone_acc|phone_gyro|location|phone_state,0.508371381949,0.620702976495,0.499208275031,0.152905997211,3
B5,1,mask.001011,3,watch_acc|audio|phone_state,phone_acc|phone_gyro|location,0.561109312197,0.669307064466,0.557818751441,0.133228342819,3
B5,1,mask.001100,2,watch_acc|location,phone_acc|phone_gyro|audio|phone_state,0.493545232202,0.56895835895,0.47733864886,0.175001340312,3
B5,1,mask.001101,3,watch_acc|location|phone_state,phone_acc|phone_gyro|audio,0.555146273701,0.639621614505,0.54459412385,0.146197746957,3
B5,1,mask.001110,3,watch_acc|location|audio,phone_acc|phone_gyro|phone_state,0.536988986336,0.625281737879,0.533492239436,0.146859599079,3
B5,1,mask.001111,4,watch_acc|location|audio|phone_state,phone_acc|phone_gyro,0.571295398707,0.665998312195,0.57334155176,0.132286606784,3
B5,1,mask.010000,1,phone_gyro,phone_acc|watch_acc|location|audio|phone_state,0.36258648641,0.511417253026,0.353030993375,0.203675189961,3
B5,1,mask.010001,2,phone_gyro|phone_state,phone_acc|watch_acc|location|audio,0.493308774956,0.645488309929,0.487089032342,0.149123067302,3
B5,1,mask.010010,2,phone_gyro|audio,phone_acc|watch_acc|location|phone_state,0.475605027638,0.615524374956,0.463809452788,0.154221394035,3
B5,1,mask.010011,3,phone_gyro|audio|phone_state,phone_acc|watch_acc|location,0.520645715194,0.6643455023,0.527186903853,0.135804527709,3
B5,1,mask.010100,2,phone_gyro|location,phone_acc|watch_acc|audio|phone_state,0.464114615793,0.542755388412,0.443295130158,0.184225433642,3
B5,1,mask.010101,3,phone_gyro|location|phone_state,phone_acc|watch_acc|audio,0.52966902334,0.636797403974,0.512300048754,0.149782308546,3
B5,1,mask.010110,3,phone_gyro|location|audio,phone_acc|watch_acc|phone_state,0.525130523007,0.623025105641,0.522184707905,0.148373398054,3
B5,1,mask.010111,4,phone_gyro|location|audio|phone_state,phone_acc|watch_acc,0.557972472662,0.664036633527,0.555069352831,0.135214448181,3
B5,1,mask.011000,2,phone_gyro|watch_acc,phone_acc|location|audio|phone_state,0.471610030191,0.564117632843,0.458734035621,0.179946694859,3
B5,1,mask.011001,3,phone_gyro|watch_acc|phone_state,phone_acc|location|audio,0.561498098634,0.652231574583,0.554042405351,0.141898429862,3
B5,1,mask.011010,3,phone_gyro|watch_acc|audio,phone_acc|location|phone_state,0.535665137638,0.633878830813,0.52704401533,0.145360239571,3
B5,1,mask.011011,4,phone_gyro|watch_acc|audio|phone_state,phone_acc|location,0.578027529067,0.674069803529,0.577301644495,0.129444582952,3
B5,1,mask.011100,3,phone_gyro|watch_acc|location,phone_acc|audio|phone_state,0.521926702692,0.583844949532,0.502754742058,0.166875379814,3
B5,1,mask.011101,4,phone_gyro|watch_acc|location|phone_state,phone_acc|audio,0.578044684902,0.646393913631,0.564990976303,0.142028026781,3
B5,1,mask.011110,4,phone_gyro|watch_acc|location|audio,phone_acc|phone_state,0.562929295156,0.635851786355,0.555834978146,0.142314701509,3
B5,1,mask.011111,5,phone_gyro|watch_acc|location|audio|phone_state,phone_acc,0.592680084025,0.673158950636,0.591341486736,0.129435990303,3
B5,1,mask.100000,1,phone_acc,phone_gyro|watch_acc|location|audio|phone_state,0.392148678486,0.489613808099,0.372425697927,0.210549450305,3
B5,1,mask.100001,2,phone_acc|phone_state,phone_gyro|watch_acc|location|audio,0.506430535766,0.643814549944,0.502003423801,0.148719541384,3
B5,1,mask.100010,2,phone_acc|audio,phone_gyro|watch_acc|location|phone_state,0.491214404729,0.610514427997,0.483485170443,0.15505392403,3
B5,1,mask.100011,3,phone_acc|audio|phone_state,phone_gyro|watch_acc|location,0.543347448273,0.665179098551,0.540511010121,0.135410502464,3
B5,1,mask.100100,2,phone_acc|location,phone_gyro|watch_acc|audio|phone_state,0.442989175306,0.520569755002,0.443260661019,0.194274936257,3
B5,1,mask.100101,3,phone_acc|location|phone_state,phone_gyro|watch_acc|audio,0.527780391458,0.632109191538,0.519599163141,0.151210867942,3
B5,1,mask.100110,3,phone_acc|location|audio,phone_gyro|watch_acc|phone_state,0.516299709026,0.612724821694,0.522308709273,0.152563636109,3
B5,1,mask.100111,4,phone_acc|location|audio|phone_state,phone_gyro|watch_acc,0.555749464883,0.659967350939,0.558724538276,0.13615118305,3
B5,1,mask.101000,2,phone_acc|watch_acc,phone_gyro|location|audio|phone_state,0.487820490492,0.564217735031,0.478500282192,0.178098876557,3
B5,1,mask.101001,3,phone_acc|watch_acc|phone_state,phone_gyro|location|audio,0.566153519792,0.650411413291,0.564027423367,0.141225384166,3
B5,1,mask.101010,3,phone_acc|watch_acc|audio,phone_gyro|location|phone_state,0.543301571523,0.629301699312,0.538584280619,0.145247867045,3
B5,1,mask.101011,4,phone_acc|watch_acc|audio|phone_state,phone_gyro|location,0.583716702553,0.672341600944,0.584918628154,0.129284264469,3
B5,1,mask.101100,3,phone_acc|watch_acc|location,phone_gyro|audio|phone_state,0.518142693086,0.573710737076,0.51104079138,0.169785379446,3
B5,1,mask.101101,4,phone_acc|watch_acc|location|phone_state,phone_gyro|audio,0.574985793268,0.642196625764,0.572216528356,0.142911760442,3
B5,1,mask.101110,4,phone_acc|watch_acc|location|audio,phone_gyro|phone_state,0.559215293032,0.628503933676,0.559931606218,0.144540105943,3
B5,1,mask.101111,5,phone_acc|watch_acc|location|audio|phone_state,phone_gyro,0.591973100496,0.669876166437,0.59490953425,0.130091211152,3
B5,1,mask.110000,2,phone_acc|phone_gyro,watch_acc|location|audio|phone_state,0.430967385281,0.528544219583,0.401701058124,0.195463441999,3
B5,1,mask.110001,3,phone_acc|phone_gyro|phone_state,watch_acc|location|audio,0.517536903622,0.644770468545,0.520138112861,0.145398840469,3
B5,1,mask.110010,3,phone_acc|phone_gyro|audio,watch_acc|location|phone_state,0.509955523987,0.62074419653,0.503660674722,0.15090164424,3
B5,1,mask.110011,4,phone_acc|phone_gyro|audio|phone_state,watch_acc|location,0.5528080392,0.667433759778,0.558462608598,0.13343849243,3
B5,1,mask.110100,3,phone_acc|phone_gyro|location,watch_acc|audio|phone_state,0.485022010599,0.546165408371,0.46845321279,0.184855602454,3
B5,1,mask.110101,4,phone_acc|phone_gyro|location|phone_state,watch_acc|audio,0.552278794082,0.635816109703,0.545565174257,0.14865270182,3
B5,1,mask.110110,4,phone_acc|phone_gyro|location|audio,watch_acc|phone_state,0.54132829781,0.619188697116,0.541614522544,0.15014381659,3
B5,1,mask.110111,5,phone_acc|phone_gyro|location|audio|phone_state,watch_acc,0.576899711283,0.665230278095,0.577151489785,0.134378059491,3
B5,1,mask.111000,3,phone_acc|phone_gyro|watch_acc,location|audio|phone_state,0.503866867154,0.575796111176,0.488625852916,0.172020949853,3
B5,1,mask.111001,4,phone_acc|phone_gyro|watch_acc|phone_state,location|audio,0.573620289743,0.649530240985,0.57127293573,0.13954515444,3
B5,1,mask.111010,4,phone_acc|phone_gyro|watch_acc|audio,location|phone_state,0.554208581111,0.633797817883,0.548890816589,0.142824729106,3
B5,1,mask.111011,5,phone_acc|phone_gyro|watch_acc|audio|phone_state,location,0.590105355801,0.671475286567,0.592923726725,0.12832989832,3
B5,1,mask.111100,4,phone_acc|phone_gyro|watch_acc|location,audio|phone_state,0.532643029732,0.583838069733,0.524197159666,0.165611271291,3
B5,1,mask.111101,5,phone_acc|phone_gyro|watch_acc|location|phone_state,audio,0.585711540464,0.644667861679,0.581621009839,0.140969542804,3
B5,1,mask.111110,5,phone_acc|phone_gyro|watch_acc|location|audio,phone_state,0.571258257625,0.633105178901,0.57049257686,0.142372688665,3
B5,1,mask.111111,6,phone_acc|phone_gyro|watch_acc|location|audio|phone_state,,0.601711263614,0.67215520455,0.603132559024,0.128901215166,3
B5,2,mask.000001,1,phone_state,phone_acc|phone_gyro|watch_acc|location|audio,0.449476538093,0.628558569743,0.419946057696,0.17654104313,3
B5,2,mask.000010,1,audio,phone_acc|phone_gyro|watch_acc|location|phone_state,0.407129050086,0.613668079889,0.39649258084,0.164532460106,3
B5,2,mask.000011,2,audio|phone_state,phone_acc|phone_gyro|watch_acc|location,0.494823816631,0.667247384311,0.47496992874,0.146280901929,3
B5,2,mask.000100,1,location,phone_acc|phone_gyro|watch_acc|audio|phone_state,0.37803439517,0.53033157804,0.362359246874,0.202691098385,3
B5,2,mask.000101,2,location|phone_state,phone_acc|phone_gyro|watch_acc|audio,0.497102087623,0.656551616747,0.488281080863,0.155998014391,3
B5,2,mask.000110,2,location|audio,phone_acc|phone_gyro|watch_acc|phone_state,0.467067685664,0.634747407661,0.456257518415,0.156457590854,3
B5,2,mask.000111,3,location|audio|phone_state,phone_acc|phone_gyro|watch_acc,0.521545865948,0.68215510698,0.517090598219,0.140355064809,3
B5,2,mask.001000,1,watch_acc,phone_acc|phone_gyro|location|audio|phone_state,0.466832012652,0.577059887941,0.489708101989,0.192569148619,3
B5,2,mask.001001,2,watch_acc|phone_state,phone_acc|phone_gyro|location|audio,0.55870459834,0.670004481724,0.555907111265,0.152370286166,3
B5,2,mask.001010,2,watch_acc|audio,phone_acc|phone_gyro|location|phone_state,0.535459865331,0.66720602596,0.537166049166,0.146481526854,3
B5,2,mask.001011,3,watch_acc|audio|phone_state,phone_acc|phone_gyro|location,0.579033479088,0.700947300477,0.575895732507,0.133320718762,3
B5,2,mask.001100,2,watch_acc|location,phone_acc|phone_gyro|audio|phone_state,0.521623825825,0.619073529852,0.520784387071,0.171671830539,3
B5,2,mask.001101,3,watch_acc|location|phone_state,phone_acc|phone_gyro|audio,0.58239498905,0.691918267436,0.584967108861,0.140804133043,3
B5,2,mask.001110,3,watch_acc|location|audio,phone_acc|phone_gyro|phone_state,0.56351525908,0.681860487329,0.562319098419,0.14161415358,3
B5,2,mask.001111,4,watch_acc|location|audio|phone_state,phone_acc|phone_gyro,0.594616695048,0.712439763152,0.595799539868,0.129554414242,3
B5,2,mask.010000,1,phone_gyro,phone_acc|watch_acc|location|audio|phone_state,0.37015187669,0.505769295285,0.359919437746,0.214663355769,3
B5,2,mask.010001,2,phone_gyro|phone_state,phone_acc|watch_acc|location|audio,0.509401383766,0.651747995734,0.484203170474,0.15938483849,3
B5,2,mask.010010,2,phone_gyro|audio,phone_acc|watch_acc|location|phone_state,0.482750746188,0.635430545515,0.46531966234,0.158097168448,3
B5,2,mask.010011,3,phone_gyro|audio|phone_state,phone_acc|watch_acc|location,0.544579405336,0.682962058416,0.527017363465,0.140530526888,3
B5,2,mask.010100,2,phone_gyro|location,phone_acc|watch_acc|audio|phone_state,0.461861090368,0.556834826707,0.444534420265,0.19349269188,3
B5,2,mask.010101,3,phone_gyro|location|phone_state,phone_acc|watch_acc|audio,0.550950158355,0.679717893576,0.546188453976,0.147021738284,3
B5,2,mask.010110,3,phone_gyro|location|audio,phone_acc|watch_acc|phone_state,0.529765064483,0.658157411572,0.523814807204,0.149623439422,3
B5,2,mask.010111,4,phone_gyro|location|audio|phone_state,phone_acc|watch_acc,0.568190607079,0.699440913705,0.564812480858,0.13503973557,3
B5,2,mask.011000,2,phone_gyro|watch_acc,phone_acc|location|audio|phone_state,0.48901318897,0.588570627822,0.496756380448,0.182809766302,3
B5,2,mask.011001,3,phone_gyro|watch_acc|phone_state,phone_acc|location|audio,0.575131381262,0.676581205192,0.576788648558,0.145491500343,3
B5,2,mask.011010,3,phone_gyro|watch_acc|audio,phone_acc|location|phone_state,0.550213836379,0.672113807011,0.553160045669,0.143248267999,3
B5,2,mask.011011,4,phone_gyro|watch_acc|audio|phone_state,phone_acc|location,0.59283085748,0.706562717054,0.593378764689,0.1301243068,3
B5,2,mask.011100,3,phone_gyro|watch_acc|location,phone_acc|audio|phone_state,0.535705213514,0.626990483721,0.536269087088,0.165290397007,3
B5,2,mask.011101,4,phone_gyro|watch_acc|location|phone_state,phone_acc|audio,0.598614178142,0.701844298969,0.599649649249,0.135576608827,3
B5,2,mask.011110,4,phone_gyro|watch_acc|location|audio,phone_acc|phone_state,0.577650258453,0.69174718527,0.579351900258,0.136876967388,3
B5,2,mask.011111,5,phone_gyro|watch_acc|location|audio|phone_state,phone_acc,0.607975358713,0.720665504443,0.610689069745,0.125946692494,3
B5,2,mask.100000,1,phone_acc,phone_gyro|watch_acc|location|audio|phone_state,0.386420526503,0.511006924378,0.379513102197,0.210880968951,3
B5,2,mask.100001,2,phone_acc|phone_state,phone_gyro|watch_acc|location|audio,0.515217804698,0.660006975099,0.500105611295,0.154958578581,3
B5,2,mask.100010,2,phone_acc|audio,phone_gyro|watch_acc|location|phone_state,0.504708402859,0.648018310458,0.478413035234,0.154993871618,3
B5,2,mask.100011,3,phone_acc|audio|phone_state,phone_gyro|watch_acc|location,0.551460943812,0.69269666062,0.538422114739,0.138807519655,3
B5,2,mask.100100,2,phone_acc|location,phone_gyro|watch_acc|audio|phone_state,0.45945288743,0.575265713433,0.457931813018,0.186031837356,3
B5,2,mask.100101,3,phone_acc|location|phone_state,phone_gyro|watch_acc|audio,0.547870651548,0.683284296708,0.551232143015,0.145932737501,3
B5,2,mask.100110,3,phone_acc|location|audio,phone_gyro|watch_acc|phone_state,0.527570336238,0.659811800501,0.514226520808,0.151278509736,3
B5,2,mask.100111,4,phone_acc|location|audio|phone_state,phone_gyro|watch_acc,0.567660301881,0.703410946191,0.567158198988,0.135135837515,3
B5,2,mask.101000,2,phone_acc|watch_acc,phone_gyro|location|audio|phone_state,0.503382391641,0.593587399015,0.515302339843,0.175692869773,3
B5,2,mask.101001,3,phone_acc|watch_acc|phone_state,phone_gyro|location|audio,0.579929059692,0.684894642227,0.584518180009,0.141848361284,3
B5,2,mask.101010,3,phone_acc|watch_acc|audio,phone_gyro|location|phone_state,0.5640821605,0.677322854733,0.56746369697,0.141135702608,3
B5,2,mask.101011,4,phone_acc|watch_acc|audio|phone_state,phone_gyro|location,0.598666185727,0.712860752112,0.602438035337,0.128950719063,3
B5,2,mask.101100,3,phone_acc|watch_acc|location,phone_gyro|audio|phone_state,0.536988631052,0.632709831723,0.543091681259,0.161555008948,3
B5,2,mask.101101,4,phone_acc|watch_acc|location|phone_state,phone_gyro|audio,0.597887685958,0.705449008033,0.605050796179,0.13439296931,3
B5,2,mask.101110,4,phone_acc|watch_acc|location|audio,phone_gyro|phone_state,0.578502697701,0.691634178416,0.581533229626,0.137719518022,3
B5,2,mask.101111,5,phone_acc|watch_acc|location|audio|phone_state,phone_gyro,0.608565635979,0.723566669445,0.615253051217,0.12612860213,3
B5,2,mask.110000,2,phone_acc|phone_gyro,watch_acc|location|audio|phone_state,0.416471177576,0.526874820175,0.40665082893,0.203080571298,3
B5,2,mask.110001,3,phone_acc|phone_gyro|phone_state,watch_acc|location|audio,0.534133327069,0.666982977209,0.524291616542,0.150152962977,3
B5,2,mask.110010,3,phone_acc|phone_gyro|audio,watch_acc|location|phone_state,0.516280934321,0.648630508244,0.500284600968,0.155039956612,3
B5,2,mask.110011,4,phone_acc|phone_gyro|audio|phone_state,watch_acc|location,0.563020280952,0.696413245067,0.557091408196,0.136796885915,3
B5,2,mask.110100,3,phone_acc|phone_gyro|location,watch_acc|audio|phone_state,0.474816697989,0.576037204404,0.473821067238,0.184707151512,3
B5,2,mask.110101,4,phone_acc|phone_gyro|location|phone_state,watch_acc|audio,0.564862205314,0.692874207805,0.568697018721,0.141996587932,3
B5,2,mask.110110,4,phone_acc|phone_gyro|location|audio,watch_acc|phone_state,0.544174189211,0.668192495178,0.539697407024,0.148666728103,3
B5,2,mask.110111,5,phone_acc|phone_gyro|location|audio|phone_state,watch_acc,0.581881803375,0.711467983987,0.585146735374,0.132316914085,3
B5,2,mask.111000,3,phone_acc|phone_gyro|watch_acc,location|audio|phone_state,0.509855516772,0.592923717666,0.517725499046,0.174039221976,3
B5,2,mask.111001,4,phone_acc|phone_gyro|watch_acc|phone_state,location|audio,0.587620435721,0.686877291116,0.591850051268,0.13912364943,3
B5,2,mask.111010,4,phone_acc|phone_gyro|watch_acc|audio,location|phone_state,0.568240486939,0.675565226765,0.571149159386,0.141278066545,3
B5,2,mask.111011,5,phone_acc|phone_gyro|watch_acc|audio|phone_state,location,0.604489548505,0.714401010369,0.609987915237,0.127621404693,3
B5,2,mask.111100,4,phone_acc|phone_gyro|watch_acc|location,audio|phone_state,0.543651437588,0.633980984015,0.550905504951,0.159554319709,3
B5,2,mask.111101,5,phone_acc|phone_gyro|watch_acc|location|phone_state,audio,0.606512546176,0.710465788664,0.611519536373,0.13169432263,3
B5,2,mask.111110,5,phone_acc|phone_gyro|watch_acc|location|audio,phone_state,0.585243338021,0.695452371339,0.59086979554,0.13565123514,3
B5,2,mask.111111,6,phone_acc|phone_gyro|watch_acc|location|audio|phone_state,,0.615771907547,0.728220242083,0.623059342471,0.124000929022,3
B5,3,mask.000001,1,phone_state,phone_acc|phone_gyro|watch_acc|location|audio,0.403623893335,0.605694571954,0.398837309714,0.179869138008,3
B5,3,mask.000010,1,audio,phone_acc|phone_gyro|watch_acc|location|phone_state,0.402225758336,0.620437490545,0.400013388627,0.160331551702,3
B5,3,mask.000011,2,audio|phone_state,phone_acc|phone_gyro|watch_acc|location,0.456630475274,0.676629945077,0.459244416748,0.14703558562,3
B5,3,mask.000100,1,location,phone_acc|phone_gyro|watch_acc|audio|phone_state,0.344052423705,0.523730309459,0.322817631247,0.196204046225,3
B5,3,mask.000101,2,location|phone_state,phone_acc|phone_gyro|watch_acc|audio,0.440714669477,0.635704859297,0.420603825882,0.164459790183,3
B5,3,mask.000110,2,location|audio,phone_acc|phone_gyro|watch_acc|phone_state,0.459878355487,0.646265942613,0.450924750006,0.144147265914,3
B5,3,mask.000111,3,location|audio|phone_state,phone_acc|phone_gyro|watch_acc,0.492563947564,0.699864682816,0.496389419949,0.133877623837,3
B5,3,mask.001000,1,watch_acc,phone_acc|phone_gyro|location|audio|phone_state,0.392578557491,0.531800780583,0.410641687662,0.199296755441,3
B5,3,mask.001001,2,watch_acc|phone_state,phone_acc|phone_gyro|location|audio,0.485098907592,0.641404863754,0.486959245762,0.160946078338,3
B5,3,mask.001010,2,watch_acc|audio,phone_acc|phone_gyro|location|phone_state,0.512435955339,0.673254231022,0.505955126923,0.140490251717,3
B5,3,mask.001011,3,watch_acc|audio|phone_state,phone_acc|phone_gyro|location,0.529073353055,0.699643513174,0.540669289317,0.135682709101,3
B5,3,mask.001100,2,watch_acc|location,phone_acc|phone_gyro|audio|phone_state,0.462779109056,0.604075776525,0.446556042236,0.171369485702,3
B5,3,mask.001101,3,watch_acc|location|phone_state,phone_acc|phone_gyro|audio,0.515674717572,0.671388897996,0.515172403307,0.146996986186,3
B5,3,mask.001110,3,watch_acc|location|audio,phone_acc|phone_gyro|phone_state,0.54258938274,0.689268409767,0.53411158357,0.131130279498,3
B5,3,mask.001111,4,watch_acc|location|audio|phone_state,phone_acc|phone_gyro,0.560027200722,0.723856885841,0.56917724881,0.123922623794,3
B5,3,mask.010000,1,phone_gyro,phone_acc|watch_acc|location|audio|phone_state,0.359009065542,0.531453797012,0.335327828153,0.213691653068,3
B5,3,mask.010001,2,phone_gyro|phone_state,phone_acc|watch_acc|location|audio,0.456140349185,0.643317869843,0.43660622165,0.166900735852,3
B5,3,mask.010010,2,phone_gyro|audio,phone_acc|watch_acc|location|phone_state,0.457199011938,0.642140933962,0.450738017963,0.157124542673,3
B5,3,mask.010011,3,phone_gyro|audio|phone_state,phone_acc|watch_acc|location,0.497419766788,0.697880160534,0.501421333045,0.140779298028,3
B5,3,mask.010100,2,phone_gyro|location,phone_acc|watch_acc|audio|phone_state,0.42666395929,0.565359642974,0.386605535828,0.187765592203,3
B5,3,mask.010101,3,phone_gyro|location|phone_state,phone_acc|watch_acc|audio,0.485996935336,0.656266084202,0.464443613702,0.157039431783,3
B5,3,mask.010110,3,phone_gyro|location|audio,phone_acc|watch_acc|phone_state,0.502369175045,0.652967782316,0.491135830985,0.146882580889,3
B5,3,mask.010111,4,phone_gyro|location|audio|phone_state,phone_acc|watch_acc,0.530395098631,0.712162573876,0.535729392522,0.131638272984,3
B5,3,mask.011000,2,phone_gyro|watch_acc,phone_acc|location|audio|phone_state,0.442590726474,0.583705132409,0.43954840013,0.18205601836,3
B5,3,mask.011001,3,phone_gyro|watch_acc|phone_state,phone_acc|location|audio,0.510133179449,0.664647531299,0.511072130727,0.153419757819,3
B5,3,mask.011010,3,phone_gyro|watch_acc|audio,phone_acc|location|phone_state,0.526124877404,0.681075927136,0.524055870816,0.139157370908,3
B5,3,mask.011011,4,phone_gyro|watch_acc|audio|phone_state,phone_acc|location,0.548034815556,0.714281299308,0.563545542366,0.132055620806,3
B5,3,mask.011100,3,phone_gyro|watch_acc|location,phone_acc|audio|phone_state,0.485243457453,0.619095713418,0.46323998867,0.166455535595,3
B5,3,mask.011101,4,phone_gyro|watch_acc|location|phone_state,phone_acc|audio,0.534028977732,0.683654439014,0.534663178224,0.143439375316,3
B5,3,mask.011110,4,phone_gyro|watch_acc|location|audio,phone_acc|phone_state,0.549251846264,0.689752937797,0.545229077962,0.132875444493,3
B5,3,mask.011111,5,phone_gyro|watch_acc|location|audio|phone_state,phone_acc,0.576210816226,0.730358833005,0.586000166737,0.123282474173,3
B5,3,mask.100000,1,phone_acc,phone_gyro|watch_acc|location|audio|phone_state,0.339411912233,0.481363050652,0.332379916844,0.242768423807,3
B5,3,mask.100001,2,phone_acc|phone_state,phone_gyro|watch_acc|location|audio,0.448666337244,0.623571375177,0.435203794445,0.175034007948,3
B5,3,mask.100010,2,phone_acc|audio,phone_gyro|watch_acc|location|phone_state,0.457955340507,0.623775942936,0.452577251357,0.166314831298,3
B5,3,mask.100011,3,phone_acc|audio|phone_state,phone_gyro|watch_acc|location,0.497239212205,0.685873096851,0.499765484655,0.146343421457,3
B5,3,mask.100100,2,phone_acc|location,phone_gyro|watch_acc|audio|phone_state,0.4108947384,0.548071073758,0.385148423257,0.201094023905,3
B5,3,mask.100101,3,phone_acc|location|phone_state,phone_gyro|watch_acc|audio,0.4800938068,0.64016270511,0.470611427471,0.163610539231,3
B5,3,mask.100110,3,phone_acc|location|audio,phone_gyro|watch_acc|phone_state,0.495010818167,0.634750827685,0.486915917544,0.156550810013,3
B5,3,mask.100111,4,phone_acc|location|audio|phone_state,phone_gyro|watch_acc,0.527815402129,0.698104405154,0.534405380112,0.137612153957,3
B5,3,mask.101000,2,phone_acc|watch_acc,phone_gyro|location|audio|phone_state,0.431391544222,0.558478934363,0.438642127532,0.195289164304,3
B5,3,mask.101001,3,phone_acc|watch_acc|phone_state,phone_gyro|location|audio,0.504718964484,0.652827755051,0.511784914696,0.158790339716,3
B5,3,mask.101010,3,phone_acc|watch_acc|audio,phone_gyro|location|phone_state,0.519581062542,0.662304443003,0.51939858018,0.14869151938,3
B5,3,mask.101011,4,phone_acc|watch_acc|audio|phone_state,phone_gyro|location,0.546636293825,0.705811882999,0.558758364914,0.136484352537,3
B5,3,mask.101100,3,phone_acc|watch_acc|location,phone_gyro|audio|phone_state,0.467684740036,0.596718779945,0.466404639705,0.178378395438,3
B5,3,mask.101101,4,phone_acc|watch_acc|location|phone_state,phone_gyro|audio,0.526957048186,0.668267512972,0.538054632151,0.149486317234,3
B5,3,mask.101110,4,phone_acc|watch_acc|location|audio,phone_gyro|phone_state,0.538653540834,0.668937115226,0.543876295742,0.1426488881,3
B5,3,mask.101111,5,phone_acc|watch_acc|location|audio|phone_state,phone_gyro,0.571595527442,0.718664513887,0.583209973713,0.128697400354,3
B5,3,mask.110000,2,phone_acc|phone_gyro,watch_acc|location|audio|phone_state,0.374024318136,0.519019116251,0.360064603015,0.225017366987,3
B5,3,mask.110001,3,phone_acc|phone_gyro|phone_state,watch_acc|location|audio,0.470960954965,0.645854301124,0.461245402202,0.167213697293,3
B5,3,mask.110010,3,phone_acc|phone_gyro|audio,watch_acc|location|phone_state,0.469305477249,0.62659352489,0.472647906647,0.166361580134,3
B5,3,mask.110011,4,phone_acc|phone_gyro|audio|phone_state,watch_acc|location,0.513635137328,0.698049220005,0.523721955619,0.143376310104,3
B5,3,mask.110100,3,phone_acc|phone_gyro|location,watch_acc|audio|phone_state,0.437192029008,0.561229489962,0.402785586201,0.198465863226,3
B5,3,mask.110101,4,phone_acc|phone_gyro|location|phone_state,watch_acc|audio,0.50111623728,0.654241946326,0.492978821258,0.159440736121,3
B5,3,mask.110110,4,phone_acc|phone_gyro|location|audio,watch_acc|phone_state,0.506932039705,0.63639145406,0.501288246647,0.158405284955,3
B5,3,mask.110111,5,phone_acc|phone_gyro|location|audio|phone_state,watch_acc,0.546228828922,0.705978693996,0.553433031767,0.136707823866,3
B5,3,mask.111000,3,phone_acc|phone_gyro|watch_acc,location|audio|phone_state,0.448482074821,0.574236064977,0.448505491498,0.189578589304,3
B5,3,mask.111001,4,phone_acc|phone_gyro|watch_acc|phone_state,location|audio,0.517490753253,0.666929959574,0.526934024687,0.154791555629,3
B5,3,mask.111010,4,phone_acc|phone_gyro|watch_acc|audio,location|phone_state,0.522363437771,0.661094673291,0.526878327898,0.150393557855,3
B5,3,mask.111011,5,phone_acc|phone_gyro|watch_acc|audio|phone_state,location,0.555603575131,0.712671415184,0.572212388815,0.135179465192,3
B5,3,mask.111100,4,phone_acc|phone_gyro|watch_acc|location,audio|phone_state,0.482521408745,0.604480860001,0.47067333217,0.177126976369,3
B5,3,mask.111101,5,phone_acc|phone_gyro|watch_acc|location|phone_state,audio,0.537250441941,0.677127307128,0.547823825806,0.147724392371,3
B5,3,mask.111110,5,phone_acc|phone_gyro|watch_acc|location|audio,phone_state,0.541424564855,0.669427546293,0.547829172976,0.144834986221,3
B5,3,mask.111111,6,phone_acc|phone_gyro|watch_acc|location|audio|phone_state,,0.578006740092,0.722092367515,0.591815206844,0.128923313004,3
B5,4,mask.000001,1,phone_state,phone_acc|phone_gyro|watch_acc|location|audio,0.43931398495,0.556409496891,0.437663414949,0.181108796674,3
B5,4,mask.000010,1,audio,phone_acc|phone_gyro|watch_acc|location|phone_state,0.456054028199,0.554176549828,0.453828532142,0.169092384306,3
B5,4,mask.000011,2,audio|phone_state,phone_acc|phone_gyro|watch_acc|location,0.492570651504,0.595262773631,0.530935170969,0.156727722919,3
B5,4,mask.000100,1,location,phone_acc|phone_gyro|watch_acc|audio|phone_state,0.404025571129,0.500951208872,0.417196608374,0.196017177513,3
B5,4,mask.000101,2,location|phone_state,phone_acc|phone_gyro|watch_acc|audio,0.507377854591,0.590544941645,0.506050588371,0.172459636876,3
B5,4,mask.000110,2,location|audio,phone_acc|phone_gyro|watch_acc|phone_state,0.525784522436,0.589639879455,0.512500855426,0.166421508854,3
B5,4,mask.000111,3,location|audio|phone_state,phone_acc|phone_gyro|watch_acc,0.539579318119,0.612210589259,0.54940051445,0.158581040255,3
B5,4,mask.001000,1,watch_acc,phone_acc|phone_gyro|location|audio|phone_state,0.453682694722,0.552201272582,0.501906469179,0.175579264973,3
B5,4,mask.001001,2,watch_acc|phone_state,phone_acc|phone_gyro|location|audio,0.574745759108,0.641295075883,0.581768889993,0.144402449414,3
B5,4,mask.001010,2,watch_acc|audio,phone_acc|phone_gyro|location|phone_state,0.555237573179,0.624401381496,0.588098318409,0.141832518431,3
B5,4,mask.001011,3,watch_acc|audio|phone_state,phone_acc|phone_gyro|location,0.602655664211,0.65366105248,0.643872992958,0.134047833814,3
B5,4,mask.001100,2,watch_acc|location,phone_acc|phone_gyro|audio|phone_state,0.541384804302,0.582902658253,0.573554609403,0.16651406781,3
B5,4,mask.001101,3,watch_acc|location|phone_state,phone_acc|phone_gyro|audio,0.60547715781,0.651291656484,0.609318930115,0.146666423091,3
B5,4,mask.001110,3,watch_acc|location|audio,phone_acc|phone_gyro|phone_state,0.609707608807,0.6370290919,0.617107895033,0.145179642559,3
B5,4,mask.001111,4,watch_acc|location|audio|phone_state,phone_acc|phone_gyro,0.626140222399,0.658779098292,0.637905523095,0.139689693398,3
B5,4,mask.010000,1,phone_gyro,phone_acc|watch_acc|location|audio|phone_state,0.305410873434,0.411549335502,0.351578003153,0.221026113801,3
B5,4,mask.010001,2,phone_gyro|phone_state,phone_acc|watch_acc|location|audio,0.495531925373,0.575739491862,0.501560957206,0.170356091379,3
B5,4,mask.010010,2,phone_gyro|audio,phone_acc|watch_acc|location|phone_state,0.491548279467,0.575557155933,0.50624604581,0.158592120213,3
B5,4,mask.010011,3,phone_gyro|audio|phone_state,phone_acc|watch_acc|location,0.531455509327,0.607342457142,0.578182913759,0.151086427293,3
B5,4,mask.010100,2,phone_gyro|location,phone_acc|watch_acc|audio|phone_state,0.483740325607,0.519310997104,0.490494646401,0.183768289235,3
B5,4,mask.010101,3,phone_gyro|location|phone_state,phone_acc|watch_acc|audio,0.563827483693,0.609204256548,0.565446377213,0.164117404802,3
B5,4,mask.010110,3,phone_gyro|location|audio,phone_acc|watch_acc|phone_state,0.573396743393,0.607030353294,0.565458870127,0.15838177218,3
B5,4,mask.010111,4,phone_gyro|location|audio|phone_state,phone_acc|watch_acc,0.589917468595,0.626131255062,0.596629017787,0.15381305418,3
B5,4,mask.011000,2,phone_gyro|watch_acc,phone_acc|location|audio|phone_state,0.467427363335,0.554286981919,0.512097343983,0.168362473896,3
B5,4,mask.011001,3,phone_gyro|watch_acc|phone_state,phone_acc|location|audio,0.577695075807,0.638156644392,0.595267781007,0.142918864879,3
B5,4,mask.011010,3,phone_gyro|watch_acc|audio,phone_acc|location|phone_state,0.56593143048,0.629173173977,0.602752209188,0.137758859956,3
B5,4,mask.011011,4,phone_gyro|watch_acc|audio|phone_state,phone_acc|location,0.603119774378,0.654813555065,0.654574418956,0.132640569907,3
B5,4,mask.011100,3,phone_gyro|watch_acc|location,phone_acc|audio|phone_state,0.553177367144,0.587276063753,0.581441768371,0.161973945413,3
B5,4,mask.011101,4,phone_gyro|watch_acc|location|phone_state,phone_acc|audio,0.616785592699,0.654705045466,0.62156388231,0.144292830238,3
B5,4,mask.011110,4,phone_gyro|watch_acc|location|audio,phone_acc|phone_state,0.619376437164,0.643658274258,0.62781786309,0.141774943002,3
B5,4,mask.011111,5,phone_gyro|watch_acc|location|audio|phone_state,phone_acc,0.63630627615,0.662723237051,0.648397235455,0.138049085666,3
B5,4,mask.100000,1,phone_acc,phone_gyro|watch_acc|location|audio|phone_state,0.37903071239,0.461307279652,0.406011376493,0.20830781476,3
B5,4,mask.100001,2,phone_acc|phone_state,phone_gyro|watch_acc|location|audio,0.513874125489,0.590190659062,0.50741724962,0.165570980318,3
B5,4,mask.100010,2,phone_acc|audio,phone_gyro|watch_acc|location|phone_state,0.4889194255,0.585419623107,0.516579719497,0.160597274495,3
B5,4,mask.100011,3,phone_acc|audio|phone_state,phone_gyro|watch_acc|location,0.533809450268,0.61305972119,0.572620739429,0.151546625202,3
B5,4,mask.100100,2,phone_acc|location,phone_gyro|watch_acc|audio|phone_state,0.494454137154,0.530985460069,0.499372344097,0.187331483135,3
B5,4,mask.100101,3,phone_acc|location|phone_state,phone_gyro|watch_acc|audio,0.567934514884,0.617073039332,0.557170720232,0.162208640157,3
B5,4,mask.100110,3,phone_acc|location|audio,phone_gyro|watch_acc|phone_state,0.560106211873,0.60601347342,0.560648131322,0.160996918178,3
B5,4,mask.100111,4,phone_acc|location|audio|phone_state,phone_gyro|watch_acc,0.5783478347,0.62693124765,0.589757033309,0.153507046581,3
B5,4,mask.101000,2,phone_acc|watch_acc,phone_gyro|location|audio|phone_state,0.515645806842,0.574088710494,0.556342521977,0.166372657037,3
B5,4,mask.101001,3,phone_acc|watch_acc|phone_state,phone_gyro|location|audio,0.598344354841,0.645109191896,0.617541127682,0.142218272136,3
B5,4,mask.101010,3,phone_acc|watch_acc|audio,phone_gyro|location|phone_state,0.583470708253,0.63610539351,0.624468776197,0.141598221877,3
B5,4,mask.101011,4,phone_acc|watch_acc|audio|phone_state,phone_gyro|location,0.61799474665,0.656402480338,0.663747216355,0.134578057091,3
B5,4,mask.101100,3,phone_acc|watch_acc|location,phone_gyro|audio|phone_state,0.566109626847,0.589394398353,0.589214884942,0.162986801574,3
B5,4,mask.101101,4,phone_acc|watch_acc|location|phone_state,phone_gyro|audio,0.624950354227,0.658293827028,0.622992196647,0.144178388809,3
B5,4,mask.101110,4,phone_acc|watch_acc|location|audio,phone_gyro|phone_state,0.625903263203,0.645773209833,0.629422243026,0.144055272773,3
B5,4,mask.101111,5,phone_acc|watch_acc|location|audio|phone_state,phone_gyro,0.63767398934,0.663376385817,0.649959054528,0.138662155218,3
B5,4,mask.110000,2,phone_acc|phone_gyro,watch_acc|location|audio|phone_state,0.381155356939,0.460902975617,0.423530484795,0.197161902954,3
B5,4,mask.110001,3,phone_acc|phone_gyro|phone_state,watch_acc|location|audio,0.514161542263,0.586155270237,0.539202139015,0.162658791217,3
B5,4,mask.110010,3,phone_acc|phone_gyro|audio,watch_acc|location|phone_state,0.488687312663,0.585878702069,0.539759455802,0.15678171688,3
B5,4,mask.110011,4,phone_acc|phone_gyro|audio|phone_state,watch_acc|location,0.539391410905,0.615612357841,0.597785254473,0.149270711284,3
B5,4,mask.110100,3,phone_acc|phone_gyro|location,watch_acc|audio|phone_state,0.504914021657,0.533244839373,0.516880184441,0.18292861079,3
B5,4,mask.110101,4,phone_acc|phone_gyro|location|phone_state,watch_acc|audio,0.582657812313,0.621760928717,0.582340337271,0.159406544131,3
B5,4,mask.110110,4,phone_acc|phone_gyro|location|audio,watch_acc|phone_state,0.576979015616,0.613974617849,0.581525213279,0.157372330677,3
B5,4,mask.110111,5,phone_acc|phone_gyro|location|audio|phone_state,watch_acc,0.600201068571,0.633956793137,0.611843964967,0.151440296423,3
B5,4,mask.111000,3,phone_acc|phone_gyro|watch_acc,location|audio|phone_state,0.502391325648,0.56476969992,0.550441617418,0.164044817267,3
B5,4,mask.111001,4,phone_acc|phone_gyro|watch_acc|phone_state,location|audio,0.591204278285,0.639052228926,0.620662165986,0.142379824553,3
B5,4,mask.111010,4,phone_acc|phone_gyro|watch_acc|audio,location|phone_state,0.581173057787,0.632834331498,0.627532836442,0.139819943867,3
B5,4,mask.111011,5,phone_acc|phone_gyro|watch_acc|audio|phone_state,location,0.612233178755,0.65419125153,0.666047225198,0.134211530144,3
B5,4,mask.111100,4,phone_acc|phone_gyro|watch_acc|location,audio|phone_state,0.56733845725,0.590375741632,0.588426706478,0.161112995055,3
B5,4,mask.111101,5,phone_acc|phone_gyro|watch_acc|location|phone_state,audio,0.627156909237,0.65772812884,0.627512773234,0.143551153156,3
B5,4,mask.111110,5,phone_acc|phone_gyro|watch_acc|location|audio,phone_state,0.627896807221,0.647995091053,0.632868182532,0.142507020136,3
B5,4,mask.111111,6,phone_acc|phone_gyro|watch_acc|location|audio|phone_state,,0.641346220717,0.664474388405,0.653674076874,0.138104658688,3
P,0,mask.000001,1,phone_state,phone_acc|phone_gyro|watch_acc|location|audio,0.412792464989,0.619539335024,0.401437071625,0.17277209348,3
P,0,mask.000010,1,audio,phone_acc|phone_gyro|watch_acc|location|phone_state,0.355788812692,0.590303918341,0.360682842816,0.170766253896,3
P,0,mask.000011,2,audio|phone_state,phone_acc|phone_gyro|watch_acc|location,0.439529020014,0.661062481822,0.437621866413,0.142811242307,3
P,0,mask.000100,1,location,phone_acc|phone_gyro|watch_acc|audio|phone_state,0.377525750849,0.55355517072,0.377555916404,0.182385305926,3
P,0,mask.000101,2,location|phone_state,phone_acc|phone_gyro|watch_acc|audio,0.473636988287,0.663583939828,0.459259698549,0.144924900479,3
P,0,mask.000110,2,location|audio,phone_acc|phone_gyro|watch_acc|phone_state,0.444725398933,0.644610464605,0.434350161215,0.146634889127,3
P,0,mask.000111,3,location|audio|phone_state,phone_acc|phone_gyro|watch_acc,0.491973958636,0.69270922271,0.484221751208,0.128915748998,3
P,0,mask.001000,1,watch_acc,phone_acc|phone_gyro|location|audio|phone_state,0.410405032683,0.573672841183,0.408605680842,0.185579197963,3
P,0,mask.001001,2,watch_acc|phone_state,phone_acc|phone_gyro|location|audio,0.499911888006,0.667377872978,0.483590944188,0.145271259317,3
P,0,mask.001010,2,watch_acc|audio,phone_acc|phone_gyro|location|phone_state,0.47271298596,0.65681543791,0.468173892105,0.143173187619,3
P,0,mask.001011,3,watch_acc|audio|phone_state,phone_acc|phone_gyro|location,0.517760565705,0.694369873186,0.513389590707,0.127282221559,3
P,0,mask.001100,2,watch_acc|location,phone_acc|phone_gyro|audio|phone_state,0.499093544245,0.649170467656,0.498325095992,0.149558974872,3
P,0,mask.001101,3,watch_acc|location|phone_state,phone_acc|phone_gyro|audio,0.543888814557,0.704442605764,0.534006174183,0.126243385115,3
P,0,mask.001110,3,watch_acc|location|audio,phone_acc|phone_gyro|phone_state,0.540395419632,0.693347764273,0.533903865973,0.127474240651,3
P,0,mask.001111,4,watch_acc|location|audio|phone_state,phone_acc|phone_gyro,0.555695264571,0.720426315812,0.553022550601,0.116362409219,3
P,0,mask.010000,1,phone_gyro,phone_acc|watch_acc|location|audio|phone_state,0.331854648261,0.487570113368,0.324208122756,0.229482534828,3
P,0,mask.010001,2,phone_gyro|phone_state,phone_acc|watch_acc|location|audio,0.466685225863,0.642602824957,0.449282218195,0.160491593789,3
P,0,mask.010010,2,phone_gyro|audio,phone_acc|watch_acc|location|phone_state,0.401753753148,0.607093758105,0.406823543562,0.167626921622,3
P,0,mask.010011,3,phone_gyro|audio|phone_state,phone_acc|watch_acc|location,0.484252406742,0.675252025424,0.478143972829,0.139254067837,3
P,0,mask.010100,2,phone_gyro|location,phone_acc|watch_acc|audio|phone_state,0.430871115897,0.568066134185,0.420075150822,0.185265075401,3
P,0,mask.010101,3,phone_gyro|location|phone_state,phone_acc|watch_acc|audio,0.510801108878,0.677801699595,0.501629004483,0.141674819508,3
P,0,mask.010110,3,phone_gyro|location|audio,phone_acc|watch_acc|phone_state,0.474811986527,0.654652101912,0.474623825274,0.14693999614,3
P,0,mask.010111,4,phone_gyro|location|audio|phone_state,phone_acc|watch_acc,0.523065879543,0.702250349701,0.519586254489,0.127624053115,3
P,0,mask.011000,2,phone_gyro|watch_acc,phone_acc|location|audio|phone_state,0.438015107044,0.58082401861,0.421089975174,0.187133012769,3
P,0,mask.011001,3,phone_gyro|watch_acc|phone_state,phone_acc|location|audio,0.52143298814,0.672366559508,0.510897279915,0.144047354787,3
P,0,mask.011010,3,phone_gyro|watch_acc|audio,phone_acc|location|phone_state,0.485727436941,0.658859589289,0.482150519273,0.147616233707,3
P,0,mask.011011,4,phone_gyro|watch_acc|audio|phone_state,phone_acc|location,0.538974075253,0.700171860658,0.535338647093,0.127449472556,3
P,0,mask.011100,3,phone_gyro|watch_acc|location,phone_acc|audio|phone_state,0.510087199842,0.643619877642,0.504666914216,0.15669256226,3
P,0,mask.011101,4,phone_gyro|watch_acc|location|phone_state,phone_acc|audio,0.564548515194,0.706859887004,0.555591946769,0.127338332479,3
P,0,mask.011110,4,phone_gyro|watch_acc|location|audio,phone_acc|phone_state,0.551158487995,0.693777247253,0.545012081362,0.131669416855,3
P,0,mask.011111,5,phone_gyro|watch_acc|location|audio|phone_state,phone_acc,0.574117335764,0.72406288958,0.571285660696,0.117460421092,3
P,0,mask.100000,1,phone_acc,phone_gyro|watch_acc|location|audio|phone_state,0.379409070176,0.527394537496,0.370047041758,0.210798177949,3
P,0,mask.100001,2,phone_acc|phone_state,phone_gyro|watch_acc|location|audio,0.483147166402,0.654272633836,0.460661887098,0.155061432502,3
P,0,mask.100010,2,phone_acc|audio,phone_gyro|watch_acc|location|phone_state,0.441693454886,0.623326075426,0.426383742092,0.162773367978,3
P,0,mask.100011,3,phone_acc|audio|phone_state,phone_gyro|watch_acc|location,0.496191929374,0.67868113554,0.487021755972,0.138796927926,3
P,0,mask.100100,2,phone_acc|location,phone_gyro|watch_acc|audio|phone_state,0.464298102761,0.613537023522,0.447376901201,0.166605666913,3
P,0,mask.100101,3,phone_acc|location|phone_state,phone_gyro|watch_acc|audio,0.516153509275,0.683808309681,0.502672032594,0.136671498912,3
P,0,mask.100110,3,phone_acc|location|audio,phone_gyro|watch_acc|phone_state,0.506633697636,0.666638709191,0.482214361899,0.143147556549,3
P,0,mask.100111,4,phone_acc|location|audio|phone_state,phone_gyro|watch_acc,0.530205955053,0.703485621184,0.523167986127,0.126558470577,3
P,0,mask.101000,2,phone_acc|watch_acc,phone_gyro|location|audio|phone_state,0.47913844011,0.620917579719,0.473834733745,0.16452551834,3
P,0,mask.101001,3,phone_acc|watch_acc|phone_state,phone_gyro|location|audio,0.53098243026,0.681651624961,0.523043631295,0.139321469829,3
P,0,mask.101010,3,phone_acc|watch_acc|audio,phone_gyro|location|phone_state,0.521778162573,0.668461175955,0.512157373095,0.141756086905,3
P,0,mask.101011,4,phone_acc|watch_acc|audio|phone_state,phone_gyro|location,0.551388271152,0.703143171541,0.548428618351,0.127223321727,3
P,0,mask.101100,3,phone_acc|watch_acc|location,phone_gyro|audio|phone_state,0.528674533085,0.668356207384,0.536362472401,0.140349690411,3
P,0,mask.101101,4,phone_acc|watch_acc|location|phone_state,phone_gyro|audio,0.562914434393,0.711144487737,0.560332952923,0.123823050986,3
P,0,mask.101110,4,phone_acc|watch_acc|location|audio,phone_gyro|phone_state,0.565378027853,0.698614120345,0.559099570994,0.127426040754,3
P,0,mask.101111,5,phone_acc|watch_acc|location|audio|phone_state,phone_gyro,0.57820134148,0.72398325214,0.577560330906,0.117025040135,3
P,0,mask.110000,2,phone_acc|phone_gyro,watch_acc|location|audio|phone_state,0.411306454154,0.55685083032,0.40580765355,0.201741008607,3
P,0,mask.110001,3,phone_acc|phone_gyro|phone_state,watch_acc|location|audio,0.499680275552,0.663700479385,0.485674233625,0.152426790837,3
P,0,mask.110010,3,phone_acc|phone_gyro|audio,watch_acc|location|phone_state,0.455863214733,0.636497330073,0.456463983135,0.161146969056,3
P,0,mask.110011,4,phone_acc|phone_gyro|audio|phone_state,watch_acc|location,0.514813791037,0.687815593457,0.510120218867,0.137763587103,3
P,0,mask.110100,3,phone_acc|phone_gyro|location,watch_acc|audio|phone_state,0.474911137382,0.620310247586,0.467568298101,0.169106663752,3
P,0,mask.110101,4,phone_acc|phone_gyro|location|phone_state,watch_acc|audio,0.527775381526,0.690473930449,0.523827812074,0.136761111305,3
P,0,mask.110110,4,phone_acc|phone_gyro|location|audio,watch_acc|phone_state,0.512792283746,0.670909558746,0.505531002507,0.144370460667,3
P,0,mask.110111,5,phone_acc|phone_gyro|location|audio|phone_state,watch_acc,0.543211769339,0.709605704038,0.542543497254,0.127035384294,3
P,0,mask.111000,3,phone_acc|phone_gyro|watch_acc,location|audio|phone_state,0.486104166695,0.625227023546,0.481622528409,0.168162475818,3
P,0,mask.111001,4,phone_acc|phone_gyro|watch_acc|phone_state,location|audio,0.540301769744,0.685039573321,0.538608383748,0.139482075195,3
P,0,mask.111010,4,phone_acc|phone_gyro|watch_acc|audio,location|phone_state,0.522668077011,0.67122258632,0.523530920578,0.144137734634,3
P,0,mask.111011,5,phone_acc|phone_gyro|watch_acc|audio|phone_state,location,0.558120734829,0.706651502201,0.562329466445,0.127844317704,3
P,0,mask.111100,4,phone_acc|phone_gyro|watch_acc|location,audio|phone_state,0.534564139456,0.668478736728,0.540362563096,0.145987847056,3
P,0,mask.111101,5,phone_acc|phone_gyro|watch_acc|location|phone_state,audio,0.574493413291,0.712381878958,0.573987020024,0.125526553497,3
P,0,mask.111110,5,phone_acc|phone_gyro|watch_acc|location|audio,phone_state,0.56764409355,0.697648099532,0.56753532751,0.130872366849,3
P,0,mask.111111,6,phone_acc|phone_gyro|watch_acc|location|audio|phone_state,,0.58593920988,0.725617003062,0.589463329997,0.118594156026,3
P,1,mask.000001,1,phone_state,phone_acc|phone_gyro|watch_acc|location|audio,0.441321539572,0.626155536358,0.45094924443,0.169171904787,3
P,1,mask.000010,1,audio,phone_acc|phone_gyro|watch_acc|location|phone_state,0.41074687278,0.586918826078,0.406219647138,0.172214832111,3
P,1,mask.000011,2,audio|phone_state,phone_acc|phone_gyro|watch_acc|location,0.486252638866,0.653016296043,0.490481802869,0.147973270684,3
P,1,mask.000100,1,location,phone_acc|phone_gyro|watch_acc|audio|phone_state,0.393557302062,0.532421773471,0.387345314083,0.190400038246,3
P,1,mask.000101,2,location|phone_state,phone_acc|phone_gyro|watch_acc|audio,0.466447047273,0.618600623876,0.471695409342,0.16117359497,3
P,1,mask.000110,2,location|audio,phone_acc|phone_gyro|watch_acc|phone_state,0.466530885251,0.605793436893,0.471355311797,0.159789709998,3
P,1,mask.000111,3,location|audio|phone_state,phone_acc|phone_gyro|watch_acc,0.507185238436,0.654809725619,0.518471089751,0.143930125906,3
P,1,mask.001000,1,watch_acc,phone_acc|phone_gyro|location|audio|phone_state,0.453361868124,0.575185657044,0.452834457924,0.181172688508,3
P,1,mask.001001,2,watch_acc|phone_state,phone_acc|phone_gyro|location|audio,0.553151403578,0.660147425178,0.555990226184,0.145954712947,3
P,1,mask.001010,2,watch_acc|audio,phone_acc|phone_gyro|location|phone_state,0.51827423539,0.645799959098,0.520201147186,0.146700288128,3
P,1,mask.001011,3,watch_acc|audio|phone_state,phone_acc|phone_gyro|location,0.564292017105,0.681475585276,0.571631036598,0.133288157249,3
P,1,mask.001100,2,watch_acc|location,phone_acc|phone_gyro|audio|phone_state,0.511408150684,0.595794359661,0.495715912834,0.165923647976,3
P,1,mask.001101,3,watch_acc|location|phone_state,phone_acc|phone_gyro|audio,0.556228533305,0.649965127254,0.557939834386,0.144459060484,3
P,1,mask.001110,3,watch_acc|location|audio,phone_acc|phone_gyro|phone_state,0.545099296341,0.645076024364,0.548185187031,0.143125910777,3
P,1,mask.001111,4,watch_acc|location|audio|phone_state,phone_acc|phone_gyro,0.573998494856,0.679478534415,0.582733502972,0.132132192436,3
P,1,mask.010000,1,phone_gyro,phone_acc|watch_acc|location|audio|phone_state,0.359329870444,0.512683782698,0.35040882797,0.199928244048,3
P,1,mask.010001,2,phone_gyro|phone_state,phone_acc|watch_acc|location|audio,0.501674542556,0.644023054105,0.497121228235,0.154592293539,3
P,1,mask.010010,2,phone_gyro|audio,phone_acc|watch_acc|location|phone_state,0.472128855744,0.616755346593,0.464648440492,0.157144530316,3
P,1,mask.010011,3,phone_gyro|audio|phone_state,phone_acc|watch_acc|location,0.530636898055,0.667763534112,0.528977034132,0.140978479628,3
P,1,mask.010100,2,phone_gyro|location,phone_acc|watch_acc|audio|phone_state,0.473783870835,0.560134000995,0.458221634885,0.178769755597,3
P,1,mask.010101,3,phone_gyro|location|phone_state,phone_acc|watch_acc|audio,0.531617656079,0.636531678385,0.523637811442,0.153887905129,3
P,1,mask.010110,3,phone_gyro|location|audio,phone_acc|watch_acc|phone_state,0.520581971709,0.625833389107,0.523319479898,0.15240225461,3
P,1,mask.010111,4,phone_gyro|location|audio|phone_state,phone_acc|watch_acc,0.553018514216,0.667422735524,0.55594169387,0.139795620168,3
P,1,mask.011000,2,phone_gyro|watch_acc,phone_acc|location|audio|phone_state,0.483560445567,0.591667511566,0.481058514743,0.170014182573,3
P,1,mask.011001,3,phone_gyro|watch_acc|phone_state,phone_acc|location|audio,0.569770177142,0.664998566653,0.570849914863,0.141043679166,3
P,1,mask.011010,3,phone_gyro|watch_acc|audio,phone_acc|location|phone_state,0.542336497729,0.657162841366,0.544273819274,0.140717438276,3
P,1,mask.011011,4,phone_gyro|watch_acc|audio|phone_state,phone_acc|location,0.581034509541,0.687018255039,0.588166417967,0.130170497899,3
P,1,mask.011100,3,phone_gyro|watch_acc|location,phone_acc|audio|phone_state,0.538224889344,0.61121505289,0.522191799784,0.159826603418,3
P,1,mask.011101,4,phone_gyro|watch_acc|location|phone_state,phone_acc|audio,0.579281002381,0.658669782406,0.577130781529,0.140877241132,3
P,1,mask.011110,4,phone_gyro|watch_acc|location|audio,phone_acc|phone_state,0.568953713601,0.656084246992,0.568484721785,0.139438995818,3
P,1,mask.011111,5,phone_gyro|watch_acc|location|audio|phone_state,phone_acc,0.595809305428,0.687094821385,0.598330500354,0.129934283797,3
P,1,mask.100000,1,phone_acc,phone_gyro|watch_acc|location|audio|phone_state,0.400667588518,0.511446308069,0.384861028048,0.198455331345,3
P,1,mask.100001,2,phone_acc|phone_state,phone_gyro|watch_acc|location|audio,0.523676408159,0.650063597295,0.522340429144,0.149788875814,3
P,1,mask.100010,2,phone_acc|audio,phone_gyro|watch_acc|location|phone_state,0.494366853188,0.623721212414,0.490750400088,0.153370412847,3
P,1,mask.100011,3,phone_acc|audio|phone_state,phone_gyro|watch_acc|location,0.548990082292,0.672210960349,0.547000803894,0.138145824326,3
P,1,mask.100100,2,phone_acc|location,phone_gyro|watch_acc|audio|phone_state,0.46131025331,0.554351778495,0.464757248212,0.184613152001,3
P,1,mask.100101,3,phone_acc|location|phone_state,phone_gyro|watch_acc|audio,0.534436211162,0.640311007875,0.53719016035,0.152020873685,3
P,1,mask.100110,3,phone_acc|location|audio,phone_gyro|watch_acc|phone_state,0.522660390289,0.623022772969,0.531063864553,0.153395491095,3
P,1,mask.100111,4,phone_acc|location|audio|phone_state,phone_gyro|watch_acc,0.560549904299,0.671293181064,0.565502987281,0.138619147957,3
P,1,mask.101000,2,phone_acc|watch_acc,phone_gyro|location|audio|phone_state,0.505899841618,0.600754654252,0.504674566213,0.162876293108,3
P,1,mask.101001,3,phone_acc|watch_acc|phone_state,phone_gyro|location|audio,0.577855508287,0.669804955899,0.582178983607,0.137233379594,3
P,1,mask.101010,3,phone_acc|watch_acc|audio,phone_gyro|location|phone_state,0.556156316005,0.660728271086,0.558995349119,0.137603773295,3
P,1,mask.101011,4,phone_acc|watch_acc|audio|phone_state,phone_gyro|location,0.590454567117,0.690183507972,0.597474029312,0.127980015202,3
P,1,mask.101100,3,phone_acc|watch_acc|location,phone_gyro|audio|phone_state,0.538208191602,0.60919008528,0.533033409723,0.159467649577,3
P,1,mask.101101,4,phone_acc|watch_acc|location|phone_state,phone_gyro|audio,0.582446838438,0.663167908702,0.586449543441,0.139178736905,3
P,1,mask.101110,4,phone_acc|watch_acc|location|audio,phone_gyro|phone_state,0.571004817488,0.655319605097,0.576669758282,0.139590330924,3
P,1,mask.101111,5,phone_acc|watch_acc|location|audio|phone_state,phone_gyro,0.599714085764,0.690573503925,0.605035468013,0.129057795674,3
P,1,mask.110000,2,phone_acc|phone_gyro,watch_acc|location|audio|phone_state,0.434140875692,0.541908498391,0.410023793694,0.190673977721,3
P,1,mask.110001,3,phone_acc|phone_gyro|phone_state,watch_acc|location|audio,0.534633088153,0.651064732804,0.53428081903,0.147102376364,3
P,1,mask.110010,3,phone_acc|phone_gyro|audio,watch_acc|location|phone_state,0.512446781258,0.632805401173,0.512028997403,0.149872430445,3
P,1,mask.110011,4,phone_acc|phone_gyro|audio|phone_state,watch_acc|location,0.559733975479,0.675625974064,0.561416883401,0.13633885214,3
P,1,mask.110100,3,phone_acc|phone_gyro|location,watch_acc|audio|phone_state,0.492741646295,0.574222870319,0.483351144678,0.179293765229,3
P,1,mask.110101,4,phone_acc|phone_gyro|location|phone_state,watch_acc|audio,0.553467606975,0.644895748931,0.554795981026,0.149803335836,3
P,1,mask.110110,4,phone_acc|phone_gyro|location|audio,watch_acc|phone_state,0.543857960306,0.633467651427,0.547146850418,0.150697552169,3
P,1,mask.110111,5,phone_acc|phone_gyro|location|audio|phone_state,watch_acc,0.577210854981,0.676149476916,0.579327828612,0.137145730008,3
P,1,mask.111000,3,phone_acc|phone_gyro|watch_acc,location|audio|phone_state,0.518013769712,0.605008548104,0.514559275469,0.159983115364,3
P,1,mask.111001,4,phone_acc|phone_gyro|watch_acc|phone_state,location|audio,0.585050925375,0.668472745141,0.587038346457,0.136310647822,3
P,1,mask.111010,4,phone_acc|phone_gyro|watch_acc|audio,location|phone_state,0.564486829365,0.663395520477,0.568336237148,0.136233547723,3
P,1,mask.111011,5,phone_acc|phone_gyro|watch_acc|audio|phone_state,location,0.59759629011,0.690891280578,0.6038845612,0.127344942686,3
P,1,mask.111100,4,phone_acc|phone_gyro|watch_acc|location,audio|phone_state,0.550916387651,0.617231782078,0.543387259518,0.157143993414,3
P,1,mask.111101,5,phone_acc|phone_gyro|watch_acc|location|phone_state,audio,0.592095114862,0.666333658486,0.592926426969,0.138039861742,3
P,1,mask.111110,5,phone_acc|phone_gyro|watch_acc|location|audio,phone_state,0.582220165328,0.660563456188,0.584334309461,0.138204786673,3
P,1,mask.111111,6,phone_acc|phone_gyro|watch_acc|location|audio|phone_state,,0.609011052715,0.692806587282,0.610519567495,0.128373627006,3
P,2,mask.000001,1,phone_state,phone_acc|phone_gyro|watch_acc|location|audio,0.44544498831,0.628929848323,0.425473673781,0.172616566805,3
P,2,mask.000010,1,audio,phone_acc|phone_gyro|watch_acc|location|phone_state,0.397906649922,0.612725266657,0.39226936925,0.164638775131,3
P,2,mask.000011,2,audio|phone_state,phone_acc|phone_gyro|watch_acc|location,0.486526264356,0.664160340893,0.471335615794,0.147243981867,3
P,2,mask.000100,1,location,phone_acc|phone_gyro|watch_acc|audio|phone_state,0.374036657248,0.532372499466,0.354318498868,0.20536980322,3
P,2,mask.000101,2,location|phone_state,phone_acc|phone_gyro|watch_acc|audio,0.496990214077,0.659429057824,0.490059216301,0.153920902122,3
P,2,mask.000110,2,location|audio,phone_acc|phone_gyro|watch_acc|phone_state,0.473327231129,0.647852663502,0.457015480641,0.152209568212,3
P,2,mask.000111,3,location|audio|phone_state,phone_acc|phone_gyro|watch_acc,0.520213336997,0.683224684213,0.516309703566,0.139379279664,3
P,2,mask.001000,1,watch_acc,phone_acc|phone_gyro|location|audio|phone_state,0.462437647267,0.582845598443,0.490789318532,0.190683962037,3
P,2,mask.001001,2,watch_acc|phone_state,phone_acc|phone_gyro|location|audio,0.561537112688,0.671560685524,0.559636537715,0.149929225804,3
P,2,mask.001010,2,watch_acc|audio,phone_acc|phone_gyro|location|phone_state,0.532558498632,0.665907750147,0.533952179369,0.147510277066,3
P,2,mask.001011,3,watch_acc|audio|phone_state,phone_acc|phone_gyro|location,0.577758475938,0.699558005978,0.576045486967,0.133502731422,3
P,2,mask.001100,2,watch_acc|location,phone_acc|phone_gyro|audio|phone_state,0.525768095676,0.626980178902,0.521227353367,0.16992923863,3
P,2,mask.001101,3,watch_acc|location|phone_state,phone_acc|phone_gyro|audio,0.586803995793,0.696898368026,0.585862265837,0.138469903057,3
P,2,mask.001110,3,watch_acc|location|audio,phone_acc|phone_gyro|phone_state,0.566817242628,0.689764114171,0.561051331978,0.139693504881,3
P,2,mask.001111,4,watch_acc|location|audio|phone_state,phone_acc|phone_gyro,0.594615385207,0.714773530649,0.594289774238,0.128258432109,3
P,2,mask.010000,1,phone_gyro,phone_acc|watch_acc|location|audio|phone_state,0.371071971884,0.517086371499,0.365040013905,0.19915167664,3
P,2,mask.010001,2,phone_gyro|phone_state,phone_acc|watch_acc|location|audio,0.509594354414,0.648238183569,0.492936901717,0.158627688553,3
P,2,mask.010010,2,phone_gyro|audio,phone_acc|watch_acc|location|phone_state,0.473841073199,0.634205479461,0.458571550444,0.15734224591,3
P,2,mask.010011,3,phone_gyro|audio|phone_state,phone_acc|watch_acc|location,0.533636084345,0.678244666622,0.521963819837,0.141932144268,3
P,2,mask.010100,2,phone_gyro|location,phone_acc|watch_acc|audio|phone_state,0.457614585251,0.560303003029,0.442201688635,0.1928247337,3
P,2,mask.010101,3,phone_gyro|location|phone_state,phone_acc|watch_acc|audio,0.552002110415,0.682782009936,0.548406084717,0.145235743458,3
P,2,mask.010110,3,phone_gyro|location|audio,phone_acc|watch_acc|phone_state,0.534262663176,0.668448159735,0.522380772737,0.146582176906,3
P,2,mask.010111,4,phone_gyro|location|audio|phone_state,phone_acc|watch_acc,0.567268872674,0.699637121402,0.562276102379,0.134747486661,3
P,2,mask.011000,2,phone_gyro|watch_acc,phone_acc|location|audio|phone_state,0.483615447357,0.590492876213,0.496735850845,0.182516988603,3
P,2,mask.011001,3,phone_gyro|watch_acc|phone_state,phone_acc|location|audio,0.576310530161,0.67758757815,0.578120129502,0.144358241279,3
P,2,mask.011010,3,phone_gyro|watch_acc|audio,phone_acc|location|phone_state,0.545471968117,0.669140696118,0.549478761355,0.144695623211,3
P,2,mask.011011,4,phone_gyro|watch_acc|audio|phone_state,phone_acc|location,0.589725060867,0.703894326725,0.59115326465,0.130788606904,3
P,2,mask.011100,3,phone_gyro|watch_acc|location,phone_acc|audio|phone_state,0.538398693394,0.6342148245,0.533741132124,0.164857406454,3
P,2,mask.011101,4,phone_gyro|watch_acc|location|phone_state,phone_acc|audio,0.60092713494,0.705494385332,0.597872294415,0.133883267549,3
P,2,mask.011110,4,phone_gyro|watch_acc|location|audio,phone_acc|phone_state,0.578333039285,0.695712034971,0.575822112304,0.136336560809,3
P,2,mask.011111,5,phone_gyro|watch_acc|location|audio|phone_state,phone_acc,0.606243856214,0.722130547995,0.607073358807,0.125198539221,3
P,2,mask.100000,1,phone_acc,phone_gyro|watch_acc|location|audio|phone_state,0.402528571211,0.5348466683,0.376727299913,0.202561073158,3
P,2,mask.100001,2,phone_acc|phone_state,phone_gyro|watch_acc|location|audio,0.516107131681,0.664260274159,0.501096297832,0.150825465691,3
P,2,mask.100010,2,phone_acc|audio,phone_gyro|watch_acc|location|phone_state,0.497329113711,0.646696671119,0.472844452952,0.154607559576,3
P,2,mask.100011,3,phone_acc|audio|phone_state,phone_gyro|watch_acc|location,0.545606514372,0.689912482164,0.533518904368,0.138555691908,3
P,2,mask.100100,2,phone_acc|location,phone_gyro|watch_acc|audio|phone_state,0.463760793509,0.579476614429,0.450464942652,0.185380770085,3
P,2,mask.100101,3,phone_acc|location|phone_state,phone_gyro|watch_acc|audio,0.548210994589,0.686367977747,0.551997389436,0.142712351091,3
P,2,mask.100110,3,phone_acc|location|audio,phone_gyro|watch_acc|phone_state,0.533687890313,0.668058309135,0.514806817137,0.148452505121,3
P,2,mask.100111,4,phone_acc|location|audio|phone_state,phone_gyro|watch_acc,0.569080053361,0.70425445971,0.565495065158,0.133553505692,3
P,2,mask.101000,2,phone_acc|watch_acc,phone_gyro|location|audio|phone_state,0.513444360413,0.608649503075,0.517744963776,0.172552515019,3
P,2,mask.101001,3,phone_acc|watch_acc|phone_state,phone_gyro|location|audio,0.58601926383,0.689658438718,0.587286706642,0.138446571172,3
P,2,mask.101010,3,phone_acc|watch_acc|audio,phone_gyro|location|phone_state,0.563092604945,0.679860752504,0.564488681607,0.14068126185,3
P,2,mask.101011,4,phone_acc|watch_acc|audio|phone_state,phone_gyro|location,0.598183775252,0.712046686362,0.601112126609,0.128022495798,3
P,2,mask.101100,3,phone_acc|watch_acc|location,phone_gyro|audio|phone_state,0.544486258386,0.641741554244,0.54299350164,0.159605466752,3
P,2,mask.101101,4,phone_acc|watch_acc|location|phone_state,phone_gyro|audio,0.603741226305,0.710382000482,0.606543283579,0.130836457799,3
P,2,mask.101110,4,phone_acc|watch_acc|location|audio,phone_gyro|phone_state,0.581791473728,0.698016755972,0.580538771154,0.13563389241,3
P,2,mask.101111,5,phone_acc|watch_acc|location|audio|phone_state,phone_gyro,0.609471158023,0.725528659688,0.613492269051,0.124028649286,3
P,2,mask.110000,2,phone_acc|phone_gyro,watch_acc|location|audio|phone_state,0.426217650918,0.547127872476,0.408308814875,0.195457524687,3
P,2,mask.110001,3,phone_acc|phone_gyro|phone_state,watch_acc|location|audio,0.534805812294,0.669897894946,0.526295087134,0.147371869301,3
P,2,mask.110010,3,phone_acc|phone_gyro|audio,watch_acc|location|phone_state,0.512373554498,0.652632284705,0.497246357873,0.153155306342,3
P,2,mask.110011,4,phone_acc|phone_gyro|audio|phone_state,watch_acc|location,0.557056147822,0.693193624807,0.553177527815,0.136789082417,3
P,2,mask.110100,3,phone_acc|phone_gyro|location,watch_acc|audio|phone_state,0.485013088419,0.590136871604,0.475673363893,0.180318278852,3
P,2,mask.110101,4,phone_acc|phone_gyro|location|phone_state,watch_acc|audio,0.564284713139,0.695495715278,0.570260728146,0.139113907379,3
P,2,mask.110110,4,phone_acc|phone_gyro|location|audio,watch_acc|phone_state,0.548206123446,0.676335799193,0.541763737148,0.145867304746,3
P,2,mask.110111,5,phone_acc|phone_gyro|location|audio|phone_state,watch_acc,0.581268135197,0.7121609955,0.58342267139,0.131152422003,3
P,2,mask.111000,3,phone_acc|phone_gyro|watch_acc,location|audio|phone_state,0.516633494429,0.604528610963,0.519234477001,0.171653963583,3
P,2,mask.111001,4,phone_acc|phone_gyro|watch_acc|phone_state,location|audio,0.591057111317,0.690092485566,0.593018156075,0.136856635338,3
P,2,mask.111010,4,phone_acc|phone_gyro|watch_acc|audio,location|phone_state,0.566979726233,0.678090536357,0.569361420115,0.140875605554,3
P,2,mask.111011,5,phone_acc|phone_gyro|watch_acc|audio|phone_state,location,0.602062899428,0.713008895149,0.607738468373,0.127206596336,3
P,2,mask.111100,4,phone_acc|phone_gyro|watch_acc|location,audio|phone_state,0.550957170831,0.644449249957,0.549944999901,0.157859976693,3
P,2,mask.111101,5,phone_acc|phone_gyro|watch_acc|location|phone_state,audio,0.610057939956,0.714884166016,0.611266264627,0.128882410017,3
P,2,mask.111110,5,phone_acc|phone_gyro|watch_acc|location|audio,phone_state,0.587067466527,0.701263131138,0.58863016513,0.134224672329,3
P,2,mask.111111,6,phone_acc|phone_gyro|watch_acc|location|audio|phone_state,,0.614869964809,0.729964046426,0.620211012101,0.122417301872,3
P,3,mask.000001,1,phone_state,phone_acc|phone_gyro|watch_acc|location|audio,0.396337691961,0.598221915453,0.39484305119,0.18353631125,3
P,3,mask.000010,1,audio,phone_acc|phone_gyro|watch_acc|location|phone_state,0.405520283181,0.628910832214,0.394848186459,0.155527158565,3
P,3,mask.000011,2,audio|phone_state,phone_acc|phone_gyro|watch_acc|location,0.44911190169,0.669352680322,0.447908305359,0.1471840056,3
P,3,mask.000100,1,location,phone_acc|phone_gyro|watch_acc|audio|phone_state,0.338365766887,0.527375058919,0.319037558927,0.192076237902,3
P,3,mask.000101,2,location|phone_state,phone_acc|phone_gyro|watch_acc|audio,0.432110243822,0.62410126176,0.415505990971,0.167591029061,3
P,3,mask.000110,2,location|audio,phone_acc|phone_gyro|watch_acc|phone_state,0.451063474899,0.646944299014,0.436146333845,0.141609917746,3
P,3,mask.000111,3,location|audio|phone_state,phone_acc|phone_gyro|watch_acc,0.482384974159,0.690590849225,0.481296192428,0.13554508187,3
P,3,mask.001000,1,watch_acc,phone_acc|phone_gyro|location|audio|phone_state,0.395618700375,0.540263934297,0.416060346481,0.192430131103,3
P,3,mask.001001,2,watch_acc|phone_state,phone_acc|phone_gyro|location|audio,0.484797983224,0.640614318398,0.487272044067,0.160622607248,3
P,3,mask.001010,2,watch_acc|audio,phone_acc|phone_gyro|location|phone_state,0.5082021664,0.671291009664,0.498666852859,0.1403440963,3
P,3,mask.001011,3,watch_acc|audio|phone_state,phone_acc|phone_gyro|location,0.521148957452,0.694364063477,0.528076429541,0.134772752913,3
P,3,mask.001100,2,watch_acc|location,phone_acc|phone_gyro|audio|phone_state,0.463120348455,0.605454214608,0.44772918107,0.168153512895,3
P,3,mask.001101,3,watch_acc|location|phone_state,phone_acc|phone_gyro|audio,0.515358419957,0.667097385498,0.512300060378,0.147312054613,3
P,3,mask.001110,3,watch_acc|location|audio,phone_acc|phone_gyro|phone_state,0.537587874867,0.685606987055,0.524767128432,0.13032473484,3
P,3,mask.001111,4,watch_acc|location|audio|phone_state,phone_acc|phone_gyro,0.551708319733,0.715564929883,0.5545776641,0.124229032053,3
P,3,mask.010000,1,phone_gyro,phone_acc|watch_acc|location|audio|phone_state,0.361071265328,0.523452662512,0.332607643636,0.218268710503,3
P,3,mask.010001,2,phone_gyro|phone_state,phone_acc|watch_acc|location|audio,0.443555761342,0.623958107998,0.425517696503,0.171997984055,3
P,3,mask.010010,2,phone_gyro|audio,phone_acc|watch_acc|location|phone_state,0.453168349468,0.63972118138,0.450047875786,0.151579636619,3
P,3,mask.010011,3,phone_gyro|audio|phone_state,phone_acc|watch_acc|location,0.486410790628,0.685694745251,0.485579657033,0.142981162386,3
P,3,mask.010100,2,phone_gyro|location,phone_acc|watch_acc|audio|phone_state,0.425313951225,0.560614614851,0.388477755609,0.182460812053,3
P,3,mask.010101,3,phone_gyro|location|phone_state,phone_acc|watch_acc|audio,0.471607982862,0.640334681419,0.453895244278,0.161467301879,3
P,3,mask.010110,3,phone_gyro|location|audio,phone_acc|watch_acc|phone_state,0.49343709387,0.649336547958,0.480276178373,0.142292266394,3
P,3,mask.010111,4,phone_gyro|location|audio|phone_state,phone_acc|watch_acc,0.512654720372,0.700637570467,0.515333478698,0.133639338854,3
P,3,mask.011000,2,phone_gyro|watch_acc,phone_acc|location|audio|phone_state,0.452834601726,0.584157336168,0.450847634414,0.180385950346,3
P,3,mask.011001,3,phone_gyro|watch_acc|phone_state,phone_acc|location|audio,0.507358928019,0.65354330245,0.508062082646,0.155932752195,3
P,3,mask.011010,3,phone_gyro|watch_acc|audio,phone_acc|location|phone_state,0.529351364005,0.682529392031,0.524592488725,0.137391113816,3
P,3,mask.011011,4,phone_gyro|watch_acc|audio|phone_state,phone_acc|location,0.537580069598,0.702824849031,0.549886261892,0.133408948441,3
P,3,mask.011100,3,phone_gyro|watch_acc|location,phone_acc|audio|phone_state,0.492762565358,0.621220296893,0.470173025177,0.162699081813,3
P,3,mask.011101,4,phone_gyro|watch_acc|location|phone_state,phone_acc|audio,0.530046634302,0.674273496336,0.530442600201,0.145013318922,3
P,3,mask.011110,4,phone_gyro|watch_acc|location|audio,phone_acc|phone_state,0.550537170033,0.689643553138,0.541508361084,0.130100863755,3
P,3,mask.011111,5,phone_gyro|watch_acc|location|audio|phone_state,phone_acc,0.565416860158,0.719851708926,0.572000672758,0.124254485201,3
P,3,mask.100000,1,phone_acc,phone_gyro|watch_acc|location|audio|phone_state,0.349376968151,0.506064580278,0.333416114609,0.224342960507,3
P,3,mask.100001,2,phone_acc|phone_state,phone_gyro|watch_acc|location|audio,0.432081927424,0.606657077788,0.423522582118,0.175659565901,3
P,3,mask.100010,2,phone_acc|audio,phone_gyro|watch_acc|location|phone_state,0.454402200016,0.634792984098,0.447989800041,0.158201787212,3
P,3,mask.100011,3,phone_acc|audio|phone_state,phone_gyro|watch_acc|location,0.484623942399,0.676282100197,0.48688865467,0.145100968395,3
P,3,mask.100100,2,phone_acc|location,phone_gyro|watch_acc|audio|phone_state,0.41058192771,0.556595259057,0.386226652621,0.188998642036,3
P,3,mask.100101,3,phone_acc|location|phone_state,phone_gyro|watch_acc|audio,0.464665657687,0.625890347922,0.456757434997,0.164333657404,3
P,3,mask.100110,3,phone_acc|location|audio,phone_gyro|watch_acc|phone_state,0.490375735431,0.641905596883,0.476736907494,0.148859294409,3
P,3,mask.100111,4,phone_acc|location|audio|phone_state,phone_gyro|watch_acc,0.513406648524,0.690438858585,0.516489260248,0.136558380425,3
P,3,mask.101000,2,phone_acc|watch_acc,phone_gyro|location|audio|phone_state,0.434236017661,0.564057649995,0.443845900528,0.186933397112,3
P,3,mask.101001,3,phone_acc|watch_acc|phone_state,phone_gyro|location|audio,0.499937335971,0.644136784854,0.509856214809,0.157665372087,3
P,3,mask.101010,3,phone_acc|watch_acc|audio,phone_gyro|location|phone_state,0.517653834972,0.666259061906,0.515383688356,0.143044461154,3
P,3,mask.101011,4,phone_acc|watch_acc|audio|phone_state,phone_gyro|location,0.533662808513,0.696685852496,0.546484175602,0.134875655537,3
P,3,mask.101100,3,phone_acc|watch_acc|location,phone_gyro|audio|phone_state,0.474074994366,0.606372668749,0.46766043672,0.168727285699,3
P,3,mask.101101,4,phone_acc|watch_acc|location|phone_state,phone_gyro|audio,0.523089418164,0.664731071673,0.531719508759,0.147357904687,3
P,3,mask.101110,4,phone_acc|watch_acc|location|audio,phone_gyro|phone_state,0.537484392541,0.672449355231,0.539144984057,0.135807200417,3
P,3,mask.101111,5,phone_acc|watch_acc|location|audio|phone_state,phone_gyro,0.56048188886,0.712793824964,0.57041380207,0.126562927109,3
P,3,mask.110000,2,phone_acc|phone_gyro,watch_acc|location|audio|phone_state,0.368321947888,0.508595305553,0.362520555388,0.226518673787,3
P,3,mask.110001,3,phone_acc|phone_gyro|phone_state,watch_acc|location|audio,0.451695708073,0.623216461511,0.44672015063,0.172240252276,3
P,3,mask.110010,3,phone_acc|phone_gyro|audio,watch_acc|location|phone_state,0.463934157028,0.635494072754,0.466954129257,0.160834499199,3
P,3,mask.110011,4,phone_acc|phone_gyro|audio|phone_state,watch_acc|location,0.497373782647,0.68391300582,0.505080189509,0.144843985718,3
P,3,mask.110100,3,phone_acc|phone_gyro|location,watch_acc|audio|phone_state,0.436785232908,0.565892908954,0.406632665884,0.189056812563,3
P,3,mask.110101,4,phone_acc|phone_gyro|location|phone_state,watch_acc|audio,0.48352464128,0.635317060101,0.478424793152,0.16282006305,3
P,3,mask.110110,4,phone_acc|phone_gyro|location|audio,watch_acc|phone_state,0.503922965137,0.643263301477,0.493806023122,0.15104639935,3
P,3,mask.110111,5,phone_acc|phone_gyro|location|audio|phone_state,watch_acc,0.525493966676,0.695510023956,0.533966814449,0.13702790536,3
P,3,mask.111000,3,phone_acc|phone_gyro|watch_acc,location|audio|phone_state,0.458207127974,0.579097339657,0.460381633977,0.184693230492,3
P,3,mask.111001,4,phone_acc|phone_gyro|watch_acc|phone_state,location|audio,0.511208399404,0.650940533615,0.524360146867,0.157027739128,3
P,3,mask.111010,4,phone_acc|phone_gyro|watch_acc|audio,location|phone_state,0.525531029341,0.667611691701,0.52870829848,0.144692813894,3
P,3,mask.111011,5,phone_acc|phone_gyro|watch_acc|audio|phone_state,location,0.544670975083,0.700926253573,0.560196519533,0.135557125734,3
P,3,mask.111100,4,phone_acc|phone_gyro|watch_acc|location,audio|phone_state,0.490132209425,0.613706867641,0.479473421045,0.168222518876,3
P,3,mask.111101,5,phone_acc|phone_gyro|watch_acc|location|phone_state,audio,0.531249048232,0.668985659542,0.541603377791,0.147420582652,3
P,3,mask.111110,5,phone_acc|phone_gyro|watch_acc|location|audio,phone_state,0.543380035334,0.672807727902,0.548096455429,0.137482467373,3
P,3,mask.111111,6,phone_acc|phone_gyro|watch_acc|location|audio|phone_state,,0.567785895427,0.714159199342,0.580151997083,0.127807871562,3
P,4,mask.000001,1,phone_state,phone_acc|phone_gyro|watch_acc|location|audio,0.447637328125,0.54714011281,0.436819050929,0.185517029195,3
P,4,mask.000010,1,audio,phone_acc|phone_gyro|watch_acc|location|phone_state,0.452915021245,0.571328015614,0.45045515032,0.158326741964,3
P,4,mask.000011,2,audio|phone_state,phone_acc|phone_gyro|watch_acc|location,0.480827349482,0.597941109816,0.518860707082,0.153896683468,3
P,4,mask.000100,1,location,phone_acc|phone_gyro|watch_acc|audio|phone_state,0.414302430207,0.495703542382,0.434464875885,0.196999334747,3
P,4,mask.000101,2,location|phone_state,phone_acc|phone_gyro|watch_acc|audio,0.503145154238,0.587456201417,0.509455830032,0.17256344086,3
P,4,mask.000110,2,location|audio,phone_acc|phone_gyro|watch_acc|phone_state,0.518296858469,0.593833465492,0.519095276421,0.16124273496,3
P,4,mask.000111,3,location|audio|phone_state,phone_acc|phone_gyro|watch_acc,0.519748520237,0.614610031246,0.54584638061,0.155228930906,3
P,4,mask.001000,1,watch_acc,phone_acc|phone_gyro|location|audio|phone_state,0.451972053747,0.547764259646,0.490798483063,0.176090332156,3
P,4,mask.001001,2,watch_acc|phone_state,phone_acc|phone_gyro|location|audio,0.569830193412,0.622803417891,0.584404097198,0.150133023449,3
P,4,mask.001010,2,watch_acc|audio,phone_acc|phone_gyro|location|phone_state,0.551208590657,0.624714529908,0.580061715871,0.137902802444,3
P,4,mask.001011,3,watch_acc|audio|phone_state,phone_acc|phone_gyro|location,0.599673543374,0.644392858534,0.637093787816,0.135052948605,3
P,4,mask.001100,2,watch_acc|location,phone_acc|phone_gyro|audio|phone_state,0.534992997272,0.568433096666,0.569971435438,0.170197987456,3
P,4,mask.001101,3,watch_acc|location|phone_state,phone_acc|phone_gyro|audio,0.598551454993,0.636719224091,0.610844754015,0.149871449826,3
P,4,mask.001110,3,watch_acc|location|audio,phone_acc|phone_gyro|phone_state,0.600376923221,0.627671502415,0.613423489692,0.145107769903,3
P,4,mask.001111,4,watch_acc|location|audio|phone_state,phone_acc|phone_gyro,0.615734778378,0.649767605101,0.635354786398,0.140525840297,3
P,4,mask.010000,1,phone_gyro,phone_acc|watch_acc|location|audio|phone_state,0.301331899866,0.405663348205,0.347121122332,0.227818551301,3
P,4,mask.010001,2,phone_gyro|phone_state,phone_acc|watch_acc|location|audio,0.49511627526,0.566500359491,0.499505894186,0.17395972929,3
P,4,mask.010010,2,phone_gyro|audio,phone_acc|watch_acc|location|phone_state,0.466579818262,0.579500717434,0.495982798469,0.151756413591,3
P,4,mask.010011,3,phone_gyro|audio|phone_state,phone_acc|watch_acc|location,0.527198023377,0.610280996406,0.566253986642,0.148336526591,3
P,4,mask.010100,2,phone_gyro|location,phone_acc|watch_acc|audio|phone_state,0.488042595331,0.515482853375,0.494920577584,0.18320508019,3
P,4,mask.010101,3,phone_gyro|location|phone_state,phone_acc|watch_acc|audio,0.559220837507,0.603035002812,0.561555405776,0.1644788611,3
P,4,mask.010110,3,phone_gyro|location|audio,phone_acc|watch_acc|phone_state,0.564268295476,0.604942373592,0.56517449449,0.154587668729,3
P,4,mask.010111,4,phone_gyro|location|audio|phone_state,phone_acc|watch_acc,0.574815969466,0.627033421175,0.591892414746,0.15064204726,3
P,4,mask.011000,2,phone_gyro|watch_acc,phone_acc|location|audio|phone_state,0.463363426186,0.542595342479,0.501965014792,0.170994229061,3
P,4,mask.011001,3,phone_gyro|watch_acc|phone_state,phone_acc|location|audio,0.579785773236,0.620361909612,0.595582993763,0.148706694231,3
P,4,mask.011010,3,phone_gyro|watch_acc|audio,phone_acc|location|phone_state,0.559319384363,0.622680992954,0.595192345354,0.136281972448,3
P,4,mask.011011,4,phone_gyro|watch_acc|audio|phone_state,phone_acc|location,0.611025140024,0.64658028216,0.64897042888,0.134010746749,3
P,4,mask.011100,3,phone_gyro|watch_acc|location,phone_acc|audio|phone_state,0.546938780121,0.569721391395,0.57575422879,0.165894822824,3
P,4,mask.011101,4,phone_gyro|watch_acc|location|phone_state,phone_acc|audio,0.613207363521,0.639489029085,0.621927029497,0.147515802833,3
P,4,mask.011110,4,phone_gyro|watch_acc|location|audio,phone_acc|phone_state,0.611275667932,0.630139465484,0.625288694066,0.142345057225,3
P,4,mask.011111,5,phone_gyro|watch_acc|location|audio|phone_state,phone_acc,0.63237259615,0.653486392661,0.648009867607,0.138674976729,3
P,4,mask.100000,1,phone_acc,phone_gyro|watch_acc|location|audio|phone_state,0.375879314594,0.447800643269,0.389459759214,0.207718866378,3
P,4,mask.100001,2,phone_acc|phone_state,phone_gyro|watch_acc|location|audio,0.505490521192,0.569168596107,0.504230036105,0.168876972978,3
P,4,mask.100010,2,phone_acc|audio,phone_gyro|watch_acc|location|phone_state,0.487735732521,0.59086413518,0.510944238175,0.152707725153,3
P,4,mask.100011,3,phone_acc|audio|phone_state,phone_gyro|watch_acc|location,0.535526165026,0.612549948968,0.561338215255,0.148833757195,3
P,4,mask.100100,2,phone_acc|location,phone_gyro|watch_acc|audio|phone_state,0.493607809459,0.511480875481,0.496136017952,0.189057030067,3
P,4,mask.100101,3,phone_acc|location|phone_state,phone_gyro|watch_acc|audio,0.558203026371,0.605395841377,0.557439043849,0.162338886759,3
P,4,mask.100110,3,phone_acc|location|audio,phone_gyro|watch_acc|phone_state,0.563515968664,0.609608181422,0.561648899631,0.155769172065,3
P,4,mask.100111,4,phone_acc|location|audio|phone_state,phone_gyro|watch_acc,0.568310156345,0.625742973112,0.584191503113,0.150710912839,3
P,4,mask.101000,2,phone_acc|watch_acc,phone_gyro|location|audio|phone_state,0.516576360556,0.567611915495,0.5533187956,0.164154568038,3
P,4,mask.101001,3,phone_acc|watch_acc|phone_state,phone_gyro|location|audio,0.588750271626,0.625128929331,0.612828235557,0.146418334063,3
P,4,mask.101010,3,phone_acc|watch_acc|audio,phone_gyro|location|phone_state,0.586845738052,0.63595093479,0.624846539811,0.1368615519,3
P,4,mask.101011,4,phone_acc|watch_acc|audio|phone_state,phone_gyro|location,0.619421045703,0.648414118364,0.656933829161,0.134795838532,3
P,4,mask.101100,3,phone_acc|watch_acc|location,phone_gyro|audio|phone_state,0.565477685877,0.578411214097,0.588970662051,0.16400315569,3
P,4,mask.101101,4,phone_acc|watch_acc|location|phone_state,phone_gyro|audio,0.61607077599,0.642440523336,0.6245411214,0.146866996797,3
P,4,mask.101110,4,phone_acc|watch_acc|location|audio,phone_gyro|phone_state,0.621772298202,0.637945831289,0.632424614105,0.142775023867,3
P,4,mask.101111,5,phone_acc|watch_acc|location|audio|phone_state,phone_gyro,0.633180286466,0.653785294783,0.649004197475,0.139135829147,3
P,4,mask.110000,2,phone_acc|phone_gyro,watch_acc|location|audio|phone_state,0.373920350423,0.456993175041,0.415909135488,0.19533321508,3
P,4,mask.110001,3,phone_acc|phone_gyro|phone_state,watch_acc|location|audio,0.50247965879,0.571904774697,0.528556170275,0.165313889456,3
P,4,mask.110010,3,phone_acc|phone_gyro|audio,watch_acc|location|phone_state,0.476169072748,0.59076455623,0.527764116833,0.150722951929,3
P,4,mask.110011,4,phone_acc|phone_gyro|audio|phone_state,watch_acc|location,0.53323943551,0.613714523595,0.581408008673,0.147274495205,3
P,4,mask.110100,3,phone_acc|phone_gyro|location,watch_acc|audio|phone_state,0.49432472015,0.518575406169,0.508612777763,0.182426603616,3
P,4,mask.110101,4,phone_acc|phone_gyro|location|phone_state,watch_acc|audio,0.568357008574,0.608940777097,0.574827309629,0.159931084391,3
P,4,mask.110110,4,phone_acc|phone_gyro|location|audio,watch_acc|phone_state,0.571748604531,0.613092827652,0.576856707402,0.153491184344,3
P,4,mask.110111,5,phone_acc|phone_gyro|location|audio|phone_state,watch_acc,0.583990104958,0.631078502872,0.603466139781,0.149047636692,3
P,4,mask.111000,3,phone_acc|phone_gyro|watch_acc,location|audio|phone_state,0.503402738978,0.554878168707,0.54899980709,0.164131245273,3
P,4,mask.111001,4,phone_acc|phone_gyro|watch_acc|phone_state,location|audio,0.58844885565,0.620227238125,0.616352257591,0.146667666416,3
P,4,mask.111010,4,phone_acc|phone_gyro|watch_acc|audio,location|phone_state,0.579737729096,0.628394505097,0.625632203022,0.137609420384,3
P,4,mask.111011,5,phone_acc|phone_gyro|watch_acc|audio|phone_state,location,0.618237833069,0.645671284918,0.659775509668,0.135156718759,3
P,4,mask.111100,4,phone_acc|phone_gyro|watch_acc|location,audio|phone_state,0.566659231132,0.576295857244,0.58664559851,0.162910901703,3
P,4,mask.111101,5,phone_acc|phone_gyro|watch_acc|location|phone_state,audio,0.619497962985,0.639707569548,0.627968951773,0.146444478608,3
P,4,mask.111110,5,phone_acc|phone_gyro|watch_acc|location|audio,phone_state,0.622085534611,0.635370408933,0.634257652069,0.142382579199,3
P,4,mask.111111,6,phone_acc|phone_gyro|watch_acc|location|audio|phone_state,,0.637987911844,0.653566578717,0.652985029429,0.138723611962,3
P2,0,mask.000001,1,phone_state,phone_acc|phone_gyro|watch_acc|location|audio,0.416690292927,0.609448220503,0.404889753058,0.179100711676,3
P2,0,mask.000010,1,audio,phone_acc|phone_gyro|watch_acc|location|phone_state,0.348243488608,0.58266509466,0.363915675152,0.171590996153,3
P2,0,mask.000011,2,audio|phone_state,phone_acc|phone_gyro|watch_acc|location,0.447647720853,0.66312406698,0.440643660861,0.141878559272,3
P2,0,mask.000100,1,location,phone_acc|phone_gyro|watch_acc|audio|phone_state,0.38353309559,0.556333130647,0.379920467468,0.185652763004,3
P2,0,mask.000101,2,location|phone_state,phone_acc|phone_gyro|watch_acc|audio,0.468555795119,0.657931834816,0.453936440278,0.14874457353,3
P2,0,mask.000110,2,location|audio,phone_acc|phone_gyro|watch_acc|phone_state,0.447170973144,0.643701256278,0.437138365673,0.145751142987,3
P2,0,mask.000111,3,location|audio|phone_state,phone_acc|phone_gyro|watch_acc,0.491014054149,0.695078709848,0.485220884066,0.127746901652,3
P2,0,mask.001000,1,watch_acc,phone_acc|phone_gyro|location|audio|phone_state,0.40041000668,0.559533374445,0.40941937177,0.19391799172,3
P2,0,mask.001001,2,watch_acc|phone_state,phone_acc|phone_gyro|location|audio,0.502531342758,0.66604047545,0.492612999509,0.148028374152,3
P2,0,mask.001010,2,watch_acc|audio,phone_acc|phone_gyro|location|phone_state,0.464802568508,0.652941516382,0.468555548022,0.144134829029,3
P2,0,mask.001011,3,watch_acc|audio|phone_state,phone_acc|phone_gyro|location,0.523585216134,0.699013991863,0.519549141559,0.125655939124,3
P2,0,mask.001100,2,watch_acc|location,phone_acc|phone_gyro|audio|phone_state,0.49661212648,0.644291129248,0.50454775948,0.153290546477,3
P2,0,mask.001101,3,watch_acc|location|phone_state,phone_acc|phone_gyro|audio,0.540658985437,0.701862528525,0.538508983275,0.128457428961,3
P2,0,mask.001110,3,watch_acc|location|audio,phone_acc|phone_gyro|phone_state,0.538787940769,0.694849883857,0.537220018942,0.126694696926,3
P2,0,mask.001111,4,watch_acc|location|audio|phone_state,phone_acc|phone_gyro,0.554681369349,0.723264045812,0.558837537911,0.115569270223,3
P2,0,mask.010000,1,phone_gyro,phone_acc|watch_acc|location|audio|phone_state,0.326011492198,0.487867452911,0.32124325034,0.229365412567,3
P2,0,mask.010001,2,phone_gyro|phone_state,phone_acc|watch_acc|location|audio,0.467929605964,0.63405976648,0.452391757857,0.166127626444,3
P2,0,mask.010010,2,phone_gyro|audio,phone_acc|watch_acc|location|phone_state,0.400278538145,0.603921047013,0.409614344816,0.166395716836,3
P2,0,mask.010011,3,phone_gyro|audio|phone_state,phone_acc|watch_acc|location,0.488889851703,0.676552941474,0.47888779363,0.138285929028,3
P2,0,mask.010100,2,phone_gyro|location,phone_acc|watch_acc|audio|phone_state,0.429400851575,0.558798588549,0.420169484784,0.193334700313,3
P2,0,mask.010101,3,phone_gyro|location|phone_state,phone_acc|watch_acc|audio,0.511278530444,0.670578843519,0.500962806888,0.145219185573,3
P2,0,mask.010110,3,phone_gyro|location|audio,phone_acc|watch_acc|phone_state,0.482913035485,0.653927403561,0.476661327677,0.145577013995,3
P2,0,mask.010111,4,phone_gyro|location|audio|phone_state,phone_acc|watch_acc,0.52672516759,0.703058646008,0.520329556793,0.126775355487,3
P2,0,mask.011000,2,phone_gyro|watch_acc,phone_acc|location|audio|phone_state,0.438135208264,0.57100451689,0.421836237836,0.195100648892,3
P2,0,mask.011001,3,phone_gyro|watch_acc|phone_state,phone_acc|location|audio,0.529177446093,0.672211370429,0.520890526422,0.146755591251,3
P2,0,mask.011010,3,phone_gyro|watch_acc|audio,phone_acc|location|phone_state,0.492272906012,0.660419169283,0.489671742306,0.146281425559,3
P2,0,mask.011011,4,phone_gyro|watch_acc|audio|phone_state,phone_acc|location,0.549361489332,0.70484538709,0.542065389153,0.126178054152,3
P2,0,mask.011100,3,phone_gyro|watch_acc|location,phone_acc|audio|phone_state,0.508970735322,0.635784971385,0.514140748965,0.162297614157,3
P2,0,mask.011101,4,phone_gyro|watch_acc|location|phone_state,phone_acc|audio,0.566899828497,0.704950153387,0.566694661219,0.130126903572,3
P2,0,mask.011110,4,phone_gyro|watch_acc|location|audio,phone_acc|phone_state,0.556640037046,0.696472068094,0.551884984184,0.130429015698,3
P2,0,mask.011111,5,phone_gyro|watch_acc|location|audio|phone_state,phone_acc,0.578604390936,0.726186692974,0.579230674147,0.117073997596,3
P2,0,mask.100000,1,phone_acc,phone_gyro|watch_acc|location|audio|phone_state,0.396434979928,0.542031637708,0.380408891747,0.209532564947,3
P2,0,mask.100001,2,phone_acc|phone_state,phone_gyro|watch_acc|location|audio,0.485028946192,0.651323442883,0.461685564731,0.157402951081,3
P2,0,mask.100010,2,phone_acc|audio,phone_gyro|watch_acc|location|phone_state,0.451439436642,0.63053034638,0.433157175733,0.158912069244,3
P2,0,mask.100011,3,phone_acc|audio|phone_state,phone_gyro|watch_acc|location,0.501350594829,0.682702963648,0.489254734147,0.136464795792,3
P2,0,mask.100100,2,phone_acc|location,phone_gyro|watch_acc|audio|phone_state,0.470740953395,0.619162571954,0.454780614944,0.167516661703,3
P2,0,mask.100101,3,phone_acc|location|phone_state,phone_gyro|watch_acc|audio,0.516228914921,0.681227476641,0.502573412123,0.138581046791,3
P2,0,mask.100110,3,phone_acc|location|audio,phone_gyro|watch_acc|phone_state,0.512369611261,0.672925108328,0.489504858354,0.13979046262,3
P2,0,mask.100111,4,phone_acc|location|audio|phone_state,phone_gyro|watch_acc,0.530611086982,0.707785816318,0.525384713052,0.124480863951,3
P2,0,mask.101000,2,phone_acc|watch_acc,phone_gyro|location|audio|phone_state,0.483026468041,0.623549116109,0.480176905589,0.167620381434,3
P2,0,mask.101001,3,phone_acc|watch_acc|phone_state,phone_gyro|location|audio,0.538100609262,0.685336823271,0.531789134811,0.139869522485,3
P2,0,mask.101010,3,phone_acc|watch_acc|audio,phone_gyro|location|phone_state,0.526317843826,0.672837000105,0.516116864287,0.140022773054,3
P2,0,mask.101011,4,phone_acc|watch_acc|audio|phone_state,phone_gyro|location,0.554948342255,0.708552326826,0.553131620869,0.125186945195,3
P2,0,mask.101100,3,phone_acc|watch_acc|location,phone_gyro|audio|phone_state,0.531857114979,0.66967238083,0.541317020408,0.142644434736,3
P2,0,mask.101101,4,phone_acc|watch_acc|location|phone_state,phone_gyro|audio,0.565419448169,0.711951048133,0.570991587181,0.125166389777,3
P2,0,mask.101110,4,phone_acc|watch_acc|location|audio,phone_gyro|phone_state,0.565054587686,0.702806149963,0.561597422266,0.125872474328,3
P2,0,mask.101111,5,phone_acc|watch_acc|location|audio|phone_state,phone_gyro,0.577764332631,0.727887213523,0.584840767432,0.115829970913,3
P2,0,mask.110000,2,phone_acc|phone_gyro,watch_acc|location|audio|phone_state,0.42179612239,0.569239401721,0.410711734284,0.200257991274,3
P2,0,mask.110001,3,phone_acc|phone_gyro|phone_state,watch_acc|location|audio,0.502011150675,0.661101591404,0.488517922975,0.154879309448,3
P2,0,mask.110010,3,phone_acc|phone_gyro|audio,watch_acc|location|phone_state,0.464749619912,0.638604794044,0.460692108435,0.158313929102,3
P2,0,mask.110011,4,phone_acc|phone_gyro|audio|phone_state,watch_acc|location,0.519644396671,0.689817028607,0.511298383809,0.136144174228,3
P2,0,mask.110100,3,phone_acc|phone_gyro|location,watch_acc|audio|phone_state,0.476609352859,0.61483244935,0.473416165193,0.173806455437,3
P2,0,mask.110101,4,phone_acc|phone_gyro|location|phone_state,watch_acc|audio,0.534235193389,0.686560878503,0.528476922659,0.139258815491,3
P2,0,mask.110110,4,phone_acc|phone_gyro|location|audio,watch_acc|phone_state,0.518091998772,0.674286259237,0.510590321382,0.14182291983,3
P2,0,mask.110111,5,phone_acc|phone_gyro|location|audio|phone_state,watch_acc,0.545047301183,0.712071624207,0.545050808614,0.125565199966,3
P2,0,mask.111000,3,phone_acc|phone_gyro|watch_acc,location|audio|phone_state,0.500945674811,0.627140205431,0.489920802435,0.171264158469,3
P2,0,mask.111001,4,phone_acc|phone_gyro|watch_acc|phone_state,location|audio,0.552069761811,0.688095814927,0.550714340695,0.140867893003,3
P2,0,mask.111010,4,phone_acc|phone_gyro|watch_acc|audio,location|phone_state,0.535446832053,0.675378567427,0.527138049238,0.142274044917,3
P2,0,mask.111011,5,phone_acc|phone_gyro|watch_acc|audio|phone_state,location,0.567878567183,0.710493600743,0.567154041674,0.126552514289,3
P2,0,mask.111100,4,phone_acc|phone_gyro|watch_acc|location,audio|phone_state,0.54045260973,0.664042462338,0.549298852275,0.150021185095,3
P2,0,mask.111101,5,phone_acc|phone_gyro|watch_acc|location|phone_state,audio,0.581385667088,0.711143438901,0.58863202911,0.127921095859,3
P2,0,mask.111110,5,phone_acc|phone_gyro|watch_acc|location|audio,phone_state,0.573309825794,0.702268816149,0.571595120846,0.129639616855,3
P2,0,mask.111111,6,phone_acc|phone_gyro|watch_acc|location|audio|phone_state,,0.59070096874,0.728577705559,0.597067292493,0.117981905629,3
P2,1,mask.000001,1,phone_state,phone_acc|phone_gyro|watch_acc|location|audio,0.451008956965,0.624022060775,0.45750638728,0.169421916333,3
P2,1,mask.000010,1,audio,phone_acc|phone_gyro|watch_acc|location|phone_state,0.407605006922,0.587157341782,0.401936848438,0.166844779018,3
P2,1,mask.000011,2,audio|phone_state,phone_acc|phone_gyro|watch_acc|location,0.493432624569,0.656050918568,0.489992400152,0.146222068276,3
P2,1,mask.000100,1,location,phone_acc|phone_gyro|watch_acc|audio|phone_state,0.387800500898,0.512440582117,0.383265195039,0.192720534944,3
P2,1,mask.000101,2,location|phone_state,phone_acc|phone_gyro|watch_acc|audio,0.480029936392,0.617849480779,0.478745947652,0.162536990872,3
P2,1,mask.000110,2,location|audio,phone_acc|phone_gyro|watch_acc|phone_state,0.468528315554,0.603450710671,0.473119133736,0.158462906609,3
P2,1,mask.000111,3,location|audio|phone_state,phone_acc|phone_gyro|watch_acc,0.515039645414,0.651351248473,0.522423278317,0.144728998222,3
P2,1,mask.001000,1,watch_acc,phone_acc|phone_gyro|location|audio|phone_state,0.441503028888,0.558206316511,0.447082798046,0.184553298346,3
P2,1,mask.001001,2,watch_acc|phone_state,phone_acc|phone_gyro|location|audio,0.563335536768,0.662596332754,0.562223944472,0.144391565193,3
P2,1,mask.001010,2,watch_acc|audio,phone_acc|phone_gyro|location|phone_state,0.517986589897,0.641863884554,0.516479781038,0.14543194494,3
P2,1,mask.001011,3,watch_acc|audio|phone_state,phone_acc|phone_gyro|location,0.576813648974,0.683585945869,0.575479930934,0.13113553436,3
P2,1,mask.001100,2,watch_acc|location,phone_acc|phone_gyro|audio|phone_state,0.507847198641,0.586023514253,0.489811828941,0.169665000286,3
P2,1,mask.001101,3,watch_acc|location|phone_state,phone_acc|phone_gyro|audio,0.566518208206,0.650465629119,0.561670843702,0.145641639533,3
P2,1,mask.001110,3,watch_acc|location|audio,phone_acc|phone_gyro|phone_state,0.547352843397,0.641495208594,0.543751550402,0.143260372009,3
P2,1,mask.001111,4,watch_acc|location|audio|phone_state,phone_acc|phone_gyro,0.58321933543,0.680454587751,0.585233180228,0.131965025266,3
P2,1,mask.010000,1,phone_gyro,phone_acc|watch_acc|location|audio|phone_state,0.340222669159,0.501968587856,0.341750897904,0.200345115593,3
P2,1,mask.010001,2,phone_gyro|phone_state,phone_acc|watch_acc|location|audio,0.506994072523,0.649863771673,0.497182876529,0.153476071333,3
P2,1,mask.010010,2,phone_gyro|audio,phone_acc|watch_acc|location|phone_state,0.466815441908,0.618690324315,0.463767995633,0.153067540099,3
P2,1,mask.010011,3,phone_gyro|audio|phone_state,phone_acc|watch_acc|location,0.534377611088,0.670633794466,0.531437375612,0.139253137788,3
P2,1,mask.010100,2,phone_gyro|location,phone_acc|watch_acc|audio|phone_state,0.460482364611,0.542021879706,0.445806129473,0.184041191595,3
P2,1,mask.010101,3,phone_gyro|location|phone_state,phone_acc|watch_acc|audio,0.539123244645,0.637677414792,0.528255351791,0.155188797942,3
P2,1,mask.010110,3,phone_gyro|location|audio,phone_acc|watch_acc|phone_state,0.518049226067,0.624429311985,0.519733579772,0.151122900504,3
P2,1,mask.010111,4,phone_gyro|location|audio|phone_state,phone_acc|watch_acc,0.556299490588,0.665068315659,0.557412656506,0.140390026602,3
P2,1,mask.011000,2,phone_gyro|watch_acc,phone_acc|location|audio|phone_state,0.47109638624,0.579361312449,0.471933109298,0.172079507811,3
P2,1,mask.011001,3,phone_gyro|watch_acc|phone_state,phone_acc|location|audio,0.578059272908,0.66828121099,0.575415922488,0.139003322969,3
P2,1,mask.011010,3,phone_gyro|watch_acc|audio,phone_acc|location|phone_state,0.537697566392,0.649902474925,0.539519786428,0.140270555931,3
P2,1,mask.011011,4,phone_gyro|watch_acc|audio|phone_state,phone_acc|location,0.591417632015,0.688888621618,0.592054468517,0.128516390886,3
P2,1,mask.011100,3,phone_gyro|watch_acc|location,phone_acc|audio|phone_state,0.531353033269,0.600488291358,0.511858318974,0.163434709834,3
P2,1,mask.011101,4,phone_gyro|watch_acc|location|phone_state,phone_acc|audio,0.584375827677,0.658331115313,0.577882263256,0.142108430788,3
P2,1,mask.011110,4,phone_gyro|watch_acc|location|audio,phone_acc|phone_state,0.571036376407,0.652393625111,0.563877559081,0.139552143046,3
P2,1,mask.011111,5,phone_gyro|watch_acc|location|audio|phone_state,phone_acc,0.602845578313,0.688134953639,0.599919464249,0.129860437303,3
P2,1,mask.100000,1,phone_acc,phone_gyro|watch_acc|location|audio|phone_state,0.403825700321,0.507182444832,0.385119971132,0.20349061945,3
P2,1,mask.100001,2,phone_acc|phone_state,phone_gyro|watch_acc|location|audio,0.533164990973,0.652299346964,0.522916553903,0.148844291506,3
P2,1,mask.100010,2,phone_acc|audio,phone_gyro|watch_acc|location|phone_state,0.496664178516,0.620545529976,0.493693232407,0.151005441278,3
P2,1,mask.100011,3,phone_acc|audio|phone_state,phone_gyro|watch_acc|location,0.550594502246,0.669974535692,0.550294460272,0.137426187374,3
P2,1,mask.100100,2,phone_acc|location,phone_gyro|watch_acc|audio|phone_state,0.460116053459,0.542267380152,0.455251590198,0.18626165019,3
P2,1,mask.100101,3,phone_acc|location|phone_state,phone_gyro|watch_acc|audio,0.542966631091,0.640673866957,0.540546677647,0.152421334933,3
P2,1,mask.100110,3,phone_acc|location|audio,phone_gyro|watch_acc|phone_state,0.519929500796,0.617522636129,0.528353041777,0.152053123954,3
P2,1,mask.100111,4,phone_acc|location|audio|phone_state,phone_gyro|watch_acc,0.562400642529,0.66634750272,0.566447304216,0.138894812883,3
P2,1,mask.101000,2,phone_acc|watch_acc,phone_gyro|location|audio|phone_state,0.500229128858,0.592127252352,0.500536416289,0.165260301236,3
P2,1,mask.101001,3,phone_acc|watch_acc|phone_state,phone_gyro|location|audio,0.58059110399,0.66783368137,0.586027241383,0.136736343697,3
P2,1,mask.101010,3,phone_acc|watch_acc|audio,phone_gyro|location|phone_state,0.555839525803,0.65383456972,0.556808420765,0.137820755202,3
P2,1,mask.101011,4,phone_acc|watch_acc|audio|phone_state,phone_gyro|location,0.595925430094,0.687427169957,0.600089088227,0.127274376665,3
P2,1,mask.101100,3,phone_acc|watch_acc|location,phone_gyro|audio|phone_state,0.536344466304,0.60184835567,0.526455428902,0.161429190757,3
P2,1,mask.101101,4,phone_acc|watch_acc|location|phone_state,phone_gyro|audio,0.586219978116,0.660208146221,0.588094271532,0.140151200334,3
P2,1,mask.101110,4,phone_acc|watch_acc|location|audio,phone_gyro|phone_state,0.573034173137,0.651698610568,0.573393167316,0.139451836141,3
P2,1,mask.101111,5,phone_acc|watch_acc|location|audio|phone_state,phone_gyro,0.60477892329,0.689431773873,0.60591584137,0.128739488054,3
P2,1,mask.110000,2,phone_acc|phone_gyro,watch_acc|location|audio|phone_state,0.415723675078,0.527569074992,0.400429323443,0.194606080457,3
P2,1,mask.110001,3,phone_acc|phone_gyro|phone_state,watch_acc|location|audio,0.536480721406,0.654251793842,0.533315349718,0.146215852873,3
P2,1,mask.110010,3,phone_acc|phone_gyro|audio,watch_acc|location|phone_state,0.506019699511,0.62793255669,0.509975492621,0.148665840599,3
P2,1,mask.110011,4,phone_acc|phone_gyro|audio|phone_state,watch_acc|location,0.558869575088,0.672650418425,0.562601317619,0.135924175062,3
P2,1,mask.110100,3,phone_acc|phone_gyro|location,watch_acc|audio|phone_state,0.490932630388,0.56461566252,0.472564277537,0.180542281657,3
P2,1,mask.110101,4,phone_acc|phone_gyro|location|phone_state,watch_acc|audio,0.558787332648,0.645390751748,0.556061044159,0.150123241824,3
P2,1,mask.110110,4,phone_acc|phone_gyro|location|audio,watch_acc|phone_state,0.541107240398,0.627204559191,0.542899822193,0.150231012231,3
P2,1,mask.110111,5,phone_acc|phone_gyro|location|audio|phone_state,watch_acc,0.577751236309,0.672448882828,0.579025084271,0.137391805128,3
P2,1,mask.111000,3,phone_acc|phone_gyro|watch_acc,location|audio|phone_state,0.508250297282,0.595712924216,0.508876281715,0.16217120028,3
P2,1,mask.111001,4,phone_acc|phone_gyro|watch_acc|phone_state,location|audio,0.585065241487,0.667462808698,0.590001703898,0.13570387603,3
P2,1,mask.111010,4,phone_acc|phone_gyro|watch_acc|audio,location|phone_state,0.559734212367,0.653395476778,0.564346077146,0.137041372882,3
P2,1,mask.111011,5,phone_acc|phone_gyro|watch_acc|audio|phone_state,location,0.602091202322,0.68776311596,0.605661686982,0.126934291887,3
P2,1,mask.111100,4,phone_acc|phone_gyro|watch_acc|location,audio|phone_state,0.546412425005,0.609355472199,0.537052658895,0.158928172481,3
P2,1,mask.111101,5,phone_acc|phone_gyro|watch_acc|location|phone_state,audio,0.592538223706,0.662704018301,0.594054959612,0.138817754242,3
P2,1,mask.111110,5,phone_acc|phone_gyro|watch_acc|location|audio,phone_state,0.582187052833,0.655910561217,0.581065884528,0.138235476331,3
P2,1,mask.111111,6,phone_acc|phone_gyro|watch_acc|location|audio|phone_state,,0.611639729437,0.691744479764,0.611474709101,0.128145431851,3
P2,2,mask.000001,1,phone_state,phone_acc|phone_gyro|watch_acc|location|audio,0.443483101628,0.629184629408,0.41886204887,0.167475104617,3
P2,2,mask.000010,1,audio,phone_acc|phone_gyro|watch_acc|location|phone_state,0.400077820928,0.606270659216,0.388484957207,0.166230416747,3
P2,2,mask.000011,2,audio|phone_state,phone_acc|phone_gyro|watch_acc|location,0.486260638293,0.658461982368,0.466046663339,0.148355713854,3
P2,2,mask.000100,1,location,phone_acc|phone_gyro|watch_acc|audio|phone_state,0.381806718175,0.522150863637,0.357203145202,0.208620781394,3
P2,2,mask.000101,2,location|phone_state,phone_acc|phone_gyro|watch_acc|audio,0.499869664439,0.65191698031,0.489738587516,0.153415853033,3
P2,2,mask.000110,2,location|audio,phone_acc|phone_gyro|watch_acc|phone_state,0.476582854356,0.633492944326,0.46081809613,0.153555473013,3
P2,2,mask.000111,3,location|audio|phone_state,phone_acc|phone_gyro|watch_acc,0.523025413534,0.674761927878,0.516710607853,0.139938308121,3
P2,2,mask.001000,1,watch_acc,phone_acc|phone_gyro|location|audio|phone_state,0.451939180787,0.570803329452,0.480088391436,0.19042796593,3
P2,2,mask.001001,2,watch_acc|phone_state,phone_acc|phone_gyro|location|audio,0.554261048116,0.669122582637,0.547268705032,0.147920624065,3
P2,2,mask.001010,2,watch_acc|audio,phone_acc|phone_gyro|location|phone_state,0.523452502217,0.655095051605,0.524185455229,0.149027147803,3
P2,2,mask.001011,3,watch_acc|audio|phone_state,phone_acc|phone_gyro|location,0.569950234476,0.691022325964,0.562505975616,0.134679664641,3
P2,2,mask.001100,2,watch_acc|location,phone_acc|phone_gyro|audio|phone_state,0.514656687905,0.608650561986,0.51763306524,0.173439779124,3
P2,2,mask.001101,3,watch_acc|location|phone_state,phone_acc|phone_gyro|audio,0.5769056737,0.68484534283,0.577857652262,0.139199317063,3
P2,2,mask.001110,3,watch_acc|location|audio,phone_acc|phone_gyro|phone_state,0.560090912867,0.675855631047,0.558623128319,0.141383734264,3
P2,2,mask.001111,4,watch_acc|location|audio|phone_state,phone_acc|phone_gyro,0.587845448442,0.703592105675,0.58811516424,0.12958620645,3
P2,2,mask.010000,1,phone_gyro,phone_acc|watch_acc|location|audio|phone_state,0.372902079548,0.503275693334,0.361862330183,0.206796197317,3
P2,2,mask.010001,2,phone_gyro|phone_state,phone_acc|watch_acc|location|audio,0.510943334615,0.649230011235,0.493625885199,0.154174938577,3
P2,2,mask.010010,2,phone_gyro|audio,phone_acc|watch_acc|location|phone_state,0.475080051329,0.624363131957,0.46035776682,0.158927044065,3
P2,2,mask.010011,3,phone_gyro|audio|phone_state,phone_acc|watch_acc|location,0.536987944306,0.672999561515,0.520960141924,0.141921241368,3
P2,2,mask.010100,2,phone_gyro|location,phone_acc|watch_acc|audio|phone_state,0.456800775235,0.548383853549,0.434749384536,0.196607123714,3
P2,2,mask.010101,3,phone_gyro|location|phone_state,phone_acc|watch_acc|audio,0.549493743,0.673743552901,0.546573218813,0.144260909901,3
P2,2,mask.010110,3,phone_gyro|location|audio,phone_acc|watch_acc|phone_state,0.52997091504,0.652337071036,0.522259242055,0.147687004676,3
P2,2,mask.010111,4,phone_gyro|location|audio|phone_state,phone_acc|watch_acc,0.565976303159,0.690520643466,0.560475424229,0.13472325006,3
P2,2,mask.011000,2,phone_gyro|watch_acc,phone_acc|location|audio|phone_state,0.478486604634,0.583019379303,0.494293463743,0.182172111027,3
P2,2,mask.011001,3,phone_gyro|watch_acc|phone_state,phone_acc|location|audio,0.572179752392,0.675116366468,0.569850242312,0.1425151067,3
P2,2,mask.011010,3,phone_gyro|watch_acc|audio,phone_acc|location|phone_state,0.539949605962,0.659031332933,0.544492486757,0.145049995703,3
P2,2,mask.011011,4,phone_gyro|watch_acc|audio|phone_state,phone_acc|location,0.584376721108,0.695340851068,0.582061301796,0.131548804647,3
P2,2,mask.011100,3,phone_gyro|watch_acc|location,phone_acc|audio|phone_state,0.531515474301,0.617279350026,0.533698502541,0.167247843892,3
P2,2,mask.011101,4,phone_gyro|watch_acc|location|phone_state,phone_acc|audio,0.591262691172,0.692644097648,0.593935335723,0.134597506959,3
P2,2,mask.011110,4,phone_gyro|watch_acc|location|audio,phone_acc|phone_state,0.572592650717,0.681955288185,0.57516661563,0.137408094108,3
P2,2,mask.011111,5,phone_gyro|watch_acc|location|audio|phone_state,phone_acc,0.599638336341,0.709517755695,0.60228352794,0.126491659394,3
P2,2,mask.100000,1,phone_acc,phone_gyro|watch_acc|location|audio|phone_state,0.396021930361,0.519572022216,0.376542466979,0.208750459958,3
P2,2,mask.100001,2,phone_acc|phone_state,phone_gyro|watch_acc|location|audio,0.512961271444,0.656375626432,0.495658941082,0.152108730723,3
P2,2,mask.100010,2,phone_acc|audio,phone_gyro|watch_acc|location|phone_state,0.494066485117,0.63577377678,0.471191034988,0.156645791048,3
P2,2,mask.100011,3,phone_acc|audio|phone_state,phone_gyro|watch_acc|location,0.54178187716,0.680187948102,0.527182577319,0.140404437087,3
P2,2,mask.100100,2,phone_acc|location,phone_gyro|watch_acc|audio|phone_state,0.453420915306,0.565018686379,0.448668406933,0.189922650163,3
P2,2,mask.100101,3,phone_acc|location|phone_state,phone_gyro|watch_acc|audio,0.542460075046,0.67480336135,0.543247549398,0.144507651216,3
P2,2,mask.100110,3,phone_acc|location|audio,phone_gyro|watch_acc|phone_state,0.526845033942,0.651770521373,0.514831326646,0.150969296476,3
P2,2,mask.100111,4,phone_acc|location|audio|phone_state,phone_gyro|watch_acc,0.56260680979,0.693136740025,0.560346977036,0.135043574547,3
P2,2,mask.101000,2,phone_acc|watch_acc,phone_gyro|location|audio|phone_state,0.504845450826,0.594923695173,0.512488748152,0.174653820583,3
P2,2,mask.101001,3,phone_acc|watch_acc|phone_state,phone_gyro|location|audio,0.577544126909,0.681767090736,0.578963727495,0.139634238561,3
P2,2,mask.101010,3,phone_acc|watch_acc|audio,phone_gyro|location|phone_state,0.555405226159,0.666684522893,0.557764954724,0.142518647069,3
P2,2,mask.101011,4,phone_acc|watch_acc|audio|phone_state,phone_gyro|location,0.590587639548,0.701769434749,0.590735016665,0.130029972973,3
P2,2,mask.101100,3,phone_acc|watch_acc|location,phone_gyro|audio|phone_state,0.534901814518,0.623398975873,0.541930568352,0.163102978506,3
P2,2,mask.101101,4,phone_acc|watch_acc|location|phone_state,phone_gyro|audio,0.591673642318,0.696247995285,0.59978859609,0.133611228182,3
P2,2,mask.101110,4,phone_acc|watch_acc|location|audio,phone_gyro|phone_state,0.575273670488,0.682733055572,0.579359050116,0.137876830091,3
P2,2,mask.101111,5,phone_acc|watch_acc|location|audio|phone_state,phone_gyro,0.600791716625,0.712093520387,0.607179523243,0.126360164227,3
P2,2,mask.110000,2,phone_acc|phone_gyro,watch_acc|location|audio|phone_state,0.417379770751,0.523840362741,0.399182004122,0.205512114821,3
P2,2,mask.110001,3,phone_acc|phone_gyro|phone_state,watch_acc|location|audio,0.532109710143,0.659759118037,0.523901987736,0.148569439495,3
P2,2,mask.110010,3,phone_acc|phone_gyro|audio,watch_acc|location|phone_state,0.506217417756,0.634541643561,0.492426974885,0.156852332785,3
P2,2,mask.110011,4,phone_acc|phone_gyro|audio|phone_state,watch_acc|location,0.555314583124,0.682730115637,0.548927363528,0.138330160726,3
P2,2,mask.110100,3,phone_acc|phone_gyro|location,watch_acc|audio|phone_state,0.473305689876,0.569374407519,0.46993870174,0.18639789932,3
P2,2,mask.110101,4,phone_acc|phone_gyro|location|phone_state,watch_acc|audio,0.559230717227,0.681706517768,0.565345480852,0.140715877985,3
P2,2,mask.110110,4,phone_acc|phone_gyro|location|audio,watch_acc|phone_state,0.541281962897,0.656795760721,0.539434287102,0.148839049324,3
P2,2,mask.110111,5,phone_acc|phone_gyro|location|audio|phone_state,watch_acc,0.577630174139,0.699298719583,0.579195838611,0.132553805192,3
P2,2,mask.111000,3,phone_acc|phone_gyro|watch_acc,location|audio|phone_state,0.510105272111,0.590698367936,0.514601292048,0.174487734147,3
P2,2,mask.111001,4,phone_acc|phone_gyro|watch_acc|phone_state,location|audio,0.585566847231,0.682477985132,0.588682382962,0.137445163043,3
P2,2,mask.111010,4,phone_acc|phone_gyro|watch_acc|audio,location|phone_state,0.560116953419,0.663732782501,0.564576948069,0.142499705284,3
P2,2,mask.111011,5,phone_acc|phone_gyro|watch_acc|audio|phone_state,location,0.596887560902,0.701997105908,0.600408339833,0.128820255164,3
P2,2,mask.111100,4,phone_acc|phone_gyro|watch_acc|location,audio|phone_state,0.541637628909,0.623784933404,0.548814675259,0.161380225998,3
P2,2,mask.111101,5,phone_acc|phone_gyro|watch_acc|location|phone_state,audio,0.599792771051,0.699549213317,0.607360006239,0.131401593781,3
P2,2,mask.111110,5,phone_acc|phone_gyro|watch_acc|location|audio,phone_state,0.581687693492,0.6848277538,0.588062256091,0.136311819554,3
P2,2,mask.111111,6,phone_acc|phone_gyro|watch_acc|location|audio|phone_state,,0.607873910042,0.714775113644,0.61506965248,0.124725693474,3
P2,3,mask.000001,1,phone_state,phone_acc|phone_gyro|watch_acc|location|audio,0.394942013487,0.595330338708,0.391009348858,0.183933067136,3
P2,3,mask.000010,1,audio,phone_acc|phone_gyro|watch_acc|location|phone_state,0.407503924323,0.622939628761,0.399710598634,0.163271192143,3
P2,3,mask.000011,2,audio|phone_state,phone_acc|phone_gyro|watch_acc|location,0.455264454994,0.669481478019,0.452402238935,0.151255111596,3
P2,3,mask.000100,1,location,phone_acc|phone_gyro|watch_acc|audio|phone_state,0.344603553199,0.527545619076,0.323791735636,0.197996052937,3
P2,3,mask.000101,2,location|phone_state,phone_acc|phone_gyro|watch_acc|audio,0.430248739338,0.621738938262,0.412657331334,0.170534447361,3
P2,3,mask.000110,2,location|audio,phone_acc|phone_gyro|watch_acc|phone_state,0.465938259973,0.649084173958,0.450931692315,0.144660877599,3
P2,3,mask.000111,3,location|audio|phone_state,phone_acc|phone_gyro|watch_acc,0.488197365503,0.694045899409,0.488853595128,0.137316463228,3
P2,3,mask.001000,1,watch_acc,phone_acc|phone_gyro|location|audio|phone_state,0.399086281089,0.536715234892,0.411919717067,0.196857321407,3
P2,3,mask.001001,2,watch_acc|phone_state,phone_acc|phone_gyro|location|audio,0.480013398979,0.634308404863,0.4832231341,0.16319261862,3
P2,3,mask.001010,2,watch_acc|audio,phone_acc|phone_gyro|location|phone_state,0.50827140312,0.671299098288,0.500332359365,0.141466647564,3
P2,3,mask.001011,3,watch_acc|audio|phone_state,phone_acc|phone_gyro|location,0.524860922687,0.69591734765,0.532149703103,0.137031250539,3
P2,3,mask.001100,2,watch_acc|location,phone_acc|phone_gyro|audio|phone_state,0.467303817662,0.60800019196,0.447629138889,0.168634926862,3
P2,3,mask.001101,3,watch_acc|location|phone_state,phone_acc|phone_gyro|audio,0.511225005314,0.665086883923,0.51162988421,0.149126480159,3
P2,3,mask.001110,3,watch_acc|location|audio,phone_acc|phone_gyro|phone_state,0.540494213694,0.68846077712,0.532352917805,0.13090122055,3
P2,3,mask.001111,4,watch_acc|location|audio|phone_state,phone_acc|phone_gyro,0.555572450302,0.720297793669,0.563873301262,0.124777276998,3
P2,3,mask.010000,1,phone_gyro,phone_acc|watch_acc|location|audio|phone_state,0.36145650272,0.523420513649,0.336139984385,0.213206989257,3
P2,3,mask.010001,2,phone_gyro|phone_state,phone_acc|watch_acc|location|audio,0.440801955561,0.620261017555,0.428040252455,0.173406598151,3
P2,3,mask.010010,2,phone_gyro|audio,phone_acc|watch_acc|location|phone_state,0.460649863576,0.640249047037,0.452886515184,0.157427553252,3
P2,3,mask.010011,3,phone_gyro|audio|phone_state,phone_acc|watch_acc|location,0.492794033479,0.687219957023,0.490662893733,0.145187785302,3
P2,3,mask.010100,2,phone_gyro|location,phone_acc|watch_acc|audio|phone_state,0.419820305905,0.557098397662,0.387525853378,0.190134938804,3
P2,3,mask.010101,3,phone_gyro|location|phone_state,phone_acc|watch_acc|audio,0.471064194822,0.639078235402,0.45467125638,0.162915896745,3
P2,3,mask.010110,3,phone_gyro|location|audio,phone_acc|watch_acc|phone_state,0.504242908705,0.650253668972,0.490781758134,0.146495613956,3
P2,3,mask.010111,4,phone_gyro|location|audio|phone_state,phone_acc|watch_acc,0.521773112114,0.703219375086,0.527010325521,0.134531327125,3
P2,3,mask.011000,2,phone_gyro|watch_acc,phone_acc|location|audio|phone_state,0.444844476317,0.568297544365,0.444706938645,0.183618017445,3
P2,3,mask.011001,3,phone_gyro|watch_acc|phone_state,phone_acc|location|audio,0.502198620168,0.648123781438,0.50479696255,0.159138683633,3
P2,3,mask.011010,3,phone_gyro|watch_acc|audio,phone_acc|location|phone_state,0.530205567693,0.681517069955,0.526105647726,0.13837193157,3
P2,3,mask.011011,4,phone_gyro|watch_acc|audio|phone_state,phone_acc|location,0.543095792756,0.705942384199,0.553014943992,0.134989034334,3
P2,3,mask.011100,3,phone_gyro|watch_acc|location,phone_acc|audio|phone_state,0.488278418392,0.61783624521,0.467956255436,0.163719133702,3
P2,3,mask.011101,4,phone_gyro|watch_acc|location|phone_state,phone_acc|audio,0.528117118823,0.674614526506,0.528781315393,0.146358692611,3
P2,3,mask.011110,4,phone_gyro|watch_acc|location|audio,phone_acc|phone_state,0.552842410647,0.690318970512,0.548445175271,0.130710855821,3
P2,3,mask.011111,5,phone_gyro|watch_acc|location|audio|phone_state,phone_acc,0.570444889099,0.725037940358,0.579881232196,0.124460147198,3
P2,3,mask.100000,1,phone_acc,phone_gyro|watch_acc|location|audio|phone_state,0.340209781142,0.480469098726,0.338206274167,0.2367110364,3
P2,3,mask.100001,2,phone_acc|phone_state,phone_gyro|watch_acc|location|audio,0.448926516132,0.618544989946,0.430775882251,0.17348585128,3
P2,3,mask.100010,2,phone_acc|audio,phone_gyro|watch_acc|location|phone_state,0.451525551868,0.618590387273,0.446733009263,0.168919014829,3
P2,3,mask.100011,3,phone_acc|audio|phone_state,phone_gyro|watch_acc|location,0.495368232898,0.683257618968,0.493263491968,0.145799214366,3
P2,3,mask.100100,2,phone_acc|location,phone_gyro|watch_acc|audio|phone_state,0.399753625387,0.544646657677,0.386893624719,0.201063061982,3
P2,3,mask.100101,3,phone_acc|location|phone_state,phone_gyro|watch_acc|audio,0.474743071236,0.638789706447,0.464353308151,0.161405270512,3
P2,3,mask.100110,3,phone_acc|location|audio,phone_gyro|watch_acc|phone_state,0.493224206941,0.632125855587,0.48473289834,0.157103191537,3
P2,3,mask.100111,4,phone_acc|location|audio|phone_state,phone_gyro|watch_acc,0.521594159414,0.697574743243,0.529423733,0.135516577508,3
P2,3,mask.101000,2,phone_acc|watch_acc,phone_gyro|location|audio|phone_state,0.435991968584,0.564336017565,0.442904403203,0.186542193737,3
P2,3,mask.101001,3,phone_acc|watch_acc|phone_state,phone_gyro|location|audio,0.503825369495,0.652856383228,0.50844947927,0.156458218092,3
P2,3,mask.101010,3,phone_acc|watch_acc|audio,phone_gyro|location|phone_state,0.514052661721,0.659289925987,0.51504187496,0.147574482466,3
P2,3,mask.101011,4,phone_acc|watch_acc|audio|phone_state,phone_gyro|location,0.541805077925,0.704192027749,0.552081364769,0.135108544083,3
P2,3,mask.101100,3,phone_acc|watch_acc|location,phone_gyro|audio|phone_state,0.474043724958,0.607958410577,0.472010861784,0.168409897403,3
P2,3,mask.101101,4,phone_acc|watch_acc|location|phone_state,phone_gyro|audio,0.528487539503,0.672319169297,0.536388428761,0.144883105303,3
P2,3,mask.101110,4,phone_acc|watch_acc|location|audio,phone_gyro|phone_state,0.540410708035,0.672896725426,0.543974686339,0.138653325123,3
P2,3,mask.101111,5,phone_acc|watch_acc|location|audio|phone_state,phone_gyro,0.566615944914,0.718653912463,0.580298329568,0.125807465677,3
P2,3,mask.110000,2,phone_acc|phone_gyro,watch_acc|location|audio|phone_state,0.371661513455,0.515508337346,0.363805782793,0.218896176652,3
P2,3,mask.110001,3,phone_acc|phone_gyro|phone_state,watch_acc|location|audio,0.464055574177,0.635411813784,0.45308295001,0.167994006458,3
P2,3,mask.110010,3,phone_acc|phone_gyro|audio,watch_acc|location|phone_state,0.468061475713,0.625160721256,0.471225215434,0.167613030849,3
P2,3,mask.110011,4,phone_acc|phone_gyro|audio|phone_state,watch_acc|location,0.507565995705,0.690399531669,0.513057163365,0.144140914184,3
P2,3,mask.110100,3,phone_acc|phone_gyro|location,watch_acc|audio|phone_state,0.422285159345,0.557657297113,0.403281642799,0.198309246688,3
P2,3,mask.110101,4,phone_acc|phone_gyro|location|phone_state,watch_acc|audio,0.493066494135,0.648880723912,0.485300864023,0.158435761968,3
P2,3,mask.110110,4,phone_acc|phone_gyro|location|audio,watch_acc|phone_state,0.506864520405,0.636460135635,0.500495054091,0.158357097906,3
P2,3,mask.110111,5,phone_acc|phone_gyro|location|audio|phone_state,watch_acc,0.538158317422,0.702138108198,0.548347654536,0.135487674124,3
P2,3,mask.111000,3,phone_acc|phone_gyro|watch_acc,location|audio|phone_state,0.45420561237,0.577555831513,0.45678149354,0.183594951421,3
P2,3,mask.111001,4,phone_acc|phone_gyro|watch_acc|phone_state,location|audio,0.516909466669,0.661494748786,0.52194375934,0.154842239569,3
P2,3,mask.111010,4,phone_acc|phone_gyro|watch_acc|audio,location|phone_state,0.521626594229,0.660975043391,0.526916200275,0.14829787248,3
P2,3,mask.111011,5,phone_acc|phone_gyro|watch_acc|audio|phone_state,location,0.55248692717,0.708725603766,0.564525135038,0.135025970308,3
P2,3,mask.111100,4,phone_acc|phone_gyro|watch_acc|location,audio|phone_state,0.486117818615,0.613298810557,0.479217621529,0.168220662648,3
P2,3,mask.111101,5,phone_acc|phone_gyro|watch_acc|location|phone_state,audio,0.537879857459,0.679109197872,0.545053225174,0.144346167606,3
P2,3,mask.111110,5,phone_acc|phone_gyro|watch_acc|location|audio,phone_state,0.54597965096,0.672623039189,0.550998079731,0.140170198639,3
P2,3,mask.111111,6,phone_acc|phone_gyro|watch_acc|location|audio|phone_state,,0.575101873865,0.720780103348,0.588113270535,0.126709994751,3
P2,4,mask.000001,1,phone_state,phone_acc|phone_gyro|watch_acc|location|audio,0.444844125031,0.577689470714,0.441568299429,0.178545536953,3
P2,4,mask.000010,1,audio,phone_acc|phone_gyro|watch_acc|location|phone_state,0.425246347512,0.561318446576,0.451116227842,0.160116481898,3
P2,4,mask.000011,2,audio|phone_state,phone_acc|phone_gyro|watch_acc|location,0.489508666431,0.609554930914,0.535881170182,0.149359628831,3
P2,4,mask.000100,1,location,phone_acc|phone_gyro|watch_acc|audio|phone_state,0.397852515971,0.502691077028,0.424047877395,0.193297784377,3
P2,4,mask.000101,2,location|phone_state,phone_acc|phone_gyro|watch_acc|audio,0.497135258152,0.592427768599,0.503103834998,0.171370605413,3
P2,4,mask.000110,2,location|audio,phone_acc|phone_gyro|watch_acc|phone_state,0.520067669824,0.59856831502,0.519029875546,0.161626002888,3
P2,4,mask.000111,3,location|audio|phone_state,phone_acc|phone_gyro|watch_acc,0.523352075574,0.620199982639,0.555031865142,0.154233719136,3
P2,4,mask.001000,1,watch_acc,phone_acc|phone_gyro|location|audio|phone_state,0.463209508189,0.550162320038,0.501440719792,0.177708670593,3
P2,4,mask.001001,2,watch_acc|phone_state,phone_acc|phone_gyro|location|audio,0.570201721814,0.64092720987,0.581566413445,0.14618939463,3
P2,4,mask.001010,2,watch_acc|audio,phone_acc|phone_gyro|location|phone_state,0.556941824883,0.63085788726,0.587808305205,0.136051479919,3
P2,4,mask.001011,3,watch_acc|audio|phone_state,phone_acc|phone_gyro|location,0.595632705693,0.656553057606,0.645672240022,0.131736107665,3
P2,4,mask.001100,2,watch_acc|location,phone_acc|phone_gyro|audio|phone_state,0.541333462132,0.582668398788,0.578979077152,0.168436316997,3
P2,4,mask.001101,3,watch_acc|location|phone_state,phone_acc|phone_gyro|audio,0.59856120236,0.64770107902,0.614277974601,0.149163172582,3
P2,4,mask.001110,3,watch_acc|location|audio,phone_acc|phone_gyro|phone_state,0.610311401839,0.6426749985,0.620769063444,0.144068204424,3
P2,4,mask.001111,4,watch_acc|location|audio|phone_state,phone_acc|phone_gyro,0.614244124139,0.657837465704,0.643484280067,0.13910598681,3
P2,4,mask.010000,1,phone_gyro,phone_acc|watch_acc|location|audio|phone_state,0.301441920807,0.421625488929,0.354600540994,0.224732911839,3
P2,4,mask.010001,2,phone_gyro|phone_state,phone_acc|watch_acc|location|audio,0.498561611489,0.589347064996,0.505257381755,0.169176622072,3
P2,4,mask.010010,2,phone_gyro|audio,phone_acc|watch_acc|location|phone_state,0.475834873348,0.573520553016,0.505982679244,0.154627373395,3
P2,4,mask.010011,3,phone_gyro|audio|phone_state,phone_acc|watch_acc|location,0.529283589657,0.622416833493,0.589432938127,0.145230001011,3
P2,4,mask.010100,2,phone_gyro|location,phone_acc|watch_acc|audio|phone_state,0.48140865891,0.530913581632,0.489771297912,0.178737281481,3
P2,4,mask.010101,3,phone_gyro|location|phone_state,phone_acc|watch_acc|audio,0.554400005024,0.615007164712,0.562836328282,0.163058744609,3
P2,4,mask.010110,3,phone_gyro|location|audio,phone_acc|watch_acc|phone_state,0.572577601511,0.616479525299,0.56968756831,0.15445171203,3
P2,4,mask.010111,4,phone_gyro|location|audio|phone_state,phone_acc|watch_acc,0.581383089043,0.634984380135,0.602888580042,0.15027647648,3
P2,4,mask.011000,2,phone_gyro|watch_acc,phone_acc|location|audio|phone_state,0.467114511408,0.546610629924,0.50906252135,0.172946922571,3
P2,4,mask.011001,3,phone_gyro|watch_acc|phone_state,phone_acc|location|audio,0.574467184911,0.638406131033,0.594283016422,0.145458009382,3
P2,4,mask.011010,3,phone_gyro|watch_acc|audio,phone_acc|location|phone_state,0.560293353459,0.630690110498,0.599732526016,0.134874095275,3
P2,4,mask.011011,4,phone_gyro|watch_acc|audio|phone_state,phone_acc|location,0.599398396894,0.65873877163,0.655994702595,0.131315707661,3
P2,4,mask.011100,3,phone_gyro|watch_acc|location,phone_acc|audio|phone_state,0.556402991231,0.593102664944,0.5887412729,0.162147112953,3
P2,4,mask.011101,4,phone_gyro|watch_acc|location|phone_state,phone_acc|audio,0.61415539798,0.654203138086,0.626900000795,0.146437219212,3
P2,4,mask.011110,4,phone_gyro|watch_acc|location|audio,phone_acc|phone_state,0.620191391808,0.648784285041,0.632476371806,0.140969575624,3
P2,4,mask.011111,5,phone_gyro|watch_acc|location|audio|phone_state,phone_acc,0.631640433778,0.664289119934,0.655488299488,0.137773177684,3
P2,4,mask.100000,1,phone_acc,phone_gyro|watch_acc|location|audio|phone_state,0.368685109389,0.453461320421,0.389548084688,0.206724533083,3
P2,4,mask.100001,2,phone_acc|phone_state,phone_gyro|watch_acc|location|audio,0.51508053691,0.594787474075,0.508525941763,0.164499581039,3
P2,4,mask.100010,2,phone_acc|audio,phone_gyro|watch_acc|location|phone_state,0.469626899878,0.585318723115,0.514472518502,0.155165114393,3
P2,4,mask.100011,3,phone_acc|audio|phone_state,phone_gyro|watch_acc|location,0.5307520419,0.623321508944,0.578006676761,0.146293334179,3
P2,4,mask.100100,2,phone_acc|location,phone_gyro|watch_acc|audio|phone_state,0.481383161984,0.532617086774,0.491710875951,0.185699101984,3
P2,4,mask.100101,3,phone_acc|location|phone_state,phone_gyro|watch_acc|audio,0.560837337204,0.619437295911,0.556366719792,0.162124446681,3
P2,4,mask.100110,3,phone_acc|location|audio,phone_gyro|watch_acc|phone_state,0.556147298487,0.615908123704,0.563470755926,0.157545094943,3
P2,4,mask.100111,4,phone_acc|location|audio|phone_state,phone_gyro|watch_acc,0.569949983836,0.633872333254,0.593538209894,0.150456858185,3
P2,4,mask.101000,2,phone_acc|watch_acc,phone_gyro|location|audio|phone_state,0.526819571932,0.575919138147,0.556950730291,0.165811841127,3
P2,4,mask.101001,3,phone_acc|watch_acc|phone_state,phone_gyro|location|audio,0.597609530765,0.647205405212,0.618965983222,0.143619450145,3
P2,4,mask.101010,3,phone_acc|watch_acc|audio,phone_gyro|location|phone_state,0.586860066208,0.639976043268,0.626504366677,0.136933972646,3
P2,4,mask.101011,4,phone_acc|watch_acc|audio|phone_state,phone_gyro|location,0.617770168641,0.661357011917,0.666671603964,0.13259083115,3
P2,4,mask.101100,3,phone_acc|watch_acc|location,phone_gyro|audio|phone_state,0.573914044721,0.60066798482,0.594532730883,0.162268342943,3
P2,4,mask.101101,4,phone_acc|watch_acc|location|phone_state,phone_gyro|audio,0.622652369706,0.658063937116,0.631253828298,0.146209736759,3
P2,4,mask.101110,4,phone_acc|watch_acc|location|audio,phone_gyro|phone_state,0.625818596236,0.651621757334,0.634724922354,0.142989939524,3
P2,4,mask.101111,5,phone_acc|watch_acc|location|audio|phone_state,phone_gyro,0.633416408585,0.664887853323,0.656800542446,0.138304317295,3
P2,4,mask.110000,2,phone_acc|phone_gyro,watch_acc|location|audio|phone_state,0.359892080459,0.454142492972,0.415488489161,0.198850328095,3
P2,4,mask.110001,3,phone_acc|phone_gyro|phone_state,watch_acc|location|audio,0.517010597327,0.592222720898,0.536910033193,0.162345774198,3
P2,4,mask.110010,3,phone_acc|phone_gyro|audio,watch_acc|location|phone_state,0.457937644842,0.581176016396,0.534614826379,0.154504258167,3
P2,4,mask.110011,4,phone_acc|phone_gyro|audio|phone_state,watch_acc|location,0.54157156486,0.627769614812,0.601849979619,0.1454893548,3
P2,4,mask.110100,3,phone_acc|phone_gyro|location,watch_acc|audio|phone_state,0.49523852644,0.546443769651,0.508821997393,0.179451816671,3
P2,4,mask.110101,4,phone_acc|phone_gyro|location|phone_state,watch_acc|audio,0.576692769511,0.626830719707,0.580572973866,0.159123803076,3
P2,4,mask.110110,4,phone_acc|phone_gyro|location|audio,watch_acc|phone_state,0.571505887255,0.623180652606,0.581692891526,0.154753502434,3
P2,4,mask.110111,5,phone_acc|phone_gyro|location|audio|phone_state,watch_acc,0.589720225893,0.642067204277,0.613661306134,0.149113494385,3
P2,4,mask.111000,3,phone_acc|phone_gyro|watch_acc,location|audio|phone_state,0.510525645602,0.563241068429,0.550977384585,0.165612912389,3
P2,4,mask.111001,4,phone_acc|phone_gyro|watch_acc|phone_state,location|audio,0.594486652519,0.641507564429,0.621409051695,0.144437833118,3
P2,4,mask.111010,4,phone_acc|phone_gyro|watch_acc|audio,location|phone_state,0.577659682099,0.633718472176,0.62584753884,0.13743528984,3
P2,4,mask.111011,5,phone_acc|phone_gyro|watch_acc|audio|phone_state,location,0.611168221079,0.65859506639,0.667889967624,0.133188813157,3
P2,4,mask.111100,4,phone_acc|phone_gyro|watch_acc|location,audio|phone_state,0.577025961134,0.604462012753,0.595495547811,0.15973783397,3
P2,4,mask.111101,5,phone_acc|phone_gyro|watch_acc|location|phone_state,audio,0.626785933654,0.659271939064,0.635904964794,0.145327959327,3
P2,4,mask.111110,5,phone_acc|phone_gyro|watch_acc|location|audio,phone_state,0.627962027041,0.652780044792,0.637965058675,0.141770979028,3
P2,4,mask.111111,6,phone_acc|phone_gyro|watch_acc|location|audio|phone_state,,0.638630034022,0.667085930646,0.660859965057,0.138064811507,3
