model_id,fold,scenario_id,fault,target_modality,fault_length,phase,macro_f1,micro_f1,masked_bce,seed_count
B4,0,persistent.drop.audio,drop,audio,5,fault,0.556265571048,0.724801939217,0.397237179604,3
B4,0,persistent.drop.audio,drop,audio,5,post,0.565739339968,0.743809260532,0.368684114016,3
B4,0,persistent.drop.audio,drop,audio,5,pre,0.573845489271,0.745770563754,0.368588161887,3
B4,0,persistent.drop.audio,drop,audio,15,fault,0.573007001093,0.74756903605,0.366826109205,3
B4,0,persistent.drop.audio,drop,audio,15,post,0.57287564873,0.765993524624,0.342439074176,3
B4,0,persistent.drop.audio,drop,audio,15,pre,0.588492408188,0.773145895668,0.325344866864,3
B4,0,persistent.drop.audio,drop,audio,30,fault,0.561375201192,0.771901273921,0.338758773637,3
B4,0,persistent.drop.audio,drop,audio,30,post,0.588928536063,0.799966827554,0.304315070642,3
B4,0,persistent.drop.audio,drop,audio,30,pre,0.576682939595,0.791446456787,0.316900010338,3
B4,0,persistent.drop.location,drop,location,5,fault,0.539131332008,0.720029456778,0.438072323659,3
B4,0,persistent.drop.location,drop,location,5,post,0.565739339968,0.743809260532,0.368684114016,3
B4,0,persistent.drop.location,drop,location,5,pre,0.573845489271,0.745770563754,0.368588161887,3
B4,0,persistent.drop.location,drop,location,15,fault,0.54727857474,0.740621386138,0.38276168115,3
B4,0,persistent.drop.location,drop,location,15,post,0.57287564873,0.765993524624,0.342439074176,3
B4,0,persistent.drop.location,drop,location,15,pre,0.588492408188,0.773145895668,0.325344866864,3
B4,0,persistent.drop.location,drop,location,30,fault,0.535935157476,0.763165840389,0.369572379686,3
B4,0,persistent.drop.location,drop,location,30,post,0.588928536063,0.799966827554,0.304315070642,3
B4,0,persistent.drop.location,drop,location,30,pre,0.576682939595,0.791446456787,0.316900010338,3
B4,0,persistent.drop.phone_acc,drop,phone_acc,5,fault,0.565279476583,0.737084194279,0.374184504388,3
B4,0,persistent.drop.phone_acc,drop,phone_acc,5,post,0.565739339968,0.743809260532,0.368684114016,3
B4,0,persistent.drop.phone_acc,drop,phone_acc,5,pre,0.573845489271,0.745770563754,0.368588161887,3
B4,0,persistent.drop.phone_acc,drop,phone_acc,15,fault,0.576857015942,0.758515195412,0.348731796278,3
B4,0,persistent.drop.phone_acc,drop,phone_acc,15,post,0.57287564873,0.765993524624,0.342439074176,3
B4,0,persistent.drop.phone_acc,drop,phone_acc,15,pre,0.588492408188,0.773145895668,0.325344866864,3
B4,0,persistent.drop.phone_acc,drop,phone_acc,30,fault,0.562340630532,0.780348113943,0.326204313745,3
B4,0,persistent.drop.phone_acc,drop,phone_acc,30,post,0.588928536063,0.799966827554,0.304315070642,3
B4,0,persistent.drop.phone_acc,drop,phone_acc,30,pre,0.576682939595,0.791446456787,0.316900010338,3
B4,0,persistent.drop.phone_gyro,drop,phone_gyro,5,fault,0.554218990016,0.744171561295,0.378911523579,3
B4,0,persistent.drop.phone_gyro,drop,phone_gyro,5,post,0.565739339968,0.743809260532,0.368684114016,3
B4,0,persistent.drop.phone_gyro,drop,phone_gyro,5,pre,0.573845489271,0.745770563754,0.368588161887,3
B4,0,persistent.drop.phone_gyro,drop,phone_gyro,15,fault,0.573396715684,0.767379119272,0.341455394842,3
B4,0,persistent.drop.phone_gyro,drop,phone_gyro,15,post,0.57287564873,0.765993524624,0.342439074176,3
B4,0,persistent.drop.phone_gyro,drop,phone_gyro,15,pre,0.588492408188,0.773145895668,0.325344866864,3
B4,0,persistent.drop.phone_gyro,drop,phone_gyro,30,fault,0.550596418121,0.784939019055,0.31926004867,3
B4,0,persistent.drop.phone_gyro,drop,phone_gyro,30,post,0.588928536063,0.799966827554,0.304315070642,3
B4,0,persistent.drop.phone_gyro,drop,phone_gyro,30,pre,0.576682939595,0.791446456787,0.316900010338,3
B4,0,persistent.drop.phone_state,drop,phone_state,5,fault,0.536309547046,0.708040834213,0.398655086657,3
B4,0,persistent.drop.phone_state,drop,phone_state,5,post,0.565739339968,0.743809260532,0.368684114016,3
B4,0,persistent.drop.phone_state,drop,phone_state,5,pre,0.573845489271,0.745770563754,0.368588161887,3
B4,0,persistent.drop.phone_state,drop,phone_state,15,fault,0.551314641606,0.72730399355,0.366307856249,3
B4,0,persistent.drop.phone_state,drop,phone_state,15,post,0.57287564873,0.765993524624,0.342439074176,3
B4,0,persistent.drop.phone_state,drop,phone_state,15,pre,0.588492408188,0.773145895668,0.325344866864,3
B4,0,persistent.drop.phone_state,drop,phone_state,30,fault,0.519350900869,0.740108567241,0.344163969967,3
B4,0,persistent.drop.phone_state,drop,phone_state,30,post,0.588928536063,0.799966827554,0.304315070642,3
B4,0,persistent.drop.phone_state,drop,phone_state,30,pre,0.576682939595,0.791446456787,0.316900010338,3
B4,0,persistent.drop.watch_acc,drop,watch_acc,5,fault,0.544057203144,0.729581527389,0.401553775724,3
B4,0,persistent.drop.watch_acc,drop,watch_acc,5,post,0.565739339968,0.743809260532,0.368684114016,3
B4,0,persistent.drop.watch_acc,drop,watch_acc,5,pre,0.573845489271,0.745770563754,0.368588161887,3
B4,0,persistent.drop.watch_acc,drop,watch_acc,15,fault,0.566584832308,0.755576822609,0.357766732697,3
B4,0,persistent.drop.watch_acc,drop,watch_acc,15,post,0.57287564873,0.765993524624,0.342439074176,3
B4,0,persistent.drop.watch_acc,drop,watch_acc,15,pre,0.588492408188,0.773145895668,0.325344866864,3
B4,0,persistent.drop.watch_acc,drop,watch_acc,30,fault,0.542264794642,0.777544428385,0.328008817629,3
B4,0,persistent.drop.watch_acc,drop,watch_acc,30,post,0.588928536063,0.799966827554,0.304315070642,3
B4,0,persistent.drop.watch_acc,drop,watch_acc,30,pre,0.576682939595,0.791446456787,0.316900010338,3
B4,0,persistent.gaussian_sigma_2.audio,gaussian_sigma_2,audio,5,fault,0.534513901654,0.707810481184,0.411862522444,3
B4,0,persistent.gaussian_sigma_2.audio,gaussian_sigma_2,audio,5,post,0.565739339968,0.743809260532,0.368684114016,3
B4,0,persistent.gaussian_sigma_2.audio,gaussian_sigma_2,audio,5,pre,0.573845489271,0.745770563754,0.368588161887,3
B4,0,persistent.gaussian_sigma_2.audio,gaussian_sigma_2,audio,15,fault,0.548075526112,0.726158737549,0.381362445061,3
B4,0,persistent.gaussian_sigma_2.audio,gaussian_sigma_2,audio,15,post,0.57287564873,0.765993524624,0.342439074176,3
B4,0,persistent.gaussian_sigma_2.audio,gaussian_sigma_2,audio,15,pre,0.588492408188,0.773145895668,0.325344866864,3
B4,0,persistent.gaussian_sigma_2.audio,gaussian_sigma_2,audio,30,fault,0.529654125989,0.747908299334,0.362052752661,3
B4,0,persistent.gaussian_sigma_2.audio,gaussian_sigma_2,audio,30,post,0.588928536063,0.799966827554,0.304315070642,3
B4,0,persistent.gaussian_sigma_2.audio,gaussian_sigma_2,audio,30,pre,0.576682939595,0.791446456787,0.316900010338,3
B4,0,persistent.gaussian_sigma_2.location,gaussian_sigma_2,location,5,fault,0.539519975406,0.71977340346,0.432294495059,3
B4,0,persistent.gaussian_sigma_2.location,gaussian_sigma_2,location,5,post,0.565739339968,0.743809260532,0.368684114016,3
B4,0,persistent.gaussian_sigma_2.location,gaussian_sigma_2,location,5,pre,0.573845489271,0.745770563754,0.368588161887,3
B4,0,persistent.gaussian_sigma_2.location,gaussian_sigma_2,location,15,fault,0.551197621454,0.739355273603,0.404112478724,3
B4,0,persistent.gaussian_sigma_2.location,gaussian_sigma_2,location,15,post,0.57287564873,0.765993524624,0.342439074176,3
B4,0,persistent.gaussian_sigma_2.location,gaussian_sigma_2,location,15,pre,0.588492408188,0.773145895668,0.325344866864,3
B4,0,persistent.gaussian_sigma_2.location,gaussian_sigma_2,location,30,fault,0.531821142429,0.759185339352,0.389843934995,3
B4,0,persistent.gaussian_sigma_2.location,gaussian_sigma_2,location,30,post,0.588928536063,0.799966827554,0.304315070642,3
B4,0,persistent.gaussian_sigma_2.location,gaussian_sigma_2,location,30,pre,0.576682939595,0.791446456787,0.316900010338,3
B4,0,persistent.gaussian_sigma_2.phone_acc,gaussian_sigma_2,phone_acc,5,fault,0.565515149832,0.737715594807,0.36899913298,3
B4,0,persistent.gaussian_sigma_2.phone_acc,gaussian_sigma_2,phone_acc,5,post,0.565739339968,0.743809260532,0.368684114016,3
B4,0,persistent.gaussian_sigma_2.phone_acc,gaussian_sigma_2,phone_acc,5,pre,0.573845489271,0.745770563754,0.368588161887,3
B4,0,persistent.gaussian_sigma_2.phone_acc,gaussian_sigma_2,phone_acc,15,fault,0.576688983455,0.758623329013,0.345047266773,3
B4,0,persistent.gaussian_sigma_2.phone_acc,gaussian_sigma_2,phone_acc,15,post,0.57287564873,0.765993524624,0.342439074176,3
B4,0,persistent.gaussian_sigma_2.phone_acc,gaussian_sigma_2,phone_acc,15,pre,0.588492408188,0.773145895668,0.325344866864,3
B4,0,persistent.gaussian_sigma_2.phone_acc,gaussian_sigma_2,phone_acc,30,fault,0.560303199971,0.781871103501,0.32428500059,3
B4,0,persistent.gaussian_sigma_2.phone_acc,gaussian_sigma_2,phone_acc,30,post,0.588928536063,0.799966827554,0.304315070642,3
B4,0,persistent.gaussian_sigma_2.phone_acc,gaussian_sigma_2,phone_acc,30,pre,0.576682939595,0.791446456787,0.316900010338,3
B4,0,persistent.gaussian_sigma_2.phone_gyro,gaussian_sigma_2,phone_gyro,5,fault,0.566950547658,0.741316496542,0.374466841273,3
B4,0,persistent.gaussian_sigma_2.phone_gyro,gaussian_sigma_2,phone_gyro,5,post,0.565739339968,0.743809260532,0.368684114016,3
B4,0,persistent.gaussian_sigma_2.phone_gyro,gaussian_sigma_2,phone_gyro,5,pre,0.573845489271,0.745770563754,0.368588161887,3
B4,0,persistent.gaussian_sigma_2.phone_gyro,gaussian_sigma_2,phone_gyro,15,fault,0.581269720988,0.765159289876,0.339104954124,3
B4,0,persistent.gaussian_sigma_2.phone_gyro,gaussian_sigma_2,phone_gyro,15,post,0.57287564873,0.765993524624,0.342439074176,3
B4,0,persistent.gaussian_sigma_2.phone_gyro,gaussian_sigma_2,phone_gyro,15,pre,0.588492408188,0.773145895668,0.325344866864,3
B4,0,persistent.gaussian_sigma_2.phone_gyro,gaussian_sigma_2,phone_gyro,30,fault,0.561340271502,0.785616395129,0.317234840708,3
B4,0,persistent.gaussian_sigma_2.phone_gyro,gaussian_sigma_2,phone_gyro,30,post,0.588928536063,0.799966827554,0.304315070642,3
B4,0,persistent.gaussian_sigma_2.phone_gyro,gaussian_sigma_2,phone_gyro,30,pre,0.576682939595,0.791446456787,0.316900010338,3
B4,0,persistent.gaussian_sigma_2.phone_state,gaussian_sigma_2,phone_state,5,fault,0.506850343315,0.680888276376,0.423868058605,3
B4,0,persistent.gaussian_sigma_2.phone_state,gaussian_sigma_2,phone_state,5,post,0.565739339968,0.743809260532,0.368684114016,3
B4,0,persistent.gaussian_sigma_2.phone_state,gaussian_sigma_2,phone_state,5,pre,0.573845489271,0.745770563754,0.368588161887,3
B4,0,persistent.gaussian_sigma_2.phone_state,gaussian_sigma_2,phone_state,15,fault,0.51410174833,0.694272517231,0.399540899624,3
B4,0,persistent.gaussian_sigma_2.phone_state,gaussian_sigma_2,phone_state,15,post,0.57287564873,0.765993524624,0.342439074176,3
B4,0,persistent.gaussian_sigma_2.phone_state,gaussian_sigma_2,phone_state,15,pre,0.588492408188,0.773145895668,0.325344866864,3
B4,0,persistent.gaussian_sigma_2.phone_state,gaussian_sigma_2,phone_state,30,fault,0.494403689605,0.710366717688,0.376585783974,3
B4,0,persistent.gaussian_sigma_2.phone_state,gaussian_sigma_2,phone_state,30,post,0.588928536063,0.799966827554,0.304315070642,3
B4,0,persistent.gaussian_sigma_2.phone_state,gaussian_sigma_2,phone_state,30,pre,0.576682939595,0.791446456787,0.316900010338,3
B4,0,persistent.gaussian_sigma_2.watch_acc,gaussian_sigma_2,watch_acc,5,fault,0.539950085024,0.71807797092,0.399038439048,3
B4,0,persistent.gaussian_sigma_2.watch_acc,gaussian_sigma_2,watch_acc,5,post,0.565739339968,0.743809260532,0.368684114016,3
B4,0,persistent.gaussian_sigma_2.watch_acc,gaussian_sigma_2,watch_acc,5,pre,0.573845489271,0.745770563754,0.368588161887,3
B4,0,persistent.gaussian_sigma_2.watch_acc,gaussian_sigma_2,watch_acc,15,fault,0.553559782229,0.738963874322,0.367470322691,3
B4,0,persistent.gaussian_sigma_2.watch_acc,gaussian_sigma_2,watch_acc,15,post,0.57287564873,0.765993524624,0.342439074176,3
B4,0,persistent.gaussian_sigma_2.watch_acc,gaussian_sigma_2,watch_acc,15,pre,0.588492408188,0.773145895668,0.325344866864,3
B4,0,persistent.gaussian_sigma_2.watch_acc,gaussian_sigma_2,watch_acc,30,fault,0.537578365772,0.758879618195,0.344305478298,3
B4,0,persistent.gaussian_sigma_2.watch_acc,gaussian_sigma_2,watch_acc,30,post,0.588928536063,0.799966827554,0.304315070642,3
B4,0,persistent.gaussian_sigma_2.watch_acc,gaussian_sigma_2,watch_acc,30,pre,0.576682939595,0.791446456787,0.316900010338,3
B4,1,persistent.drop.audio,drop,audio,5,fault,0.571015377663,0.651178195079,0.489690018545,3
B4,1,persistent.drop.audio,drop,audio,5,post,0.598520699491,0.693321126262,0.41241233168,3
B4,1,persistent.drop.audio,drop,audio,5,pre,0.602928743465,0.695157635258,0.409533971559,3
B4,1,persistent.drop.audio,drop,audio,15,fault,0.571838330189,0.668930253588,0.485757122336,3
B4,1,persistent.drop.audio,drop,audio,15,post,0.586375648037,0.701950672748,0.405167879153,3
B4,1,persistent.drop.audio,drop,audio,15,pre,0.556697857838,0.699262034566,0.406683499622,3
B4,1,persistent.drop.audio,drop,audio,30,fault,0.532969397883,0.670066874063,0.494602927504,3
B4,1,persistent.drop.audio,drop,audio,30,post,0.559111075285,0.711551289159,0.405780194791,3
B4,1,persistent.drop.audio,drop,audio,30,pre,0.545981930661,0.697429246559,0.413221164233,3
B4,1,persistent.drop.location,drop,location,5,fault,0.573483106575,0.676809886934,0.420382246311,3
B4,1,persistent.drop.location,drop,location,5,post,0.598520699491,0.693321126262,0.41241233168,3
B4,1,persistent.drop.location,drop,location,5,pre,0.602928743465,0.695157635258,0.409533971559,3
B4,1,persistent.drop.location,drop,location,15,fault,0.56444969488,0.693467356032,0.387079214885,3
B4,1,persistent.drop.location,drop,location,15,post,0.586375648037,0.701950672748,0.405167879153,3
B4,1,persistent.drop.location,drop,location,15,pre,0.556697857838,0.699262034566,0.406683499622,3
B4,1,persistent.drop.location,drop,location,30,fault,0.548430128968,0.714968300434,0.361645990631,3
B4,1,persistent.drop.location,drop,location,30,post,0.559111075285,0.711551289159,0.405780194791,3
B4,1,persistent.drop.location,drop,location,30,pre,0.545981930661,0.697429246559,0.413221164233,3
B4,1,persistent.drop.phone_acc,drop,phone_acc,5,fault,0.569774254803,0.671799719533,0.447318720795,3
B4,1,persistent.drop.phone_acc,drop,phone_acc,5,post,0.598520699491,0.693321126262,0.41241233168,3
B4,1,persistent.drop.phone_acc,drop,phone_acc,5,pre,0.602928743465,0.695157635258,0.409533971559,3
B4,1,persistent.drop.phone_acc,drop,phone_acc,15,fault,0.558152343466,0.683741807257,0.447664043995,3
B4,1,persistent.drop.phone_acc,drop,phone_acc,15,post,0.586375648037,0.701950672748,0.405167879153,3
B4,1,persistent.drop.phone_acc,drop,phone_acc,15,pre,0.556697857838,0.699262034566,0.406683499622,3
B4,1,persistent.drop.phone_acc,drop,phone_acc,30,fault,0.531642408395,0.694624665305,0.439636022005,3
B4,1,persistent.drop.phone_acc,drop,phone_acc,30,post,0.559111075285,0.711551289159,0.405780194791,3
B4,1,persistent.drop.phone_acc,drop,phone_acc,30,pre,0.545981930661,0.697429246559,0.413221164233,3
B4,1,persistent.drop.phone_gyro,drop,phone_gyro,5,fault,0.583770526982,0.689991633277,0.420463192171,3
B4,1,persistent.drop.phone_gyro,drop,phone_gyro,5,post,0.598520699491,0.693321126262,0.41241233168,3
B4,1,persistent.drop.phone_gyro,drop,phone_gyro,5,pre,0.602928743465,0.695157635258,0.409533971559,3
B4,1,persistent.drop.phone_gyro,drop,phone_gyro,15,fault,0.576532483008,0.70423835522,0.410952409767,3
B4,1,persistent.drop.phone_gyro,drop,phone_gyro,15,post,0.586375648037,0.701950672748,0.405167879153,3
B4,1,persistent.drop.phone_gyro,drop,phone_gyro,15,pre,0.556697857838,0.699262034566,0.406683499622,3
B4,1,persistent.drop.phone_gyro,drop,phone_gyro,30,fault,0.550679779342,0.713509970139,0.400987843726,3
B4,1,persistent.drop.phone_gyro,drop,phone_gyro,30,post,0.559111075285,0.711551289159,0.405780194791,3
B4,1,persistent.drop.phone_gyro,drop,phone_gyro,30,pre,0.545981930661,0.697429246559,0.413221164233,3
B4,1,persistent.drop.phone_state,drop,phone_state,5,fault,0.559012177442,0.657165720655,0.476889370131,3
B4,1,persistent.drop.phone_state,drop,phone_state,5,post,0.598520699491,0.693321126262,0.41241233168,3
B4,1,persistent.drop.phone_state,drop,phone_state,5,pre,0.602928743465,0.695157635258,0.409533971559,3
B4,1,persistent.drop.phone_state,drop,phone_state,15,fault,0.550297061125,0.665320534625,0.484531537575,3
B4,1,persistent.drop.phone_state,drop,phone_state,15,post,0.586375648037,0.701950672748,0.405167879153,3
B4,1,persistent.drop.phone_state,drop,phone_state,15,pre,0.556697857838,0.699262034566,0.406683499622,3
B4,1,persistent.drop.phone_state,drop,phone_state,30,fault,0.524333083512,0.676911416305,0.472012402287,3
B4,1,persistent.drop.phone_state,drop,phone_state,30,post,0.559111075285,0.711551289159,0.405780194791,3
B4,1,persistent.drop.phone_state,drop,phone_state,30,pre,0.545981930661,0.697429246559,0.413221164233,3
B4,1,persistent.drop.watch_acc,drop,watch_acc,5,fault,0.556560516914,0.677237889102,0.455419908562,3
B4,1,persistent.drop.watch_acc,drop,watch_acc,5,post,0.598520699491,0.693321126262,0.41241233168,3
B4,1,persistent.drop.watch_acc,drop,watch_acc,5,pre,0.602928743465,0.695157635258,0.409533971559,3
B4,1,persistent.drop.watch_acc,drop,watch_acc,15,fault,0.567939871436,0.693949198547,0.450654902258,3
B4,1,persistent.drop.watch_acc,drop,watch_acc,15,post,0.586375648037,0.701950672748,0.405167879153,3
B4,1,persistent.drop.watch_acc,drop,watch_acc,15,pre,0.556697857838,0.699262034566,0.406683499622,3
B4,1,persistent.drop.watch_acc,drop,watch_acc,30,fault,0.553873538467,0.70139360726,0.444087361362,3
B4,1,persistent.drop.watch_acc,drop,watch_acc,30,post,0.559111075285,0.711551289159,0.405780194791,3
B4,1,persistent.drop.watch_acc,drop,watch_acc,30,pre,0.545981930661,0.697429246559,0.413221164233,3
B4,1,persistent.gaussian_sigma_2.audio,gaussian_sigma_2,audio,5,fault,0.562878496988,0.652389867053,0.456839977456,3
B4,1,persistent.gaussian_sigma_2.audio,gaussian_sigma_2,audio,5,post,0.598520699491,0.693321126262,0.41241233168,3
B4,1,persistent.gaussian_sigma_2.audio,gaussian_sigma_2,audio,5,pre,0.602928743465,0.695157635258,0.409533971559,3
B4,1,persistent.gaussian_sigma_2.audio,gaussian_sigma_2,audio,15,fault,0.561513638396,0.668610803242,0.447491989672,3
B4,1,persistent.gaussian_sigma_2.audio,gaussian_sigma_2,audio,15,post,0.586375648037,0.701950672748,0.405167879153,3
B4,1,persistent.gaussian_sigma_2.audio,gaussian_sigma_2,audio,15,pre,0.556697857838,0.699262034566,0.406683499622,3
B4,1,persistent.gaussian_sigma_2.audio,gaussian_sigma_2,audio,30,fault,0.531934535366,0.67711737133,0.449259728651,3
B4,1,persistent.gaussian_sigma_2.audio,gaussian_sigma_2,audio,30,post,0.559111075285,0.711551289159,0.405780194791,3
B4,1,persistent.gaussian_sigma_2.audio,gaussian_sigma_2,audio,30,pre,0.545981930661,0.697429246559,0.413221164233,3
B4,1,persistent.gaussian_sigma_2.location,gaussian_sigma_2,location,5,fault,0.579227269422,0.675700590254,0.430954284136,3
B4,1,persistent.gaussian_sigma_2.location,gaussian_sigma_2,location,5,post,0.598520699491,0.693321126262,0.41241233168,3
B4,1,persistent.gaussian_sigma_2.location,gaussian_sigma_2,location,5,pre,0.602928743465,0.695157635258,0.409533971559,3
B4,1,persistent.gaussian_sigma_2.location,gaussian_sigma_2,location,15,fault,0.576418640138,0.689334755992,0.415811134102,3
B4,1,persistent.gaussian_sigma_2.location,gaussian_sigma_2,location,15,post,0.586375648037,0.701950672748,0.405167879153,3
B4,1,persistent.gaussian_sigma_2.location,gaussian_sigma_2,location,15,pre,0.556697857838,0.699262034566,0.406683499622,3
B4,1,persistent.gaussian_sigma_2.location,gaussian_sigma_2,location,30,fault,0.546323437257,0.704578452337,0.405236868346,3
B4,1,persistent.gaussian_sigma_2.location,gaussian_sigma_2,location,30,post,0.559111075285,0.711551289159,0.405780194791,3
B4,1,persistent.gaussian_sigma_2.location,gaussian_sigma_2,location,30,pre,0.545981930661,0.697429246559,0.413221164233,3
B4,1,persistent.gaussian_sigma_2.phone_acc,gaussian_sigma_2,phone_acc,5,fault,0.584458208989,0.682897865603,0.420049176613,3
B4,1,persistent.gaussian_sigma_2.phone_acc,gaussian_sigma_2,phone_acc,5,post,0.598520699491,0.693321126262,0.41241233168,3
B4,1,persistent.gaussian_sigma_2.phone_acc,gaussian_sigma_2,phone_acc,5,pre,0.602928743465,0.695157635258,0.409533971559,3
B4,1,persistent.gaussian_sigma_2.phone_acc,gaussian_sigma_2,phone_acc,15,fault,0.578201028317,0.694815721452,0.41386956822,3
B4,1,persistent.gaussian_sigma_2.phone_acc,gaussian_sigma_2,phone_acc,15,post,0.586375648037,0.701950672748,0.405167879153,3
B4,1,persistent.gaussian_sigma_2.phone_acc,gaussian_sigma_2,phone_acc,15,pre,0.556697857838,0.699262034566,0.406683499622,3
B4,1,persistent.gaussian_sigma_2.phone_acc,gaussian_sigma_2,phone_acc,30,fault,0.554798548052,0.707379269923,0.405694752327,3
B4,1,persistent.gaussian_sigma_2.phone_acc,gaussian_sigma_2,phone_acc,30,post,0.559111075285,0.711551289159,0.405780194791,3
B4,1,persistent.gaussian_sigma_2.phone_acc,gaussian_sigma_2,phone_acc,30,pre,0.545981930661,0.697429246559,0.413221164233,3
B4,1,persistent.gaussian_sigma_2.phone_gyro,gaussian_sigma_2,phone_gyro,5,fault,0.591608460274,0.684930105408,0.413644829932,3
B4,1,persistent.gaussian_sigma_2.phone_gyro,gaussian_sigma_2,phone_gyro,5,post,0.598520699491,0.693321126262,0.41241233168,3
B4,1,persistent.gaussian_sigma_2.phone_gyro,gaussian_sigma_2,phone_gyro,5,pre,0.602928743465,0.695157635258,0.409533971559,3
B4,1,persistent.gaussian_sigma_2.phone_gyro,gaussian_sigma_2,phone_gyro,15,fault,0.588263656565,0.700570338415,0.401432161956,3
B4,1,persistent.gaussian_sigma_2.phone_gyro,gaussian_sigma_2,phone_gyro,15,post,0.586375648037,0.701950672748,0.405167879153,3
B4,1,persistent.gaussian_sigma_2.phone_gyro,gaussian_sigma_2,phone_gyro,15,pre,0.556697857838,0.699262034566,0.406683499622,3
B4,1,persistent.gaussian_sigma_2.phone_gyro,gaussian_sigma_2,phone_gyro,30,fault,0.557889162793,0.711099472986,0.393751043347,3
B4,1,persistent.gaussian_sigma_2.phone_gyro,gaussian_sigma_2,phone_gyro,30,post,0.559111075285,0.711551289159,0.405780194791,3
B4,1,persistent.gaussian_sigma_2.phone_gyro,gaussian_sigma_2,phone_gyro,30,pre,0.545981930661,0.697429246559,0.413221164233,3
B4,1,persistent.gaussian_sigma_2.phone_state,gaussian_sigma_2,phone_state,5,fault,0.537093427756,0.639236315905,0.459463199304,3
B4,1,persistent.gaussian_sigma_2.phone_state,gaussian_sigma_2,phone_state,5,post,0.598520699491,0.693321126262,0.41241233168,3
B4,1,persistent.gaussian_sigma_2.phone_state,gaussian_sigma_2,phone_state,5,pre,0.602928743465,0.695157635258,0.409533971559,3
B4,1,persistent.gaussian_sigma_2.phone_state,gaussian_sigma_2,phone_state,15,fault,0.532617982274,0.652391357544,0.45399437518,3
B4,1,persistent.gaussian_sigma_2.phone_state,gaussian_sigma_2,phone_state,15,post,0.586375648037,0.701950672748,0.405167879153,3
B4,1,persistent.gaussian_sigma_2.phone_state,gaussian_sigma_2,phone_state,15,pre,0.556697857838,0.699262034566,0.406683499622,3
B4,1,persistent.gaussian_sigma_2.phone_state,gaussian_sigma_2,phone_state,30,fault,0.501763557312,0.659979886777,0.449890371633,3
B4,1,persistent.gaussian_sigma_2.phone_state,gaussian_sigma_2,phone_state,30,post,0.559111075285,0.711551289159,0.405780194791,3
B4,1,persistent.gaussian_sigma_2.phone_state,gaussian_sigma_2,phone_state,30,pre,0.545981930661,0.697429246559,0.413221164233,3
B4,1,persistent.gaussian_sigma_2.watch_acc,gaussian_sigma_2,watch_acc,5,fault,0.571353836139,0.673550329765,0.433540062464,3
B4,1,persistent.gaussian_sigma_2.watch_acc,gaussian_sigma_2,watch_acc,5,post,0.598520699491,0.693321126262,0.41241233168,3
B4,1,persistent.gaussian_sigma_2.watch_acc,gaussian_sigma_2,watch_acc,5,pre,0.602928743465,0.695157635258,0.409533971559,3
B4,1,persistent.gaussian_sigma_2.watch_acc,gaussian_sigma_2,watch_acc,15,fault,0.566832595146,0.68871034014,0.425695992874,3
B4,1,persistent.gaussian_sigma_2.watch_acc,gaussian_sigma_2,watch_acc,15,post,0.586375648037,0.701950672748,0.405167879153,3
B4,1,persistent.gaussian_sigma_2.watch_acc,gaussian_sigma_2,watch_acc,15,pre,0.556697857838,0.699262034566,0.406683499622,3
B4,1,persistent.gaussian_sigma_2.watch_acc,gaussian_sigma_2,watch_acc,30,fault,0.543220721781,0.696704589781,0.419748225555,3
B4,1,persistent.gaussian_sigma_2.watch_acc,gaussian_sigma_2,watch_acc,30,post,0.559111075285,0.711551289159,0.405780194791,3
B4,1,persistent.gaussian_sigma_2.watch_acc,gaussian_sigma_2,watch_acc,30,pre,0.545981930661,0.697429246559,0.413221164233,3
B4,2,persistent.drop.audio,drop,audio,5,fault,0.591803316159,0.693763903136,0.475129158339,3
B4,2,persistent.drop.audio,drop,audio,5,post,0.607956300294,0.719397453476,0.42381737359,3
B4,2,persistent.drop.audio,drop,audio,5,pre,0.607760158838,0.719066795136,0.430913668747,3
B4,2,persistent.drop.audio,drop,audio,15,fault,0.593690048262,0.696097451267,0.474231240919,3
B4,2,persistent.drop.audio,drop,audio,15,post,0.615668400596,0.726763598427,0.410817906332,3
B4,2,persistent.drop.audio,drop,audio,15,pre,0.607257061595,0.727011646971,0.418282044943,3
B4,2,persistent.drop.audio,drop,audio,30,fault,0.601983272443,0.708805374855,0.462477877623,3
B4,2,persistent.drop.audio,drop,audio,30,post,0.608311048591,0.727047641416,0.41817024129,3
B4,2,persistent.drop.audio,drop,audio,30,pre,0.609716542323,0.730495441523,0.407166865633,3
B4,2,persistent.drop.location,drop,location,5,fault,0.580859420307,0.703936202772,0.500293339969,3
B4,2,persistent.drop.location,drop,location,5,post,0.607956300294,0.719397453476,0.42381737359,3
B4,2,persistent.drop.location,drop,location,5,pre,0.607760158838,0.719066795136,0.430913668747,3
B4,2,persistent.drop.location,drop,location,15,fault,0.585455117517,0.70893249153,0.496314155664,3
B4,2,persistent.drop.location,drop,location,15,post,0.615668400596,0.726763598427,0.410817906332,3
B4,2,persistent.drop.location,drop,location,15,pre,0.607257061595,0.727011646971,0.418282044943,3
B4,2,persistent.drop.location,drop,location,30,fault,0.586876863566,0.717853734942,0.494988339765,3
B4,2,persistent.drop.location,drop,location,30,post,0.608311048591,0.727047641416,0.41817024129,3
B4,2,persistent.drop.location,drop,location,30,pre,0.609716542323,0.730495441523,0.407166865633,3
B4,2,persistent.drop.phone_acc,drop,phone_acc,5,fault,0.589254302811,0.701684058779,0.458206275414,3
B4,2,persistent.drop.phone_acc,drop,phone_acc,5,post,0.607956300294,0.719397453476,0.42381737359,3
B4,2,persistent.drop.phone_acc,drop,phone_acc,5,pre,0.607760158838,0.719066795136,0.430913668747,3
B4,2,persistent.drop.phone_acc,drop,phone_acc,15,fault,0.601989463643,0.712808573673,0.43700244251,3
B4,2,persistent.drop.phone_acc,drop,phone_acc,15,post,0.615668400596,0.726763598427,0.410817906332,3
B4,2,persistent.drop.phone_acc,drop,phone_acc,15,pre,0.607257061595,0.727011646971,0.418282044943,3
B4,2,persistent.drop.phone_acc,drop,phone_acc,30,fault,0.600932682564,0.721180344505,0.430411660747,3
B4,2,persistent.drop.phone_acc,drop,phone_acc,30,post,0.608311048591,0.727047641416,0.41817024129,3
B4,2,persistent.drop.phone_acc,drop,phone_acc,30,pre,0.609716542323,0.730495441523,0.407166865633,3
B4,2,persistent.drop.phone_gyro,drop,phone_gyro,5,fault,0.598003782782,0.718524687354,0.428610211617,3
B4,2,persistent.drop.phone_gyro,drop,phone_gyro,5,post,0.607956300294,0.719397453476,0.42381737359,3
B4,2,persistent.drop.phone_gyro,drop,phone_gyro,5,pre,0.607760158838,0.719066795136,0.430913668747,3
B4,2,persistent.drop.phone_gyro,drop,phone_gyro,15,fault,0.610549182456,0.726298990189,0.416044548594,3
B4,2,persistent.drop.phone_gyro,drop,phone_gyro,15,post,0.615668400596,0.726763598427,0.410817906332,3
B4,2,persistent.drop.phone_gyro,drop,phone_gyro,15,pre,0.607257061595,0.727011646971,0.418282044943,3
B4,2,persistent.drop.phone_gyro,drop,phone_gyro,30,fault,0.611425976092,0.736951968657,0.407448855886,3
B4,2,persistent.drop.phone_gyro,drop,phone_gyro,30,post,0.608311048591,0.727047641416,0.41817024129,3
B4,2,persistent.drop.phone_gyro,drop,phone_gyro,30,pre,0.609716542323,0.730495441523,0.407166865633,3
B4,2,persistent.drop.phone_state,drop,phone_state,5,fault,0.567044683035,0.677023570677,0.463324089687,3
B4,2,persistent.drop.phone_state,drop,phone_state,5,post,0.607956300294,0.719397453476,0.42381737359,3
B4,2,persistent.drop.phone_state,drop,phone_state,5,pre,0.607760158838,0.719066795136,0.430913668747,3
B4,2,persistent.drop.phone_state,drop,phone_state,15,fault,0.580735389939,0.679004056368,0.450956387211,3
B4,2,persistent.drop.phone_state,drop,phone_state,15,post,0.615668400596,0.726763598427,0.410817906332,3
B4,2,persistent.drop.phone_state,drop,phone_state,15,pre,0.607257061595,0.727011646971,0.418282044943,3
B4,2,persistent.drop.phone_state,drop,phone_state,30,fault,0.582486283701,0.685620033348,0.445210441054,3
B4,2,persistent.drop.phone_state,drop,phone_state,30,post,0.608311048591,0.727047641416,0.41817024129,3
B4,2,persistent.drop.phone_state,drop,phone_state,30,pre,0.609716542323,0.730495441523,0.407166865633,3
B4,2,persistent.drop.watch_acc,drop,watch_acc,5,fault,0.574500507391,0.709101347196,0.453431290687,3
B4,2,persistent.drop.watch_acc,drop,watch_acc,5,post,0.607956300294,0.719397453476,0.42381737359,3
B4,2,persistent.drop.watch_acc,drop,watch_acc,5,pre,0.607760158838,0.719066795136,0.430913668747,3
B4,2,persistent.drop.watch_acc,drop,watch_acc,15,fault,0.58888216217,0.719305941254,0.441764936793,3
B4,2,persistent.drop.watch_acc,drop,watch_acc,15,post,0.615668400596,0.726763598427,0.410817906332,3
B4,2,persistent.drop.watch_acc,drop,watch_acc,15,pre,0.607257061595,0.727011646971,0.418282044943,3
B4,2,persistent.drop.watch_acc,drop,watch_acc,30,fault,0.590720013358,0.728701389158,0.434410189739,3
B4,2,persistent.drop.watch_acc,drop,watch_acc,30,post,0.608311048591,0.727047641416,0.41817024129,3
B4,2,persistent.drop.watch_acc,drop,watch_acc,30,pre,0.609716542323,0.730495441523,0.407166865633,3
B4,2,persistent.gaussian_sigma_2.audio,gaussian_sigma_2,audio,5,fault,0.577244328101,0.688879381124,0.456702422001,3
B4,2,persistent.gaussian_sigma_2.audio,gaussian_sigma_2,audio,5,post,0.607956300294,0.719397453476,0.42381737359,3
B4,2,persistent.gaussian_sigma_2.audio,gaussian_sigma_2,audio,5,pre,0.607760158838,0.719066795136,0.430913668747,3
B4,2,persistent.gaussian_sigma_2.audio,gaussian_sigma_2,audio,15,fault,0.585483207294,0.691089508575,0.454815497973,3
B4,2,persistent.gaussian_sigma_2.audio,gaussian_sigma_2,audio,15,post,0.615668400596,0.726763598427,0.410817906332,3
B4,2,persistent.gaussian_sigma_2.audio,gaussian_sigma_2,audio,15,pre,0.607257061595,0.727011646971,0.418282044943,3
B4,2,persistent.gaussian_sigma_2.audio,gaussian_sigma_2,audio,30,fault,0.588621640336,0.700284479965,0.444481073285,3
B4,2,persistent.gaussian_sigma_2.audio,gaussian_sigma_2,audio,30,post,0.608311048591,0.727047641416,0.41817024129,3
B4,2,persistent.gaussian_sigma_2.audio,gaussian_sigma_2,audio,30,pre,0.609716542323,0.730495441523,0.407166865633,3
B4,2,persistent.gaussian_sigma_2.location,gaussian_sigma_2,location,5,fault,0.576061483396,0.697959782373,0.46905685013,3
B4,2,persistent.gaussian_sigma_2.location,gaussian_sigma_2,location,5,post,0.607956300294,0.719397453476,0.42381737359,3
B4,2,persistent.gaussian_sigma_2.location,gaussian_sigma_2,location,5,pre,0.607760158838,0.719066795136,0.430913668747,3
B4,2,persistent.gaussian_sigma_2.location,gaussian_sigma_2,location,15,fault,0.583179490459,0.702615914764,0.464271709833,3
B4,2,persistent.gaussian_sigma_2.location,gaussian_sigma_2,location,15,post,0.615668400596,0.726763598427,0.410817906332,3
B4,2,persistent.gaussian_sigma_2.location,gaussian_sigma_2,location,15,pre,0.607257061595,0.727011646971,0.418282044943,3
B4,2,persistent.gaussian_sigma_2.location,gaussian_sigma_2,location,30,fault,0.583705931418,0.712071184622,0.459073240633,3
B4,2,persistent.gaussian_sigma_2.location,gaussian_sigma_2,location,30,post,0.608311048591,0.727047641416,0.41817024129,3
B4,2,persistent.gaussian_sigma_2.location,gaussian_sigma_2,location,30,pre,0.609716542323,0.730495441523,0.407166865633,3
B4,2,persistent.gaussian_sigma_2.phone_acc,gaussian_sigma_2,phone_acc,5,fault,0.595330650138,0.712200320938,0.43606611389,3
B4,2,persistent.gaussian_sigma_2.phone_acc,gaussian_sigma_2,phone_acc,5,post,0.607956300294,0.719397453476,0.42381737359,3
B4,2,persistent.gaussian_sigma_2.phone_acc,gaussian_sigma_2,phone_acc,5,pre,0.607760158838,0.719066795136,0.430913668747,3
B4,2,persistent.gaussian_sigma_2.phone_acc,gaussian_sigma_2,phone_acc,15,fault,0.606340595395,0.718989802792,0.426088936455,3
B4,2,persistent.gaussian_sigma_2.phone_acc,gaussian_sigma_2,phone_acc,15,post,0.615668400596,0.726763598427,0.410817906332,3
B4,2,persistent.gaussian_sigma_2.phone_acc,gaussian_sigma_2,phone_acc,15,pre,0.607257061595,0.727011646971,0.418282044943,3
B4,2,persistent.gaussian_sigma_2.phone_acc,gaussian_sigma_2,phone_acc,30,fault,0.608465194222,0.727652358604,0.42168698386,3
B4,2,persistent.gaussian_sigma_2.phone_acc,gaussian_sigma_2,phone_acc,30,post,0.608311048591,0.727047641416,0.41817024129,3
B4,2,persistent.gaussian_sigma_2.phone_acc,gaussian_sigma_2,phone_acc,30,pre,0.609716542323,0.730495441523,0.407166865633,3
B4,2,persistent.gaussian_sigma_2.phone_gyro,gaussian_sigma_2,phone_gyro,5,fault,0.598719941944,0.715411404453,0.432525898666,3
B4,2,persistent.gaussian_sigma_2.phone_gyro,gaussian_sigma_2,phone_gyro,5,post,0.607956300294,0.719397453476,0.42381737359,3
B4,2,persistent.gaussian_sigma_2.phone_gyro,gaussian_sigma_2,phone_gyro,5,pre,0.607760158838,0.719066795136,0.430913668747,3
B4,2,persistent.gaussian_sigma_2.phone_gyro,gaussian_sigma_2,phone_gyro,15,fault,0.610133153094,0.721709130524,0.423472364978,3
B4,2,persistent.gaussian_sigma_2.phone_gyro,gaussian_sigma_2,phone_gyro,15,post,0.615668400596,0.726763598427,0.410817906332,3
B4,2,persistent.gaussian_sigma_2.phone_gyro,gaussian_sigma_2,phone_gyro,15,pre,0.607257061595,0.727011646971,0.418282044943,3
B4,2,persistent.gaussian_sigma_2.phone_gyro,gaussian_sigma_2,phone_gyro,30,fault,0.610997517613,0.73053568081,0.418291559677,3
B4,2,persistent.gaussian_sigma_2.phone_gyro,gaussian_sigma_2,phone_gyro,30,post,0.608311048591,0.727047641416,0.41817024129,3
B4,2,persistent.gaussian_sigma_2.phone_gyro,gaussian_sigma_2,phone_gyro,30,pre,0.609716542323,0.730495441523,0.407166865633,3
B4,2,persistent.gaussian_sigma_2.phone_state,gaussian_sigma_2,phone_state,5,fault,0.54627755356,0.660366254923,0.482431129079,3
B4,2,persistent.gaussian_sigma_2.phone_state,gaussian_sigma_2,phone_state,5,post,0.607956300294,0.719397453476,0.42381737359,3
B4,2,persistent.gaussian_sigma_2.phone_state,gaussian_sigma_2,phone_state,5,pre,0.607760158838,0.719066795136,0.430913668747,3
B4,2,persistent.gaussian_sigma_2.phone_state,gaussian_sigma_2,phone_state,15,fault,0.562174073215,0.664444550222,0.472267331841,3
B4,2,persistent.gaussian_sigma_2.phone_state,gaussian_sigma_2,phone_state,15,post,0.615668400596,0.726763598427,0.410817906332,3
B4,2,persistent.gaussian_sigma_2.phone_state,gaussian_sigma_2,phone_state,15,pre,0.607257061595,0.727011646971,0.418282044943,3
B4,2,persistent.gaussian_sigma_2.phone_state,gaussian_sigma_2,phone_state,30,fault,0.560052328975,0.670517784245,0.470813263195,3
B4,2,persistent.gaussian_sigma_2.phone_state,gaussian_sigma_2,phone_state,30,post,0.608311048591,0.727047641416,0.41817024129,3
B4,2,persistent.gaussian_sigma_2.phone_state,gaussian_sigma_2,phone_state,30,pre,0.609716542323,0.730495441523,0.407166865633,3
B4,2,persistent.gaussian_sigma_2.watch_acc,gaussian_sigma_2,watch_acc,5,fault,0.578541342483,0.696890341293,0.449296976064,3
B4,2,persistent.gaussian_sigma_2.watch_acc,gaussian_sigma_2,watch_acc,5,post,0.607956300294,0.719397453476,0.42381737359,3
B4,2,persistent.gaussian_sigma_2.watch_acc,gaussian_sigma_2,watch_acc,5,pre,0.607760158838,0.719066795136,0.430913668747,3
B4,2,persistent.gaussian_sigma_2.watch_acc,gaussian_sigma_2,watch_acc,15,fault,0.589275058077,0.703244345703,0.441728099743,3
B4,2,persistent.gaussian_sigma_2.watch_acc,gaussian_sigma_2,watch_acc,15,post,0.615668400596,0.726763598427,0.410817906332,3
B4,2,persistent.gaussian_sigma_2.watch_acc,gaussian_sigma_2,watch_acc,15,pre,0.607257061595,0.727011646971,0.418282044943,3
B4,2,persistent.gaussian_sigma_2.watch_acc,gaussian_sigma_2,watch_acc,30,fault,0.59082276108,0.712349032354,0.435238511946,3
B4,2,persistent.gaussian_sigma_2.watch_acc,gaussian_sigma_2,watch_acc,30,post,0.608311048591,0.727047641416,0.41817024129,3
B4,2,persistent.gaussian_sigma_2.watch_acc,gaussian_sigma_2,watch_acc,30,pre,0.609716542323,0.730495441523,0.407166865633,3
B4,3,persistent.drop.audio,drop,audio,5,fault,0.538474911066,0.682508133633,0.52237565233,3
B4,3,persistent.drop.audio,drop,audio,5,post,0.580036770399,0.72218154857,0.429389313941,3
B4,3,persistent.drop.audio,drop,audio,5,pre,0.563327490423,0.72078734149,0.432677343841,3
B4,3,persistent.drop.audio,drop,audio,15,fault,0.556518957647,0.699815372218,0.486199322337,3
B4,3,persistent.drop.audio,drop,audio,15,post,0.569948858634,0.736039513088,0.407860460967,3
B4,3,persistent.drop.audio,drop,audio,15,pre,0.572011247355,0.733367533576,0.406933768176,3
B4,3,persistent.drop.audio,drop,audio,30,fault,0.533954729681,0.691340924771,0.464798314431,3
B4,3,persistent.drop.audio,drop,audio,30,post,0.610198735224,0.752115100726,0.388185634621,3
B4,3,persistent.drop.audio,drop,audio,30,pre,0.575102975315,0.74027994848,0.389744265061,3
B4,3,persistent.drop.location,drop,location,5,fault,0.560106443811,0.714704674446,0.504140447004,3
B4,3,persistent.drop.location,drop,location,5,post,0.580036770399,0.72218154857,0.429389313941,3
B4,3,persistent.drop.location,drop,location,5,pre,0.563327490423,0.72078734149,0.432677343841,3
B4,3,persistent.drop.location,drop,location,15,fault,0.584314921013,0.743785451847,0.475890856178,3
B4,3,persistent.drop.location,drop,location,15,post,0.569948858634,0.736039513088,0.407860460967,3
B4,3,persistent.drop.location,drop,location,15,pre,0.572011247355,0.733367533576,0.406933768176,3
B4,3,persistent.drop.location,drop,location,30,fault,0.576613647894,0.74676019842,0.458542715232,3
B4,3,persistent.drop.location,drop,location,30,post,0.610198735224,0.752115100726,0.388185634621,3
B4,3,persistent.drop.location,drop,location,30,pre,0.575102975315,0.74027994848,0.389744265061,3
B4,3,persistent.drop.phone_acc,drop,phone_acc,5,fault,0.575593058873,0.721812340358,0.428694492417,3
B4,3,persistent.drop.phone_acc,drop,phone_acc,5,post,0.580036770399,0.72218154857,0.429389313941,3
B4,3,persistent.drop.phone_acc,drop,phone_acc,5,pre,0.563327490423,0.72078734149,0.432677343841,3
B4,3,persistent.drop.phone_acc,drop,phone_acc,15,fault,0.594401811076,0.737633466052,0.41578917698,3
B4,3,persistent.drop.phone_acc,drop,phone_acc,15,post,0.569948858634,0.736039513088,0.407860460967,3
B4,3,persistent.drop.phone_acc,drop,phone_acc,15,pre,0.572011247355,0.733367533576,0.406933768176,3
B4,3,persistent.drop.phone_acc,drop,phone_acc,30,fault,0.573543952545,0.739099068302,0.401412003617,3
B4,3,persistent.drop.phone_acc,drop,phone_acc,30,post,0.610198735224,0.752115100726,0.388185634621,3
B4,3,persistent.drop.phone_acc,drop,phone_acc,30,pre,0.575102975315,0.74027994848,0.389744265061,3
B4,3,persistent.drop.phone_gyro,drop,phone_gyro,5,fault,0.568332258251,0.722161840285,0.42809435867,3
B4,3,persistent.drop.phone_gyro,drop,phone_gyro,5,post,0.580036770399,0.72218154857,0.429389313941,3
B4,3,persistent.drop.phone_gyro,drop,phone_gyro,5,pre,0.563327490423,0.72078734149,0.432677343841,3
B4,3,persistent.drop.phone_gyro,drop,phone_gyro,15,fault,0.589456432214,0.741388414876,0.407243194837,3
B4,3,persistent.drop.phone_gyro,drop,phone_gyro,15,post,0.569948858634,0.736039513088,0.407860460967,3
B4,3,persistent.drop.phone_gyro,drop,phone_gyro,15,pre,0.572011247355,0.733367533576,0.406933768176,3
B4,3,persistent.drop.phone_gyro,drop,phone_gyro,30,fault,0.568123653346,0.741017871076,0.385576902978,3
B4,3,persistent.drop.phone_gyro,drop,phone_gyro,30,post,0.610198735224,0.752115100726,0.388185634621,3
B4,3,persistent.drop.phone_gyro,drop,phone_gyro,30,pre,0.575102975315,0.74027994848,0.389744265061,3
B4,3,persistent.drop.phone_state,drop,phone_state,5,fault,0.538802721015,0.670112143158,0.493858290961,3
B4,3,persistent.drop.phone_state,drop,phone_state,5,post,0.580036770399,0.72218154857,0.429389313941,3
B4,3,persistent.drop.phone_state,drop,phone_state,5,pre,0.563327490423,0.72078734149,0.432677343841,3
B4,3,persistent.drop.phone_state,drop,phone_state,15,fault,0.550854071285,0.686239422419,0.478106831731,3
B4,3,persistent.drop.phone_state,drop,phone_state,15,post,0.569948858634,0.736039513088,0.407860460967,3
B4,3,persistent.drop.phone_state,drop,phone_state,15,pre,0.572011247355,0.733367533576,0.406933768176,3
B4,3,persistent.drop.phone_state,drop,phone_state,30,fault,0.53058561769,0.679708291422,0.462508273017,3
B4,3,persistent.drop.phone_state,drop,phone_state,30,post,0.610198735224,0.752115100726,0.388185634621,3
B4,3,persistent.drop.phone_state,drop,phone_state,30,pre,0.575102975315,0.74027994848,0.389744265061,3
B4,3,persistent.drop.watch_acc,drop,watch_acc,5,fault,0.543893279734,0.707465120768,0.436587481378,3
B4,3,persistent.drop.watch_acc,drop,watch_acc,5,post,0.580036770399,0.72218154857,0.429389313941,3
B4,3,persistent.drop.watch_acc,drop,watch_acc,5,pre,0.563327490423,0.72078734149,0.432677343841,3
B4,3,persistent.drop.watch_acc,drop,watch_acc,15,fault,0.575875397143,0.7303760044,0.414555281921,3
B4,3,persistent.drop.watch_acc,drop,watch_acc,15,post,0.569948858634,0.736039513088,0.407860460967,3
B4,3,persistent.drop.watch_acc,drop,watch_acc,15,pre,0.572011247355,0.733367533576,0.406933768176,3
B4,3,persistent.drop.watch_acc,drop,watch_acc,30,fault,0.556920483997,0.731904397919,0.394334037689,3
B4,3,persistent.drop.watch_acc,drop,watch_acc,30,post,0.610198735224,0.752115100726,0.388185634621,3
B4,3,persistent.drop.watch_acc,drop,watch_acc,30,pre,0.575102975315,0.74027994848,0.389744265061,3
B4,3,persistent.gaussian_sigma_2.audio,gaussian_sigma_2,audio,5,fault,0.528583265936,0.674906983435,0.499554468252,3
B4,3,persistent.gaussian_sigma_2.audio,gaussian_sigma_2,audio,5,post,0.580036770399,0.72218154857,0.429389313941,3
B4,3,persistent.gaussian_sigma_2.audio,gaussian_sigma_2,audio,5,pre,0.563327490423,0.72078734149,0.432677343841,3
B4,3,persistent.gaussian_sigma_2.audio,gaussian_sigma_2,audio,15,fault,0.551166087705,0.690902579392,0.46498057945,3
B4,3,persistent.gaussian_sigma_2.audio,gaussian_sigma_2,audio,15,post,0.569948858634,0.736039513088,0.407860460967,3
B4,3,persistent.gaussian_sigma_2.audio,gaussian_sigma_2,audio,15,pre,0.572011247355,0.733367533576,0.406933768176,3
B4,3,persistent.gaussian_sigma_2.audio,gaussian_sigma_2,audio,30,fault,0.528913496726,0.689420787847,0.443949742505,3
B4,3,persistent.gaussian_sigma_2.audio,gaussian_sigma_2,audio,30,post,0.610198735224,0.752115100726,0.388185634621,3
B4,3,persistent.gaussian_sigma_2.audio,gaussian_sigma_2,audio,30,pre,0.575102975315,0.74027994848,0.389744265061,3
B4,3,persistent.gaussian_sigma_2.location,gaussian_sigma_2,location,5,fault,0.564355355699,0.708333853211,0.472770975319,3
B4,3,persistent.gaussian_sigma_2.location,gaussian_sigma_2,location,5,post,0.580036770399,0.72218154857,0.429389313941,3
B4,3,persistent.gaussian_sigma_2.location,gaussian_sigma_2,location,5,pre,0.563327490423,0.72078734149,0.432677343841,3
B4,3,persistent.gaussian_sigma_2.location,gaussian_sigma_2,location,15,fault,0.579695009963,0.730550599659,0.434615604124,3
B4,3,persistent.gaussian_sigma_2.location,gaussian_sigma_2,location,15,post,0.569948858634,0.736039513088,0.407860460967,3
B4,3,persistent.gaussian_sigma_2.location,gaussian_sigma_2,location,15,pre,0.572011247355,0.733367533576,0.406933768176,3
B4,3,persistent.gaussian_sigma_2.location,gaussian_sigma_2,location,30,fault,0.563903031911,0.731258817596,0.410934730749,3
B4,3,persistent.gaussian_sigma_2.location,gaussian_sigma_2,location,30,post,0.610198735224,0.752115100726,0.388185634621,3
B4,3,persistent.gaussian_sigma_2.location,gaussian_sigma_2,location,30,pre,0.575102975315,0.74027994848,0.389744265061,3
B4,3,persistent.gaussian_sigma_2.phone_acc,gaussian_sigma_2,phone_acc,5,fault,0.572970121739,0.714681048586,0.430609582592,3
B4,3,persistent.gaussian_sigma_2.phone_acc,gaussian_sigma_2,phone_acc,5,post,0.580036770399,0.72218154857,0.429389313941,3
B4,3,persistent.gaussian_sigma_2.phone_acc,gaussian_sigma_2,phone_acc,5,pre,0.563327490423,0.72078734149,0.432677343841,3
B4,3,persistent.gaussian_sigma_2.phone_acc,gaussian_sigma_2,phone_acc,15,fault,0.589968804306,0.731909301499,0.408818582541,3
B4,3,persistent.gaussian_sigma_2.phone_acc,gaussian_sigma_2,phone_acc,15,post,0.569948858634,0.736039513088,0.407860460967,3
B4,3,persistent.gaussian_sigma_2.phone_acc,gaussian_sigma_2,phone_acc,15,pre,0.572011247355,0.733367533576,0.406933768176,3
B4,3,persistent.gaussian_sigma_2.phone_acc,gaussian_sigma_2,phone_acc,30,fault,0.569062511042,0.734827843059,0.386932163221,3
B4,3,persistent.gaussian_sigma_2.phone_acc,gaussian_sigma_2,phone_acc,30,post,0.610198735224,0.752115100726,0.388185634621,3
B4,3,persistent.gaussian_sigma_2.phone_acc,gaussian_sigma_2,phone_acc,30,pre,0.575102975315,0.74027994848,0.389744265061,3
B4,3,persistent.gaussian_sigma_2.phone_gyro,gaussian_sigma_2,phone_gyro,5,fault,0.580159022287,0.720059304768,0.431128828213,3
B4,3,persistent.gaussian_sigma_2.phone_gyro,gaussian_sigma_2,phone_gyro,5,post,0.580036770399,0.72218154857,0.429389313941,3
B4,3,persistent.gaussian_sigma_2.phone_gyro,gaussian_sigma_2,phone_gyro,5,pre,0.563327490423,0.72078734149,0.432677343841,3
B4,3,persistent.gaussian_sigma_2.phone_gyro,gaussian_sigma_2,phone_gyro,15,fault,0.600394628343,0.740081311764,0.400236724041,3
B4,3,persistent.gaussian_sigma_2.phone_gyro,gaussian_sigma_2,phone_gyro,15,post,0.569948858634,0.736039513088,0.407860460967,3
B4,3,persistent.gaussian_sigma_2.phone_gyro,gaussian_sigma_2,phone_gyro,15,pre,0.572011247355,0.733367533576,0.406933768176,3
B4,3,persistent.gaussian_sigma_2.phone_gyro,gaussian_sigma_2,phone_gyro,30,fault,0.575603789893,0.741006159816,0.371307982332,3
B4,3,persistent.gaussian_sigma_2.phone_gyro,gaussian_sigma_2,phone_gyro,30,post,0.610198735224,0.752115100726,0.388185634621,3
B4,3,persistent.gaussian_sigma_2.phone_gyro,gaussian_sigma_2,phone_gyro,30,pre,0.575102975315,0.74027994848,0.389744265061,3
B4,3,persistent.gaussian_sigma_2.phone_state,gaussian_sigma_2,phone_state,5,fault,0.503187565047,0.651508139689,0.490624579218,3
B4,3,persistent.gaussian_sigma_2.phone_state,gaussian_sigma_2,phone_state,5,post,0.580036770399,0.72218154857,0.429389313941,3
B4,3,persistent.gaussian_sigma_2.phone_state,gaussian_sigma_2,phone_state,5,pre,0.563327490423,0.72078734149,0.432677343841,3
B4,3,persistent.gaussian_sigma_2.phone_state,gaussian_sigma_2,phone_state,15,fault,0.530094345436,0.66876428257,0.473949842151,3
B4,3,persistent.gaussian_sigma_2.phone_state,gaussian_sigma_2,phone_state,15,post,0.569948858634,0.736039513088,0.407860460967,3
B4,3,persistent.gaussian_sigma_2.phone_state,gaussian_sigma_2,phone_state,15,pre,0.572011247355,0.733367533576,0.406933768176,3
B4,3,persistent.gaussian_sigma_2.phone_state,gaussian_sigma_2,phone_state,30,fault,0.511488789024,0.664362968431,0.461310171449,3
B4,3,persistent.gaussian_sigma_2.phone_state,gaussian_sigma_2,phone_state,30,post,0.610198735224,0.752115100726,0.388185634621,3
B4,3,persistent.gaussian_sigma_2.phone_state,gaussian_sigma_2,phone_state,30,pre,0.575102975315,0.74027994848,0.389744265061,3
B4,3,persistent.gaussian_sigma_2.watch_acc,gaussian_sigma_2,watch_acc,5,fault,0.548525005521,0.698020976426,0.440734612162,3
B4,3,persistent.gaussian_sigma_2.watch_acc,gaussian_sigma_2,watch_acc,5,post,0.580036770399,0.72218154857,0.429389313941,3
B4,3,persistent.gaussian_sigma_2.watch_acc,gaussian_sigma_2,watch_acc,5,pre,0.563327490423,0.72078734149,0.432677343841,3
B4,3,persistent.gaussian_sigma_2.watch_acc,gaussian_sigma_2,watch_acc,15,fault,0.572368130467,0.716035924678,0.421844633079,3
B4,3,persistent.gaussian_sigma_2.watch_acc,gaussian_sigma_2,watch_acc,15,post,0.569948858634,0.736039513088,0.407860460967,3
B4,3,persistent.gaussian_sigma_2.watch_acc,gaussian_sigma_2,watch_acc,15,pre,0.572011247355,0.733367533576,0.406933768176,3
B4,3,persistent.gaussian_sigma_2.watch_acc,gaussian_sigma_2,watch_acc,30,fault,0.554141992898,0.716829275222,0.408449127647,3
B4,3,persistent.gaussian_sigma_2.watch_acc,gaussian_sigma_2,watch_acc,30,post,0.610198735224,0.752115100726,0.388185634621,3
B4,3,persistent.gaussian_sigma_2.watch_acc,gaussian_sigma_2,watch_acc,30,pre,0.575102975315,0.74027994848,0.389744265061,3
B4,4,persistent.drop.audio,drop,audio,5,fault,0.644036061365,0.674628471015,0.504298977323,3
B4,4,persistent.drop.audio,drop,audio,5,post,0.653689536217,0.67154202454,0.454590874141,3
B4,4,persistent.drop.audio,drop,audio,5,pre,0.662097418499,0.679913172789,0.430481635196,3
B4,4,persistent.drop.audio,drop,audio,15,fault,0.662179035241,0.704893663503,0.436147251698,3
B4,4,persistent.drop.audio,drop,audio,15,post,0.69418113557,0.709323274618,0.382798690161,3
B4,4,persistent.drop.audio,drop,audio,15,pre,0.667034535915,0.694223856061,0.408428229624,3
B4,4,persistent.drop.audio,drop,audio,30,fault,0.630242199075,0.73019973078,0.425548158075,3
B4,4,persistent.drop.audio,drop,audio,30,post,0.68282296293,0.726411778593,0.368414274541,3
B4,4,persistent.drop.audio,drop,audio,30,pre,0.6915367316,0.735384937445,0.358217765385,3
B4,4,persistent.drop.location,drop,location,5,fault,0.623037471578,0.648180599909,0.424688245628,3
B4,4,persistent.drop.location,drop,location,5,post,0.653689536217,0.67154202454,0.454590874141,3
B4,4,persistent.drop.location,drop,location,5,pre,0.662097418499,0.679913172789,0.430481635196,3
B4,4,persistent.drop.location,drop,location,15,fault,0.62216423142,0.66635397219,0.410200164251,3
B4,4,persistent.drop.location,drop,location,15,post,0.69418113557,0.709323274618,0.382798690161,3
B4,4,persistent.drop.location,drop,location,15,pre,0.667034535915,0.694223856061,0.408428229624,3
B4,4,persistent.drop.location,drop,location,30,fault,0.61401216611,0.688456544577,0.39468809496,3
B4,4,persistent.drop.location,drop,location,30,post,0.68282296293,0.726411778593,0.368414274541,3
B4,4,persistent.drop.location,drop,location,30,pre,0.6915367316,0.735384937445,0.358217765385,3
B4,4,persistent.drop.phone_acc,drop,phone_acc,5,fault,0.658219836803,0.671935011522,0.462164065108,3
B4,4,persistent.drop.phone_acc,drop,phone_acc,5,post,0.653689536217,0.67154202454,0.454590874141,3
B4,4,persistent.drop.phone_acc,drop,phone_acc,5,pre,0.662097418499,0.679913172789,0.430481635196,3
B4,4,persistent.drop.phone_acc,drop,phone_acc,15,fault,0.674568599768,0.700248036913,0.406701847505,3
B4,4,persistent.drop.phone_acc,drop,phone_acc,15,post,0.69418113557,0.709323274618,0.382798690161,3
B4,4,persistent.drop.phone_acc,drop,phone_acc,15,pre,0.667034535915,0.694223856061,0.408428229624,3
B4,4,persistent.drop.phone_acc,drop,phone_acc,30,fault,0.648749317046,0.719072212099,0.387444502538,3
B4,4,persistent.drop.phone_acc,drop,phone_acc,30,post,0.68282296293,0.726411778593,0.368414274541,3
B4,4,persistent.drop.phone_acc,drop,phone_acc,30,pre,0.6915367316,0.735384937445,0.358217765385,3
B4,4,persistent.drop.phone_gyro,drop,phone_gyro,5,fault,0.649407781315,0.67046679079,0.448427791987,3
B4,4,persistent.drop.phone_gyro,drop,phone_gyro,5,post,0.653689536217,0.67154202454,0.454590874141,3
B4,4,persistent.drop.phone_gyro,drop,phone_gyro,5,pre,0.662097418499,0.679913172789,0.430481635196,3
B4,4,persistent.drop.phone_gyro,drop,phone_gyro,15,fault,0.66295170311,0.700721091469,0.397217213672,3
B4,4,persistent.drop.phone_gyro,drop,phone_gyro,15,post,0.69418113557,0.709323274618,0.382798690161,3
B4,4,persistent.drop.phone_gyro,drop,phone_gyro,15,pre,0.667034535915,0.694223856061,0.408428229624,3
B4,4,persistent.drop.phone_gyro,drop,phone_gyro,30,fault,0.658647134345,0.724735690687,0.382515009965,3
B4,4,persistent.drop.phone_gyro,drop,phone_gyro,30,post,0.68282296293,0.726411778593,0.368414274541,3
B4,4,persistent.drop.phone_gyro,drop,phone_gyro,30,pre,0.6915367316,0.735384937445,0.358217765385,3
B4,4,persistent.drop.phone_state,drop,phone_state,5,fault,0.622679553692,0.643979808617,0.48348127872,3
B4,4,persistent.drop.phone_state,drop,phone_state,5,post,0.653689536217,0.67154202454,0.454590874141,3
B4,4,persistent.drop.phone_state,drop,phone_state,5,pre,0.662097418499,0.679913172789,0.430481635196,3
B4,4,persistent.drop.phone_state,drop,phone_state,15,fault,0.655551993273,0.689564494313,0.404915851331,3
B4,4,persistent.drop.phone_state,drop,phone_state,15,post,0.69418113557,0.709323274618,0.382798690161,3
B4,4,persistent.drop.phone_state,drop,phone_state,15,pre,0.667034535915,0.694223856061,0.408428229624,3
B4,4,persistent.drop.phone_state,drop,phone_state,30,fault,0.653222294063,0.716559405091,0.378197327188,3
B4,4,persistent.drop.phone_state,drop,phone_state,30,post,0.68282296293,0.726411778593,0.368414274541,3
B4,4,persistent.drop.phone_state,drop,phone_state,30,pre,0.6915367316,0.735384937445,0.358217765385,3
B4,4,persistent.drop.watch_acc,drop,watch_acc,5,fault,0.611308794175,0.640267076343,0.49384711682,3
B4,4,persistent.drop.watch_acc,drop,watch_acc,5,post,0.653689536217,0.67154202454,0.454590874141,3
B4,4,persistent.drop.watch_acc,drop,watch_acc,5,pre,0.662097418499,0.679913172789,0.430481635196,3
B4,4,persistent.drop.watch_acc,drop,watch_acc,15,fault,0.612224788925,0.664908937959,0.453130557595,3
B4,4,persistent.drop.watch_acc,drop,watch_acc,15,post,0.69418113557,0.709323274618,0.382798690161,3
B4,4,persistent.drop.watch_acc,drop,watch_acc,15,pre,0.667034535915,0.694223856061,0.408428229624,3
B4,4,persistent.drop.watch_acc,drop,watch_acc,30,fault,0.587073557352,0.684961733844,0.429102153943,3
B4,4,persistent.drop.watch_acc,drop,watch_acc,30,post,0.68282296293,0.726411778593,0.368414274541,3
B4,4,persistent.drop.watch_acc,drop,watch_acc,30,pre,0.6915367316,0.735384937445,0.358217765385,3
B4,4,persistent.gaussian_sigma_2.audio,gaussian_sigma_2,audio,5,fault,0.628911254728,0.645612093072,0.474691675668,3
B4,4,persistent.gaussian_sigma_2.audio,gaussian_sigma_2,audio,5,post,0.653689536217,0.67154202454,0.454590874141,3
B4,4,persistent.gaussian_sigma_2.audio,gaussian_sigma_2,audio,5,pre,0.662097418499,0.679913172789,0.430481635196,3
B4,4,persistent.gaussian_sigma_2.audio,gaussian_sigma_2,audio,15,fault,0.64547070249,0.67553990319,0.422775780049,3
B4,4,persistent.gaussian_sigma_2.audio,gaussian_sigma_2,audio,15,post,0.69418113557,0.709323274618,0.382798690161,3
B4,4,persistent.gaussian_sigma_2.audio,gaussian_sigma_2,audio,15,pre,0.667034535915,0.694223856061,0.408428229624,3
B4,4,persistent.gaussian_sigma_2.audio,gaussian_sigma_2,audio,30,fault,0.631582707676,0.707794104561,0.396748957717,3
B4,4,persistent.gaussian_sigma_2.audio,gaussian_sigma_2,audio,30,post,0.68282296293,0.726411778593,0.368414274541,3
B4,4,persistent.gaussian_sigma_2.audio,gaussian_sigma_2,audio,30,pre,0.6915367316,0.735384937445,0.358217765385,3
B4,4,persistent.gaussian_sigma_2.location,gaussian_sigma_2,location,5,fault,0.639305233314,0.643209353284,0.462618856749,3
B4,4,persistent.gaussian_sigma_2.location,gaussian_sigma_2,location,5,post,0.653689536217,0.67154202454,0.454590874141,3
B4,4,persistent.gaussian_sigma_2.location,gaussian_sigma_2,location,5,pre,0.662097418499,0.679913172789,0.430481635196,3
B4,4,persistent.gaussian_sigma_2.location,gaussian_sigma_2,location,15,fault,0.650313214596,0.672276955142,0.427146618487,3
B4,4,persistent.gaussian_sigma_2.location,gaussian_sigma_2,location,15,post,0.69418113557,0.709323274618,0.382798690161,3
B4,4,persistent.gaussian_sigma_2.location,gaussian_sigma_2,location,15,pre,0.667034535915,0.694223856061,0.408428229624,3
B4,4,persistent.gaussian_sigma_2.location,gaussian_sigma_2,location,30,fault,0.634195507519,0.693855329139,0.40354419632,3
B4,4,persistent.gaussian_sigma_2.location,gaussian_sigma_2,location,30,post,0.68282296293,0.726411778593,0.368414274541,3
B4,4,persistent.gaussian_sigma_2.location,gaussian_sigma_2,location,30,pre,0.6915367316,0.735384937445,0.358217765385,3
B4,4,persistent.gaussian_sigma_2.phone_acc,gaussian_sigma_2,phone_acc,5,fault,0.657268896669,0.66930917247,0.44914954215,3
B4,4,persistent.gaussian_sigma_2.phone_acc,gaussian_sigma_2,phone_acc,5,post,0.653689536217,0.67154202454,0.454590874141,3
B4,4,persistent.gaussian_sigma_2.phone_acc,gaussian_sigma_2,phone_acc,5,pre,0.662097418499,0.679913172789,0.430481635196,3
B4,4,persistent.gaussian_sigma_2.phone_acc,gaussian_sigma_2,phone_acc,15,fault,0.67167294472,0.699408155259,0.395182316619,3
B4,4,persistent.gaussian_sigma_2.phone_acc,gaussian_sigma_2,phone_acc,15,post,0.69418113557,0.709323274618,0.382798690161,3
B4,4,persistent.gaussian_sigma_2.phone_acc,gaussian_sigma_2,phone_acc,15,pre,0.667034535915,0.694223856061,0.408428229624,3
B4,4,persistent.gaussian_sigma_2.phone_acc,gaussian_sigma_2,phone_acc,30,fault,0.656874349473,0.721691221951,0.375990842362,3
B4,4,persistent.gaussian_sigma_2.phone_acc,gaussian_sigma_2,phone_acc,30,post,0.68282296293,0.726411778593,0.368414274541,3
B4,4,persistent.gaussian_sigma_2.phone_acc,gaussian_sigma_2,phone_acc,30,pre,0.6915367316,0.735384937445,0.358217765385,3
B4,4,persistent.gaussian_sigma_2.phone_gyro,gaussian_sigma_2,phone_gyro,5,fault,0.659586294403,0.673477872464,0.447366077458,3
B4,4,persistent.gaussian_sigma_2.phone_gyro,gaussian_sigma_2,phone_gyro,5,post,0.653689536217,0.67154202454,0.454590874141,3
B4,4,persistent.gaussian_sigma_2.phone_gyro,gaussian_sigma_2,phone_gyro,5,pre,0.662097418499,0.679913172789,0.430481635196,3
B4,4,persistent.gaussian_sigma_2.phone_gyro,gaussian_sigma_2,phone_gyro,15,fault,0.67033251242,0.702385923699,0.396092089875,3
B4,4,persistent.gaussian_sigma_2.phone_gyro,gaussian_sigma_2,phone_gyro,15,post,0.69418113557,0.709323274618,0.382798690161,3
B4,4,persistent.gaussian_sigma_2.phone_gyro,gaussian_sigma_2,phone_gyro,15,pre,0.667034535915,0.694223856061,0.408428229624,3
B4,4,persistent.gaussian_sigma_2.phone_gyro,gaussian_sigma_2,phone_gyro,30,fault,0.661013914885,0.730315155761,0.374423566323,3
B4,4,persistent.gaussian_sigma_2.phone_gyro,gaussian_sigma_2,phone_gyro,30,post,0.68282296293,0.726411778593,0.368414274541,3
B4,4,persistent.gaussian_sigma_2.phone_gyro,gaussian_sigma_2,phone_gyro,30,pre,0.6915367316,0.735384937445,0.358217765385,3
B4,4,persistent.gaussian_sigma_2.phone_state,gaussian_sigma_2,phone_state,5,fault,0.599390625323,0.617440021128,0.476381103525,3
B4,4,persistent.gaussian_sigma_2.phone_state,gaussian_sigma_2,phone_state,5,post,0.653689536217,0.67154202454,0.454590874141,3
B4,4,persistent.gaussian_sigma_2.phone_state,gaussian_sigma_2,phone_state,5,pre,0.662097418499,0.679913172789,0.430481635196,3
B4,4,persistent.gaussian_sigma_2.phone_state,gaussian_sigma_2,phone_state,15,fault,0.62167632963,0.656106650678,0.418788210814,3
B4,4,persistent.gaussian_sigma_2.phone_state,gaussian_sigma_2,phone_state,15,post,0.69418113557,0.709323274618,0.382798690161,3
B4,4,persistent.gaussian_sigma_2.phone_state,gaussian_sigma_2,phone_state,15,pre,0.667034535915,0.694223856061,0.408428229624,3
B4,4,persistent.gaussian_sigma_2.phone_state,gaussian_sigma_2,phone_state,30,fault,0.635580393045,0.689865757491,0.391648383377,3
B4,4,persistent.gaussian_sigma_2.phone_state,gaussian_sigma_2,phone_state,30,post,0.68282296293,0.726411778593,0.368414274541,3
B4,4,persistent.gaussian_sigma_2.phone_state,gaussian_sigma_2,phone_state,30,pre,0.6915367316,0.735384937445,0.358217765385,3
B4,4,persistent.gaussian_sigma_2.watch_acc,gaussian_sigma_2,watch_acc,5,fault,0.631622210278,0.650875212535,0.463493042253,3
B4,4,persistent.gaussian_sigma_2.watch_acc,gaussian_sigma_2,watch_acc,5,post,0.653689536217,0.67154202454,0.454590874141,3
B4,4,persistent.gaussian_sigma_2.watch_acc,gaussian_sigma_2,watch_acc,5,pre,0.662097418499,0.679913172789,0.430481635196,3
B4,4,persistent.gaussian_sigma_2.watch_acc,gaussian_sigma_2,watch_acc,15,fault,0.642584037502,0.681481652872,0.41278726024,3
B4,4,persistent.gaussian_sigma_2.watch_acc,gaussian_sigma_2,watch_acc,15,post,0.69418113557,0.709323274618,0.382798690161,3
B4,4,persistent.gaussian_sigma_2.watch_acc,gaussian_sigma_2,watch_acc,15,pre,0.667034535915,0.694223856061,0.408428229624,3
B4,4,persistent.gaussian_sigma_2.watch_acc,gaussian_sigma_2,watch_acc,30,fault,0.610835407745,0.702004131882,0.395299817503,3
B4,4,persistent.gaussian_sigma_2.watch_acc,gaussian_sigma_2,watch_acc,30,post,0.68282296293,0.726411778593,0.368414274541,3
B4,4,persistent.gaussian_sigma_2.watch_acc,gaussian_sigma_2,watch_acc,30,pre,0.6915367316,0.735384937445,0.358217765385,3
B5,0,persistent.drop.audio,drop,audio,5,fault,0.573618086915,0.730743717513,0.38172823966,3
B5,0,persistent.drop.audio,drop,audio,5,post,0.581336706323,0.747150966887,0.353706285158,3
B5,0,persistent.drop.audio,drop,audio,5,pre,0.596049667164,0.748210420196,0.352410524827,3
B5,0,persistent.drop.audio,drop,audio,15,fault,0.592229607382,0.75401189595,0.349593279887,3
B5,0,persistent.drop.audio,drop,audio,15,post,0.595460662846,0.769345217292,0.330862657204,3
B5,0,persistent.drop.audio,drop,audio,15,pre,0.611136399953,0.775928678646,0.313809733332,3
B5,0,persistent.drop.audio,drop,audio,30,fault,0.586582771032,0.782763563751,0.323451865619,3
B5,0,persistent.drop.audio,drop,audio,30,post,0.613863481139,0.803500274221,0.29613001984,3
B5,0,persistent.drop.audio,drop,audio,30,pre,0.595463503234,0.79319127626,0.309377088405,3
B5,0,persistent.drop.location,drop,location,5,fault,0.568673171899,0.724430313344,0.411002809088,3
B5,0,persistent.drop.location,drop,location,5,post,0.581336706323,0.747150966887,0.353706285158,3
B5,0,persistent.drop.location,drop,location,5,pre,0.596049667164,0.748210420196,0.352410524827,3
B5,0,persistent.drop.location,drop,location,15,fault,0.57657427294,0.741293307169,0.370595317339,3
B5,0,persistent.drop.location,drop,location,15,post,0.595460662846,0.769345217292,0.330862657204,3
B5,0,persistent.drop.location,drop,location,15,pre,0.611136399953,0.775928678646,0.313809733332,3
B5,0,persistent.drop.location,drop,location,30,fault,0.568583841688,0.766154981354,0.350260385032,3
B5,0,persistent.drop.location,drop,location,30,post,0.613863481139,0.803500274221,0.29613001984,3
B5,0,persistent.drop.location,drop,location,30,pre,0.595463503234,0.79319127626,0.309377088405,3
B5,0,persistent.drop.phone_acc,drop,phone_acc,5,fault,0.584494148764,0.746622844164,0.35098194674,3
B5,0,persistent.drop.phone_acc,drop,phone_acc,5,post,0.581336706323,0.747150966887,0.353706285158,3
B5,0,persistent.drop.phone_acc,drop,phone_acc,5,pre,0.596049667164,0.748210420196,0.352410524827,3
B5,0,persistent.drop.phone_acc,drop,phone_acc,15,fault,0.593474665926,0.766406483797,0.327339325035,3
B5,0,persistent.drop.phone_acc,drop,phone_acc,15,post,0.595460662846,0.769345217292,0.330862657204,3
B5,0,persistent.drop.phone_acc,drop,phone_acc,15,pre,0.611136399953,0.775928678646,0.313809733332,3
B5,0,persistent.drop.phone_acc,drop,phone_acc,30,fault,0.586571896381,0.79112147785,0.300617870818,3
B5,0,persistent.drop.phone_acc,drop,phone_acc,30,post,0.613863481139,0.803500274221,0.29613001984,3
B5,0,persistent.drop.phone_acc,drop,phone_acc,30,pre,0.595463503234,0.79319127626,0.309377088405,3
B5,0,persistent.drop.phone_gyro,drop,phone_gyro,5,fault,0.583467703966,0.75030065661,0.358068473845,3
B5,0,persistent.drop.phone_gyro,drop,phone_gyro,5,post,0.581336706323,0.747150966887,0.353706285158,3
B5,0,persistent.drop.phone_gyro,drop,phone_gyro,5,pre,0.596049667164,0.748210420196,0.352410524827,3
B5,0,persistent.drop.phone_gyro,drop,phone_gyro,15,fault,0.5927204831,0.768680985759,0.328373949013,3
B5,0,persistent.drop.phone_gyro,drop,phone_gyro,15,post,0.595460662846,0.769345217292,0.330862657204,3
B5,0,persistent.drop.phone_gyro,drop,phone_gyro,15,pre,0.611136399953,0.775928678646,0.313809733332,3
B5,0,persistent.drop.phone_gyro,drop,phone_gyro,30,fault,0.590218464552,0.794499510826,0.30226167441,3
B5,0,persistent.drop.phone_gyro,drop,phone_gyro,30,post,0.613863481139,0.803500274221,0.29613001984,3
B5,0,persistent.drop.phone_gyro,drop,phone_gyro,30,pre,0.595463503234,0.79319127626,0.309377088405,3
B5,0,persistent.drop.phone_state,drop,phone_state,5,fault,0.559482634612,0.718171793331,0.3856533861,3
B5,0,persistent.drop.phone_state,drop,phone_state,5,post,0.581336706323,0.747150966887,0.353706285158,3
B5,0,persistent.drop.phone_state,drop,phone_state,5,pre,0.596049667164,0.748210420196,0.352410524827,3
B5,0,persistent.drop.phone_state,drop,phone_state,15,fault,0.575030547804,0.744545035521,0.348329057847,3
B5,0,persistent.drop.phone_state,drop,phone_state,15,post,0.595460662846,0.769345217292,0.330862657204,3
B5,0,persistent.drop.phone_state,drop,phone_state,15,pre,0.611136399953,0.775928678646,0.313809733332,3
B5,0,persistent.drop.phone_state,drop,phone_state,30,fault,0.563043301685,0.76346259631,0.324671416798,3
B5,0,persistent.drop.phone_state,drop,phone_state,30,post,0.613863481139,0.803500274221,0.29613001984,3
B5,0,persistent.drop.phone_state,drop,phone_state,30,pre,0.595463503234,0.79319127626,0.309377088405,3
B5,0,persistent.drop.watch_acc,drop,watch_acc,5,fault,0.561964525654,0.733932549956,0.373521155421,3
B5,0,persistent.drop.watch_acc,drop,watch_acc,5,post,0.581336706323,0.747150966887,0.353706285158,3
B5,0,persistent.drop.watch_acc,drop,watch_acc,5,pre,0.596049667164,0.748210420196,0.352410524827,3
B5,0,persistent.drop.watch_acc,drop,watch_acc,15,fault,0.580646650368,0.757862679642,0.342876450351,3
B5,0,persistent.drop.watch_acc,drop,watch_acc,15,post,0.595460662846,0.769345217292,0.330862657204,3
B5,0,persistent.drop.watch_acc,drop,watch_acc,15,pre,0.611136399953,0.775928678646,0.313809733332,3
B5,0,persistent.drop.watch_acc,drop,watch_acc,30,fault,0.563647961776,0.78223466233,0.314663356805,3
B5,0,persistent.drop.watch_acc,drop,watch_acc,30,post,0.613863481139,0.803500274221,0.29613001984,3
B5,0,persistent.drop.watch_acc,drop,watch_acc,30,pre,0.595463503234,0.79319127626,0.309377088405,3
B5,0,persistent.gaussian_sigma_2.audio,gaussian_sigma_2,audio,5,fault,0.552597335316,0.714856666767,0.391959678995,3
B5,0,persistent.gaussian_sigma_2.audio,gaussian_sigma_2,audio,5,post,0.581336706323,0.747150966887,0.353706285158,3
B5,0,persistent.gaussian_sigma_2.audio,gaussian_sigma_2,audio,5,pre,0.596049667164,0.748210420196,0.352410524827,3
B5,0,persistent.gaussian_sigma_2.audio,gaussian_sigma_2,audio,15,fault,0.567047334524,0.735767814456,0.361468459621,3
B5,0,persistent.gaussian_sigma_2.audio,gaussian_sigma_2,audio,15,post,0.595460662846,0.769345217292,0.330862657204,3
B5,0,persistent.gaussian_sigma_2.audio,gaussian_sigma_2,audio,15,pre,0.611136399953,0.775928678646,0.313809733332,3
B5,0,persistent.gaussian_sigma_2.audio,gaussian_sigma_2,audio,30,fault,0.560131534499,0.762968064159,0.340482652175,3
B5,0,persistent.gaussian_sigma_2.audio,gaussian_sigma_2,audio,30,post,0.613863481139,0.803500274221,0.29613001984,3
B5,0,persistent.gaussian_sigma_2.audio,gaussian_sigma_2,audio,30,pre,0.595463503234,0.79319127626,0.309377088405,3
B5,0,persistent.gaussian_sigma_2.location,gaussian_sigma_2,location,5,fault,0.564095479456,0.725733818687,0.403592011428,3
B5,0,persistent.gaussian_sigma_2.location,gaussian_sigma_2,location,5,post,0.581336706323,0.747150966887,0.353706285158,3
B5,0,persistent.gaussian_sigma_2.location,gaussian_sigma_2,location,5,pre,0.596049667164,0.748210420196,0.352410524827,3
B5,0,persistent.gaussian_sigma_2.location,gaussian_sigma_2,location,15,fault,0.568923543946,0.741915420067,0.375512879199,3
B5,0,persistent.gaussian_sigma_2.location,gaussian_sigma_2,location,15,post,0.595460662846,0.769345217292,0.330862657204,3
B5,0,persistent.gaussian_sigma_2.location,gaussian_sigma_2,location,15,pre,0.611136399953,0.775928678646,0.313809733332,3
B5,0,persistent.gaussian_sigma_2.location,gaussian_sigma_2,location,30,fault,0.564605460257,0.768147467478,0.356579750611,3
B5,0,persistent.gaussian_sigma_2.location,gaussian_sigma_2,location,30,post,0.613863481139,0.803500274221,0.29613001984,3
B5,0,persistent.gaussian_sigma_2.location,gaussian_sigma_2,location,30,pre,0.595463503234,0.79319127626,0.309377088405,3
B5,0,persistent.gaussian_sigma_2.phone_acc,gaussian_sigma_2,phone_acc,5,fault,0.585168293308,0.742188101743,0.355374605239,3
B5,0,persistent.gaussian_sigma_2.phone_acc,gaussian_sigma_2,phone_acc,5,post,0.581336706323,0.747150966887,0.353706285158,3
B5,0,persistent.gaussian_sigma_2.phone_acc,gaussian_sigma_2,phone_acc,5,pre,0.596049667164,0.748210420196,0.352410524827,3
B5,0,persistent.gaussian_sigma_2.phone_acc,gaussian_sigma_2,phone_acc,15,fault,0.588559800127,0.759711216453,0.332683704182,3
B5,0,persistent.gaussian_sigma_2.phone_acc,gaussian_sigma_2,phone_acc,15,post,0.595460662846,0.769345217292,0.330862657204,3
B5,0,persistent.gaussian_sigma_2.phone_acc,gaussian_sigma_2,phone_acc,15,pre,0.611136399953,0.775928678646,0.313809733332,3
B5,0,persistent.gaussian_sigma_2.phone_acc,gaussian_sigma_2,phone_acc,30,fault,0.583528470472,0.787567207777,0.307221839102,3
B5,0,persistent.gaussian_sigma_2.phone_acc,gaussian_sigma_2,phone_acc,30,post,0.613863481139,0.803500274221,0.29613001984,3
B5,0,persistent.gaussian_sigma_2.phone_acc,gaussian_sigma_2,phone_acc,30,pre,0.595463503234,0.79319127626,0.309377088405,3
B5,0,persistent.gaussian_sigma_2.phone_gyro,gaussian_sigma_2,phone_gyro,5,fault,0.587477079263,0.74642697892,0.360251133762,3
B5,0,persistent.gaussian_sigma_2.phone_gyro,gaussian_sigma_2,phone_gyro,5,post,0.581336706323,0.747150966887,0.353706285158,3
B5,0,persistent.gaussian_sigma_2.phone_gyro,gaussian_sigma_2,phone_gyro,5,pre,0.596049667164,0.748210420196,0.352410524827,3
B5,0,persistent.gaussian_sigma_2.phone_gyro,gaussian_sigma_2,phone_gyro,15,fault,0.595008575466,0.765230341028,0.329465382716,3
B5,0,persistent.gaussian_sigma_2.phone_gyro,gaussian_sigma_2,phone_gyro,15,post,0.595460662846,0.769345217292,0.330862657204,3
B5,0,persistent.gaussian_sigma_2.phone_gyro,gaussian_sigma_2,phone_gyro,15,pre,0.611136399953,0.775928678646,0.313809733332,3
B5,0,persistent.gaussian_sigma_2.phone_gyro,gaussian_sigma_2,phone_gyro,30,fault,0.592452352708,0.792355622525,0.306165426753,3
B5,0,persistent.gaussian_sigma_2.phone_gyro,gaussian_sigma_2,phone_gyro,30,post,0.613863481139,0.803500274221,0.29613001984,3
B5,0,persistent.gaussian_sigma_2.phone_gyro,gaussian_sigma_2,phone_gyro,30,pre,0.595463503234,0.79319127626,0.309377088405,3
B5,0,persistent.gaussian_sigma_2.phone_state,gaussian_sigma_2,phone_state,5,fault,0.534487210476,0.691801625573,0.406152433067,3
B5,0,persistent.gaussian_sigma_2.phone_state,gaussian_sigma_2,phone_state,5,post,0.581336706323,0.747150966887,0.353706285158,3
B5,0,persistent.gaussian_sigma_2.phone_state,gaussian_sigma_2,phone_state,5,pre,0.596049667164,0.748210420196,0.352410524827,3
B5,0,persistent.gaussian_sigma_2.phone_state,gaussian_sigma_2,phone_state,15,fault,0.541656252908,0.708783043206,0.376268772798,3
B5,0,persistent.gaussian_sigma_2.phone_state,gaussian_sigma_2,phone_state,15,post,0.595460662846,0.769345217292,0.330862657204,3
B5,0,persistent.gaussian_sigma_2.phone_state,gaussian_sigma_2,phone_state,15,pre,0.611136399953,0.775928678646,0.313809733332,3
B5,0,persistent.gaussian_sigma_2.phone_state,gaussian_sigma_2,phone_state,30,fault,0.532722831301,0.727908903016,0.356231454522,3
B5,0,persistent.gaussian_sigma_2.phone_state,gaussian_sigma_2,phone_state,30,post,0.613863481139,0.803500274221,0.29613001984,3
B5,0,persistent.gaussian_sigma_2.phone_state,gaussian_sigma_2,phone_state,30,pre,0.595463503234,0.79319127626,0.309377088405,3
B5,0,persistent.gaussian_sigma_2.watch_acc,gaussian_sigma_2,watch_acc,5,fault,0.560778079975,0.724392602016,0.378856007788,3
B5,0,persistent.gaussian_sigma_2.watch_acc,gaussian_sigma_2,watch_acc,5,post,0.581336706323,0.747150966887,0.353706285158,3
B5,0,persistent.gaussian_sigma_2.watch_acc,gaussian_sigma_2,watch_acc,5,pre,0.596049667164,0.748210420196,0.352410524827,3
B5,0,persistent.gaussian_sigma_2.watch_acc,gaussian_sigma_2,watch_acc,15,fault,0.569382178101,0.743613652145,0.351762148699,3
B5,0,persistent.gaussian_sigma_2.watch_acc,gaussian_sigma_2,watch_acc,15,post,0.595460662846,0.769345217292,0.330862657204,3
B5,0,persistent.gaussian_sigma_2.watch_acc,gaussian_sigma_2,watch_acc,15,pre,0.611136399953,0.775928678646,0.313809733332,3
B5,0,persistent.gaussian_sigma_2.watch_acc,gaussian_sigma_2,watch_acc,30,fault,0.56280431921,0.764632609258,0.329417354868,3
B5,0,persistent.gaussian_sigma_2.watch_acc,gaussian_sigma_2,watch_acc,30,post,0.613863481139,0.803500274221,0.29613001984,3
B5,0,persistent.gaussian_sigma_2.watch_acc,gaussian_sigma_2,watch_acc,30,pre,0.595463503234,0.79319127626,0.309377088405,3
B5,1,persistent.drop.audio,drop,audio,5,fault,0.575377985215,0.646943329058,0.477846413122,3
B5,1,persistent.drop.audio,drop,audio,5,post,0.600274416315,0.682301554321,0.411108759194,3
B5,1,persistent.drop.audio,drop,audio,5,pre,0.603615509033,0.682856348312,0.408054568941,3
B5,1,persistent.drop.audio,drop,audio,15,fault,0.576270189954,0.663379819528,0.473044366247,3
B5,1,persistent.drop.audio,drop,audio,15,post,0.598780609378,0.695687723502,0.396079136012,3
B5,1,persistent.drop.audio,drop,audio,15,pre,0.563109355098,0.69316010539,0.397825182597,3
B5,1,persistent.drop.audio,drop,audio,30,fault,0.551432290796,0.669924807415,0.484067224198,3
B5,1,persistent.drop.audio,drop,audio,30,post,0.578776575153,0.707847169215,0.396898278659,3
B5,1,persistent.drop.audio,drop,audio,30,pre,0.560713819866,0.695477557751,0.395519536303,3
B5,1,persistent.drop.location,drop,location,5,fault,0.586210982709,0.68012182489,0.408718423915,3
B5,1,persistent.drop.location,drop,location,5,post,0.600274416315,0.682301554321,0.411108759194,3
B5,1,persistent.drop.location,drop,location,5,pre,0.603615509033,0.682856348312,0.408054568941,3
B5,1,persistent.drop.location,drop,location,15,fault,0.586363994667,0.702478049585,0.373424905109,3
B5,1,persistent.drop.location,drop,location,15,post,0.598780609378,0.695687723502,0.396079136012,3
B5,1,persistent.drop.location,drop,location,15,pre,0.563109355098,0.69316010539,0.397825182597,3
B5,1,persistent.drop.location,drop,location,30,fault,0.57315581683,0.725223843336,0.346960410325,3
B5,1,persistent.drop.location,drop,location,30,post,0.578776575153,0.707847169215,0.396898278659,3
B5,1,persistent.drop.location,drop,location,30,pre,0.560713819866,0.695477557751,0.395519536303,3
B5,1,persistent.drop.phone_acc,drop,phone_acc,5,fault,0.580696064753,0.675382626717,0.438917416084,3
B5,1,persistent.drop.phone_acc,drop,phone_acc,5,post,0.600274416315,0.682301554321,0.411108759194,3
B5,1,persistent.drop.phone_acc,drop,phone_acc,5,pre,0.603615509033,0.682856348312,0.408054568941,3
B5,1,persistent.drop.phone_acc,drop,phone_acc,15,fault,0.576724666778,0.693137312956,0.428909268554,3
B5,1,persistent.drop.phone_acc,drop,phone_acc,15,post,0.598780609378,0.695687723502,0.396079136012,3
B5,1,persistent.drop.phone_acc,drop,phone_acc,15,pre,0.563109355098,0.69316010539,0.397825182597,3
B5,1,persistent.drop.phone_acc,drop,phone_acc,30,fault,0.556842410953,0.704526920068,0.422996092929,3
B5,1,persistent.drop.phone_acc,drop,phone_acc,30,post,0.578776575153,0.707847169215,0.396898278659,3
B5,1,persistent.drop.phone_acc,drop,phone_acc,30,pre,0.560713819866,0.695477557751,0.395519536303,3
B5,1,persistent.drop.phone_gyro,drop,phone_gyro,5,fault,0.583252091061,0.672644310107,0.429138454216,3
B5,1,persistent.drop.phone_gyro,drop,phone_gyro,5,post,0.600274416315,0.682301554321,0.411108759194,3
B5,1,persistent.drop.phone_gyro,drop,phone_gyro,5,pre,0.603615509033,0.682856348312,0.408054568941,3
B5,1,persistent.drop.phone_gyro,drop,phone_gyro,15,fault,0.577803484021,0.691597173452,0.41506671218,3
B5,1,persistent.drop.phone_gyro,drop,phone_gyro,15,post,0.598780609378,0.695687723502,0.396079136012,3
B5,1,persistent.drop.phone_gyro,drop,phone_gyro,15,pre,0.563109355098,0.69316010539,0.397825182597,3
B5,1,persistent.drop.phone_gyro,drop,phone_gyro,30,fault,0.559782815942,0.701448204533,0.409067704294,3
B5,1,persistent.drop.phone_gyro,drop,phone_gyro,30,post,0.578776575153,0.707847169215,0.396898278659,3
B5,1,persistent.drop.phone_gyro,drop,phone_gyro,30,pre,0.560713819866,0.695477557751,0.395519536303,3
B5,1,persistent.drop.phone_state,drop,phone_state,5,fault,0.56381530732,0.636380207937,0.494918092565,3
B5,1,persistent.drop.phone_state,drop,phone_state,5,post,0.600274416315,0.682301554321,0.411108759194,3
B5,1,persistent.drop.phone_state,drop,phone_state,5,pre,0.603615509033,0.682856348312,0.408054568941,3
B5,1,persistent.drop.phone_state,drop,phone_state,15,fault,0.558417686078,0.64987906354,0.498200035359,3
B5,1,persistent.drop.phone_state,drop,phone_state,15,post,0.598780609378,0.695687723502,0.396079136012,3
B5,1,persistent.drop.phone_state,drop,phone_state,15,pre,0.563109355098,0.69316010539,0.397825182597,3
B5,1,persistent.drop.phone_state,drop,phone_state,30,fault,0.542988946472,0.661305676345,0.502466176231,3
B5,1,persistent.drop.phone_state,drop,phone_state,30,post,0.578776575153,0.707847169215,0.396898278659,3
B5,1,persistent.drop.phone_state,drop,phone_state,30,pre,0.560713819866,0.695477557751,0.395519536303,3
B5,1,persistent.drop.watch_acc,drop,watch_acc,5,fault,0.57343490109,0.670545612761,0.431752167315,3
B5,1,persistent.drop.watch_acc,drop,watch_acc,5,post,0.600274416315,0.682301554321,0.411108759194,3
B5,1,persistent.drop.watch_acc,drop,watch_acc,5,pre,0.603615509033,0.682856348312,0.408054568941,3
B5,1,persistent.drop.watch_acc,drop,watch_acc,15,fault,0.582385562524,0.691978932164,0.416021585616,3
B5,1,persistent.drop.watch_acc,drop,watch_acc,15,post,0.598780609378,0.695687723502,0.396079136012,3
B5,1,persistent.drop.watch_acc,drop,watch_acc,15,pre,0.563109355098,0.69316010539,0.397825182597,3
B5,1,persistent.drop.watch_acc,drop,watch_acc,30,fault,0.574942900483,0.69902831819,0.416554274655,3
B5,1,persistent.drop.watch_acc,drop,watch_acc,30,post,0.578776575153,0.707847169215,0.396898278659,3
B5,1,persistent.drop.watch_acc,drop,watch_acc,30,pre,0.560713819866,0.695477557751,0.395519536303,3
B5,1,persistent.gaussian_sigma_2.audio,gaussian_sigma_2,audio,5,fault,0.561666419876,0.645496685748,0.452185535599,3
B5,1,persistent.gaussian_sigma_2.audio,gaussian_sigma_2,audio,5,post,0.600274416315,0.682301554321,0.411108759194,3
B5,1,persistent.gaussian_sigma_2.audio,gaussian_sigma_2,audio,5,pre,0.603615509033,0.682856348312,0.408054568941,3
B5,1,persistent.gaussian_sigma_2.audio,gaussian_sigma_2,audio,15,fault,0.562262816123,0.660877853017,0.441394111509,3
B5,1,persistent.gaussian_sigma_2.audio,gaussian_sigma_2,audio,15,post,0.598780609378,0.695687723502,0.396079136012,3
B5,1,persistent.gaussian_sigma_2.audio,gaussian_sigma_2,audio,15,pre,0.563109355098,0.69316010539,0.397825182597,3
B5,1,persistent.gaussian_sigma_2.audio,gaussian_sigma_2,audio,30,fault,0.544177996762,0.6726138587,0.44405820132,3
B5,1,persistent.gaussian_sigma_2.audio,gaussian_sigma_2,audio,30,post,0.578776575153,0.707847169215,0.396898278659,3
B5,1,persistent.gaussian_sigma_2.audio,gaussian_sigma_2,audio,30,pre,0.560713819866,0.695477557751,0.395519536303,3
B5,1,persistent.gaussian_sigma_2.location,gaussian_sigma_2,location,5,fault,0.583689104696,0.668713665908,0.421873302307,3
B5,1,persistent.gaussian_sigma_2.location,gaussian_sigma_2,location,5,post,0.600274416315,0.682301554321,0.411108759194,3
B5,1,persistent.gaussian_sigma_2.location,gaussian_sigma_2,location,5,pre,0.603615509033,0.682856348312,0.408054568941,3
B5,1,persistent.gaussian_sigma_2.location,gaussian_sigma_2,location,15,fault,0.584525766775,0.687217720614,0.398754655216,3
B5,1,persistent.gaussian_sigma_2.location,gaussian_sigma_2,location,15,post,0.598780609378,0.695687723502,0.396079136012,3
B5,1,persistent.gaussian_sigma_2.location,gaussian_sigma_2,location,15,pre,0.563109355098,0.69316010539,0.397825182597,3
B5,1,persistent.gaussian_sigma_2.location,gaussian_sigma_2,location,30,fault,0.571140310065,0.705041051586,0.385602878552,3
B5,1,persistent.gaussian_sigma_2.location,gaussian_sigma_2,location,30,post,0.578776575153,0.707847169215,0.396898278659,3
B5,1,persistent.gaussian_sigma_2.location,gaussian_sigma_2,location,30,pre,0.560713819866,0.695477557751,0.395519536303,3
B5,1,persistent.gaussian_sigma_2.phone_acc,gaussian_sigma_2,phone_acc,5,fault,0.589366568305,0.674316859109,0.41725687746,3
B5,1,persistent.gaussian_sigma_2.phone_acc,gaussian_sigma_2,phone_acc,5,post,0.600274416315,0.682301554321,0.411108759194,3
B5,1,persistent.gaussian_sigma_2.phone_acc,gaussian_sigma_2,phone_acc,5,pre,0.603615509033,0.682856348312,0.408054568941,3
B5,1,persistent.gaussian_sigma_2.phone_acc,gaussian_sigma_2,phone_acc,15,fault,0.584570908979,0.692562169203,0.40311549022,3
B5,1,persistent.gaussian_sigma_2.phone_acc,gaussian_sigma_2,phone_acc,15,post,0.598780609378,0.695687723502,0.396079136012,3
B5,1,persistent.gaussian_sigma_2.phone_acc,gaussian_sigma_2,phone_acc,15,pre,0.563109355098,0.69316010539,0.397825182597,3
B5,1,persistent.gaussian_sigma_2.phone_acc,gaussian_sigma_2,phone_acc,30,fault,0.573855162391,0.707862806382,0.394814150982,3
B5,1,persistent.gaussian_sigma_2.phone_acc,gaussian_sigma_2,phone_acc,30,post,0.578776575153,0.707847169215,0.396898278659,3
B5,1,persistent.gaussian_sigma_2.phone_acc,gaussian_sigma_2,phone_acc,30,pre,0.560713819866,0.695477557751,0.395519536303,3
B5,1,persistent.gaussian_sigma_2.phone_gyro,gaussian_sigma_2,phone_gyro,5,fault,0.588294171488,0.673003793776,0.411670904473,3
B5,1,persistent.gaussian_sigma_2.phone_gyro,gaussian_sigma_2,phone_gyro,5,post,0.600274416315,0.682301554321,0.411108759194,3
B5,1,persistent.gaussian_sigma_2.phone_gyro,gaussian_sigma_2,phone_gyro,5,pre,0.603615509033,0.682856348312,0.408054568941,3
B5,1,persistent.gaussian_sigma_2.phone_gyro,gaussian_sigma_2,phone_gyro,15,fault,0.588428971592,0.69314065947,0.392857817947,3
B5,1,persistent.gaussian_sigma_2.phone_gyro,gaussian_sigma_2,phone_gyro,15,post,0.598780609378,0.695687723502,0.396079136012,3
B5,1,persistent.gaussian_sigma_2.phone_gyro,gaussian_sigma_2,phone_gyro,15,pre,0.563109355098,0.69316010539,0.397825182597,3
B5,1,persistent.gaussian_sigma_2.phone_gyro,gaussian_sigma_2,phone_gyro,30,fault,0.568389450365,0.706202737289,0.385934629988,3
B5,1,persistent.gaussian_sigma_2.phone_gyro,gaussian_sigma_2,phone_gyro,30,post,0.578776575153,0.707847169215,0.396898278659,3
B5,1,persistent.gaussian_sigma_2.phone_gyro,gaussian_sigma_2,phone_gyro,30,pre,0.560713819866,0.695477557751,0.395519536303,3
B5,1,persistent.gaussian_sigma_2.phone_state,gaussian_sigma_2,phone_state,5,fault,0.549189707288,0.625343331271,0.468692872375,3
B5,1,persistent.gaussian_sigma_2.phone_state,gaussian_sigma_2,phone_state,5,post,0.600274416315,0.682301554321,0.411108759194,3
B5,1,persistent.gaussian_sigma_2.phone_state,gaussian_sigma_2,phone_state,5,pre,0.603615509033,0.682856348312,0.408054568941,3
B5,1,persistent.gaussian_sigma_2.phone_state,gaussian_sigma_2,phone_state,15,fault,0.541723639728,0.637729106088,0.462660412036,3
B5,1,persistent.gaussian_sigma_2.phone_state,gaussian_sigma_2,phone_state,15,post,0.598780609378,0.695687723502,0.396079136012,3
B5,1,persistent.gaussian_sigma_2.phone_state,gaussian_sigma_2,phone_state,15,pre,0.563109355098,0.69316010539,0.397825182597,3
B5,1,persistent.gaussian_sigma_2.phone_state,gaussian_sigma_2,phone_state,30,fault,0.518614724491,0.647089490503,0.46369791237,3
B5,1,persistent.gaussian_sigma_2.phone_state,gaussian_sigma_2,phone_state,30,post,0.578776575153,0.707847169215,0.396898278659,3
B5,1,persistent.gaussian_sigma_2.phone_state,gaussian_sigma_2,phone_state,30,pre,0.560713819866,0.695477557751,0.395519536303,3
B5,1,persistent.gaussian_sigma_2.watch_acc,gaussian_sigma_2,watch_acc,5,fault,0.575580819995,0.667757436224,0.418597019514,3
B5,1,persistent.gaussian_sigma_2.watch_acc,gaussian_sigma_2,watch_acc,5,post,0.600274416315,0.682301554321,0.411108759194,3
B5,1,persistent.gaussian_sigma_2.watch_acc,gaussian_sigma_2,watch_acc,5,pre,0.603615509033,0.682856348312,0.408054568941,3
B5,1,persistent.gaussian_sigma_2.watch_acc,gaussian_sigma_2,watch_acc,15,fault,0.580400246448,0.68720133417,0.402364897709,3
B5,1,persistent.gaussian_sigma_2.watch_acc,gaussian_sigma_2,watch_acc,15,post,0.598780609378,0.695687723502,0.396079136012,3
B5,1,persistent.gaussian_sigma_2.watch_acc,gaussian_sigma_2,watch_acc,15,pre,0.563109355098,0.69316010539,0.397825182597,3
B5,1,persistent.gaussian_sigma_2.watch_acc,gaussian_sigma_2,watch_acc,30,fault,0.55391925845,0.696433800438,0.399527305462,3
B5,1,persistent.gaussian_sigma_2.watch_acc,gaussian_sigma_2,watch_acc,30,post,0.578776575153,0.707847169215,0.396898278659,3
B5,1,persistent.gaussian_sigma_2.watch_acc,gaussian_sigma_2,watch_acc,30,pre,0.560713819866,0.695477557751,0.395519536303,3
B5,2,persistent.drop.audio,drop,audio,5,fault,0.606621831548,0.713117225642,0.434488982181,3
B5,2,persistent.drop.audio,drop,audio,5,post,0.620128133811,0.734383101424,0.410778726642,3
B5,2,persistent.drop.audio,drop,audio,5,pre,0.622368355064,0.734111400501,0.415393101885,3
B5,2,persistent.drop.audio,drop,audio,15,fault,0.609497841358,0.715909636377,0.43187273777,3
B5,2,persistent.drop.audio,drop,audio,15,post,0.62991128852,0.741984422067,0.398897805572,3
B5,2,persistent.drop.audio,drop,audio,15,pre,0.617397407751,0.737919263068,0.40613044928,3
B5,2,persistent.drop.audio,drop,audio,30,fault,0.616416260229,0.727281597521,0.422362904891,3
B5,2,persistent.drop.audio,drop,audio,30,post,0.621076619251,0.739890380029,0.404974627549,3
B5,2,persistent.drop.audio,drop,audio,30,pre,0.617425165017,0.742807091242,0.394611658355,3
B5,2,persistent.drop.location,drop,location,5,fault,0.602444081146,0.718291060989,0.438192857516,3
B5,2,persistent.drop.location,drop,location,5,post,0.620128133811,0.734383101424,0.410778726642,3
B5,2,persistent.drop.location,drop,location,5,pre,0.622368355064,0.734111400501,0.415393101885,3
B5,2,persistent.drop.location,drop,location,15,fault,0.605656462764,0.723431858592,0.42799483208,3
B5,2,persistent.drop.location,drop,location,15,post,0.62991128852,0.741984422067,0.398897805572,3
B5,2,persistent.drop.location,drop,location,15,pre,0.617397407751,0.737919263068,0.40613044928,3
B5,2,persistent.drop.location,drop,location,30,fault,0.606344107133,0.731450938327,0.421507343033,3
B5,2,persistent.drop.location,drop,location,30,post,0.621076619251,0.739890380029,0.404974627549,3
B5,2,persistent.drop.location,drop,location,30,pre,0.617425165017,0.742807091242,0.394611658355,3
B5,2,persistent.drop.phone_acc,drop,phone_acc,5,fault,0.611140867262,0.727651193857,0.43392432551,3
B5,2,persistent.drop.phone_acc,drop,phone_acc,5,post,0.620128133811,0.734383101424,0.410778726642,3
B5,2,persistent.drop.phone_acc,drop,phone_acc,5,pre,0.622368355064,0.734111400501,0.415393101885,3
B5,2,persistent.drop.phone_acc,drop,phone_acc,15,fault,0.620174145854,0.734571142415,0.423666095108,3
B5,2,persistent.drop.phone_acc,drop,phone_acc,15,post,0.62991128852,0.741984422067,0.398897805572,3
B5,2,persistent.drop.phone_acc,drop,phone_acc,15,pre,0.617397407751,0.737919263068,0.40613044928,3
B5,2,persistent.drop.phone_acc,drop,phone_acc,30,fault,0.61993436821,0.743781974969,0.419962060186,3
B5,2,persistent.drop.phone_acc,drop,phone_acc,30,post,0.621076619251,0.739890380029,0.404974627549,3
B5,2,persistent.drop.phone_acc,drop,phone_acc,30,pre,0.617425165017,0.742807091242,0.394611658355,3
B5,2,persistent.drop.phone_gyro,drop,phone_gyro,5,fault,0.611213363481,0.731157113153,0.422625427898,3
B5,2,persistent.drop.phone_gyro,drop,phone_gyro,5,post,0.620128133811,0.734383101424,0.410778726642,3
B5,2,persistent.drop.phone_gyro,drop,phone_gyro,5,pre,0.622368355064,0.734111400501,0.415393101885,3
B5,2,persistent.drop.phone_gyro,drop,phone_gyro,15,fault,0.623546412841,0.739233373016,0.41034452703,3
B5,2,persistent.drop.phone_gyro,drop,phone_gyro,15,post,0.62991128852,0.741984422067,0.398897805572,3
B5,2,persistent.drop.phone_gyro,drop,phone_gyro,15,pre,0.617397407751,0.737919263068,0.40613044928,3
B5,2,persistent.drop.phone_gyro,drop,phone_gyro,30,fault,0.624315697161,0.749887786987,0.403533665108,3
B5,2,persistent.drop.phone_gyro,drop,phone_gyro,30,post,0.621076619251,0.739890380029,0.404974627549,3
B5,2,persistent.drop.phone_gyro,drop,phone_gyro,30,pre,0.617425165017,0.742807091242,0.394611658355,3
B5,2,persistent.drop.phone_state,drop,phone_state,5,fault,0.590469767555,0.703062586018,0.439930167138,3
B5,2,persistent.drop.phone_state,drop,phone_state,5,post,0.620128133811,0.734383101424,0.410778726642,3
B5,2,persistent.drop.phone_state,drop,phone_state,5,pre,0.622368355064,0.734111400501,0.415393101885,3
B5,2,persistent.drop.phone_state,drop,phone_state,15,fault,0.600299682103,0.70954946957,0.422624087373,3
B5,2,persistent.drop.phone_state,drop,phone_state,15,post,0.62991128852,0.741984422067,0.398897805572,3
B5,2,persistent.drop.phone_state,drop,phone_state,15,pre,0.617397407751,0.737919263068,0.40613044928,3
B5,2,persistent.drop.phone_state,drop,phone_state,30,fault,0.60838623673,0.720009307805,0.415971502172,3
B5,2,persistent.drop.phone_state,drop,phone_state,30,post,0.621076619251,0.739890380029,0.404974627549,3
B5,2,persistent.drop.phone_state,drop,phone_state,30,pre,0.617425165017,0.742807091242,0.394611658355,3
B5,2,persistent.drop.watch_acc,drop,watch_acc,5,fault,0.58802539668,0.721494720841,0.434205247932,3
B5,2,persistent.drop.watch_acc,drop,watch_acc,5,post,0.620128133811,0.734383101424,0.410778726642,3
B5,2,persistent.drop.watch_acc,drop,watch_acc,5,pre,0.622368355064,0.734111400501,0.415393101885,3
B5,2,persistent.drop.watch_acc,drop,watch_acc,15,fault,0.598061869378,0.729547940225,0.425760425893,3
B5,2,persistent.drop.watch_acc,drop,watch_acc,15,post,0.62991128852,0.741984422067,0.398897805572,3
B5,2,persistent.drop.watch_acc,drop,watch_acc,15,pre,0.617397407751,0.737919263068,0.40613044928,3
B5,2,persistent.drop.watch_acc,drop,watch_acc,30,fault,0.603425158488,0.738473032857,0.418173460201,3
B5,2,persistent.drop.watch_acc,drop,watch_acc,30,post,0.621076619251,0.739890380029,0.404974627549,3
B5,2,persistent.drop.watch_acc,drop,watch_acc,30,pre,0.617425165017,0.742807091242,0.394611658355,3
B5,2,persistent.gaussian_sigma_2.audio,gaussian_sigma_2,audio,5,fault,0.597810817831,0.709784940324,0.436192579149,3
B5,2,persistent.gaussian_sigma_2.audio,gaussian_sigma_2,audio,5,post,0.620128133811,0.734383101424,0.410778726642,3
B5,2,persistent.gaussian_sigma_2.audio,gaussian_sigma_2,audio,5,pre,0.622368355064,0.734111400501,0.415393101885,3
B5,2,persistent.gaussian_sigma_2.audio,gaussian_sigma_2,audio,15,fault,0.604808420752,0.713645413253,0.43329356901,3
B5,2,persistent.gaussian_sigma_2.audio,gaussian_sigma_2,audio,15,post,0.62991128852,0.741984422067,0.398897805572,3
B5,2,persistent.gaussian_sigma_2.audio,gaussian_sigma_2,audio,15,pre,0.617397407751,0.737919263068,0.40613044928,3
B5,2,persistent.gaussian_sigma_2.audio,gaussian_sigma_2,audio,30,fault,0.605942999214,0.722149233998,0.425804893851,3
B5,2,persistent.gaussian_sigma_2.audio,gaussian_sigma_2,audio,30,post,0.621076619251,0.739890380029,0.404974627549,3
B5,2,persistent.gaussian_sigma_2.audio,gaussian_sigma_2,audio,30,pre,0.617425165017,0.742807091242,0.394611658355,3
B5,2,persistent.gaussian_sigma_2.location,gaussian_sigma_2,location,5,fault,0.597903466881,0.715248899235,0.439157371235,3
B5,2,persistent.gaussian_sigma_2.location,gaussian_sigma_2,location,5,post,0.620128133811,0.734383101424,0.410778726642,3
B5,2,persistent.gaussian_sigma_2.location,gaussian_sigma_2,location,5,pre,0.622368355064,0.734111400501,0.415393101885,3
B5,2,persistent.gaussian_sigma_2.location,gaussian_sigma_2,location,15,fault,0.602672103005,0.719482161803,0.433569264533,3
B5,2,persistent.gaussian_sigma_2.location,gaussian_sigma_2,location,15,post,0.62991128852,0.741984422067,0.398897805572,3
B5,2,persistent.gaussian_sigma_2.location,gaussian_sigma_2,location,15,pre,0.617397407751,0.737919263068,0.40613044928,3
B5,2,persistent.gaussian_sigma_2.location,gaussian_sigma_2,location,30,fault,0.602488166655,0.727905253872,0.426773984847,3
B5,2,persistent.gaussian_sigma_2.location,gaussian_sigma_2,location,30,post,0.621076619251,0.739890380029,0.404974627549,3
B5,2,persistent.gaussian_sigma_2.location,gaussian_sigma_2,location,30,pre,0.617425165017,0.742807091242,0.394611658355,3
B5,2,persistent.gaussian_sigma_2.phone_acc,gaussian_sigma_2,phone_acc,5,fault,0.611195126053,0.728987965463,0.422571452234,3
B5,2,persistent.gaussian_sigma_2.phone_acc,gaussian_sigma_2,phone_acc,5,post,0.620128133811,0.734383101424,0.410778726642,3
B5,2,persistent.gaussian_sigma_2.phone_acc,gaussian_sigma_2,phone_acc,5,pre,0.622368355064,0.734111400501,0.415393101885,3
B5,2,persistent.gaussian_sigma_2.phone_acc,gaussian_sigma_2,phone_acc,15,fault,0.618979296678,0.734989845932,0.413893631084,3
B5,2,persistent.gaussian_sigma_2.phone_acc,gaussian_sigma_2,phone_acc,15,post,0.62991128852,0.741984422067,0.398897805572,3
B5,2,persistent.gaussian_sigma_2.phone_acc,gaussian_sigma_2,phone_acc,15,pre,0.617397407751,0.737919263068,0.40613044928,3
B5,2,persistent.gaussian_sigma_2.phone_acc,gaussian_sigma_2,phone_acc,30,fault,0.620766878308,0.742784660961,0.411496201628,3
B5,2,persistent.gaussian_sigma_2.phone_acc,gaussian_sigma_2,phone_acc,30,post,0.621076619251,0.739890380029,0.404974627549,3
B5,2,persistent.gaussian_sigma_2.phone_acc,gaussian_sigma_2,phone_acc,30,pre,0.617425165017,0.742807091242,0.394611658355,3
B5,2,persistent.gaussian_sigma_2.phone_gyro,gaussian_sigma_2,phone_gyro,5,fault,0.613752784621,0.732690364,0.418757879591,3
B5,2,persistent.gaussian_sigma_2.phone_gyro,gaussian_sigma_2,phone_gyro,5,post,0.620128133811,0.734383101424,0.410778726642,3
B5,2,persistent.gaussian_sigma_2.phone_gyro,gaussian_sigma_2,phone_gyro,5,pre,0.622368355064,0.734111400501,0.415393101885,3
B5,2,persistent.gaussian_sigma_2.phone_gyro,gaussian_sigma_2,phone_gyro,15,fault,0.623631248757,0.739525198411,0.408340980315,3
B5,2,persistent.gaussian_sigma_2.phone_gyro,gaussian_sigma_2,phone_gyro,15,post,0.62991128852,0.741984422067,0.398897805572,3
B5,2,persistent.gaussian_sigma_2.phone_gyro,gaussian_sigma_2,phone_gyro,15,pre,0.617397407751,0.737919263068,0.40613044928,3
B5,2,persistent.gaussian_sigma_2.phone_gyro,gaussian_sigma_2,phone_gyro,30,fault,0.624746961353,0.748885020575,0.402960999017,3
B5,2,persistent.gaussian_sigma_2.phone_gyro,gaussian_sigma_2,phone_gyro,30,post,0.621076619251,0.739890380029,0.404974627549,3
B5,2,persistent.gaussian_sigma_2.phone_gyro,gaussian_sigma_2,phone_gyro,30,pre,0.617425165017,0.742807091242,0.394611658355,3
B5,2,persistent.gaussian_sigma_2.phone_state,gaussian_sigma_2,phone_state,5,fault,0.578804353872,0.689781811385,0.446911620133,3
B5,2,persistent.gaussian_sigma_2.phone_state,gaussian_sigma_2,phone_state,5,post,0.620128133811,0.734383101424,0.410778726642,3
B5,2,persistent.gaussian_sigma_2.phone_state,gaussian_sigma_2,phone_state,5,pre,0.622368355064,0.734111400501,0.415393101885,3
B5,2,persistent.gaussian_sigma_2.phone_state,gaussian_sigma_2,phone_state,15,fault,0.591349836926,0.695327222964,0.4347778128,3
B5,2,persistent.gaussian_sigma_2.phone_state,gaussian_sigma_2,phone_state,15,post,0.62991128852,0.741984422067,0.398897805572,3
B5,2,persistent.gaussian_sigma_2.phone_state,gaussian_sigma_2,phone_state,15,pre,0.617397407751,0.737919263068,0.40613044928,3
B5,2,persistent.gaussian_sigma_2.phone_state,gaussian_sigma_2,phone_state,30,fault,0.594871888083,0.703973456913,0.430358190444,3
B5,2,persistent.gaussian_sigma_2.phone_state,gaussian_sigma_2,phone_state,30,post,0.621076619251,0.739890380029,0.404974627549,3
B5,2,persistent.gaussian_sigma_2.phone_state,gaussian_sigma_2,phone_state,30,pre,0.617425165017,0.742807091242,0.394611658355,3
B5,2,persistent.gaussian_sigma_2.watch_acc,gaussian_sigma_2,watch_acc,5,fault,0.596566446658,0.715828492282,0.428835425441,3
B5,2,persistent.gaussian_sigma_2.watch_acc,gaussian_sigma_2,watch_acc,5,post,0.620128133811,0.734383101424,0.410778726642,3
B5,2,persistent.gaussian_sigma_2.watch_acc,gaussian_sigma_2,watch_acc,5,pre,0.622368355064,0.734111400501,0.415393101885,3
B5,2,persistent.gaussian_sigma_2.watch_acc,gaussian_sigma_2,watch_acc,15,fault,0.605781758168,0.721239524017,0.420744061444,3
B5,2,persistent.gaussian_sigma_2.watch_acc,gaussian_sigma_2,watch_acc,15,post,0.62991128852,0.741984422067,0.398897805572,3
B5,2,persistent.gaussian_sigma_2.watch_acc,gaussian_sigma_2,watch_acc,15,pre,0.617397407751,0.737919263068,0.40613044928,3
B5,2,persistent.gaussian_sigma_2.watch_acc,gaussian_sigma_2,watch_acc,30,fault,0.606882510424,0.730529866431,0.413021945378,3
B5,2,persistent.gaussian_sigma_2.watch_acc,gaussian_sigma_2,watch_acc,30,post,0.621076619251,0.739890380029,0.404974627549,3
B5,2,persistent.gaussian_sigma_2.watch_acc,gaussian_sigma_2,watch_acc,30,pre,0.617425165017,0.742807091242,0.394611658355,3
B5,3,persistent.drop.audio,drop,audio,5,fault,0.550974404372,0.684806840474,0.481958747857,3
B5,3,persistent.drop.audio,drop,audio,5,post,0.592084652405,0.731882752574,0.417961963209,3
B5,3,persistent.drop.audio,drop,audio,5,pre,0.572606764036,0.73182160661,0.418159544988,3
B5,3,persistent.drop.audio,drop,audio,15,fault,0.570317294863,0.702768950589,0.452693005086,3
B5,3,persistent.drop.audio,drop,audio,15,post,0.583615752432,0.746705372713,0.389052972359,3
B5,3,persistent.drop.audio,drop,audio,15,pre,0.580850347091,0.745310238285,0.392418207975,3
B5,3,persistent.drop.audio,drop,audio,30,fault,0.543017302535,0.695616573163,0.430198484543,3
B5,3,persistent.drop.audio,drop,audio,30,post,0.620961950447,0.759524338652,0.369487165911,3
B5,3,persistent.drop.audio,drop,audio,30,pre,0.585764645259,0.749802519348,0.381032387457,3
B5,3,persistent.drop.location,drop,location,5,fault,0.57572214513,0.726119670738,0.442831363991,3
B5,3,persistent.drop.location,drop,location,5,post,0.592084652405,0.731882752574,0.417961963209,3
B5,3,persistent.drop.location,drop,location,5,pre,0.572606764036,0.73182160661,0.418159544988,3
B5,3,persistent.drop.location,drop,location,15,fault,0.600001467382,0.752948432738,0.398388757166,3
B5,3,persistent.drop.location,drop,location,15,post,0.583615752432,0.746705372713,0.389052972359,3
B5,3,persistent.drop.location,drop,location,15,pre,0.580850347091,0.745310238285,0.392418207975,3
B5,3,persistent.drop.location,drop,location,30,fault,0.577210344515,0.751667987037,0.373952026295,3
B5,3,persistent.drop.location,drop,location,30,post,0.620961950447,0.759524338652,0.369487165911,3
B5,3,persistent.drop.location,drop,location,30,pre,0.585764645259,0.749802519348,0.381032387457,3
B5,3,persistent.drop.phone_acc,drop,phone_acc,5,fault,0.592927713945,0.736391699361,0.399877921583,3
B5,3,persistent.drop.phone_acc,drop,phone_acc,5,post,0.592084652405,0.731882752574,0.417961963209,3
B5,3,persistent.drop.phone_acc,drop,phone_acc,5,pre,0.572606764036,0.73182160661,0.418159544988,3
B5,3,persistent.drop.phone_acc,drop,phone_acc,15,fault,0.610885071098,0.752897603263,0.385523376654,3
B5,3,persistent.drop.phone_acc,drop,phone_acc,15,post,0.583615752432,0.746705372713,0.389052972359,3
B5,3,persistent.drop.phone_acc,drop,phone_acc,15,pre,0.580850347091,0.745310238285,0.392418207975,3
B5,3,persistent.drop.phone_acc,drop,phone_acc,30,fault,0.592648490876,0.757300596224,0.367363718292,3
B5,3,persistent.drop.phone_acc,drop,phone_acc,30,post,0.620961950447,0.759524338652,0.369487165911,3
B5,3,persistent.drop.phone_acc,drop,phone_acc,30,pre,0.585764645259,0.749802519348,0.381032387457,3
B5,3,persistent.drop.phone_gyro,drop,phone_gyro,5,fault,0.588411743386,0.7283183406,0.423768297019,3
B5,3,persistent.drop.phone_gyro,drop,phone_gyro,5,post,0.592084652405,0.731882752574,0.417961963209,3
B5,3,persistent.drop.phone_gyro,drop,phone_gyro,5,pre,0.572606764036,0.73182160661,0.418159544988,3
B5,3,persistent.drop.phone_gyro,drop,phone_gyro,15,fault,0.610294443096,0.748150568476,0.396335650833,3
B5,3,persistent.drop.phone_gyro,drop,phone_gyro,15,post,0.583615752432,0.746705372713,0.389052972359,3
B5,3,persistent.drop.phone_gyro,drop,phone_gyro,15,pre,0.580850347091,0.745310238285,0.392418207975,3
B5,3,persistent.drop.phone_gyro,drop,phone_gyro,30,fault,0.587342750378,0.750042300667,0.369615280276,3
B5,3,persistent.drop.phone_gyro,drop,phone_gyro,30,post,0.620961950447,0.759524338652,0.369487165911,3
B5,3,persistent.drop.phone_gyro,drop,phone_gyro,30,pre,0.585764645259,0.749802519348,0.381032387457,3
B5,3,persistent.drop.phone_state,drop,phone_state,5,fault,0.564589711922,0.686567610905,0.45172517166,3
B5,3,persistent.drop.phone_state,drop,phone_state,5,post,0.592084652405,0.731882752574,0.417961963209,3
B5,3,persistent.drop.phone_state,drop,phone_state,5,pre,0.572606764036,0.73182160661,0.418159544988,3
B5,3,persistent.drop.phone_state,drop,phone_state,15,fault,0.578650928107,0.70436564042,0.439386871984,3
B5,3,persistent.drop.phone_state,drop,phone_state,15,post,0.583615752432,0.746705372713,0.389052972359,3
B5,3,persistent.drop.phone_state,drop,phone_state,15,pre,0.580850347091,0.745310238285,0.392418207975,3
B5,3,persistent.drop.phone_state,drop,phone_state,30,fault,0.557399767586,0.700692260243,0.429278982256,3
B5,3,persistent.drop.phone_state,drop,phone_state,30,post,0.620961950447,0.759524338652,0.369487165911,3
B5,3,persistent.drop.phone_state,drop,phone_state,30,pre,0.585764645259,0.749802519348,0.381032387457,3
B5,3,persistent.drop.watch_acc,drop,watch_acc,5,fault,0.567185810023,0.718184595945,0.425597795302,3
B5,3,persistent.drop.watch_acc,drop,watch_acc,5,post,0.592084652405,0.731882752574,0.417961963209,3
B5,3,persistent.drop.watch_acc,drop,watch_acc,5,pre,0.572606764036,0.73182160661,0.418159544988,3
B5,3,persistent.drop.watch_acc,drop,watch_acc,15,fault,0.599684198721,0.741163731815,0.400823127532,3
B5,3,persistent.drop.watch_acc,drop,watch_acc,15,post,0.583615752432,0.746705372713,0.389052972359,3
B5,3,persistent.drop.watch_acc,drop,watch_acc,15,pre,0.580850347091,0.745310238285,0.392418207975,3
B5,3,persistent.drop.watch_acc,drop,watch_acc,30,fault,0.583074060643,0.744139955587,0.378738859706,3
B5,3,persistent.drop.watch_acc,drop,watch_acc,30,post,0.620961950447,0.759524338652,0.369487165911,3
B5,3,persistent.drop.watch_acc,drop,watch_acc,30,pre,0.585764645259,0.749802519348,0.381032387457,3
B5,3,persistent.gaussian_sigma_2.audio,gaussian_sigma_2,audio,5,fault,0.549778355638,0.690765179485,0.466514673123,3
B5,3,persistent.gaussian_sigma_2.audio,gaussian_sigma_2,audio,5,post,0.592084652405,0.731882752574,0.417961963209,3
B5,3,persistent.gaussian_sigma_2.audio,gaussian_sigma_2,audio,5,pre,0.572606764036,0.73182160661,0.418159544988,3
B5,3,persistent.gaussian_sigma_2.audio,gaussian_sigma_2,audio,15,fault,0.571413559033,0.707066837112,0.436187989301,3
B5,3,persistent.gaussian_sigma_2.audio,gaussian_sigma_2,audio,15,post,0.583615752432,0.746705372713,0.389052972359,3
B5,3,persistent.gaussian_sigma_2.audio,gaussian_sigma_2,audio,15,pre,0.580850347091,0.745310238285,0.392418207975,3
B5,3,persistent.gaussian_sigma_2.audio,gaussian_sigma_2,audio,30,fault,0.54035897499,0.705272633655,0.415599353366,3
B5,3,persistent.gaussian_sigma_2.audio,gaussian_sigma_2,audio,30,post,0.620961950447,0.759524338652,0.369487165911,3
B5,3,persistent.gaussian_sigma_2.audio,gaussian_sigma_2,audio,30,pre,0.585764645259,0.749802519348,0.381032387457,3
B5,3,persistent.gaussian_sigma_2.location,gaussian_sigma_2,location,5,fault,0.578003254446,0.719681991922,0.447931942067,3
B5,3,persistent.gaussian_sigma_2.location,gaussian_sigma_2,location,5,post,0.592084652405,0.731882752574,0.417961963209,3
B5,3,persistent.gaussian_sigma_2.location,gaussian_sigma_2,location,5,pre,0.572606764036,0.73182160661,0.418159544988,3
B5,3,persistent.gaussian_sigma_2.location,gaussian_sigma_2,location,15,fault,0.598555833622,0.741633307979,0.409976241899,3
B5,3,persistent.gaussian_sigma_2.location,gaussian_sigma_2,location,15,post,0.583615752432,0.746705372713,0.389052972359,3
B5,3,persistent.gaussian_sigma_2.location,gaussian_sigma_2,location,15,pre,0.580850347091,0.745310238285,0.392418207975,3
B5,3,persistent.gaussian_sigma_2.location,gaussian_sigma_2,location,30,fault,0.570489828996,0.740514908405,0.388336002256,3
B5,3,persistent.gaussian_sigma_2.location,gaussian_sigma_2,location,30,post,0.620961950447,0.759524338652,0.369487165911,3
B5,3,persistent.gaussian_sigma_2.location,gaussian_sigma_2,location,30,pre,0.585764645259,0.749802519348,0.381032387457,3
B5,3,persistent.gaussian_sigma_2.phone_acc,gaussian_sigma_2,phone_acc,5,fault,0.588689468534,0.730065371502,0.416462795136,3
B5,3,persistent.gaussian_sigma_2.phone_acc,gaussian_sigma_2,phone_acc,5,post,0.592084652405,0.731882752574,0.417961963209,3
B5,3,persistent.gaussian_sigma_2.phone_acc,gaussian_sigma_2,phone_acc,5,pre,0.572606764036,0.73182160661,0.418159544988,3
B5,3,persistent.gaussian_sigma_2.phone_acc,gaussian_sigma_2,phone_acc,15,fault,0.608950472455,0.748866508566,0.394066603602,3
B5,3,persistent.gaussian_sigma_2.phone_acc,gaussian_sigma_2,phone_acc,15,post,0.583615752432,0.746705372713,0.389052972359,3
B5,3,persistent.gaussian_sigma_2.phone_acc,gaussian_sigma_2,phone_acc,15,pre,0.580850347091,0.745310238285,0.392418207975,3
B5,3,persistent.gaussian_sigma_2.phone_acc,gaussian_sigma_2,phone_acc,30,fault,0.582144875981,0.751745195147,0.372981381411,3
B5,3,persistent.gaussian_sigma_2.phone_acc,gaussian_sigma_2,phone_acc,30,post,0.620961950447,0.759524338652,0.369487165911,3
B5,3,persistent.gaussian_sigma_2.phone_acc,gaussian_sigma_2,phone_acc,30,pre,0.585764645259,0.749802519348,0.381032387457,3
B5,3,persistent.gaussian_sigma_2.phone_gyro,gaussian_sigma_2,phone_gyro,5,fault,0.590029952541,0.731811059679,0.425254680146,3
B5,3,persistent.gaussian_sigma_2.phone_gyro,gaussian_sigma_2,phone_gyro,5,post,0.592084652405,0.731882752574,0.417961963209,3
B5,3,persistent.gaussian_sigma_2.phone_gyro,gaussian_sigma_2,phone_gyro,5,pre,0.572606764036,0.73182160661,0.418159544988,3
B5,3,persistent.gaussian_sigma_2.phone_gyro,gaussian_sigma_2,phone_gyro,15,fault,0.610191827128,0.752307043257,0.392293866005,3
B5,3,persistent.gaussian_sigma_2.phone_gyro,gaussian_sigma_2,phone_gyro,15,post,0.583615752432,0.746705372713,0.389052972359,3
B5,3,persistent.gaussian_sigma_2.phone_gyro,gaussian_sigma_2,phone_gyro,15,pre,0.580850347091,0.745310238285,0.392418207975,3
B5,3,persistent.gaussian_sigma_2.phone_gyro,gaussian_sigma_2,phone_gyro,30,fault,0.589079169151,0.7552519513,0.364459503836,3
B5,3,persistent.gaussian_sigma_2.phone_gyro,gaussian_sigma_2,phone_gyro,30,post,0.620961950447,0.759524338652,0.369487165911,3
B5,3,persistent.gaussian_sigma_2.phone_gyro,gaussian_sigma_2,phone_gyro,30,pre,0.585764645259,0.749802519348,0.381032387457,3
B5,3,persistent.gaussian_sigma_2.phone_state,gaussian_sigma_2,phone_state,5,fault,0.551265493872,0.681372301251,0.456277703338,3
B5,3,persistent.gaussian_sigma_2.phone_state,gaussian_sigma_2,phone_state,5,post,0.592084652405,0.731882752574,0.417961963209,3
B5,3,persistent.gaussian_sigma_2.phone_state,gaussian_sigma_2,phone_state,5,pre,0.572606764036,0.73182160661,0.418159544988,3
B5,3,persistent.gaussian_sigma_2.phone_state,gaussian_sigma_2,phone_state,15,fault,0.57036854,0.701041509427,0.438539852905,3
B5,3,persistent.gaussian_sigma_2.phone_state,gaussian_sigma_2,phone_state,15,post,0.583615752432,0.746705372713,0.389052972359,3
B5,3,persistent.gaussian_sigma_2.phone_state,gaussian_sigma_2,phone_state,15,pre,0.580850347091,0.745310238285,0.392418207975,3
B5,3,persistent.gaussian_sigma_2.phone_state,gaussian_sigma_2,phone_state,30,fault,0.548978661759,0.696696988778,0.427002937127,3
B5,3,persistent.gaussian_sigma_2.phone_state,gaussian_sigma_2,phone_state,30,post,0.620961950447,0.759524338652,0.369487165911,3
B5,3,persistent.gaussian_sigma_2.phone_state,gaussian_sigma_2,phone_state,30,pre,0.585764645259,0.749802519348,0.381032387457,3
B5,3,persistent.gaussian_sigma_2.watch_acc,gaussian_sigma_2,watch_acc,5,fault,0.566953254162,0.713129327781,0.430591269416,3
B5,3,persistent.gaussian_sigma_2.watch_acc,gaussian_sigma_2,watch_acc,5,post,0.592084652405,0.731882752574,0.417961963209,3
B5,3,persistent.gaussian_sigma_2.watch_acc,gaussian_sigma_2,watch_acc,5,pre,0.572606764036,0.73182160661,0.418159544988,3
B5,3,persistent.gaussian_sigma_2.watch_acc,gaussian_sigma_2,watch_acc,15,fault,0.592360767645,0.732884645004,0.406709089197,3
B5,3,persistent.gaussian_sigma_2.watch_acc,gaussian_sigma_2,watch_acc,15,post,0.583615752432,0.746705372713,0.389052972359,3
B5,3,persistent.gaussian_sigma_2.watch_acc,gaussian_sigma_2,watch_acc,15,pre,0.580850347091,0.745310238285,0.392418207975,3
B5,3,persistent.gaussian_sigma_2.watch_acc,gaussian_sigma_2,watch_acc,30,fault,0.570746353057,0.734037726361,0.387519389579,3
B5,3,persistent.gaussian_sigma_2.watch_acc,gaussian_sigma_2,watch_acc,30,post,0.620961950447,0.759524338652,0.369487165911,3
B5,3,persistent.gaussian_sigma_2.watch_acc,gaussian_sigma_2,watch_acc,30,pre,0.585764645259,0.749802519348,0.381032387457,3
B5,4,persistent.drop.audio,drop,audio,5,fault,0.641212622462,0.66822667295,0.477928340822,3
B5,4,persistent.drop.audio,drop,audio,5,post,0.654345432317,0.675459580841,0.447592174917,3
B5,4,persistent.drop.audio,drop,audio,5,pre,0.659072517164,0.682294155848,0.425907904428,3
B5,4,persistent.drop.audio,drop,audio,15,fault,0.665031989298,0.696034136431,0.423920839572,3
B5,4,persistent.drop.audio,drop,audio,15,post,0.691785773194,0.711711515692,0.390283320848,3
B5,4,persistent.drop.audio,drop,audio,15,pre,0.667203490899,0.696120333554,0.406080403175,3
B5,4,persistent.drop.audio,drop,audio,30,fault,0.639343291911,0.723591445386,0.405598207878,3
B5,4,persistent.drop.audio,drop,audio,30,post,0.681881166542,0.729179806668,0.373294401234,3
B5,4,persistent.drop.audio,drop,audio,30,pre,0.695679185019,0.738834505127,0.354527703884,3
B5,4,persistent.drop.location,drop,location,5,fault,0.624319261921,0.660927471978,0.432338471376,3
B5,4,persistent.drop.location,drop,location,5,post,0.654345432317,0.675459580841,0.447592174917,3
B5,4,persistent.drop.location,drop,location,5,pre,0.659072517164,0.682294155848,0.425907904428,3
B5,4,persistent.drop.location,drop,location,15,fault,0.626713643109,0.681750652056,0.402186977846,3
B5,4,persistent.drop.location,drop,location,15,post,0.691785773194,0.711711515692,0.390283320848,3
B5,4,persistent.drop.location,drop,location,15,pre,0.667203490899,0.696120333554,0.406080403175,3
B5,4,persistent.drop.location,drop,location,30,fault,0.624323902498,0.711132747516,0.385775477504,3
B5,4,persistent.drop.location,drop,location,30,post,0.681881166542,0.729179806668,0.373294401234,3
B5,4,persistent.drop.location,drop,location,30,pre,0.695679185019,0.738834505127,0.354527703884,3
B5,4,persistent.drop.phone_acc,drop,phone_acc,5,fault,0.655548382422,0.677684350541,0.451032566572,3
B5,4,persistent.drop.phone_acc,drop,phone_acc,5,post,0.654345432317,0.675459580841,0.447592174917,3
B5,4,persistent.drop.phone_acc,drop,phone_acc,5,pre,0.659072517164,0.682294155848,0.425907904428,3
B5,4,persistent.drop.phone_acc,drop,phone_acc,15,fault,0.67628741541,0.705441931087,0.403570932213,3
B5,4,persistent.drop.phone_acc,drop,phone_acc,15,post,0.691785773194,0.711711515692,0.390283320848,3
B5,4,persistent.drop.phone_acc,drop,phone_acc,15,pre,0.667203490899,0.696120333554,0.406080403175,3
B5,4,persistent.drop.phone_acc,drop,phone_acc,30,fault,0.648019384688,0.723679947591,0.387120078838,3
B5,4,persistent.drop.phone_acc,drop,phone_acc,30,post,0.681881166542,0.729179806668,0.373294401234,3
B5,4,persistent.drop.phone_acc,drop,phone_acc,30,pre,0.695679185019,0.738834505127,0.354527703884,3
B5,4,persistent.drop.phone_gyro,drop,phone_gyro,5,fault,0.655444081214,0.677458891556,0.443055126464,3
B5,4,persistent.drop.phone_gyro,drop,phone_gyro,5,post,0.654345432317,0.675459580841,0.447592174917,3
B5,4,persistent.drop.phone_gyro,drop,phone_gyro,5,pre,0.659072517164,0.682294155848,0.425907904428,3
B5,4,persistent.drop.phone_gyro,drop,phone_gyro,15,fault,0.670350704368,0.704478757101,0.398212756356,3
B5,4,persistent.drop.phone_gyro,drop,phone_gyro,15,post,0.691785773194,0.711711515692,0.390283320848,3
B5,4,persistent.drop.phone_gyro,drop,phone_gyro,15,pre,0.667203490899,0.696120333554,0.406080403175,3
B5,4,persistent.drop.phone_gyro,drop,phone_gyro,30,fault,0.654652823075,0.730184767237,0.382260775194,3
B5,4,persistent.drop.phone_gyro,drop,phone_gyro,30,post,0.681881166542,0.729179806668,0.373294401234,3
B5,4,persistent.drop.phone_gyro,drop,phone_gyro,30,pre,0.695679185019,0.738834505127,0.354527703884,3
B5,4,persistent.drop.phone_state,drop,phone_state,5,fault,0.650848586294,0.67041287637,0.445968827864,3
B5,4,persistent.drop.phone_state,drop,phone_state,5,post,0.654345432317,0.675459580841,0.447592174917,3
B5,4,persistent.drop.phone_state,drop,phone_state,5,pre,0.659072517164,0.682294155848,0.425907904428,3
B5,4,persistent.drop.phone_state,drop,phone_state,15,fault,0.668830874273,0.699949282098,0.393501480898,3
B5,4,persistent.drop.phone_state,drop,phone_state,15,post,0.691785773194,0.711711515692,0.390283320848,3
B5,4,persistent.drop.phone_state,drop,phone_state,15,pre,0.667203490899,0.696120333554,0.406080403175,3
B5,4,persistent.drop.phone_state,drop,phone_state,30,fault,0.663855528726,0.721947752883,0.37996392697,3
B5,4,persistent.drop.phone_state,drop,phone_state,30,post,0.681881166542,0.729179806668,0.373294401234,3
B5,4,persistent.drop.phone_state,drop,phone_state,30,pre,0.695679185019,0.738834505127,0.354527703884,3
B5,4,persistent.drop.watch_acc,drop,watch_acc,5,fault,0.610782097127,0.645937632469,0.480550535229,3
B5,4,persistent.drop.watch_acc,drop,watch_acc,5,post,0.654345432317,0.675459580841,0.447592174917,3
B5,4,persistent.drop.watch_acc,drop,watch_acc,5,pre,0.659072517164,0.682294155848,0.425907904428,3
B5,4,persistent.drop.watch_acc,drop,watch_acc,15,fault,0.614946372202,0.670927301414,0.443415892598,3
B5,4,persistent.drop.watch_acc,drop,watch_acc,15,post,0.691785773194,0.711711515692,0.390283320848,3
B5,4,persistent.drop.watch_acc,drop,watch_acc,15,pre,0.667203490899,0.696120333554,0.406080403175,3
B5,4,persistent.drop.watch_acc,drop,watch_acc,30,fault,0.588554281275,0.689859160455,0.424328577586,3
B5,4,persistent.drop.watch_acc,drop,watch_acc,30,post,0.681881166542,0.729179806668,0.373294401234,3
B5,4,persistent.drop.watch_acc,drop,watch_acc,30,pre,0.695679185019,0.738834505127,0.354527703884,3
B5,4,persistent.gaussian_sigma_2.audio,gaussian_sigma_2,audio,5,fault,0.633193859653,0.649763665649,0.467660258191,3
B5,4,persistent.gaussian_sigma_2.audio,gaussian_sigma_2,audio,5,post,0.654345432317,0.675459580841,0.447592174917,3
B5,4,persistent.gaussian_sigma_2.audio,gaussian_sigma_2,audio,5,pre,0.659072517164,0.682294155848,0.425907904428,3
B5,4,persistent.gaussian_sigma_2.audio,gaussian_sigma_2,audio,15,fault,0.652550664865,0.678813399705,0.41932244262,3
B5,4,persistent.gaussian_sigma_2.audio,gaussian_sigma_2,audio,15,post,0.691785773194,0.711711515692,0.390283320848,3
B5,4,persistent.gaussian_sigma_2.audio,gaussian_sigma_2,audio,15,pre,0.667203490899,0.696120333554,0.406080403175,3
B5,4,persistent.gaussian_sigma_2.audio,gaussian_sigma_2,audio,30,fault,0.639445621235,0.710757711766,0.39661609295,3
B5,4,persistent.gaussian_sigma_2.audio,gaussian_sigma_2,audio,30,post,0.681881166542,0.729179806668,0.373294401234,3
B5,4,persistent.gaussian_sigma_2.audio,gaussian_sigma_2,audio,30,pre,0.695679185019,0.738834505127,0.354527703884,3
B5,4,persistent.gaussian_sigma_2.location,gaussian_sigma_2,location,5,fault,0.640356233567,0.653759293093,0.451994026902,3
B5,4,persistent.gaussian_sigma_2.location,gaussian_sigma_2,location,5,post,0.654345432317,0.675459580841,0.447592174917,3
B5,4,persistent.gaussian_sigma_2.location,gaussian_sigma_2,location,5,pre,0.659072517164,0.682294155848,0.425907904428,3
B5,4,persistent.gaussian_sigma_2.location,gaussian_sigma_2,location,15,fault,0.653267597224,0.678946090128,0.41663369799,3
B5,4,persistent.gaussian_sigma_2.location,gaussian_sigma_2,location,15,post,0.691785773194,0.711711515692,0.390283320848,3
B5,4,persistent.gaussian_sigma_2.location,gaussian_sigma_2,location,15,pre,0.667203490899,0.696120333554,0.406080403175,3
B5,4,persistent.gaussian_sigma_2.location,gaussian_sigma_2,location,30,fault,0.646436026096,0.705459816732,0.393068144172,3
B5,4,persistent.gaussian_sigma_2.location,gaussian_sigma_2,location,30,post,0.681881166542,0.729179806668,0.373294401234,3
B5,4,persistent.gaussian_sigma_2.location,gaussian_sigma_2,location,30,pre,0.695679185019,0.738834505127,0.354527703884,3
B5,4,persistent.gaussian_sigma_2.phone_acc,gaussian_sigma_2,phone_acc,5,fault,0.656743163935,0.67656331399,0.442604935548,3
B5,4,persistent.gaussian_sigma_2.phone_acc,gaussian_sigma_2,phone_acc,5,post,0.654345432317,0.675459580841,0.447592174917,3
B5,4,persistent.gaussian_sigma_2.phone_acc,gaussian_sigma_2,phone_acc,5,pre,0.659072517164,0.682294155848,0.425907904428,3
B5,4,persistent.gaussian_sigma_2.phone_acc,gaussian_sigma_2,phone_acc,15,fault,0.671928802181,0.703132913158,0.397212574123,3
B5,4,persistent.gaussian_sigma_2.phone_acc,gaussian_sigma_2,phone_acc,15,post,0.691785773194,0.711711515692,0.390283320848,3
B5,4,persistent.gaussian_sigma_2.phone_acc,gaussian_sigma_2,phone_acc,15,pre,0.667203490899,0.696120333554,0.406080403175,3
B5,4,persistent.gaussian_sigma_2.phone_acc,gaussian_sigma_2,phone_acc,30,fault,0.650382618727,0.723474556659,0.380422352865,3
B5,4,persistent.gaussian_sigma_2.phone_acc,gaussian_sigma_2,phone_acc,30,post,0.681881166542,0.729179806668,0.373294401234,3
B5,4,persistent.gaussian_sigma_2.phone_acc,gaussian_sigma_2,phone_acc,30,pre,0.695679185019,0.738834505127,0.354527703884,3
B5,4,persistent.gaussian_sigma_2.phone_gyro,gaussian_sigma_2,phone_gyro,5,fault,0.658716713093,0.676949004536,0.442839091486,3
B5,4,persistent.gaussian_sigma_2.phone_gyro,gaussian_sigma_2,phone_gyro,5,post,0.654345432317,0.675459580841,0.447592174917,3
B5,4,persistent.gaussian_sigma_2.phone_gyro,gaussian_sigma_2,phone_gyro,5,pre,0.659072517164,0.682294155848,0.425907904428,3
B5,4,persistent.gaussian_sigma_2.phone_gyro,gaussian_sigma_2,phone_gyro,15,fault,0.669273827702,0.703246888468,0.39953209434,3
B5,4,persistent.gaussian_sigma_2.phone_gyro,gaussian_sigma_2,phone_gyro,15,post,0.691785773194,0.711711515692,0.390283320848,3
B5,4,persistent.gaussian_sigma_2.phone_gyro,gaussian_sigma_2,phone_gyro,15,pre,0.667203490899,0.696120333554,0.406080403175,3
B5,4,persistent.gaussian_sigma_2.phone_gyro,gaussian_sigma_2,phone_gyro,30,fault,0.659198510126,0.730423663529,0.377117458387,3
B5,4,persistent.gaussian_sigma_2.phone_gyro,gaussian_sigma_2,phone_gyro,30,post,0.681881166542,0.729179806668,0.373294401234,3
B5,4,persistent.gaussian_sigma_2.phone_gyro,gaussian_sigma_2,phone_gyro,30,pre,0.695679185019,0.738834505127,0.354527703884,3
B5,4,persistent.gaussian_sigma_2.phone_state,gaussian_sigma_2,phone_state,5,fault,0.62518686463,0.647433097881,0.45136004113,3
B5,4,persistent.gaussian_sigma_2.phone_state,gaussian_sigma_2,phone_state,5,post,0.654345432317,0.675459580841,0.447592174917,3
B5,4,persistent.gaussian_sigma_2.phone_state,gaussian_sigma_2,phone_state,5,pre,0.659072517164,0.682294155848,0.425907904428,3
B5,4,persistent.gaussian_sigma_2.phone_state,gaussian_sigma_2,phone_state,15,fault,0.647775841895,0.680603915049,0.403128399974,3
B5,4,persistent.gaussian_sigma_2.phone_state,gaussian_sigma_2,phone_state,15,post,0.691785773194,0.711711515692,0.390283320848,3
B5,4,persistent.gaussian_sigma_2.phone_state,gaussian_sigma_2,phone_state,15,pre,0.667203490899,0.696120333554,0.406080403175,3
B5,4,persistent.gaussian_sigma_2.phone_state,gaussian_sigma_2,phone_state,30,fault,0.650682460102,0.707113625533,0.383667541931,3
B5,4,persistent.gaussian_sigma_2.phone_state,gaussian_sigma_2,phone_state,30,post,0.681881166542,0.729179806668,0.373294401234,3
B5,4,persistent.gaussian_sigma_2.phone_state,gaussian_sigma_2,phone_state,30,pre,0.695679185019,0.738834505127,0.354527703884,3
B5,4,persistent.gaussian_sigma_2.watch_acc,gaussian_sigma_2,watch_acc,5,fault,0.629918726169,0.656688364659,0.457876325435,3
B5,4,persistent.gaussian_sigma_2.watch_acc,gaussian_sigma_2,watch_acc,5,post,0.654345432317,0.675459580841,0.447592174917,3
B5,4,persistent.gaussian_sigma_2.watch_acc,gaussian_sigma_2,watch_acc,5,pre,0.659072517164,0.682294155848,0.425907904428,3
B5,4,persistent.gaussian_sigma_2.watch_acc,gaussian_sigma_2,watch_acc,15,fault,0.647811855307,0.68813116853,0.41365532328,3
B5,4,persistent.gaussian_sigma_2.watch_acc,gaussian_sigma_2,watch_acc,15,post,0.691785773194,0.711711515692,0.390283320848,3
B5,4,persistent.gaussian_sigma_2.watch_acc,gaussian_sigma_2,watch_acc,15,pre,0.667203490899,0.696120333554,0.406080403175,3
B5,4,persistent.gaussian_sigma_2.watch_acc,gaussian_sigma_2,watch_acc,30,fault,0.625836871738,0.706373567873,0.396171729024,3
B5,4,persistent.gaussian_sigma_2.watch_acc,gaussian_sigma_2,watch_acc,30,post,0.681881166542,0.729179806668,0.373294401234,3
B5,4,persistent.gaussian_sigma_2.watch_acc,gaussian_sigma_2,watch_acc,30,pre,0.695679185019,0.738834505127,0.354527703884,3
P,0,persistent.drop.audio,drop,audio,5,fault,0.573812847184,0.73213138991,0.388732156331,3
P,0,persistent.drop.audio,drop,audio,5,post,0.58056401331,0.746987445182,0.363902832262,3
P,0,persistent.drop.audio,drop,audio,5,pre,0.586767374175,0.748067075733,0.361972872439,3
P,0,persistent.drop.audio,drop,audio,15,fault,0.588094865187,0.754777484949,0.358299945737,3
P,0,persistent.drop.audio,drop,audio,15,post,0.596393427544,0.771185876249,0.337518454045,3
P,0,persistent.drop.audio,drop,audio,15,pre,0.605000541227,0.778532697098,0.323453323874,3
P,0,persistent.drop.audio,drop,audio,30,fault,0.583409569761,0.78241685817,0.329558738245,3
P,0,persistent.drop.audio,drop,audio,30,post,0.608560104211,0.80656564055,0.305735138756,3
P,0,persistent.drop.audio,drop,audio,30,pre,0.581862792174,0.793961590715,0.315711149051,3
P,0,persistent.drop.location,drop,location,5,fault,0.565139065821,0.726279283118,0.419544068385,3
P,0,persistent.drop.location,drop,location,5,post,0.58056401331,0.746987445182,0.363902832262,3
P,0,persistent.drop.location,drop,location,5,pre,0.586767374175,0.748067075733,0.361972872439,3
P,0,persistent.drop.location,drop,location,15,fault,0.569816277177,0.744611287922,0.379562765987,3
P,0,persistent.drop.location,drop,location,15,post,0.596393427544,0.771185876249,0.337518454045,3
P,0,persistent.drop.location,drop,location,15,pre,0.605000541227,0.778532697098,0.323453323874,3
P,0,persistent.drop.location,drop,location,30,fault,0.574293017114,0.772335688404,0.355772336885,3
P,0,persistent.drop.location,drop,location,30,post,0.608560104211,0.80656564055,0.305735138756,3
P,0,persistent.drop.location,drop,location,30,pre,0.581862792174,0.793961590715,0.315711149051,3
P,0,persistent.drop.phone_acc,drop,phone_acc,5,fault,0.582393604531,0.747530920396,0.358127569169,3
P,0,persistent.drop.phone_acc,drop,phone_acc,5,post,0.58056401331,0.746987445182,0.363902832262,3
P,0,persistent.drop.phone_acc,drop,phone_acc,5,pre,0.586767374175,0.748067075733,0.361972872439,3
P,0,persistent.drop.phone_acc,drop,phone_acc,15,fault,0.590470689447,0.767656343268,0.334540387352,3
P,0,persistent.drop.phone_acc,drop,phone_acc,15,post,0.596393427544,0.771185876249,0.337518454045,3
P,0,persistent.drop.phone_acc,drop,phone_acc,15,pre,0.605000541227,0.778532697098,0.323453323874,3
P,0,persistent.drop.phone_acc,drop,phone_acc,30,fault,0.589582439705,0.79407963415,0.30811604759,3
P,0,persistent.drop.phone_acc,drop,phone_acc,30,post,0.608560104211,0.80656564055,0.305735138756,3
P,0,persistent.drop.phone_acc,drop,phone_acc,30,pre,0.581862792174,0.793961590715,0.315711149051,3
P,0,persistent.drop.phone_gyro,drop,phone_gyro,5,fault,0.577701414533,0.747151206211,0.366585234964,3
P,0,persistent.drop.phone_gyro,drop,phone_gyro,5,post,0.58056401331,0.746987445182,0.363902832262,3
P,0,persistent.drop.phone_gyro,drop,phone_gyro,5,pre,0.586767374175,0.748067075733,0.361972872439,3
P,0,persistent.drop.phone_gyro,drop,phone_gyro,15,fault,0.588406983099,0.768061938576,0.334759083585,3
P,0,persistent.drop.phone_gyro,drop,phone_gyro,15,post,0.596393427544,0.771185876249,0.337518454045,3
P,0,persistent.drop.phone_gyro,drop,phone_gyro,15,pre,0.605000541227,0.778532697098,0.323453323874,3
P,0,persistent.drop.phone_gyro,drop,phone_gyro,30,fault,0.58679397952,0.79387705634,0.30793926178,3
P,0,persistent.drop.phone_gyro,drop,phone_gyro,30,post,0.608560104211,0.80656564055,0.305735138756,3
P,0,persistent.drop.phone_gyro,drop,phone_gyro,30,pre,0.581862792174,0.793961590715,0.315711149051,3
P,0,persistent.drop.phone_state,drop,phone_state,5,fault,0.558536243983,0.717730096913,0.389459389765,3
P,0,persistent.drop.phone_state,drop,phone_state,5,post,0.58056401331,0.746987445182,0.363902832262,3
P,0,persistent.drop.phone_state,drop,phone_state,5,pre,0.586767374175,0.748067075733,0.361972872439,3
P,0,persistent.drop.phone_state,drop,phone_state,15,fault,0.573140701515,0.74517215516,0.352171027982,3
P,0,persistent.drop.phone_state,drop,phone_state,15,post,0.596393427544,0.771185876249,0.337518454045,3
P,0,persistent.drop.phone_state,drop,phone_state,15,pre,0.605000541227,0.778532697098,0.323453323874,3
P,0,persistent.drop.phone_state,drop,phone_state,30,fault,0.561415638281,0.76536610347,0.32887125825,3
P,0,persistent.drop.phone_state,drop,phone_state,30,post,0.608560104211,0.80656564055,0.305735138756,3
P,0,persistent.drop.phone_state,drop,phone_state,30,pre,0.581862792174,0.793961590715,0.315711149051,3
P,0,persistent.drop.watch_acc,drop,watch_acc,5,fault,0.558495376446,0.734555348974,0.38568503624,3
P,0,persistent.drop.watch_acc,drop,watch_acc,5,post,0.58056401331,0.746987445182,0.363902832262,3
P,0,persistent.drop.watch_acc,drop,watch_acc,5,pre,0.586767374175,0.748067075733,0.361972872439,3
P,0,persistent.drop.watch_acc,drop,watch_acc,15,fault,0.57450625421,0.758236740156,0.352580059515,3
P,0,persistent.drop.watch_acc,drop,watch_acc,15,post,0.596393427544,0.771185876249,0.337518454045,3
P,0,persistent.drop.watch_acc,drop,watch_acc,15,pre,0.605000541227,0.778532697098,0.323453323874,3
P,0,persistent.drop.watch_acc,drop,watch_acc,30,fault,0.565109470404,0.785032686194,0.32607150283,3
P,0,persistent.drop.watch_acc,drop,watch_acc,30,post,0.608560104211,0.80656564055,0.305735138756,3
P,0,persistent.drop.watch_acc,drop,watch_acc,30,pre,0.581862792174,0.793961590715,0.315711149051,3
P,0,persistent.gaussian_sigma_2.audio,gaussian_sigma_2,audio,5,fault,0.548419875442,0.716126755379,0.400171078321,3
P,0,persistent.gaussian_sigma_2.audio,gaussian_sigma_2,audio,5,post,0.58056401331,0.746987445182,0.363902832262,3
P,0,persistent.gaussian_sigma_2.audio,gaussian_sigma_2,audio,5,pre,0.586767374175,0.748067075733,0.361972872439,3
P,0,persistent.gaussian_sigma_2.audio,gaussian_sigma_2,audio,15,fault,0.561499756829,0.736621203427,0.370286045264,3
P,0,persistent.gaussian_sigma_2.audio,gaussian_sigma_2,audio,15,post,0.596393427544,0.771185876249,0.337518454045,3
P,0,persistent.gaussian_sigma_2.audio,gaussian_sigma_2,audio,15,pre,0.605000541227,0.778532697098,0.323453323874,3
P,0,persistent.gaussian_sigma_2.audio,gaussian_sigma_2,audio,30,fault,0.555197554151,0.764707145949,0.347644536899,3
P,0,persistent.gaussian_sigma_2.audio,gaussian_sigma_2,audio,30,post,0.608560104211,0.80656564055,0.305735138756,3
P,0,persistent.gaussian_sigma_2.audio,gaussian_sigma_2,audio,30,pre,0.581862792174,0.793961590715,0.315711149051,3
P,0,persistent.gaussian_sigma_2.location,gaussian_sigma_2,location,5,fault,0.561368310726,0.726043722802,0.410757509347,3
P,0,persistent.gaussian_sigma_2.location,gaussian_sigma_2,location,5,post,0.58056401331,0.746987445182,0.363902832262,3
P,0,persistent.gaussian_sigma_2.location,gaussian_sigma_2,location,5,pre,0.586767374175,0.748067075733,0.361972872439,3
P,0,persistent.gaussian_sigma_2.location,gaussian_sigma_2,location,15,fault,0.568722761045,0.744544050312,0.380837996933,3
P,0,persistent.gaussian_sigma_2.location,gaussian_sigma_2,location,15,post,0.596393427544,0.771185876249,0.337518454045,3
P,0,persistent.gaussian_sigma_2.location,gaussian_sigma_2,location,15,pre,0.605000541227,0.778532697098,0.323453323874,3
P,0,persistent.gaussian_sigma_2.location,gaussian_sigma_2,location,30,fault,0.569903055635,0.773219430878,0.358948844794,3
P,0,persistent.gaussian_sigma_2.location,gaussian_sigma_2,location,30,post,0.608560104211,0.80656564055,0.305735138756,3
P,0,persistent.gaussian_sigma_2.location,gaussian_sigma_2,location,30,pre,0.581862792174,0.793961590715,0.315711149051,3
P,0,persistent.gaussian_sigma_2.phone_acc,gaussian_sigma_2,phone_acc,5,fault,0.585498621015,0.745543132016,0.35993127995,3
P,0,persistent.gaussian_sigma_2.phone_acc,gaussian_sigma_2,phone_acc,5,post,0.58056401331,0.746987445182,0.363902832262,3
P,0,persistent.gaussian_sigma_2.phone_acc,gaussian_sigma_2,phone_acc,5,pre,0.586767374175,0.748067075733,0.361972872439,3
P,0,persistent.gaussian_sigma_2.phone_acc,gaussian_sigma_2,phone_acc,15,fault,0.590142798919,0.764770842373,0.336904479628,3
P,0,persistent.gaussian_sigma_2.phone_acc,gaussian_sigma_2,phone_acc,15,post,0.596393427544,0.771185876249,0.337518454045,3
P,0,persistent.gaussian_sigma_2.phone_acc,gaussian_sigma_2,phone_acc,15,pre,0.605000541227,0.778532697098,0.323453323874,3
P,0,persistent.gaussian_sigma_2.phone_acc,gaussian_sigma_2,phone_acc,30,fault,0.588415418569,0.791610520092,0.314560132311,3
P,0,persistent.gaussian_sigma_2.phone_acc,gaussian_sigma_2,phone_acc,30,post,0.608560104211,0.80656564055,0.305735138756,3
P,0,persistent.gaussian_sigma_2.phone_acc,gaussian_sigma_2,phone_acc,30,pre,0.581862792174,0.793961590715,0.315711149051,3
P,0,persistent.gaussian_sigma_2.phone_gyro,gaussian_sigma_2,phone_gyro,5,fault,0.585419277125,0.746558289861,0.368413863158,3
P,0,persistent.gaussian_sigma_2.phone_gyro,gaussian_sigma_2,phone_gyro,5,post,0.58056401331,0.746987445182,0.363902832262,3
P,0,persistent.gaussian_sigma_2.phone_gyro,gaussian_sigma_2,phone_gyro,5,pre,0.586767374175,0.748067075733,0.361972872439,3
P,0,persistent.gaussian_sigma_2.phone_gyro,gaussian_sigma_2,phone_gyro,15,fault,0.592207434694,0.767721180121,0.33614062593,3
P,0,persistent.gaussian_sigma_2.phone_gyro,gaussian_sigma_2,phone_gyro,15,post,0.596393427544,0.771185876249,0.337518454045,3
P,0,persistent.gaussian_sigma_2.phone_gyro,gaussian_sigma_2,phone_gyro,15,pre,0.605000541227,0.778532697098,0.323453323874,3
P,0,persistent.gaussian_sigma_2.phone_gyro,gaussian_sigma_2,phone_gyro,30,fault,0.59636920655,0.796092723412,0.312524474186,3
P,0,persistent.gaussian_sigma_2.phone_gyro,gaussian_sigma_2,phone_gyro,30,post,0.608560104211,0.80656564055,0.305735138756,3
P,0,persistent.gaussian_sigma_2.phone_gyro,gaussian_sigma_2,phone_gyro,30,pre,0.581862792174,0.793961590715,0.315711149051,3
P,0,persistent.gaussian_sigma_2.phone_state,gaussian_sigma_2,phone_state,5,fault,0.540152671018,0.701730454743,0.402834502495,3
P,0,persistent.gaussian_sigma_2.phone_state,gaussian_sigma_2,phone_state,5,post,0.58056401331,0.746987445182,0.363902832262,3
P,0,persistent.gaussian_sigma_2.phone_state,gaussian_sigma_2,phone_state,5,pre,0.586767374175,0.748067075733,0.361972872439,3
P,0,persistent.gaussian_sigma_2.phone_state,gaussian_sigma_2,phone_state,15,fault,0.551009963131,0.723265720029,0.371119384321,3
P,0,persistent.gaussian_sigma_2.phone_state,gaussian_sigma_2,phone_state,15,post,0.596393427544,0.771185876249,0.337518454045,3
P,0,persistent.gaussian_sigma_2.phone_state,gaussian_sigma_2,phone_state,15,pre,0.605000541227,0.778532697098,0.323453323874,3
P,0,persistent.gaussian_sigma_2.phone_state,gaussian_sigma_2,phone_state,30,fault,0.540225509023,0.741760744289,0.351650539857,3
P,0,persistent.gaussian_sigma_2.phone_state,gaussian_sigma_2,phone_state,30,post,0.608560104211,0.80656564055,0.305735138756,3
P,0,persistent.gaussian_sigma_2.phone_state,gaussian_sigma_2,phone_state,30,pre,0.581862792174,0.793961590715,0.315711149051,3
P,0,persistent.gaussian_sigma_2.watch_acc,gaussian_sigma_2,watch_acc,5,fault,0.553739514859,0.72269305601,0.389081347396,3
P,0,persistent.gaussian_sigma_2.watch_acc,gaussian_sigma_2,watch_acc,5,post,0.58056401331,0.746987445182,0.363902832262,3
P,0,persistent.gaussian_sigma_2.watch_acc,gaussian_sigma_2,watch_acc,5,pre,0.586767374175,0.748067075733,0.361972872439,3
P,0,persistent.gaussian_sigma_2.watch_acc,gaussian_sigma_2,watch_acc,15,fault,0.566878309237,0.744643334918,0.359696925678,3
P,0,persistent.gaussian_sigma_2.watch_acc,gaussian_sigma_2,watch_acc,15,post,0.596393427544,0.771185876249,0.337518454045,3
P,0,persistent.gaussian_sigma_2.watch_acc,gaussian_sigma_2,watch_acc,15,pre,0.605000541227,0.778532697098,0.323453323874,3
P,0,persistent.gaussian_sigma_2.watch_acc,gaussian_sigma_2,watch_acc,30,fault,0.555362351783,0.76340476399,0.339327025516,3
P,0,persistent.gaussian_sigma_2.watch_acc,gaussian_sigma_2,watch_acc,30,post,0.608560104211,0.80656564055,0.305735138756,3
P,0,persistent.gaussian_sigma_2.watch_acc,gaussian_sigma_2,watch_acc,30,pre,0.581862792174,0.793961590715,0.315711149051,3
P,1,persistent.drop.audio,drop,audio,5,fault,0.581274738916,0.669728538317,0.446608327024,3
P,1,persistent.drop.audio,drop,audio,5,post,0.607150820398,0.701383877914,0.400245632003,3
P,1,persistent.drop.audio,drop,audio,5,pre,0.61484958593,0.704431223834,0.397377058999,3
P,1,persistent.drop.audio,drop,audio,15,fault,0.584641264993,0.686303747288,0.438265903053,3
P,1,persistent.drop.audio,drop,audio,15,post,0.605767955938,0.713341977307,0.386200623999,3
P,1,persistent.drop.audio,drop,audio,15,pre,0.574897213847,0.712306308512,0.386500923783,3
P,1,persistent.drop.audio,drop,audio,30,fault,0.562905793701,0.692363877897,0.443208304043,3
P,1,persistent.drop.audio,drop,audio,30,post,0.58647908658,0.724299041365,0.385175555975,3
P,1,persistent.drop.audio,drop,audio,30,pre,0.570888498077,0.711669656854,0.384040527832,3
P,1,persistent.drop.location,drop,location,5,fault,0.590323829011,0.697512414261,0.40133391961,3
P,1,persistent.drop.location,drop,location,5,post,0.607150820398,0.701383877914,0.400245632003,3
P,1,persistent.drop.location,drop,location,5,pre,0.61484958593,0.704431223834,0.397377058999,3
P,1,persistent.drop.location,drop,location,15,fault,0.588394237074,0.718108859468,0.366575930027,3
P,1,persistent.drop.location,drop,location,15,post,0.605767955938,0.713341977307,0.386200623999,3
P,1,persistent.drop.location,drop,location,15,pre,0.574897213847,0.712306308512,0.386500923783,3
P,1,persistent.drop.location,drop,location,30,fault,0.588787746534,0.742336807333,0.339862838276,3
P,1,persistent.drop.location,drop,location,30,post,0.58647908658,0.724299041365,0.385175555975,3
P,1,persistent.drop.location,drop,location,30,pre,0.570888498077,0.711669656854,0.384040527832,3
P,1,persistent.drop.phone_acc,drop,phone_acc,5,fault,0.581101679852,0.6883771778,0.419410215668,3
P,1,persistent.drop.phone_acc,drop,phone_acc,5,post,0.607150820398,0.701383877914,0.400245632003,3
P,1,persistent.drop.phone_acc,drop,phone_acc,5,pre,0.61484958593,0.704431223834,0.397377058999,3
P,1,persistent.drop.phone_acc,drop,phone_acc,15,fault,0.5831247694,0.706171477178,0.409480020629,3
P,1,persistent.drop.phone_acc,drop,phone_acc,15,post,0.605767955938,0.713341977307,0.386200623999,3
P,1,persistent.drop.phone_acc,drop,phone_acc,15,pre,0.574897213847,0.712306308512,0.386500923783,3
P,1,persistent.drop.phone_acc,drop,phone_acc,30,fault,0.565920860597,0.718401815523,0.400555988303,3
P,1,persistent.drop.phone_acc,drop,phone_acc,30,post,0.58647908658,0.724299041365,0.385175555975,3
P,1,persistent.drop.phone_acc,drop,phone_acc,30,pre,0.570888498077,0.711669656854,0.384040527832,3
P,1,persistent.drop.phone_gyro,drop,phone_gyro,5,fault,0.586903548686,0.691427096917,0.413030748265,3
P,1,persistent.drop.phone_gyro,drop,phone_gyro,5,post,0.607150820398,0.701383877914,0.400245632003,3
P,1,persistent.drop.phone_gyro,drop,phone_gyro,5,pre,0.61484958593,0.704431223834,0.397377058999,3
P,1,persistent.drop.phone_gyro,drop,phone_gyro,15,fault,0.588047451763,0.709734968914,0.397791021704,3
P,1,persistent.drop.phone_gyro,drop,phone_gyro,15,post,0.605767955938,0.713341977307,0.386200623999,3
P,1,persistent.drop.phone_gyro,drop,phone_gyro,15,pre,0.574897213847,0.712306308512,0.386500923783,3
P,1,persistent.drop.phone_gyro,drop,phone_gyro,30,fault,0.578699764679,0.720135272545,0.389956587909,3
P,1,persistent.drop.phone_gyro,drop,phone_gyro,30,post,0.58647908658,0.724299041365,0.385175555975,3
P,1,persistent.drop.phone_gyro,drop,phone_gyro,30,pre,0.570888498077,0.711669656854,0.384040527832,3
P,1,persistent.drop.phone_state,drop,phone_state,5,fault,0.573518816114,0.663384646857,0.460851737503,3
P,1,persistent.drop.phone_state,drop,phone_state,5,post,0.607150820398,0.701383877914,0.400245632003,3
P,1,persistent.drop.phone_state,drop,phone_state,5,pre,0.61484958593,0.704431223834,0.397377058999,3
P,1,persistent.drop.phone_state,drop,phone_state,15,fault,0.572207778129,0.677998219167,0.457460384661,3
P,1,persistent.drop.phone_state,drop,phone_state,15,post,0.605767955938,0.713341977307,0.386200623999,3
P,1,persistent.drop.phone_state,drop,phone_state,15,pre,0.574897213847,0.712306308512,0.386500923783,3
P,1,persistent.drop.phone_state,drop,phone_state,30,fault,0.564786244881,0.692298660907,0.455143992652,3
P,1,persistent.drop.phone_state,drop,phone_state,30,post,0.58647908658,0.724299041365,0.385175555975,3
P,1,persistent.drop.phone_state,drop,phone_state,30,pre,0.570888498077,0.711669656854,0.384040527832,3
P,1,persistent.drop.watch_acc,drop,watch_acc,5,fault,0.569101412851,0.679130999293,0.431580417812,3
P,1,persistent.drop.watch_acc,drop,watch_acc,5,post,0.607150820398,0.701383877914,0.400245632003,3
P,1,persistent.drop.watch_acc,drop,watch_acc,5,pre,0.61484958593,0.704431223834,0.397377058999,3
P,1,persistent.drop.watch_acc,drop,watch_acc,15,fault,0.572584770455,0.697827569836,0.417367578375,3
P,1,persistent.drop.watch_acc,drop,watch_acc,15,post,0.605767955938,0.713341977307,0.386200623999,3
P,1,persistent.drop.watch_acc,drop,watch_acc,15,pre,0.574897213847,0.712306308512,0.386500923783,3
P,1,persistent.drop.watch_acc,drop,watch_acc,30,fault,0.568295415062,0.70844909484,0.415562411337,3
P,1,persistent.drop.watch_acc,drop,watch_acc,30,post,0.58647908658,0.724299041365,0.385175555975,3
P,1,persistent.drop.watch_acc,drop,watch_acc,30,pre,0.570888498077,0.711669656854,0.384040527832,3
P,1,persistent.gaussian_sigma_2.audio,gaussian_sigma_2,audio,5,fault,0.571319843075,0.669280717916,0.43152657569,3
P,1,persistent.gaussian_sigma_2.audio,gaussian_sigma_2,audio,5,post,0.607150820398,0.701383877914,0.400245632003,3
P,1,persistent.gaussian_sigma_2.audio,gaussian_sigma_2,audio,5,pre,0.61484958593,0.704431223834,0.397377058999,3
P,1,persistent.gaussian_sigma_2.audio,gaussian_sigma_2,audio,15,fault,0.577015108196,0.687792727377,0.416577667189,3
P,1,persistent.gaussian_sigma_2.audio,gaussian_sigma_2,audio,15,post,0.605767955938,0.713341977307,0.386200623999,3
P,1,persistent.gaussian_sigma_2.audio,gaussian_sigma_2,audio,15,pre,0.574897213847,0.712306308512,0.386500923783,3
P,1,persistent.gaussian_sigma_2.audio,gaussian_sigma_2,audio,30,fault,0.557911080017,0.696685122013,0.417301375825,3
P,1,persistent.gaussian_sigma_2.audio,gaussian_sigma_2,audio,30,post,0.58647908658,0.724299041365,0.385175555975,3
P,1,persistent.gaussian_sigma_2.audio,gaussian_sigma_2,audio,30,pre,0.570888498077,0.711669656854,0.384040527832,3
P,1,persistent.gaussian_sigma_2.location,gaussian_sigma_2,location,5,fault,0.587316549599,0.686483373606,0.409369676863,3
P,1,persistent.gaussian_sigma_2.location,gaussian_sigma_2,location,5,post,0.607150820398,0.701383877914,0.400245632003,3
P,1,persistent.gaussian_sigma_2.location,gaussian_sigma_2,location,5,pre,0.61484958593,0.704431223834,0.397377058999,3
P,1,persistent.gaussian_sigma_2.location,gaussian_sigma_2,location,15,fault,0.58998215881,0.703200588971,0.387032717762,3
P,1,persistent.gaussian_sigma_2.location,gaussian_sigma_2,location,15,post,0.605767955938,0.713341977307,0.386200623999,3
P,1,persistent.gaussian_sigma_2.location,gaussian_sigma_2,location,15,pre,0.574897213847,0.712306308512,0.386500923783,3
P,1,persistent.gaussian_sigma_2.location,gaussian_sigma_2,location,30,fault,0.578428490723,0.718807309573,0.376070953068,3
P,1,persistent.gaussian_sigma_2.location,gaussian_sigma_2,location,30,post,0.58647908658,0.724299041365,0.385175555975,3
P,1,persistent.gaussian_sigma_2.location,gaussian_sigma_2,location,30,pre,0.570888498077,0.711669656854,0.384040527832,3
P,1,persistent.gaussian_sigma_2.phone_acc,gaussian_sigma_2,phone_acc,5,fault,0.59088388415,0.692544448589,0.405224084455,3
P,1,persistent.gaussian_sigma_2.phone_acc,gaussian_sigma_2,phone_acc,5,post,0.607150820398,0.701383877914,0.400245632003,3
P,1,persistent.gaussian_sigma_2.phone_acc,gaussian_sigma_2,phone_acc,5,pre,0.61484958593,0.704431223834,0.397377058999,3
P,1,persistent.gaussian_sigma_2.phone_acc,gaussian_sigma_2,phone_acc,15,fault,0.589899541294,0.709341861071,0.391044859785,3
P,1,persistent.gaussian_sigma_2.phone_acc,gaussian_sigma_2,phone_acc,15,post,0.605767955938,0.713341977307,0.386200623999,3
P,1,persistent.gaussian_sigma_2.phone_acc,gaussian_sigma_2,phone_acc,15,pre,0.574897213847,0.712306308512,0.386500923783,3
P,1,persistent.gaussian_sigma_2.phone_acc,gaussian_sigma_2,phone_acc,30,fault,0.58565726786,0.725999609137,0.382430285205,3
P,1,persistent.gaussian_sigma_2.phone_acc,gaussian_sigma_2,phone_acc,30,post,0.58647908658,0.724299041365,0.385175555975,3
P,1,persistent.gaussian_sigma_2.phone_acc,gaussian_sigma_2,phone_acc,30,pre,0.570888498077,0.711669656854,0.384040527832,3
P,1,persistent.gaussian_sigma_2.phone_gyro,gaussian_sigma_2,phone_gyro,5,fault,0.593966186443,0.692419341304,0.403317821558,3
P,1,persistent.gaussian_sigma_2.phone_gyro,gaussian_sigma_2,phone_gyro,5,post,0.607150820398,0.701383877914,0.400245632003,3
P,1,persistent.gaussian_sigma_2.phone_gyro,gaussian_sigma_2,phone_gyro,5,pre,0.61484958593,0.704431223834,0.397377058999,3
P,1,persistent.gaussian_sigma_2.phone_gyro,gaussian_sigma_2,phone_gyro,15,fault,0.600776865463,0.711569235575,0.384710644878,3
P,1,persistent.gaussian_sigma_2.phone_gyro,gaussian_sigma_2,phone_gyro,15,post,0.605767955938,0.713341977307,0.386200623999,3
P,1,persistent.gaussian_sigma_2.phone_gyro,gaussian_sigma_2,phone_gyro,15,pre,0.574897213847,0.712306308512,0.386500923783,3
P,1,persistent.gaussian_sigma_2.phone_gyro,gaussian_sigma_2,phone_gyro,30,fault,0.58536234302,0.723874642534,0.377232129074,3
P,1,persistent.gaussian_sigma_2.phone_gyro,gaussian_sigma_2,phone_gyro,30,post,0.58647908658,0.724299041365,0.385175555975,3
P,1,persistent.gaussian_sigma_2.phone_gyro,gaussian_sigma_2,phone_gyro,30,pre,0.570888498077,0.711669656854,0.384040527832,3
P,1,persistent.gaussian_sigma_2.phone_state,gaussian_sigma_2,phone_state,5,fault,0.562999210741,0.657018452594,0.44352462126,3
P,1,persistent.gaussian_sigma_2.phone_state,gaussian_sigma_2,phone_state,5,post,0.607150820398,0.701383877914,0.400245632003,3
P,1,persistent.gaussian_sigma_2.phone_state,gaussian_sigma_2,phone_state,5,pre,0.61484958593,0.704431223834,0.397377058999,3
P,1,persistent.gaussian_sigma_2.phone_state,gaussian_sigma_2,phone_state,15,fault,0.563511542638,0.673464884573,0.433496073832,3
P,1,persistent.gaussian_sigma_2.phone_state,gaussian_sigma_2,phone_state,15,post,0.605767955938,0.713341977307,0.386200623999,3
P,1,persistent.gaussian_sigma_2.phone_state,gaussian_sigma_2,phone_state,15,pre,0.574897213847,0.712306308512,0.386500923783,3
P,1,persistent.gaussian_sigma_2.phone_state,gaussian_sigma_2,phone_state,30,fault,0.55766829279,0.686966568364,0.428934946149,3
P,1,persistent.gaussian_sigma_2.phone_state,gaussian_sigma_2,phone_state,30,post,0.58647908658,0.724299041365,0.385175555975,3
P,1,persistent.gaussian_sigma_2.phone_state,gaussian_sigma_2,phone_state,30,pre,0.570888498077,0.711669656854,0.384040527832,3
P,1,persistent.gaussian_sigma_2.watch_acc,gaussian_sigma_2,watch_acc,5,fault,0.576508455869,0.681120549965,0.417227031816,3
P,1,persistent.gaussian_sigma_2.watch_acc,gaussian_sigma_2,watch_acc,5,post,0.607150820398,0.701383877914,0.400245632003,3
P,1,persistent.gaussian_sigma_2.watch_acc,gaussian_sigma_2,watch_acc,5,pre,0.61484958593,0.704431223834,0.397377058999,3
P,1,persistent.gaussian_sigma_2.watch_acc,gaussian_sigma_2,watch_acc,15,fault,0.582753003921,0.699988149213,0.402370663558,3
P,1,persistent.gaussian_sigma_2.watch_acc,gaussian_sigma_2,watch_acc,15,post,0.605767955938,0.713341977307,0.386200623999,3
P,1,persistent.gaussian_sigma_2.watch_acc,gaussian_sigma_2,watch_acc,15,pre,0.574897213847,0.712306308512,0.386500923783,3
P,1,persistent.gaussian_sigma_2.watch_acc,gaussian_sigma_2,watch_acc,30,fault,0.565769449082,0.710213147852,0.398780821723,3
P,1,persistent.gaussian_sigma_2.watch_acc,gaussian_sigma_2,watch_acc,30,post,0.58647908658,0.724299041365,0.385175555975,3
P,1,persistent.gaussian_sigma_2.watch_acc,gaussian_sigma_2,watch_acc,30,pre,0.570888498077,0.711669656854,0.384040527832,3
P,2,persistent.drop.audio,drop,audio,5,fault,0.609343706611,0.717023506438,0.424871142579,3
P,2,persistent.drop.audio,drop,audio,5,post,0.619720056819,0.735661536998,0.404462182922,3
P,2,persistent.drop.audio,drop,audio,5,pre,0.620273612505,0.735685437738,0.409874360599,3
P,2,persistent.drop.audio,drop,audio,15,fault,0.613137614881,0.719173736812,0.424810170654,3
P,2,persistent.drop.audio,drop,audio,15,post,0.62898542265,0.742575357741,0.393616736816,3
P,2,persistent.drop.audio,drop,audio,15,pre,0.613982080589,0.738638262665,0.40057947366,3
P,2,persistent.drop.audio,drop,audio,30,fault,0.61994931489,0.731814811984,0.412661006793,3
P,2,persistent.drop.audio,drop,audio,30,post,0.620015931212,0.740667708202,0.397716428925,3
P,2,persistent.drop.audio,drop,audio,30,pre,0.615016291978,0.743811435364,0.38992123622,3
P,2,persistent.drop.location,drop,location,5,fault,0.599603632679,0.71661180717,0.43258279148,3
P,2,persistent.drop.location,drop,location,5,post,0.619720056819,0.735661536998,0.404462182922,3
P,2,persistent.drop.location,drop,location,5,pre,0.620273612505,0.735685437738,0.409874360599,3
P,2,persistent.drop.location,drop,location,15,fault,0.603466709381,0.722190397837,0.421916533783,3
P,2,persistent.drop.location,drop,location,15,post,0.62898542265,0.742575357741,0.393616736816,3
P,2,persistent.drop.location,drop,location,15,pre,0.613982080589,0.738638262665,0.40057947366,3
P,2,persistent.drop.location,drop,location,30,fault,0.604218285015,0.731223966683,0.415170499268,3
P,2,persistent.drop.location,drop,location,30,post,0.620015931212,0.740667708202,0.397716428925,3
P,2,persistent.drop.location,drop,location,30,pre,0.615016291978,0.743811435364,0.38992123622,3
P,2,persistent.drop.phone_acc,drop,phone_acc,5,fault,0.608638746332,0.728578484053,0.428432040493,3
P,2,persistent.drop.phone_acc,drop,phone_acc,5,post,0.619720056819,0.735661536998,0.404462182922,3
P,2,persistent.drop.phone_acc,drop,phone_acc,5,pre,0.620273612505,0.735685437738,0.409874360599,3
P,2,persistent.drop.phone_acc,drop,phone_acc,15,fault,0.620242825045,0.735457078067,0.418185225161,3
P,2,persistent.drop.phone_acc,drop,phone_acc,15,post,0.62898542265,0.742575357741,0.393616736816,3
P,2,persistent.drop.phone_acc,drop,phone_acc,15,pre,0.613982080589,0.738638262665,0.40057947366,3
P,2,persistent.drop.phone_acc,drop,phone_acc,30,fault,0.61910837589,0.745919162294,0.413418982331,3
P,2,persistent.drop.phone_acc,drop,phone_acc,30,post,0.620015931212,0.740667708202,0.397716428925,3
P,2,persistent.drop.phone_acc,drop,phone_acc,30,pre,0.615016291978,0.743811435364,0.38992123622,3
P,2,persistent.drop.phone_gyro,drop,phone_gyro,5,fault,0.611740555755,0.731927247071,0.41658004551,3
P,2,persistent.drop.phone_gyro,drop,phone_gyro,5,post,0.619720056819,0.735661536998,0.404462182922,3
P,2,persistent.drop.phone_gyro,drop,phone_gyro,5,pre,0.620273612505,0.735685437738,0.409874360599,3
P,2,persistent.drop.phone_gyro,drop,phone_gyro,15,fault,0.623339779971,0.739497515063,0.406720260397,3
P,2,persistent.drop.phone_gyro,drop,phone_gyro,15,post,0.62898542265,0.742575357741,0.393616736816,3
P,2,persistent.drop.phone_gyro,drop,phone_gyro,15,pre,0.613982080589,0.738638262665,0.40057947366,3
P,2,persistent.drop.phone_gyro,drop,phone_gyro,30,fault,0.625362600764,0.750876724477,0.400034347985,3
P,2,persistent.drop.phone_gyro,drop,phone_gyro,30,post,0.620015931212,0.740667708202,0.397716428925,3
P,2,persistent.drop.phone_gyro,drop,phone_gyro,30,pre,0.615016291978,0.743811435364,0.38992123622,3
P,2,persistent.drop.phone_state,drop,phone_state,5,fault,0.593196867865,0.709126211564,0.436456634145,3
P,2,persistent.drop.phone_state,drop,phone_state,5,post,0.619720056819,0.735661536998,0.404462182922,3
P,2,persistent.drop.phone_state,drop,phone_state,5,pre,0.620273612505,0.735685437738,0.409874360599,3
P,2,persistent.drop.phone_state,drop,phone_state,15,fault,0.60443156435,0.715059343538,0.421786619548,3
P,2,persistent.drop.phone_state,drop,phone_state,15,post,0.62898542265,0.742575357741,0.393616736816,3
P,2,persistent.drop.phone_state,drop,phone_state,15,pre,0.613982080589,0.738638262665,0.40057947366,3
P,2,persistent.drop.phone_state,drop,phone_state,30,fault,0.607356707267,0.724843659668,0.414232181709,3
P,2,persistent.drop.phone_state,drop,phone_state,30,post,0.620015931212,0.740667708202,0.397716428925,3
P,2,persistent.drop.phone_state,drop,phone_state,30,pre,0.615016291978,0.743811435364,0.38992123622,3
P,2,persistent.drop.watch_acc,drop,watch_acc,5,fault,0.588505161231,0.72149106364,0.427690997136,3
P,2,persistent.drop.watch_acc,drop,watch_acc,5,post,0.619720056819,0.735661536998,0.404462182922,3
P,2,persistent.drop.watch_acc,drop,watch_acc,5,pre,0.620273612505,0.735685437738,0.409874360599,3
P,2,persistent.drop.watch_acc,drop,watch_acc,15,fault,0.60089258721,0.729180757991,0.417834937601,3
P,2,persistent.drop.watch_acc,drop,watch_acc,15,post,0.62898542265,0.742575357741,0.393616736816,3
P,2,persistent.drop.watch_acc,drop,watch_acc,15,pre,0.613982080589,0.738638262665,0.40057947366,3
P,2,persistent.drop.watch_acc,drop,watch_acc,30,fault,0.60124727225,0.739255394078,0.411081628571,3
P,2,persistent.drop.watch_acc,drop,watch_acc,30,post,0.620015931212,0.740667708202,0.397716428925,3
P,2,persistent.drop.watch_acc,drop,watch_acc,30,pre,0.615016291978,0.743811435364,0.38992123622,3
P,2,persistent.gaussian_sigma_2.audio,gaussian_sigma_2,audio,5,fault,0.5965550923,0.711168083806,0.431681664618,3
P,2,persistent.gaussian_sigma_2.audio,gaussian_sigma_2,audio,5,post,0.619720056819,0.735661536998,0.404462182922,3
P,2,persistent.gaussian_sigma_2.audio,gaussian_sigma_2,audio,5,pre,0.620273612505,0.735685437738,0.409874360599,3
P,2,persistent.gaussian_sigma_2.audio,gaussian_sigma_2,audio,15,fault,0.606168535539,0.715515882321,0.429277580187,3
P,2,persistent.gaussian_sigma_2.audio,gaussian_sigma_2,audio,15,post,0.62898542265,0.742575357741,0.393616736816,3
P,2,persistent.gaussian_sigma_2.audio,gaussian_sigma_2,audio,15,pre,0.613982080589,0.738638262665,0.40057947366,3
P,2,persistent.gaussian_sigma_2.audio,gaussian_sigma_2,audio,30,fault,0.609802519653,0.724822651247,0.420181080827,3
P,2,persistent.gaussian_sigma_2.audio,gaussian_sigma_2,audio,30,post,0.620015931212,0.740667708202,0.397716428925,3
P,2,persistent.gaussian_sigma_2.audio,gaussian_sigma_2,audio,30,pre,0.615016291978,0.743811435364,0.38992123622,3
P,2,persistent.gaussian_sigma_2.location,gaussian_sigma_2,location,5,fault,0.593488635933,0.714908001509,0.432861394176,3
P,2,persistent.gaussian_sigma_2.location,gaussian_sigma_2,location,5,post,0.619720056819,0.735661536998,0.404462182922,3
P,2,persistent.gaussian_sigma_2.location,gaussian_sigma_2,location,5,pre,0.620273612505,0.735685437738,0.409874360599,3
P,2,persistent.gaussian_sigma_2.location,gaussian_sigma_2,location,15,fault,0.597878657277,0.718374371216,0.426457381359,3
P,2,persistent.gaussian_sigma_2.location,gaussian_sigma_2,location,15,post,0.62898542265,0.742575357741,0.393616736816,3
P,2,persistent.gaussian_sigma_2.location,gaussian_sigma_2,location,15,pre,0.613982080589,0.738638262665,0.40057947366,3
P,2,persistent.gaussian_sigma_2.location,gaussian_sigma_2,location,30,fault,0.599836547876,0.728141691904,0.42046276143,3
P,2,persistent.gaussian_sigma_2.location,gaussian_sigma_2,location,30,post,0.620015931212,0.740667708202,0.397716428925,3
P,2,persistent.gaussian_sigma_2.location,gaussian_sigma_2,location,30,pre,0.615016291978,0.743811435364,0.38992123622,3
P,2,persistent.gaussian_sigma_2.phone_acc,gaussian_sigma_2,phone_acc,5,fault,0.610500342206,0.729457623029,0.417915265556,3
P,2,persistent.gaussian_sigma_2.phone_acc,gaussian_sigma_2,phone_acc,5,post,0.619720056819,0.735661536998,0.404462182922,3
P,2,persistent.gaussian_sigma_2.phone_acc,gaussian_sigma_2,phone_acc,5,pre,0.620273612505,0.735685437738,0.409874360599,3
P,2,persistent.gaussian_sigma_2.phone_acc,gaussian_sigma_2,phone_acc,15,fault,0.620031857966,0.735048386506,0.407754728772,3
P,2,persistent.gaussian_sigma_2.phone_acc,gaussian_sigma_2,phone_acc,15,post,0.62898542265,0.742575357741,0.393616736816,3
P,2,persistent.gaussian_sigma_2.phone_acc,gaussian_sigma_2,phone_acc,15,pre,0.613982080589,0.738638262665,0.40057947366,3
P,2,persistent.gaussian_sigma_2.phone_acc,gaussian_sigma_2,phone_acc,30,fault,0.61898571173,0.743625670816,0.404751589127,3
P,2,persistent.gaussian_sigma_2.phone_acc,gaussian_sigma_2,phone_acc,30,post,0.620015931212,0.740667708202,0.397716428925,3
P,2,persistent.gaussian_sigma_2.phone_acc,gaussian_sigma_2,phone_acc,30,pre,0.615016291978,0.743811435364,0.38992123622,3
P,2,persistent.gaussian_sigma_2.phone_gyro,gaussian_sigma_2,phone_gyro,5,fault,0.613762718945,0.731753270167,0.413082556439,3
P,2,persistent.gaussian_sigma_2.phone_gyro,gaussian_sigma_2,phone_gyro,5,post,0.619720056819,0.735661536998,0.404462182922,3
P,2,persistent.gaussian_sigma_2.phone_gyro,gaussian_sigma_2,phone_gyro,5,pre,0.620273612505,0.735685437738,0.409874360599,3
P,2,persistent.gaussian_sigma_2.phone_gyro,gaussian_sigma_2,phone_gyro,15,fault,0.622082663682,0.738114083933,0.402797083474,3
P,2,persistent.gaussian_sigma_2.phone_gyro,gaussian_sigma_2,phone_gyro,15,post,0.62898542265,0.742575357741,0.393616736816,3
P,2,persistent.gaussian_sigma_2.phone_gyro,gaussian_sigma_2,phone_gyro,15,pre,0.613982080589,0.738638262665,0.40057947366,3
P,2,persistent.gaussian_sigma_2.phone_gyro,gaussian_sigma_2,phone_gyro,30,fault,0.623038319351,0.748123926277,0.397642034726,3
P,2,persistent.gaussian_sigma_2.phone_gyro,gaussian_sigma_2,phone_gyro,30,post,0.620015931212,0.740667708202,0.397716428925,3
P,2,persistent.gaussian_sigma_2.phone_gyro,gaussian_sigma_2,phone_gyro,30,pre,0.615016291978,0.743811435364,0.38992123622,3
P,2,persistent.gaussian_sigma_2.phone_state,gaussian_sigma_2,phone_state,5,fault,0.588827862252,0.703836183282,0.435202685441,3
P,2,persistent.gaussian_sigma_2.phone_state,gaussian_sigma_2,phone_state,5,post,0.619720056819,0.735661536998,0.404462182922,3
P,2,persistent.gaussian_sigma_2.phone_state,gaussian_sigma_2,phone_state,5,pre,0.620273612505,0.735685437738,0.409874360599,3
P,2,persistent.gaussian_sigma_2.phone_state,gaussian_sigma_2,phone_state,15,fault,0.604801018967,0.710586927281,0.423657417835,3
P,2,persistent.gaussian_sigma_2.phone_state,gaussian_sigma_2,phone_state,15,post,0.62898542265,0.742575357741,0.393616736816,3
P,2,persistent.gaussian_sigma_2.phone_state,gaussian_sigma_2,phone_state,15,pre,0.613982080589,0.738638262665,0.40057947366,3
P,2,persistent.gaussian_sigma_2.phone_state,gaussian_sigma_2,phone_state,30,fault,0.605741344363,0.72010836937,0.4179482025,3
P,2,persistent.gaussian_sigma_2.phone_state,gaussian_sigma_2,phone_state,30,post,0.620015931212,0.740667708202,0.397716428925,3
P,2,persistent.gaussian_sigma_2.phone_state,gaussian_sigma_2,phone_state,30,pre,0.615016291978,0.743811435364,0.38992123622,3
P,2,persistent.gaussian_sigma_2.watch_acc,gaussian_sigma_2,watch_acc,5,fault,0.595666310669,0.715489032533,0.423784616589,3
P,2,persistent.gaussian_sigma_2.watch_acc,gaussian_sigma_2,watch_acc,5,post,0.619720056819,0.735661536998,0.404462182922,3
P,2,persistent.gaussian_sigma_2.watch_acc,gaussian_sigma_2,watch_acc,5,pre,0.620273612505,0.735685437738,0.409874360599,3
P,2,persistent.gaussian_sigma_2.watch_acc,gaussian_sigma_2,watch_acc,15,fault,0.603826190029,0.719997546735,0.415459755495,3
P,2,persistent.gaussian_sigma_2.watch_acc,gaussian_sigma_2,watch_acc,15,post,0.62898542265,0.742575357741,0.393616736816,3
P,2,persistent.gaussian_sigma_2.watch_acc,gaussian_sigma_2,watch_acc,15,pre,0.613982080589,0.738638262665,0.40057947366,3
P,2,persistent.gaussian_sigma_2.watch_acc,gaussian_sigma_2,watch_acc,30,fault,0.603348601041,0.730024240918,0.408785305433,3
P,2,persistent.gaussian_sigma_2.watch_acc,gaussian_sigma_2,watch_acc,30,post,0.620015931212,0.740667708202,0.397716428925,3
P,2,persistent.gaussian_sigma_2.watch_acc,gaussian_sigma_2,watch_acc,30,pre,0.615016291978,0.743811435364,0.38992123622,3
P,3,persistent.drop.audio,drop,audio,5,fault,0.541351344546,0.676555819821,0.493586683285,3
P,3,persistent.drop.audio,drop,audio,5,post,0.580200264091,0.723205851291,0.415167766207,3
P,3,persistent.drop.audio,drop,audio,5,pre,0.566427590086,0.722658462924,0.418651426368,3
P,3,persistent.drop.audio,drop,audio,15,fault,0.563572571969,0.694902357657,0.459445456773,3
P,3,persistent.drop.audio,drop,audio,15,post,0.580112873394,0.73801718182,0.389324447388,3
P,3,persistent.drop.audio,drop,audio,15,pre,0.576958772077,0.736200905265,0.38825224452,3
P,3,persistent.drop.audio,drop,audio,30,fault,0.54818906398,0.693492353915,0.432512447109,3
P,3,persistent.drop.audio,drop,audio,30,post,0.612525899594,0.754726819593,0.368612472706,3
P,3,persistent.drop.audio,drop,audio,30,pre,0.584093955398,0.743314502066,0.374104016311,3
P,3,persistent.drop.location,drop,location,5,fault,0.572543482832,0.716759156822,0.44517236094,3
P,3,persistent.drop.location,drop,location,5,post,0.580200264091,0.723205851291,0.415167766207,3
P,3,persistent.drop.location,drop,location,5,pre,0.566427590086,0.722658462924,0.418651426368,3
P,3,persistent.drop.location,drop,location,15,fault,0.597630107739,0.745778930591,0.400290423265,3
P,3,persistent.drop.location,drop,location,15,post,0.580112873394,0.73801718182,0.389324447388,3
P,3,persistent.drop.location,drop,location,15,pre,0.576958772077,0.736200905265,0.38825224452,3
P,3,persistent.drop.location,drop,location,30,fault,0.579317471389,0.747000184812,0.378441542639,3
P,3,persistent.drop.location,drop,location,30,post,0.612525899594,0.754726819593,0.368612472706,3
P,3,persistent.drop.location,drop,location,30,pre,0.584093955398,0.743314502066,0.374104016311,3
P,3,persistent.drop.phone_acc,drop,phone_acc,5,fault,0.585927205341,0.727560492462,0.411817314745,3
P,3,persistent.drop.phone_acc,drop,phone_acc,5,post,0.580200264091,0.723205851291,0.415167766207,3
P,3,persistent.drop.phone_acc,drop,phone_acc,5,pre,0.566427590086,0.722658462924,0.418651426368,3
P,3,persistent.drop.phone_acc,drop,phone_acc,15,fault,0.602514167492,0.745664214117,0.390315631263,3
P,3,persistent.drop.phone_acc,drop,phone_acc,15,post,0.580112873394,0.73801718182,0.389324447388,3
P,3,persistent.drop.phone_acc,drop,phone_acc,15,pre,0.576958772077,0.736200905265,0.38825224452,3
P,3,persistent.drop.phone_acc,drop,phone_acc,30,fault,0.592443814734,0.751457930797,0.368594863524,3
P,3,persistent.drop.phone_acc,drop,phone_acc,30,post,0.612525899594,0.754726819593,0.368612472706,3
P,3,persistent.drop.phone_acc,drop,phone_acc,30,pre,0.584093955398,0.743314502066,0.374104016311,3
P,3,persistent.drop.phone_gyro,drop,phone_gyro,5,fault,0.57937219092,0.721559237749,0.42335418025,3
P,3,persistent.drop.phone_gyro,drop,phone_gyro,5,post,0.580200264091,0.723205851291,0.415167766207,3
P,3,persistent.drop.phone_gyro,drop,phone_gyro,5,pre,0.566427590086,0.722658462924,0.418651426368,3
P,3,persistent.drop.phone_gyro,drop,phone_gyro,15,fault,0.60095512343,0.742943605906,0.394259180702,3
P,3,persistent.drop.phone_gyro,drop,phone_gyro,15,post,0.580112873394,0.73801718182,0.389324447388,3
P,3,persistent.drop.phone_gyro,drop,phone_gyro,15,pre,0.576958772077,0.736200905265,0.38825224452,3
P,3,persistent.drop.phone_gyro,drop,phone_gyro,30,fault,0.580645474944,0.744183958836,0.370251257239,3
P,3,persistent.drop.phone_gyro,drop,phone_gyro,30,post,0.612525899594,0.754726819593,0.368612472706,3
P,3,persistent.drop.phone_gyro,drop,phone_gyro,30,pre,0.584093955398,0.743314502066,0.374104016311,3
P,3,persistent.drop.phone_state,drop,phone_state,5,fault,0.563523466147,0.688127167092,0.442065745822,3
P,3,persistent.drop.phone_state,drop,phone_state,5,post,0.580200264091,0.723205851291,0.415167766207,3
P,3,persistent.drop.phone_state,drop,phone_state,5,pre,0.566427590086,0.722658462924,0.418651426368,3
P,3,persistent.drop.phone_state,drop,phone_state,15,fault,0.575324695975,0.7038970586,0.427328160603,3
P,3,persistent.drop.phone_state,drop,phone_state,15,post,0.580112873394,0.73801718182,0.389324447388,3
P,3,persistent.drop.phone_state,drop,phone_state,15,pre,0.576958772077,0.736200905265,0.38825224452,3
P,3,persistent.drop.phone_state,drop,phone_state,30,fault,0.558637883589,0.70096794632,0.413706776028,3
P,3,persistent.drop.phone_state,drop,phone_state,30,post,0.612525899594,0.754726819593,0.368612472706,3
P,3,persistent.drop.phone_state,drop,phone_state,30,pre,0.584093955398,0.743314502066,0.374104016311,3
P,3,persistent.drop.watch_acc,drop,watch_acc,5,fault,0.552383113914,0.707840024361,0.421785144105,3
P,3,persistent.drop.watch_acc,drop,watch_acc,5,post,0.580200264091,0.723205851291,0.415167766207,3
P,3,persistent.drop.watch_acc,drop,watch_acc,5,pre,0.566427590086,0.722658462924,0.418651426368,3
P,3,persistent.drop.watch_acc,drop,watch_acc,15,fault,0.580672767835,0.729767909088,0.399030346906,3
P,3,persistent.drop.watch_acc,drop,watch_acc,15,post,0.580112873394,0.73801718182,0.389324447388,3
P,3,persistent.drop.watch_acc,drop,watch_acc,15,pre,0.576958772077,0.736200905265,0.38825224452,3
P,3,persistent.drop.watch_acc,drop,watch_acc,30,fault,0.567891549407,0.732451977398,0.382088517442,3
P,3,persistent.drop.watch_acc,drop,watch_acc,30,post,0.612525899594,0.754726819593,0.368612472706,3
P,3,persistent.drop.watch_acc,drop,watch_acc,30,pre,0.584093955398,0.743314502066,0.374104016311,3
P,3,persistent.gaussian_sigma_2.audio,gaussian_sigma_2,audio,5,fault,0.545377910953,0.679537103557,0.475902302151,3
P,3,persistent.gaussian_sigma_2.audio,gaussian_sigma_2,audio,5,post,0.580200264091,0.723205851291,0.415167766207,3
P,3,persistent.gaussian_sigma_2.audio,gaussian_sigma_2,audio,5,pre,0.566427590086,0.722658462924,0.418651426368,3
P,3,persistent.gaussian_sigma_2.audio,gaussian_sigma_2,audio,15,fault,0.564079306014,0.694908864505,0.443779449455,3
P,3,persistent.gaussian_sigma_2.audio,gaussian_sigma_2,audio,15,post,0.580112873394,0.73801718182,0.389324447388,3
P,3,persistent.gaussian_sigma_2.audio,gaussian_sigma_2,audio,15,pre,0.576958772077,0.736200905265,0.38825224452,3
P,3,persistent.gaussian_sigma_2.audio,gaussian_sigma_2,audio,30,fault,0.545812989316,0.695597519457,0.419351350095,3
P,3,persistent.gaussian_sigma_2.audio,gaussian_sigma_2,audio,30,post,0.612525899594,0.754726819593,0.368612472706,3
P,3,persistent.gaussian_sigma_2.audio,gaussian_sigma_2,audio,30,pre,0.584093955398,0.743314502066,0.374104016311,3
P,3,persistent.gaussian_sigma_2.location,gaussian_sigma_2,location,5,fault,0.571564618721,0.709450526725,0.444014949473,3
P,3,persistent.gaussian_sigma_2.location,gaussian_sigma_2,location,5,post,0.580200264091,0.723205851291,0.415167766207,3
P,3,persistent.gaussian_sigma_2.location,gaussian_sigma_2,location,5,pre,0.566427590086,0.722658462924,0.418651426368,3
P,3,persistent.gaussian_sigma_2.location,gaussian_sigma_2,location,15,fault,0.588913518559,0.732031449869,0.407162793694,3
P,3,persistent.gaussian_sigma_2.location,gaussian_sigma_2,location,15,post,0.580112873394,0.73801718182,0.389324447388,3
P,3,persistent.gaussian_sigma_2.location,gaussian_sigma_2,location,15,pre,0.576958772077,0.736200905265,0.38825224452,3
P,3,persistent.gaussian_sigma_2.location,gaussian_sigma_2,location,30,fault,0.571649552033,0.733778571873,0.387757797123,3
P,3,persistent.gaussian_sigma_2.location,gaussian_sigma_2,location,30,post,0.612525899594,0.754726819593,0.368612472706,3
P,3,persistent.gaussian_sigma_2.location,gaussian_sigma_2,location,30,pre,0.584093955398,0.743314502066,0.374104016311,3
P,3,persistent.gaussian_sigma_2.phone_acc,gaussian_sigma_2,phone_acc,5,fault,0.578055250059,0.718759288957,0.421457755002,3
P,3,persistent.gaussian_sigma_2.phone_acc,gaussian_sigma_2,phone_acc,5,post,0.580200264091,0.723205851291,0.415167766207,3
P,3,persistent.gaussian_sigma_2.phone_acc,gaussian_sigma_2,phone_acc,5,pre,0.566427590086,0.722658462924,0.418651426368,3
P,3,persistent.gaussian_sigma_2.phone_acc,gaussian_sigma_2,phone_acc,15,fault,0.596075768203,0.737074545228,0.395194174311,3
P,3,persistent.gaussian_sigma_2.phone_acc,gaussian_sigma_2,phone_acc,15,post,0.580112873394,0.73801718182,0.389324447388,3
P,3,persistent.gaussian_sigma_2.phone_acc,gaussian_sigma_2,phone_acc,15,pre,0.576958772077,0.736200905265,0.38825224452,3
P,3,persistent.gaussian_sigma_2.phone_acc,gaussian_sigma_2,phone_acc,30,fault,0.578599893446,0.740387453233,0.373409718798,3
P,3,persistent.gaussian_sigma_2.phone_acc,gaussian_sigma_2,phone_acc,30,post,0.612525899594,0.754726819593,0.368612472706,3
P,3,persistent.gaussian_sigma_2.phone_acc,gaussian_sigma_2,phone_acc,30,pre,0.584093955398,0.743314502066,0.374104016311,3
P,3,persistent.gaussian_sigma_2.phone_gyro,gaussian_sigma_2,phone_gyro,5,fault,0.583608816869,0.723223641454,0.420742238067,3
P,3,persistent.gaussian_sigma_2.phone_gyro,gaussian_sigma_2,phone_gyro,5,post,0.580200264091,0.723205851291,0.415167766207,3
P,3,persistent.gaussian_sigma_2.phone_gyro,gaussian_sigma_2,phone_gyro,5,pre,0.566427590086,0.722658462924,0.418651426368,3
P,3,persistent.gaussian_sigma_2.phone_gyro,gaussian_sigma_2,phone_gyro,15,fault,0.600966964062,0.743256465373,0.388330364486,3
P,3,persistent.gaussian_sigma_2.phone_gyro,gaussian_sigma_2,phone_gyro,15,post,0.580112873394,0.73801718182,0.389324447388,3
P,3,persistent.gaussian_sigma_2.phone_gyro,gaussian_sigma_2,phone_gyro,15,pre,0.576958772077,0.736200905265,0.38825224452,3
P,3,persistent.gaussian_sigma_2.phone_gyro,gaussian_sigma_2,phone_gyro,30,fault,0.585280132987,0.745296617673,0.362182743408,3
P,3,persistent.gaussian_sigma_2.phone_gyro,gaussian_sigma_2,phone_gyro,30,post,0.612525899594,0.754726819593,0.368612472706,3
P,3,persistent.gaussian_sigma_2.phone_gyro,gaussian_sigma_2,phone_gyro,30,pre,0.584093955398,0.743314502066,0.374104016311,3
P,3,persistent.gaussian_sigma_2.phone_state,gaussian_sigma_2,phone_state,5,fault,0.557116718034,0.684468910239,0.441987201286,3
P,3,persistent.gaussian_sigma_2.phone_state,gaussian_sigma_2,phone_state,5,post,0.580200264091,0.723205851291,0.415167766207,3
P,3,persistent.gaussian_sigma_2.phone_state,gaussian_sigma_2,phone_state,5,pre,0.566427590086,0.722658462924,0.418651426368,3
P,3,persistent.gaussian_sigma_2.phone_state,gaussian_sigma_2,phone_state,15,fault,0.571914287609,0.701445466926,0.42549618706,3
P,3,persistent.gaussian_sigma_2.phone_state,gaussian_sigma_2,phone_state,15,post,0.580112873394,0.73801718182,0.389324447388,3
P,3,persistent.gaussian_sigma_2.phone_state,gaussian_sigma_2,phone_state,15,pre,0.576958772077,0.736200905265,0.38825224452,3
P,3,persistent.gaussian_sigma_2.phone_state,gaussian_sigma_2,phone_state,30,fault,0.556321173512,0.697522507712,0.41215414601,3
P,3,persistent.gaussian_sigma_2.phone_state,gaussian_sigma_2,phone_state,30,post,0.612525899594,0.754726819593,0.368612472706,3
P,3,persistent.gaussian_sigma_2.phone_state,gaussian_sigma_2,phone_state,30,pre,0.584093955398,0.743314502066,0.374104016311,3
P,3,persistent.gaussian_sigma_2.watch_acc,gaussian_sigma_2,watch_acc,5,fault,0.557747412092,0.70126063377,0.427174360902,3
P,3,persistent.gaussian_sigma_2.watch_acc,gaussian_sigma_2,watch_acc,5,post,0.580200264091,0.723205851291,0.415167766207,3
P,3,persistent.gaussian_sigma_2.watch_acc,gaussian_sigma_2,watch_acc,5,pre,0.566427590086,0.722658462924,0.418651426368,3
P,3,persistent.gaussian_sigma_2.watch_acc,gaussian_sigma_2,watch_acc,15,fault,0.577182226794,0.719947189487,0.405973495811,3
P,3,persistent.gaussian_sigma_2.watch_acc,gaussian_sigma_2,watch_acc,15,post,0.580112873394,0.73801718182,0.389324447388,3
P,3,persistent.gaussian_sigma_2.watch_acc,gaussian_sigma_2,watch_acc,15,pre,0.576958772077,0.736200905265,0.38825224452,3
P,3,persistent.gaussian_sigma_2.watch_acc,gaussian_sigma_2,watch_acc,30,fault,0.566462896265,0.720156017052,0.390539396824,3
P,3,persistent.gaussian_sigma_2.watch_acc,gaussian_sigma_2,watch_acc,30,post,0.612525899594,0.754726819593,0.368612472706,3
P,3,persistent.gaussian_sigma_2.watch_acc,gaussian_sigma_2,watch_acc,30,pre,0.584093955398,0.743314502066,0.374104016311,3
P,4,persistent.drop.audio,drop,audio,5,fault,0.634036467675,0.651487442739,0.483260360513,3
P,4,persistent.drop.audio,drop,audio,5,post,0.649895193486,0.663341086887,0.452102002347,3
P,4,persistent.drop.audio,drop,audio,5,pre,0.655413229472,0.670550491069,0.429123684195,3
P,4,persistent.drop.audio,drop,audio,15,fault,0.656856565977,0.685190303671,0.426906203063,3
P,4,persistent.drop.audio,drop,audio,15,post,0.68411504735,0.69434403287,0.393818220837,3
P,4,persistent.drop.audio,drop,audio,15,pre,0.656396465116,0.680417099742,0.408019282533,3
P,4,persistent.drop.audio,drop,audio,30,fault,0.619682566368,0.706215075482,0.407327393296,3
P,4,persistent.drop.audio,drop,audio,30,post,0.665572568996,0.712287393947,0.378373389358,3
P,4,persistent.drop.audio,drop,audio,30,pre,0.683247581118,0.720680062749,0.359752757749,3
P,4,persistent.drop.location,drop,location,5,fault,0.630211674803,0.649236320742,0.440246479571,3
P,4,persistent.drop.location,drop,location,5,post,0.649895193486,0.663341086887,0.452102002347,3
P,4,persistent.drop.location,drop,location,5,pre,0.655413229472,0.670550491069,0.429123684195,3
P,4,persistent.drop.location,drop,location,15,fault,0.62877547175,0.672339833782,0.409662187533,3
P,4,persistent.drop.location,drop,location,15,post,0.68411504735,0.69434403287,0.393818220837,3
P,4,persistent.drop.location,drop,location,15,pre,0.656396465116,0.680417099742,0.408019282533,3
P,4,persistent.drop.location,drop,location,30,fault,0.608687292034,0.695220017705,0.390722571972,3
P,4,persistent.drop.location,drop,location,30,post,0.665572568996,0.712287393947,0.378373389358,3
P,4,persistent.drop.location,drop,location,30,pre,0.683247581118,0.720680062749,0.359752757749,3
P,4,persistent.drop.phone_acc,drop,phone_acc,5,fault,0.64856567663,0.662098459296,0.455514812807,3
P,4,persistent.drop.phone_acc,drop,phone_acc,5,post,0.649895193486,0.663341086887,0.452102002347,3
P,4,persistent.drop.phone_acc,drop,phone_acc,5,pre,0.655413229472,0.670550491069,0.429123684195,3
P,4,persistent.drop.phone_acc,drop,phone_acc,15,fault,0.666786509963,0.69080745231,0.407559877311,3
P,4,persistent.drop.phone_acc,drop,phone_acc,15,post,0.68411504735,0.69434403287,0.393818220837,3
P,4,persistent.drop.phone_acc,drop,phone_acc,15,pre,0.656396465116,0.680417099742,0.408019282533,3
P,4,persistent.drop.phone_acc,drop,phone_acc,30,fault,0.630879621027,0.699300391526,0.394127202752,3
P,4,persistent.drop.phone_acc,drop,phone_acc,30,post,0.665572568996,0.712287393947,0.378373389358,3
P,4,persistent.drop.phone_acc,drop,phone_acc,30,pre,0.683247581118,0.720680062749,0.359752757749,3
P,4,persistent.drop.phone_gyro,drop,phone_gyro,5,fault,0.648478382595,0.663508200516,0.449551876991,3
P,4,persistent.drop.phone_gyro,drop,phone_gyro,5,post,0.649895193486,0.663341086887,0.452102002347,3
P,4,persistent.drop.phone_gyro,drop,phone_gyro,5,pre,0.655413229472,0.670550491069,0.429123684195,3
P,4,persistent.drop.phone_gyro,drop,phone_gyro,15,fault,0.662252541918,0.692547124893,0.403246422667,3
P,4,persistent.drop.phone_gyro,drop,phone_gyro,15,post,0.68411504735,0.69434403287,0.393818220837,3
P,4,persistent.drop.phone_gyro,drop,phone_gyro,15,pre,0.656396465116,0.680417099742,0.408019282533,3
P,4,persistent.drop.phone_gyro,drop,phone_gyro,30,fault,0.634622325076,0.706536056575,0.387941262812,3
P,4,persistent.drop.phone_gyro,drop,phone_gyro,30,post,0.665572568996,0.712287393947,0.378373389358,3
P,4,persistent.drop.phone_gyro,drop,phone_gyro,30,pre,0.683247581118,0.720680062749,0.359752757749,3
P,4,persistent.drop.phone_state,drop,phone_state,5,fault,0.639596711714,0.65122215172,0.44900826705,3
P,4,persistent.drop.phone_state,drop,phone_state,5,post,0.649895193486,0.663341086887,0.452102002347,3
P,4,persistent.drop.phone_state,drop,phone_state,5,pre,0.655413229472,0.670550491069,0.429123684195,3
P,4,persistent.drop.phone_state,drop,phone_state,15,fault,0.654808811102,0.680356242228,0.398644011669,3
P,4,persistent.drop.phone_state,drop,phone_state,15,post,0.68411504735,0.69434403287,0.393818220837,3
P,4,persistent.drop.phone_state,drop,phone_state,15,pre,0.656396465116,0.680417099742,0.408019282533,3
P,4,persistent.drop.phone_state,drop,phone_state,30,fault,0.639749908742,0.691167335104,0.392777793255,3
P,4,persistent.drop.phone_state,drop,phone_state,30,post,0.665572568996,0.712287393947,0.378373389358,3
P,4,persistent.drop.phone_state,drop,phone_state,30,pre,0.683247581118,0.720680062749,0.359752757749,3
P,4,persistent.drop.watch_acc,drop,watch_acc,5,fault,0.596484762841,0.638434598286,0.48129834222,3
P,4,persistent.drop.watch_acc,drop,watch_acc,5,post,0.649895193486,0.663341086887,0.452102002347,3
P,4,persistent.drop.watch_acc,drop,watch_acc,5,pre,0.655413229472,0.670550491069,0.429123684195,3
P,4,persistent.drop.watch_acc,drop,watch_acc,15,fault,0.601716397045,0.664830497384,0.441362964913,3
P,4,persistent.drop.watch_acc,drop,watch_acc,15,post,0.68411504735,0.69434403287,0.393818220837,3
P,4,persistent.drop.watch_acc,drop,watch_acc,15,pre,0.656396465116,0.680417099742,0.408019282533,3
P,4,persistent.drop.watch_acc,drop,watch_acc,30,fault,0.568640556038,0.676273013223,0.425381980865,3
P,4,persistent.drop.watch_acc,drop,watch_acc,30,post,0.665572568996,0.712287393947,0.378373389358,3
P,4,persistent.drop.watch_acc,drop,watch_acc,30,pre,0.683247581118,0.720680062749,0.359752757749,3
P,4,persistent.gaussian_sigma_2.audio,gaussian_sigma_2,audio,5,fault,0.621435812275,0.632856011573,0.474268612418,3
P,4,persistent.gaussian_sigma_2.audio,gaussian_sigma_2,audio,5,post,0.649895193486,0.663341086887,0.452102002347,3
P,4,persistent.gaussian_sigma_2.audio,gaussian_sigma_2,audio,5,pre,0.655413229472,0.670550491069,0.429123684195,3
P,4,persistent.gaussian_sigma_2.audio,gaussian_sigma_2,audio,15,fault,0.639637054495,0.663901539062,0.425243733194,3
P,4,persistent.gaussian_sigma_2.audio,gaussian_sigma_2,audio,15,post,0.68411504735,0.69434403287,0.393818220837,3
P,4,persistent.gaussian_sigma_2.audio,gaussian_sigma_2,audio,15,pre,0.656396465116,0.680417099742,0.408019282533,3
P,4,persistent.gaussian_sigma_2.audio,gaussian_sigma_2,audio,30,fault,0.612561862484,0.690393742494,0.399186402296,3
P,4,persistent.gaussian_sigma_2.audio,gaussian_sigma_2,audio,30,post,0.665572568996,0.712287393947,0.378373389358,3
P,4,persistent.gaussian_sigma_2.audio,gaussian_sigma_2,audio,30,pre,0.683247581118,0.720680062749,0.359752757749,3
P,4,persistent.gaussian_sigma_2.location,gaussian_sigma_2,location,5,fault,0.636930645272,0.639821234393,0.459474342138,3
P,4,persistent.gaussian_sigma_2.location,gaussian_sigma_2,location,5,post,0.649895193486,0.663341086887,0.452102002347,3
P,4,persistent.gaussian_sigma_2.location,gaussian_sigma_2,location,5,pre,0.655413229472,0.670550491069,0.429123684195,3
P,4,persistent.gaussian_sigma_2.location,gaussian_sigma_2,location,15,fault,0.644572332295,0.665988798963,0.422350173383,3
P,4,persistent.gaussian_sigma_2.location,gaussian_sigma_2,location,15,post,0.68411504735,0.69434403287,0.393818220837,3
P,4,persistent.gaussian_sigma_2.location,gaussian_sigma_2,location,15,pre,0.656396465116,0.680417099742,0.408019282533,3
P,4,persistent.gaussian_sigma_2.location,gaussian_sigma_2,location,30,fault,0.621975992779,0.684224774984,0.396692857171,3
P,4,persistent.gaussian_sigma_2.location,gaussian_sigma_2,location,30,post,0.665572568996,0.712287393947,0.378373389358,3
P,4,persistent.gaussian_sigma_2.location,gaussian_sigma_2,location,30,pre,0.683247581118,0.720680062749,0.359752757749,3
P,4,persistent.gaussian_sigma_2.phone_acc,gaussian_sigma_2,phone_acc,5,fault,0.65006390876,0.657275198461,0.448445618233,3
P,4,persistent.gaussian_sigma_2.phone_acc,gaussian_sigma_2,phone_acc,5,post,0.649895193486,0.663341086887,0.452102002347,3
P,4,persistent.gaussian_sigma_2.phone_acc,gaussian_sigma_2,phone_acc,5,pre,0.655413229472,0.670550491069,0.429123684195,3
P,4,persistent.gaussian_sigma_2.phone_acc,gaussian_sigma_2,phone_acc,15,fault,0.659795880144,0.684943537843,0.402760426797,3
P,4,persistent.gaussian_sigma_2.phone_acc,gaussian_sigma_2,phone_acc,15,post,0.68411504735,0.69434403287,0.393818220837,3
P,4,persistent.gaussian_sigma_2.phone_acc,gaussian_sigma_2,phone_acc,15,pre,0.656396465116,0.680417099742,0.408019282533,3
P,4,persistent.gaussian_sigma_2.phone_acc,gaussian_sigma_2,phone_acc,30,fault,0.629708635262,0.698738248789,0.388420120198,3
P,4,persistent.gaussian_sigma_2.phone_acc,gaussian_sigma_2,phone_acc,30,post,0.665572568996,0.712287393947,0.378373389358,3
P,4,persistent.gaussian_sigma_2.phone_acc,gaussian_sigma_2,phone_acc,30,pre,0.683247581118,0.720680062749,0.359752757749,3
P,4,persistent.gaussian_sigma_2.phone_gyro,gaussian_sigma_2,phone_gyro,5,fault,0.648725187322,0.661212949576,0.44900861017,3
P,4,persistent.gaussian_sigma_2.phone_gyro,gaussian_sigma_2,phone_gyro,5,post,0.649895193486,0.663341086887,0.452102002347,3
P,4,persistent.gaussian_sigma_2.phone_gyro,gaussian_sigma_2,phone_gyro,5,pre,0.655413229472,0.670550491069,0.429123684195,3
P,4,persistent.gaussian_sigma_2.phone_gyro,gaussian_sigma_2,phone_gyro,15,fault,0.656904271726,0.688051797074,0.403509141047,3
P,4,persistent.gaussian_sigma_2.phone_gyro,gaussian_sigma_2,phone_gyro,15,post,0.68411504735,0.69434403287,0.393818220837,3
P,4,persistent.gaussian_sigma_2.phone_gyro,gaussian_sigma_2,phone_gyro,15,pre,0.656396465116,0.680417099742,0.408019282533,3
P,4,persistent.gaussian_sigma_2.phone_gyro,gaussian_sigma_2,phone_gyro,30,fault,0.633022173804,0.707344993799,0.381024241215,3
P,4,persistent.gaussian_sigma_2.phone_gyro,gaussian_sigma_2,phone_gyro,30,post,0.665572568996,0.712287393947,0.378373389358,3
P,4,persistent.gaussian_sigma_2.phone_gyro,gaussian_sigma_2,phone_gyro,30,pre,0.683247581118,0.720680062749,0.359752757749,3
P,4,persistent.gaussian_sigma_2.phone_state,gaussian_sigma_2,phone_state,5,fault,0.618104135552,0.632775117531,0.455790349139,3
P,4,persistent.gaussian_sigma_2.phone_state,gaussian_sigma_2,phone_state,5,post,0.649895193486,0.663341086887,0.452102002347,3
P,4,persistent.gaussian_sigma_2.phone_state,gaussian_sigma_2,phone_state,5,pre,0.655413229472,0.670550491069,0.429123684195,3
P,4,persistent.gaussian_sigma_2.phone_state,gaussian_sigma_2,phone_state,15,fault,0.631410661496,0.661231077248,0.407067596727,3
P,4,persistent.gaussian_sigma_2.phone_state,gaussian_sigma_2,phone_state,15,post,0.68411504735,0.69434403287,0.393818220837,3
P,4,persistent.gaussian_sigma_2.phone_state,gaussian_sigma_2,phone_state,15,pre,0.656396465116,0.680417099742,0.408019282533,3
P,4,persistent.gaussian_sigma_2.phone_state,gaussian_sigma_2,phone_state,30,fault,0.631516132469,0.68148556209,0.393154082975,3
P,4,persistent.gaussian_sigma_2.phone_state,gaussian_sigma_2,phone_state,30,post,0.665572568996,0.712287393947,0.378373389358,3
P,4,persistent.gaussian_sigma_2.phone_state,gaussian_sigma_2,phone_state,30,pre,0.683247581118,0.720680062749,0.359752757749,3
P,4,persistent.gaussian_sigma_2.watch_acc,gaussian_sigma_2,watch_acc,5,fault,0.628648711603,0.647017715471,0.460892852153,3
P,4,persistent.gaussian_sigma_2.watch_acc,gaussian_sigma_2,watch_acc,5,post,0.649895193486,0.663341086887,0.452102002347,3
P,4,persistent.gaussian_sigma_2.watch_acc,gaussian_sigma_2,watch_acc,5,pre,0.655413229472,0.670550491069,0.429123684195,3
P,4,persistent.gaussian_sigma_2.watch_acc,gaussian_sigma_2,watch_acc,15,fault,0.636820365618,0.675055569295,0.416490360572,3
P,4,persistent.gaussian_sigma_2.watch_acc,gaussian_sigma_2,watch_acc,15,post,0.68411504735,0.69434403287,0.393818220837,3
P,4,persistent.gaussian_sigma_2.watch_acc,gaussian_sigma_2,watch_acc,15,pre,0.656396465116,0.680417099742,0.408019282533,3
P,4,persistent.gaussian_sigma_2.watch_acc,gaussian_sigma_2,watch_acc,30,fault,0.604223587159,0.689124351022,0.399317582258,3
P,4,persistent.gaussian_sigma_2.watch_acc,gaussian_sigma_2,watch_acc,30,post,0.665572568996,0.712287393947,0.378373389358,3
P,4,persistent.gaussian_sigma_2.watch_acc,gaussian_sigma_2,watch_acc,30,pre,0.683247581118,0.720680062749,0.359752757749,3
P2,0,persistent.drop.audio,drop,audio,5,fault,0.574569855479,0.72872687468,0.395717793682,3
P2,0,persistent.drop.audio,drop,audio,5,post,0.577783306317,0.748720687154,0.365933740678,3
P2,0,persistent.drop.audio,drop,audio,5,pre,0.595638734683,0.750822003438,0.364997938245,3
P2,0,persistent.drop.audio,drop,audio,15,fault,0.590553985276,0.751317217026,0.363359186635,3
P2,0,persistent.drop.audio,drop,audio,15,post,0.592071694936,0.770028383419,0.341279972962,3
P2,0,persistent.drop.audio,drop,audio,15,pre,0.60575819768,0.779668885285,0.323028352519,3
P2,0,persistent.drop.audio,drop,audio,30,fault,0.581337416828,0.778731855311,0.336435441101,3
P2,0,persistent.drop.audio,drop,audio,30,post,0.612688531775,0.808170100961,0.30488734153,3
P2,0,persistent.drop.audio,drop,audio,30,pre,0.585416532027,0.797293205859,0.314881779317,3
P2,0,persistent.drop.location,drop,location,5,fault,0.567778128406,0.727452294176,0.419963652166,3
P2,0,persistent.drop.location,drop,location,5,post,0.577783306317,0.748720687154,0.365933740678,3
P2,0,persistent.drop.location,drop,location,5,pre,0.595638734683,0.750822003438,0.364997938245,3
P2,0,persistent.drop.location,drop,location,15,fault,0.571773004159,0.745195874754,0.376930290223,3
P2,0,persistent.drop.location,drop,location,15,post,0.592071694936,0.770028383419,0.341279972962,3
P2,0,persistent.drop.location,drop,location,15,pre,0.60575819768,0.779668885285,0.323028352519,3
P2,0,persistent.drop.location,drop,location,30,fault,0.571120556823,0.769310578276,0.359960280234,3
P2,0,persistent.drop.location,drop,location,30,post,0.612688531775,0.808170100961,0.30488734153,3
P2,0,persistent.drop.location,drop,location,30,pre,0.585416532027,0.797293205859,0.314881779317,3
P2,0,persistent.drop.phone_acc,drop,phone_acc,5,fault,0.578143892498,0.747321051955,0.360332284258,3
P2,0,persistent.drop.phone_acc,drop,phone_acc,5,post,0.577783306317,0.748720687154,0.365933740678,3
P2,0,persistent.drop.phone_acc,drop,phone_acc,5,pre,0.595638734683,0.750822003438,0.364997938245,3
P2,0,persistent.drop.phone_acc,drop,phone_acc,15,fault,0.587332717863,0.767197006988,0.341968401075,3
P2,0,persistent.drop.phone_acc,drop,phone_acc,15,post,0.592071694936,0.770028383419,0.341279972962,3
P2,0,persistent.drop.phone_acc,drop,phone_acc,15,pre,0.60575819768,0.779668885285,0.323028352519,3
P2,0,persistent.drop.phone_acc,drop,phone_acc,30,fault,0.583350912238,0.792301327843,0.317309396815,3
P2,0,persistent.drop.phone_acc,drop,phone_acc,30,post,0.612688531775,0.808170100961,0.30488734153,3
P2,0,persistent.drop.phone_acc,drop,phone_acc,30,pre,0.585416532027,0.797293205859,0.314881779317,3
P2,0,persistent.drop.phone_gyro,drop,phone_gyro,5,fault,0.570555889298,0.747983463591,0.369643453605,3
P2,0,persistent.drop.phone_gyro,drop,phone_gyro,5,post,0.577783306317,0.748720687154,0.365933740678,3
P2,0,persistent.drop.phone_gyro,drop,phone_gyro,5,pre,0.595638734683,0.750822003438,0.364997938245,3
P2,0,persistent.drop.phone_gyro,drop,phone_gyro,15,fault,0.580283378637,0.768651414494,0.338292855533,3
P2,0,persistent.drop.phone_gyro,drop,phone_gyro,15,post,0.592071694936,0.770028383419,0.341279972962,3
P2,0,persistent.drop.phone_gyro,drop,phone_gyro,15,pre,0.60575819768,0.779668885285,0.323028352519,3
P2,0,persistent.drop.phone_gyro,drop,phone_gyro,30,fault,0.580713967285,0.792151174066,0.31308872969,3
P2,0,persistent.drop.phone_gyro,drop,phone_gyro,30,post,0.612688531775,0.808170100961,0.30488734153,3
P2,0,persistent.drop.phone_gyro,drop,phone_gyro,30,pre,0.585416532027,0.797293205859,0.314881779317,3
P2,0,persistent.drop.phone_state,drop,phone_state,5,fault,0.560950125578,0.720292974735,0.39400811661,3
P2,0,persistent.drop.phone_state,drop,phone_state,5,post,0.577783306317,0.748720687154,0.365933740678,3
P2,0,persistent.drop.phone_state,drop,phone_state,5,pre,0.595638734683,0.750822003438,0.364997938245,3
P2,0,persistent.drop.phone_state,drop,phone_state,15,fault,0.577913027067,0.745749608125,0.357334845512,3
P2,0,persistent.drop.phone_state,drop,phone_state,15,post,0.592071694936,0.770028383419,0.341279972962,3
P2,0,persistent.drop.phone_state,drop,phone_state,15,pre,0.60575819768,0.779668885285,0.323028352519,3
P2,0,persistent.drop.phone_state,drop,phone_state,30,fault,0.564635764569,0.765998564209,0.3353994593,3
P2,0,persistent.drop.phone_state,drop,phone_state,30,post,0.612688531775,0.808170100961,0.30488734153,3
P2,0,persistent.drop.phone_state,drop,phone_state,30,pre,0.585416532027,0.797293205859,0.314881779317,3
P2,0,persistent.drop.watch_acc,drop,watch_acc,5,fault,0.54908386447,0.734380623047,0.384730329042,3
P2,0,persistent.drop.watch_acc,drop,watch_acc,5,post,0.577783306317,0.748720687154,0.365933740678,3
P2,0,persistent.drop.watch_acc,drop,watch_acc,5,pre,0.595638734683,0.750822003438,0.364997938245,3
P2,0,persistent.drop.watch_acc,drop,watch_acc,15,fault,0.56916022649,0.759275442507,0.355064525416,3
P2,0,persistent.drop.watch_acc,drop,watch_acc,15,post,0.592071694936,0.770028383419,0.341279972962,3
P2,0,persistent.drop.watch_acc,drop,watch_acc,15,pre,0.60575819768,0.779668885285,0.323028352519,3
P2,0,persistent.drop.watch_acc,drop,watch_acc,30,fault,0.556964316886,0.786619303713,0.327680231057,3
P2,0,persistent.drop.watch_acc,drop,watch_acc,30,post,0.612688531775,0.808170100961,0.30488734153,3
P2,0,persistent.drop.watch_acc,drop,watch_acc,30,pre,0.585416532027,0.797293205859,0.314881779317,3
P2,0,persistent.gaussian_sigma_2.audio,gaussian_sigma_2,audio,5,fault,0.550632699318,0.714905401829,0.404996090455,3
P2,0,persistent.gaussian_sigma_2.audio,gaussian_sigma_2,audio,5,post,0.577783306317,0.748720687154,0.365933740678,3
P2,0,persistent.gaussian_sigma_2.audio,gaussian_sigma_2,audio,5,pre,0.595638734683,0.750822003438,0.364997938245,3
P2,0,persistent.gaussian_sigma_2.audio,gaussian_sigma_2,audio,15,fault,0.563749142017,0.737221923076,0.372069359169,3
P2,0,persistent.gaussian_sigma_2.audio,gaussian_sigma_2,audio,15,post,0.592071694936,0.770028383419,0.341279972962,3
P2,0,persistent.gaussian_sigma_2.audio,gaussian_sigma_2,audio,15,pre,0.60575819768,0.779668885285,0.323028352519,3
P2,0,persistent.gaussian_sigma_2.audio,gaussian_sigma_2,audio,30,fault,0.551492986297,0.76191828884,0.353084403724,3
P2,0,persistent.gaussian_sigma_2.audio,gaussian_sigma_2,audio,30,post,0.612688531775,0.808170100961,0.30488734153,3
P2,0,persistent.gaussian_sigma_2.audio,gaussian_sigma_2,audio,30,pre,0.585416532027,0.797293205859,0.314881779317,3
P2,0,persistent.gaussian_sigma_2.location,gaussian_sigma_2,location,5,fault,0.561610409898,0.727616879755,0.413171006467,3
P2,0,persistent.gaussian_sigma_2.location,gaussian_sigma_2,location,5,post,0.577783306317,0.748720687154,0.365933740678,3
P2,0,persistent.gaussian_sigma_2.location,gaussian_sigma_2,location,5,pre,0.595638734683,0.750822003438,0.364997938245,3
P2,0,persistent.gaussian_sigma_2.location,gaussian_sigma_2,location,15,fault,0.567369344499,0.744606309943,0.382824306168,3
P2,0,persistent.gaussian_sigma_2.location,gaussian_sigma_2,location,15,post,0.592071694936,0.770028383419,0.341279972962,3
P2,0,persistent.gaussian_sigma_2.location,gaussian_sigma_2,location,15,pre,0.60575819768,0.779668885285,0.323028352519,3
P2,0,persistent.gaussian_sigma_2.location,gaussian_sigma_2,location,30,fault,0.565446436786,0.771443880705,0.365779826187,3
P2,0,persistent.gaussian_sigma_2.location,gaussian_sigma_2,location,30,post,0.612688531775,0.808170100961,0.30488734153,3
P2,0,persistent.gaussian_sigma_2.location,gaussian_sigma_2,location,30,pre,0.585416532027,0.797293205859,0.314881779317,3
P2,0,persistent.gaussian_sigma_2.phone_acc,gaussian_sigma_2,phone_acc,5,fault,0.581657862724,0.74500032681,0.363988339892,3
P2,0,persistent.gaussian_sigma_2.phone_acc,gaussian_sigma_2,phone_acc,5,post,0.577783306317,0.748720687154,0.365933740678,3
P2,0,persistent.gaussian_sigma_2.phone_acc,gaussian_sigma_2,phone_acc,5,pre,0.595638734683,0.750822003438,0.364997938245,3
P2,0,persistent.gaussian_sigma_2.phone_acc,gaussian_sigma_2,phone_acc,15,fault,0.588135163647,0.764157088916,0.343337477407,3
P2,0,persistent.gaussian_sigma_2.phone_acc,gaussian_sigma_2,phone_acc,15,post,0.592071694936,0.770028383419,0.341279972962,3
P2,0,persistent.gaussian_sigma_2.phone_acc,gaussian_sigma_2,phone_acc,15,pre,0.60575819768,0.779668885285,0.323028352519,3
P2,0,persistent.gaussian_sigma_2.phone_acc,gaussian_sigma_2,phone_acc,30,fault,0.584472578549,0.789839705787,0.320734381002,3
P2,0,persistent.gaussian_sigma_2.phone_acc,gaussian_sigma_2,phone_acc,30,post,0.612688531775,0.808170100961,0.30488734153,3
P2,0,persistent.gaussian_sigma_2.phone_acc,gaussian_sigma_2,phone_acc,30,pre,0.585416532027,0.797293205859,0.314881779317,3
P2,0,persistent.gaussian_sigma_2.phone_gyro,gaussian_sigma_2,phone_gyro,5,fault,0.582075651461,0.746710762906,0.373228655676,3
P2,0,persistent.gaussian_sigma_2.phone_gyro,gaussian_sigma_2,phone_gyro,5,post,0.577783306317,0.748720687154,0.365933740678,3
P2,0,persistent.gaussian_sigma_2.phone_gyro,gaussian_sigma_2,phone_gyro,5,pre,0.595638734683,0.750822003438,0.364997938245,3
P2,0,persistent.gaussian_sigma_2.phone_gyro,gaussian_sigma_2,phone_gyro,15,fault,0.589791537279,0.766443272322,0.342126684892,3
P2,0,persistent.gaussian_sigma_2.phone_gyro,gaussian_sigma_2,phone_gyro,15,post,0.592071694936,0.770028383419,0.341279972962,3
P2,0,persistent.gaussian_sigma_2.phone_gyro,gaussian_sigma_2,phone_gyro,15,pre,0.60575819768,0.779668885285,0.323028352519,3
P2,0,persistent.gaussian_sigma_2.phone_gyro,gaussian_sigma_2,phone_gyro,30,fault,0.585359316983,0.791654092907,0.319402739677,3
P2,0,persistent.gaussian_sigma_2.phone_gyro,gaussian_sigma_2,phone_gyro,30,post,0.612688531775,0.808170100961,0.30488734153,3
P2,0,persistent.gaussian_sigma_2.phone_gyro,gaussian_sigma_2,phone_gyro,30,pre,0.585416532027,0.797293205859,0.314881779317,3
P2,0,persistent.gaussian_sigma_2.phone_state,gaussian_sigma_2,phone_state,5,fault,0.560693050376,0.720047548273,0.393676743836,3
P2,0,persistent.gaussian_sigma_2.phone_state,gaussian_sigma_2,phone_state,5,post,0.577783306317,0.748720687154,0.365933740678,3
P2,0,persistent.gaussian_sigma_2.phone_state,gaussian_sigma_2,phone_state,5,pre,0.595638734683,0.750822003438,0.364997938245,3
P2,0,persistent.gaussian_sigma_2.phone_state,gaussian_sigma_2,phone_state,15,fault,0.576505469021,0.745244369751,0.357522120401,3
P2,0,persistent.gaussian_sigma_2.phone_state,gaussian_sigma_2,phone_state,15,post,0.592071694936,0.770028383419,0.341279972962,3
P2,0,persistent.gaussian_sigma_2.phone_state,gaussian_sigma_2,phone_state,15,pre,0.60575819768,0.779668885285,0.323028352519,3
P2,0,persistent.gaussian_sigma_2.phone_state,gaussian_sigma_2,phone_state,30,fault,0.565112197851,0.765705329794,0.335601847036,3
P2,0,persistent.gaussian_sigma_2.phone_state,gaussian_sigma_2,phone_state,30,post,0.612688531775,0.808170100961,0.30488734153,3
P2,0,persistent.gaussian_sigma_2.phone_state,gaussian_sigma_2,phone_state,30,pre,0.585416532027,0.797293205859,0.314881779317,3
P2,0,persistent.gaussian_sigma_2.watch_acc,gaussian_sigma_2,watch_acc,5,fault,0.550625243228,0.724173950552,0.390855753976,3
P2,0,persistent.gaussian_sigma_2.watch_acc,gaussian_sigma_2,watch_acc,5,post,0.577783306317,0.748720687154,0.365933740678,3
P2,0,persistent.gaussian_sigma_2.watch_acc,gaussian_sigma_2,watch_acc,5,pre,0.595638734683,0.750822003438,0.364997938245,3
P2,0,persistent.gaussian_sigma_2.watch_acc,gaussian_sigma_2,watch_acc,15,fault,0.560923150735,0.744492502865,0.364365207788,3
P2,0,persistent.gaussian_sigma_2.watch_acc,gaussian_sigma_2,watch_acc,15,post,0.592071694936,0.770028383419,0.341279972962,3
P2,0,persistent.gaussian_sigma_2.watch_acc,gaussian_sigma_2,watch_acc,15,pre,0.60575819768,0.779668885285,0.323028352519,3
P2,0,persistent.gaussian_sigma_2.watch_acc,gaussian_sigma_2,watch_acc,30,fault,0.558640707687,0.769249798554,0.34334590591,3
P2,0,persistent.gaussian_sigma_2.watch_acc,gaussian_sigma_2,watch_acc,30,post,0.612688531775,0.808170100961,0.30488734153,3
P2,0,persistent.gaussian_sigma_2.watch_acc,gaussian_sigma_2,watch_acc,30,pre,0.585416532027,0.797293205859,0.314881779317,3
P2,1,persistent.drop.audio,drop,audio,5,fault,0.579371165381,0.663462488978,0.439349005451,3
P2,1,persistent.drop.audio,drop,audio,5,post,0.608004146719,0.701176819888,0.395382600992,3
P2,1,persistent.drop.audio,drop,audio,5,pre,0.613904872579,0.703001439049,0.392759313977,3
P2,1,persistent.drop.audio,drop,audio,15,fault,0.574749703204,0.679602325791,0.425888217953,3
P2,1,persistent.drop.audio,drop,audio,15,post,0.603447182625,0.714825957051,0.380598459854,3
P2,1,persistent.drop.audio,drop,audio,15,pre,0.568333043974,0.71303651361,0.379416710812,3
P2,1,persistent.drop.audio,drop,audio,30,fault,0.546225133813,0.683885849855,0.429933095867,3
P2,1,persistent.drop.audio,drop,audio,30,post,0.565660397145,0.724531851402,0.377308382637,3
P2,1,persistent.drop.audio,drop,audio,30,pre,0.558218559141,0.711326858701,0.376402977431,3
P2,1,persistent.drop.location,drop,location,5,fault,0.596826766663,0.696630808083,0.398426570606,3
P2,1,persistent.drop.location,drop,location,5,post,0.608004146719,0.701176819888,0.395382600992,3
P2,1,persistent.drop.location,drop,location,5,pre,0.613904872579,0.703001439049,0.392759313977,3
P2,1,persistent.drop.location,drop,location,15,fault,0.591987640455,0.718960804573,0.364219830527,3
P2,1,persistent.drop.location,drop,location,15,post,0.603447182625,0.714825957051,0.380598459854,3
P2,1,persistent.drop.location,drop,location,15,pre,0.568333043974,0.71303651361,0.379416710812,3
P2,1,persistent.drop.location,drop,location,30,fault,0.577336304752,0.739385344936,0.337577958489,3
P2,1,persistent.drop.location,drop,location,30,post,0.565660397145,0.724531851402,0.377308382637,3
P2,1,persistent.drop.location,drop,location,30,pre,0.558218559141,0.711326858701,0.376402977431,3
P2,1,persistent.drop.phone_acc,drop,phone_acc,5,fault,0.589888779137,0.689835543818,0.415537344216,3
P2,1,persistent.drop.phone_acc,drop,phone_acc,5,post,0.608004146719,0.701176819888,0.395382600992,3
P2,1,persistent.drop.phone_acc,drop,phone_acc,5,pre,0.613904872579,0.703001439049,0.392759313977,3
P2,1,persistent.drop.phone_acc,drop,phone_acc,15,fault,0.581912583698,0.705541366569,0.402514009116,3
P2,1,persistent.drop.phone_acc,drop,phone_acc,15,post,0.603447182625,0.714825957051,0.380598459854,3
P2,1,persistent.drop.phone_acc,drop,phone_acc,15,pre,0.568333043974,0.71303651361,0.379416710812,3
P2,1,persistent.drop.phone_acc,drop,phone_acc,30,fault,0.563233211692,0.719850405568,0.393100677204,3
P2,1,persistent.drop.phone_acc,drop,phone_acc,30,post,0.565660397145,0.724531851402,0.377308382637,3
P2,1,persistent.drop.phone_acc,drop,phone_acc,30,pre,0.558218559141,0.711326858701,0.376402977431,3
P2,1,persistent.drop.phone_gyro,drop,phone_gyro,5,fault,0.594455081148,0.6923335225,0.40713155765,3
P2,1,persistent.drop.phone_gyro,drop,phone_gyro,5,post,0.608004146719,0.701176819888,0.395382600992,3
P2,1,persistent.drop.phone_gyro,drop,phone_gyro,5,pre,0.613904872579,0.703001439049,0.392759313977,3
P2,1,persistent.drop.phone_gyro,drop,phone_gyro,15,fault,0.592163621055,0.710512346123,0.38897491834,3
P2,1,persistent.drop.phone_gyro,drop,phone_gyro,15,post,0.603447182625,0.714825957051,0.380598459854,3
P2,1,persistent.drop.phone_gyro,drop,phone_gyro,15,pre,0.568333043974,0.71303651361,0.379416710812,3
P2,1,persistent.drop.phone_gyro,drop,phone_gyro,30,fault,0.574108764921,0.723113534216,0.378692647316,3
P2,1,persistent.drop.phone_gyro,drop,phone_gyro,30,post,0.565660397145,0.724531851402,0.377308382637,3
P2,1,persistent.drop.phone_gyro,drop,phone_gyro,30,pre,0.558218559141,0.711326858701,0.376402977431,3
P2,1,persistent.drop.phone_state,drop,phone_state,5,fault,0.572839155351,0.6581701868,0.450743024885,3
P2,1,persistent.drop.phone_state,drop,phone_state,5,post,0.608004146719,0.701176819888,0.395382600992,3
P2,1,persistent.drop.phone_state,drop,phone_state,5,pre,0.613904872579,0.703001439049,0.392759313977,3
P2,1,persistent.drop.phone_state,drop,phone_state,15,fault,0.570801287357,0.672716358256,0.445101421962,3
P2,1,persistent.drop.phone_state,drop,phone_state,15,post,0.603447182625,0.714825957051,0.380598459854,3
P2,1,persistent.drop.phone_state,drop,phone_state,15,pre,0.568333043974,0.71303651361,0.379416710812,3
P2,1,persistent.drop.phone_state,drop,phone_state,30,fault,0.549765968449,0.687315891506,0.436204946184,3
P2,1,persistent.drop.phone_state,drop,phone_state,30,post,0.565660397145,0.724531851402,0.377308382637,3
P2,1,persistent.drop.phone_state,drop,phone_state,30,pre,0.558218559141,0.711326858701,0.376402977431,3
P2,1,persistent.drop.watch_acc,drop,watch_acc,5,fault,0.568094644728,0.676217492564,0.430505378889,3
P2,1,persistent.drop.watch_acc,drop,watch_acc,5,post,0.608004146719,0.701176819888,0.395382600992,3
P2,1,persistent.drop.watch_acc,drop,watch_acc,5,pre,0.613904872579,0.703001439049,0.392759313977,3
P2,1,persistent.drop.watch_acc,drop,watch_acc,15,fault,0.573737627249,0.695779879079,0.412277793316,3
P2,1,persistent.drop.watch_acc,drop,watch_acc,15,post,0.603447182625,0.714825957051,0.380598459854,3
P2,1,persistent.drop.watch_acc,drop,watch_acc,15,pre,0.568333043974,0.71303651361,0.379416710812,3
P2,1,persistent.drop.watch_acc,drop,watch_acc,30,fault,0.574891096876,0.706955490737,0.407524859016,3
P2,1,persistent.drop.watch_acc,drop,watch_acc,30,post,0.565660397145,0.724531851402,0.377308382637,3
P2,1,persistent.drop.watch_acc,drop,watch_acc,30,pre,0.558218559141,0.711326858701,0.376402977431,3
P2,1,persistent.gaussian_sigma_2.audio,gaussian_sigma_2,audio,5,fault,0.571994580867,0.666131351225,0.424805746994,3
P2,1,persistent.gaussian_sigma_2.audio,gaussian_sigma_2,audio,5,post,0.608004146719,0.701176819888,0.395382600992,3
P2,1,persistent.gaussian_sigma_2.audio,gaussian_sigma_2,audio,5,pre,0.613904872579,0.703001439049,0.392759313977,3
P2,1,persistent.gaussian_sigma_2.audio,gaussian_sigma_2,audio,15,fault,0.570349308718,0.682973643495,0.406777877412,3
P2,1,persistent.gaussian_sigma_2.audio,gaussian_sigma_2,audio,15,post,0.603447182625,0.714825957051,0.380598459854,3
P2,1,persistent.gaussian_sigma_2.audio,gaussian_sigma_2,audio,15,pre,0.568333043974,0.71303651361,0.379416710812,3
P2,1,persistent.gaussian_sigma_2.audio,gaussian_sigma_2,audio,30,fault,0.544303090487,0.692517683294,0.406774082088,3
P2,1,persistent.gaussian_sigma_2.audio,gaussian_sigma_2,audio,30,post,0.565660397145,0.724531851402,0.377308382637,3
P2,1,persistent.gaussian_sigma_2.audio,gaussian_sigma_2,audio,30,pre,0.558218559141,0.711326858701,0.376402977431,3
P2,1,persistent.gaussian_sigma_2.location,gaussian_sigma_2,location,5,fault,0.589151091191,0.685971427719,0.408495772728,3
P2,1,persistent.gaussian_sigma_2.location,gaussian_sigma_2,location,5,post,0.608004146719,0.701176819888,0.395382600992,3
P2,1,persistent.gaussian_sigma_2.location,gaussian_sigma_2,location,5,pre,0.613904872579,0.703001439049,0.392759313977,3
P2,1,persistent.gaussian_sigma_2.location,gaussian_sigma_2,location,15,fault,0.584991563466,0.703675123796,0.385190200777,3
P2,1,persistent.gaussian_sigma_2.location,gaussian_sigma_2,location,15,post,0.603447182625,0.714825957051,0.380598459854,3
P2,1,persistent.gaussian_sigma_2.location,gaussian_sigma_2,location,15,pre,0.568333043974,0.71303651361,0.379416710812,3
P2,1,persistent.gaussian_sigma_2.location,gaussian_sigma_2,location,30,fault,0.571352897563,0.719484797269,0.371449944802,3
P2,1,persistent.gaussian_sigma_2.location,gaussian_sigma_2,location,30,post,0.565660397145,0.724531851402,0.377308382637,3
P2,1,persistent.gaussian_sigma_2.location,gaussian_sigma_2,location,30,pre,0.558218559141,0.711326858701,0.376402977431,3
P2,1,persistent.gaussian_sigma_2.phone_acc,gaussian_sigma_2,phone_acc,5,fault,0.597282984602,0.694343076472,0.402227531862,3
P2,1,persistent.gaussian_sigma_2.phone_acc,gaussian_sigma_2,phone_acc,5,post,0.608004146719,0.701176819888,0.395382600992,3
P2,1,persistent.gaussian_sigma_2.phone_acc,gaussian_sigma_2,phone_acc,5,pre,0.613904872579,0.703001439049,0.392759313977,3
P2,1,persistent.gaussian_sigma_2.phone_acc,gaussian_sigma_2,phone_acc,15,fault,0.592709002108,0.711541694814,0.386177823882,3
P2,1,persistent.gaussian_sigma_2.phone_acc,gaussian_sigma_2,phone_acc,15,post,0.603447182625,0.714825957051,0.380598459854,3
P2,1,persistent.gaussian_sigma_2.phone_acc,gaussian_sigma_2,phone_acc,15,pre,0.568333043974,0.71303651361,0.379416710812,3
P2,1,persistent.gaussian_sigma_2.phone_acc,gaussian_sigma_2,phone_acc,30,fault,0.579226862169,0.727612738846,0.37598858669,3
P2,1,persistent.gaussian_sigma_2.phone_acc,gaussian_sigma_2,phone_acc,30,post,0.565660397145,0.724531851402,0.377308382637,3
P2,1,persistent.gaussian_sigma_2.phone_acc,gaussian_sigma_2,phone_acc,30,pre,0.558218559141,0.711326858701,0.376402977431,3
P2,1,persistent.gaussian_sigma_2.phone_gyro,gaussian_sigma_2,phone_gyro,5,fault,0.597785908852,0.692077165217,0.401901994703,3
P2,1,persistent.gaussian_sigma_2.phone_gyro,gaussian_sigma_2,phone_gyro,5,post,0.608004146719,0.701176819888,0.395382600992,3
P2,1,persistent.gaussian_sigma_2.phone_gyro,gaussian_sigma_2,phone_gyro,5,pre,0.613904872579,0.703001439049,0.392759313977,3
P2,1,persistent.gaussian_sigma_2.phone_gyro,gaussian_sigma_2,phone_gyro,15,fault,0.599354761824,0.711960820985,0.382389781045,3
P2,1,persistent.gaussian_sigma_2.phone_gyro,gaussian_sigma_2,phone_gyro,15,post,0.603447182625,0.714825957051,0.380598459854,3
P2,1,persistent.gaussian_sigma_2.phone_gyro,gaussian_sigma_2,phone_gyro,15,pre,0.568333043974,0.71303651361,0.379416710812,3
P2,1,persistent.gaussian_sigma_2.phone_gyro,gaussian_sigma_2,phone_gyro,30,fault,0.574118040349,0.726325241361,0.371678132871,3
P2,1,persistent.gaussian_sigma_2.phone_gyro,gaussian_sigma_2,phone_gyro,30,post,0.565660397145,0.724531851402,0.377308382637,3
P2,1,persistent.gaussian_sigma_2.phone_gyro,gaussian_sigma_2,phone_gyro,30,pre,0.558218559141,0.711326858701,0.376402977431,3
P2,1,persistent.gaussian_sigma_2.phone_state,gaussian_sigma_2,phone_state,5,fault,0.565358739719,0.654286125854,0.444447090827,3
P2,1,persistent.gaussian_sigma_2.phone_state,gaussian_sigma_2,phone_state,5,post,0.608004146719,0.701176819888,0.395382600992,3
P2,1,persistent.gaussian_sigma_2.phone_state,gaussian_sigma_2,phone_state,5,pre,0.613904872579,0.703001439049,0.392759313977,3
P2,1,persistent.gaussian_sigma_2.phone_state,gaussian_sigma_2,phone_state,15,fault,0.562173608943,0.66877355977,0.43475719478,3
P2,1,persistent.gaussian_sigma_2.phone_state,gaussian_sigma_2,phone_state,15,post,0.603447182625,0.714825957051,0.380598459854,3
P2,1,persistent.gaussian_sigma_2.phone_state,gaussian_sigma_2,phone_state,15,pre,0.568333043974,0.71303651361,0.379416710812,3
P2,1,persistent.gaussian_sigma_2.phone_state,gaussian_sigma_2,phone_state,30,fault,0.543535623239,0.684141947918,0.425823334325,3
P2,1,persistent.gaussian_sigma_2.phone_state,gaussian_sigma_2,phone_state,30,post,0.565660397145,0.724531851402,0.377308382637,3
P2,1,persistent.gaussian_sigma_2.phone_state,gaussian_sigma_2,phone_state,30,pre,0.558218559141,0.711326858701,0.376402977431,3
P2,1,persistent.gaussian_sigma_2.watch_acc,gaussian_sigma_2,watch_acc,5,fault,0.577841772433,0.679457790864,0.41378471781,3
P2,1,persistent.gaussian_sigma_2.watch_acc,gaussian_sigma_2,watch_acc,5,post,0.608004146719,0.701176819888,0.395382600992,3
P2,1,persistent.gaussian_sigma_2.watch_acc,gaussian_sigma_2,watch_acc,5,pre,0.613904872579,0.703001439049,0.392759313977,3
P2,1,persistent.gaussian_sigma_2.watch_acc,gaussian_sigma_2,watch_acc,15,fault,0.581283525348,0.700317351964,0.395184337078,3
P2,1,persistent.gaussian_sigma_2.watch_acc,gaussian_sigma_2,watch_acc,15,post,0.603447182625,0.714825957051,0.380598459854,3
P2,1,persistent.gaussian_sigma_2.watch_acc,gaussian_sigma_2,watch_acc,15,pre,0.568333043974,0.71303651361,0.379416710812,3
P2,1,persistent.gaussian_sigma_2.watch_acc,gaussian_sigma_2,watch_acc,30,fault,0.564904457694,0.713470017531,0.388617427351,3
P2,1,persistent.gaussian_sigma_2.watch_acc,gaussian_sigma_2,watch_acc,30,post,0.565660397145,0.724531851402,0.377308382637,3
P2,1,persistent.gaussian_sigma_2.watch_acc,gaussian_sigma_2,watch_acc,30,pre,0.558218559141,0.711326858701,0.376402977431,3
P2,2,persistent.drop.audio,drop,audio,5,fault,0.598435436418,0.704407658654,0.428618188862,3
P2,2,persistent.drop.audio,drop,audio,5,post,0.612555009182,0.721703770557,0.408280776567,3
P2,2,persistent.drop.audio,drop,audio,5,pre,0.61479912367,0.721444624338,0.413130846372,3
P2,2,persistent.drop.audio,drop,audio,15,fault,0.605283287578,0.707994004248,0.423838240419,3
P2,2,persistent.drop.audio,drop,audio,15,post,0.62014061497,0.727875289426,0.39423893712,3
P2,2,persistent.drop.audio,drop,audio,15,pre,0.608732268226,0.727127186892,0.401718826844,3
P2,2,persistent.drop.audio,drop,audio,30,fault,0.606982645968,0.721135042428,0.411465780362,3
P2,2,persistent.drop.audio,drop,audio,30,post,0.613188816729,0.727621792547,0.397754628483,3
P2,2,persistent.drop.audio,drop,audio,30,pre,0.60930083837,0.730344845341,0.391211377067,3
P2,2,persistent.drop.location,drop,location,5,fault,0.594826324972,0.707132671979,0.439682611619,3
P2,2,persistent.drop.location,drop,location,5,post,0.612555009182,0.721703770557,0.408280776567,3
P2,2,persistent.drop.location,drop,location,5,pre,0.61479912367,0.721444624338,0.413130846372,3
P2,2,persistent.drop.location,drop,location,15,fault,0.601896769091,0.713168710243,0.42570244203,3
P2,2,persistent.drop.location,drop,location,15,post,0.62014061497,0.727875289426,0.39423893712,3
P2,2,persistent.drop.location,drop,location,15,pre,0.608732268226,0.727127186892,0.401718826844,3
P2,2,persistent.drop.location,drop,location,30,fault,0.599886594841,0.722380127107,0.419750621087,3
P2,2,persistent.drop.location,drop,location,30,post,0.613188816729,0.727621792547,0.397754628483,3
P2,2,persistent.drop.location,drop,location,30,pre,0.60930083837,0.730344845341,0.391211377067,3
P2,2,persistent.drop.phone_acc,drop,phone_acc,5,fault,0.602466564289,0.717597961778,0.430596853357,3
P2,2,persistent.drop.phone_acc,drop,phone_acc,5,post,0.612555009182,0.721703770557,0.408280776567,3
P2,2,persistent.drop.phone_acc,drop,phone_acc,5,pre,0.61479912367,0.721444624338,0.413130846372,3
P2,2,persistent.drop.phone_acc,drop,phone_acc,15,fault,0.615637092619,0.726613103423,0.415524570154,3
P2,2,persistent.drop.phone_acc,drop,phone_acc,15,post,0.62014061497,0.727875289426,0.39423893712,3
P2,2,persistent.drop.phone_acc,drop,phone_acc,15,pre,0.608732268226,0.727127186892,0.401718826844,3
P2,2,persistent.drop.phone_acc,drop,phone_acc,30,fault,0.614266944116,0.736575460413,0.411474881318,3
P2,2,persistent.drop.phone_acc,drop,phone_acc,30,post,0.613188816729,0.727621792547,0.397754628483,3
P2,2,persistent.drop.phone_acc,drop,phone_acc,30,pre,0.60930083837,0.730344845341,0.391211377067,3
P2,2,persistent.drop.phone_gyro,drop,phone_gyro,5,fault,0.602449429743,0.719326399754,0.420214880577,3
P2,2,persistent.drop.phone_gyro,drop,phone_gyro,5,post,0.612555009182,0.721703770557,0.408280776567,3
P2,2,persistent.drop.phone_gyro,drop,phone_gyro,5,pre,0.61479912367,0.721444624338,0.413130846372,3
P2,2,persistent.drop.phone_gyro,drop,phone_gyro,15,fault,0.616778476538,0.727374668252,0.407050607144,3
P2,2,persistent.drop.phone_gyro,drop,phone_gyro,15,post,0.62014061497,0.727875289426,0.39423893712,3
P2,2,persistent.drop.phone_gyro,drop,phone_gyro,15,pre,0.608732268226,0.727127186892,0.401718826844,3
P2,2,persistent.drop.phone_gyro,drop,phone_gyro,30,fault,0.617123464337,0.738294225272,0.399630533444,3
P2,2,persistent.drop.phone_gyro,drop,phone_gyro,30,post,0.613188816729,0.727621792547,0.397754628483,3
P2,2,persistent.drop.phone_gyro,drop,phone_gyro,30,pre,0.60930083837,0.730344845341,0.391211377067,3
P2,2,persistent.drop.phone_state,drop,phone_state,5,fault,0.587541760288,0.693403714634,0.439559515783,3
P2,2,persistent.drop.phone_state,drop,phone_state,5,post,0.612555009182,0.721703770557,0.408280776567,3
P2,2,persistent.drop.phone_state,drop,phone_state,5,pre,0.61479912367,0.721444624338,0.413130846372,3
P2,2,persistent.drop.phone_state,drop,phone_state,15,fault,0.599553188665,0.699930010474,0.41975843317,3
P2,2,persistent.drop.phone_state,drop,phone_state,15,post,0.62014061497,0.727875289426,0.39423893712,3
P2,2,persistent.drop.phone_state,drop,phone_state,15,pre,0.608732268226,0.727127186892,0.401718826844,3
P2,2,persistent.drop.phone_state,drop,phone_state,30,fault,0.605107428316,0.711111454745,0.412467150052,3
P2,2,persistent.drop.phone_state,drop,phone_state,30,post,0.613188816729,0.727621792547,0.397754628483,3
P2,2,persistent.drop.phone_state,drop,phone_state,30,pre,0.60930083837,0.730344845341,0.391211377067,3
P2,2,persistent.drop.watch_acc,drop,watch_acc,5,fault,0.582825189294,0.709565420147,0.432598122632,3
P2,2,persistent.drop.watch_acc,drop,watch_acc,5,post,0.612555009182,0.721703770557,0.408280776567,3
P2,2,persistent.drop.watch_acc,drop,watch_acc,5,pre,0.61479912367,0.721444624338,0.413130846372,3
P2,2,persistent.drop.watch_acc,drop,watch_acc,15,fault,0.597426049792,0.718504046568,0.421090427148,3
P2,2,persistent.drop.watch_acc,drop,watch_acc,15,post,0.62014061497,0.727875289426,0.39423893712,3
P2,2,persistent.drop.watch_acc,drop,watch_acc,15,pre,0.608732268226,0.727127186892,0.401718826844,3
P2,2,persistent.drop.watch_acc,drop,watch_acc,30,fault,0.598717365492,0.727853609983,0.412818687481,3
P2,2,persistent.drop.watch_acc,drop,watch_acc,30,post,0.613188816729,0.727621792547,0.397754628483,3
P2,2,persistent.drop.watch_acc,drop,watch_acc,30,pre,0.60930083837,0.730344845341,0.391211377067,3
P2,2,persistent.gaussian_sigma_2.audio,gaussian_sigma_2,audio,5,fault,0.59408500756,0.702411925307,0.425904596983,3
P2,2,persistent.gaussian_sigma_2.audio,gaussian_sigma_2,audio,5,post,0.612555009182,0.721703770557,0.408280776567,3
P2,2,persistent.gaussian_sigma_2.audio,gaussian_sigma_2,audio,5,pre,0.61479912367,0.721444624338,0.413130846372,3
P2,2,persistent.gaussian_sigma_2.audio,gaussian_sigma_2,audio,15,fault,0.603600405017,0.706411665974,0.421349709405,3
P2,2,persistent.gaussian_sigma_2.audio,gaussian_sigma_2,audio,15,post,0.62014061497,0.727875289426,0.39423893712,3
P2,2,persistent.gaussian_sigma_2.audio,gaussian_sigma_2,audio,15,pre,0.608732268226,0.727127186892,0.401718826844,3
P2,2,persistent.gaussian_sigma_2.audio,gaussian_sigma_2,audio,30,fault,0.603629698751,0.716055899687,0.413739746733,3
P2,2,persistent.gaussian_sigma_2.audio,gaussian_sigma_2,audio,30,post,0.613188816729,0.727621792547,0.397754628483,3
P2,2,persistent.gaussian_sigma_2.audio,gaussian_sigma_2,audio,30,pre,0.60930083837,0.730344845341,0.391211377067,3
P2,2,persistent.gaussian_sigma_2.location,gaussian_sigma_2,location,5,fault,0.589980690411,0.703628100955,0.44089075621,3
P2,2,persistent.gaussian_sigma_2.location,gaussian_sigma_2,location,5,post,0.612555009182,0.721703770557,0.408280776567,3
P2,2,persistent.gaussian_sigma_2.location,gaussian_sigma_2,location,5,pre,0.61479912367,0.721444624338,0.413130846372,3
P2,2,persistent.gaussian_sigma_2.location,gaussian_sigma_2,location,15,fault,0.595673244888,0.708015347355,0.431320959171,3
P2,2,persistent.gaussian_sigma_2.location,gaussian_sigma_2,location,15,post,0.62014061497,0.727875289426,0.39423893712,3
P2,2,persistent.gaussian_sigma_2.location,gaussian_sigma_2,location,15,pre,0.608732268226,0.727127186892,0.401718826844,3
P2,2,persistent.gaussian_sigma_2.location,gaussian_sigma_2,location,30,fault,0.595595297753,0.717759817529,0.42568721526,3
P2,2,persistent.gaussian_sigma_2.location,gaussian_sigma_2,location,30,post,0.613188816729,0.727621792547,0.397754628483,3
P2,2,persistent.gaussian_sigma_2.location,gaussian_sigma_2,location,30,pre,0.60930083837,0.730344845341,0.391211377067,3
P2,2,persistent.gaussian_sigma_2.phone_acc,gaussian_sigma_2,phone_acc,5,fault,0.603612870827,0.715812940363,0.422286343064,3
P2,2,persistent.gaussian_sigma_2.phone_acc,gaussian_sigma_2,phone_acc,5,post,0.612555009182,0.721703770557,0.408280776567,3
P2,2,persistent.gaussian_sigma_2.phone_acc,gaussian_sigma_2,phone_acc,5,pre,0.61479912367,0.721444624338,0.413130846372,3
P2,2,persistent.gaussian_sigma_2.phone_acc,gaussian_sigma_2,phone_acc,15,fault,0.615611550254,0.723336882865,0.410202336671,3
P2,2,persistent.gaussian_sigma_2.phone_acc,gaussian_sigma_2,phone_acc,15,post,0.62014061497,0.727875289426,0.39423893712,3
P2,2,persistent.gaussian_sigma_2.phone_acc,gaussian_sigma_2,phone_acc,15,pre,0.608732268226,0.727127186892,0.401718826844,3
P2,2,persistent.gaussian_sigma_2.phone_acc,gaussian_sigma_2,phone_acc,30,fault,0.613350669802,0.730920482041,0.408604261623,3
P2,2,persistent.gaussian_sigma_2.phone_acc,gaussian_sigma_2,phone_acc,30,post,0.613188816729,0.727621792547,0.397754628483,3
P2,2,persistent.gaussian_sigma_2.phone_acc,gaussian_sigma_2,phone_acc,30,pre,0.60930083837,0.730344845341,0.391211377067,3
P2,2,persistent.gaussian_sigma_2.phone_gyro,gaussian_sigma_2,phone_gyro,5,fault,0.604825345398,0.718140933569,0.417581137275,3
P2,2,persistent.gaussian_sigma_2.phone_gyro,gaussian_sigma_2,phone_gyro,5,post,0.612555009182,0.721703770557,0.408280776567,3
P2,2,persistent.gaussian_sigma_2.phone_gyro,gaussian_sigma_2,phone_gyro,5,pre,0.61479912367,0.721444624338,0.413130846372,3
P2,2,persistent.gaussian_sigma_2.phone_gyro,gaussian_sigma_2,phone_gyro,15,fault,0.616870238909,0.725113581163,0.405219356554,3
P2,2,persistent.gaussian_sigma_2.phone_gyro,gaussian_sigma_2,phone_gyro,15,post,0.62014061497,0.727875289426,0.39423893712,3
P2,2,persistent.gaussian_sigma_2.phone_gyro,gaussian_sigma_2,phone_gyro,15,pre,0.608732268226,0.727127186892,0.401718826844,3
P2,2,persistent.gaussian_sigma_2.phone_gyro,gaussian_sigma_2,phone_gyro,30,fault,0.614805129027,0.734075161831,0.400076219129,3
P2,2,persistent.gaussian_sigma_2.phone_gyro,gaussian_sigma_2,phone_gyro,30,post,0.613188816729,0.727621792547,0.397754628483,3
P2,2,persistent.gaussian_sigma_2.phone_gyro,gaussian_sigma_2,phone_gyro,30,pre,0.60930083837,0.730344845341,0.391211377067,3
P2,2,persistent.gaussian_sigma_2.phone_state,gaussian_sigma_2,phone_state,5,fault,0.589219870849,0.694817442024,0.436877756982,3
P2,2,persistent.gaussian_sigma_2.phone_state,gaussian_sigma_2,phone_state,5,post,0.612555009182,0.721703770557,0.408280776567,3
P2,2,persistent.gaussian_sigma_2.phone_state,gaussian_sigma_2,phone_state,5,pre,0.61479912367,0.721444624338,0.413130846372,3
P2,2,persistent.gaussian_sigma_2.phone_state,gaussian_sigma_2,phone_state,15,fault,0.60123002807,0.701099490344,0.417833724914,3
P2,2,persistent.gaussian_sigma_2.phone_state,gaussian_sigma_2,phone_state,15,post,0.62014061497,0.727875289426,0.39423893712,3
P2,2,persistent.gaussian_sigma_2.phone_state,gaussian_sigma_2,phone_state,15,pre,0.608732268226,0.727127186892,0.401718826844,3
P2,2,persistent.gaussian_sigma_2.phone_state,gaussian_sigma_2,phone_state,30,fault,0.60720704074,0.712384621801,0.410739374481,3
P2,2,persistent.gaussian_sigma_2.phone_state,gaussian_sigma_2,phone_state,30,post,0.613188816729,0.727621792547,0.397754628483,3
P2,2,persistent.gaussian_sigma_2.phone_state,gaussian_sigma_2,phone_state,30,pre,0.60930083837,0.730344845341,0.391211377067,3
P2,2,persistent.gaussian_sigma_2.watch_acc,gaussian_sigma_2,watch_acc,5,fault,0.588082998746,0.701243230766,0.427567620558,3
P2,2,persistent.gaussian_sigma_2.watch_acc,gaussian_sigma_2,watch_acc,5,post,0.612555009182,0.721703770557,0.408280776567,3
P2,2,persistent.gaussian_sigma_2.watch_acc,gaussian_sigma_2,watch_acc,5,pre,0.61479912367,0.721444624338,0.413130846372,3
P2,2,persistent.gaussian_sigma_2.watch_acc,gaussian_sigma_2,watch_acc,15,fault,0.600295219985,0.708178016833,0.417318548334,3
P2,2,persistent.gaussian_sigma_2.watch_acc,gaussian_sigma_2,watch_acc,15,post,0.62014061497,0.727875289426,0.39423893712,3
P2,2,persistent.gaussian_sigma_2.watch_acc,gaussian_sigma_2,watch_acc,15,pre,0.608732268226,0.727127186892,0.401718826844,3
P2,2,persistent.gaussian_sigma_2.watch_acc,gaussian_sigma_2,watch_acc,30,fault,0.596798914755,0.715896921102,0.409943131174,3
P2,2,persistent.gaussian_sigma_2.watch_acc,gaussian_sigma_2,watch_acc,30,post,0.613188816729,0.727621792547,0.397754628483,3
P2,2,persistent.gaussian_sigma_2.watch_acc,gaussian_sigma_2,watch_acc,30,pre,0.60930083837,0.730344845341,0.391211377067,3
P2,3,persistent.drop.audio,drop,audio,5,fault,0.548617705206,0.685111189256,0.473858956858,3
P2,3,persistent.drop.audio,drop,audio,5,post,0.586082867865,0.72954782595,0.409447212178,3
P2,3,persistent.drop.audio,drop,audio,5,pre,0.570149316715,0.728693217562,0.410696769068,3
P2,3,persistent.drop.audio,drop,audio,15,fault,0.564402559628,0.69998319784,0.442416202413,3
P2,3,persistent.drop.audio,drop,audio,15,post,0.583085781391,0.744891842539,0.384230913295,3
P2,3,persistent.drop.audio,drop,audio,15,pre,0.580222268216,0.74289574083,0.386312837122,3
P2,3,persistent.drop.audio,drop,audio,30,fault,0.549791643252,0.697457223509,0.420803621947,3
P2,3,persistent.drop.audio,drop,audio,30,post,0.618288340984,0.758934616232,0.363454405477,3
P2,3,persistent.drop.audio,drop,audio,30,pre,0.582996704192,0.749926023461,0.369646946879,3
P2,3,persistent.drop.location,drop,location,5,fault,0.576391408539,0.722055102871,0.441737243602,3
P2,3,persistent.drop.location,drop,location,5,post,0.586082867865,0.72954782595,0.409447212178,3
P2,3,persistent.drop.location,drop,location,5,pre,0.570149316715,0.728693217562,0.410696769068,3
P2,3,persistent.drop.location,drop,location,15,fault,0.592754867401,0.747120565175,0.399501062931,3
P2,3,persistent.drop.location,drop,location,15,post,0.583085781391,0.744891842539,0.384230913295,3
P2,3,persistent.drop.location,drop,location,15,pre,0.580222268216,0.74289574083,0.386312837122,3
P2,3,persistent.drop.location,drop,location,30,fault,0.58408752109,0.750735796407,0.377707354286,3
P2,3,persistent.drop.location,drop,location,30,post,0.618288340984,0.758934616232,0.363454405477,3
P2,3,persistent.drop.location,drop,location,30,pre,0.582996704192,0.749926023461,0.369646946879,3
P2,3,persistent.drop.phone_acc,drop,phone_acc,5,fault,0.588040005901,0.730334666115,0.408541104356,3
P2,3,persistent.drop.phone_acc,drop,phone_acc,5,post,0.586082867865,0.72954782595,0.409447212178,3
P2,3,persistent.drop.phone_acc,drop,phone_acc,5,pre,0.570149316715,0.728693217562,0.410696769068,3
P2,3,persistent.drop.phone_acc,drop,phone_acc,15,fault,0.601415572159,0.745855220435,0.388164626523,3
P2,3,persistent.drop.phone_acc,drop,phone_acc,15,post,0.583085781391,0.744891842539,0.384230913295,3
P2,3,persistent.drop.phone_acc,drop,phone_acc,15,pre,0.580222268216,0.74289574083,0.386312837122,3
P2,3,persistent.drop.phone_acc,drop,phone_acc,30,fault,0.590704419156,0.751433784712,0.370406325523,3
P2,3,persistent.drop.phone_acc,drop,phone_acc,30,post,0.618288340984,0.758934616232,0.363454405477,3
P2,3,persistent.drop.phone_acc,drop,phone_acc,30,pre,0.582996704192,0.749926023461,0.369646946879,3
P2,3,persistent.drop.phone_gyro,drop,phone_gyro,5,fault,0.581530400099,0.727292964674,0.419355684398,3
P2,3,persistent.drop.phone_gyro,drop,phone_gyro,5,post,0.586082867865,0.72954782595,0.409447212178,3
P2,3,persistent.drop.phone_gyro,drop,phone_gyro,5,pre,0.570149316715,0.728693217562,0.410696769068,3
P2,3,persistent.drop.phone_gyro,drop,phone_gyro,15,fault,0.600451415312,0.745425723162,0.391670754173,3
P2,3,persistent.drop.phone_gyro,drop,phone_gyro,15,post,0.583085781391,0.744891842539,0.384230913295,3
P2,3,persistent.drop.phone_gyro,drop,phone_gyro,15,pre,0.580222268216,0.74289574083,0.386312837122,3
P2,3,persistent.drop.phone_gyro,drop,phone_gyro,30,fault,0.578844920262,0.747460412162,0.369990280935,3
P2,3,persistent.drop.phone_gyro,drop,phone_gyro,30,post,0.618288340984,0.758934616232,0.363454405477,3
P2,3,persistent.drop.phone_gyro,drop,phone_gyro,30,pre,0.582996704192,0.749926023461,0.369646946879,3
P2,3,persistent.drop.phone_state,drop,phone_state,5,fault,0.567522017774,0.690735823551,0.446538910672,3
P2,3,persistent.drop.phone_state,drop,phone_state,5,post,0.586082867865,0.72954782595,0.409447212178,3
P2,3,persistent.drop.phone_state,drop,phone_state,5,pre,0.570149316715,0.728693217562,0.410696769068,3
P2,3,persistent.drop.phone_state,drop,phone_state,15,fault,0.580219318146,0.708938491341,0.42610521385,3
P2,3,persistent.drop.phone_state,drop,phone_state,15,post,0.583085781391,0.744891842539,0.384230913295,3
P2,3,persistent.drop.phone_state,drop,phone_state,15,pre,0.580222268216,0.74289574083,0.386312837122,3
P2,3,persistent.drop.phone_state,drop,phone_state,30,fault,0.559879961297,0.706655580387,0.411044250997,3
P2,3,persistent.drop.phone_state,drop,phone_state,30,post,0.618288340984,0.758934616232,0.363454405477,3
P2,3,persistent.drop.phone_state,drop,phone_state,30,pre,0.582996704192,0.749926023461,0.369646946879,3
P2,3,persistent.drop.watch_acc,drop,watch_acc,5,fault,0.559281510044,0.715441808378,0.415178336063,3
P2,3,persistent.drop.watch_acc,drop,watch_acc,5,post,0.586082867865,0.72954782595,0.409447212178,3
P2,3,persistent.drop.watch_acc,drop,watch_acc,5,pre,0.570149316715,0.728693217562,0.410696769068,3
P2,3,persistent.drop.watch_acc,drop,watch_acc,15,fault,0.586548894573,0.739022674371,0.391980028451,3
P2,3,persistent.drop.watch_acc,drop,watch_acc,15,post,0.583085781391,0.744891842539,0.384230913295,3
P2,3,persistent.drop.watch_acc,drop,watch_acc,15,pre,0.580222268216,0.74289574083,0.386312837122,3
P2,3,persistent.drop.watch_acc,drop,watch_acc,30,fault,0.571587273603,0.742205345446,0.375601269081,3
P2,3,persistent.drop.watch_acc,drop,watch_acc,30,post,0.618288340984,0.758934616232,0.363454405477,3
P2,3,persistent.drop.watch_acc,drop,watch_acc,30,pre,0.582996704192,0.749926023461,0.369646946879,3
P2,3,persistent.gaussian_sigma_2.audio,gaussian_sigma_2,audio,5,fault,0.549752244404,0.688973478619,0.464545907242,3
P2,3,persistent.gaussian_sigma_2.audio,gaussian_sigma_2,audio,5,post,0.586082867865,0.72954782595,0.409447212178,3
P2,3,persistent.gaussian_sigma_2.audio,gaussian_sigma_2,audio,5,pre,0.570149316715,0.728693217562,0.410696769068,3
P2,3,persistent.gaussian_sigma_2.audio,gaussian_sigma_2,audio,15,fault,0.566245740672,0.705050170969,0.431442572611,3
P2,3,persistent.gaussian_sigma_2.audio,gaussian_sigma_2,audio,15,post,0.583085781391,0.744891842539,0.384230913295,3
P2,3,persistent.gaussian_sigma_2.audio,gaussian_sigma_2,audio,15,pre,0.580222268216,0.74289574083,0.386312837122,3
P2,3,persistent.gaussian_sigma_2.audio,gaussian_sigma_2,audio,30,fault,0.547968477622,0.704359031469,0.408596757202,3
P2,3,persistent.gaussian_sigma_2.audio,gaussian_sigma_2,audio,30,post,0.618288340984,0.758934616232,0.363454405477,3
P2,3,persistent.gaussian_sigma_2.audio,gaussian_sigma_2,audio,30,pre,0.582996704192,0.749926023461,0.369646946879,3
P2,3,persistent.gaussian_sigma_2.location,gaussian_sigma_2,location,5,fault,0.576295819994,0.717110052622,0.441383709601,3
P2,3,persistent.gaussian_sigma_2.location,gaussian_sigma_2,location,5,post,0.586082867865,0.72954782595,0.409447212178,3
P2,3,persistent.gaussian_sigma_2.location,gaussian_sigma_2,location,5,pre,0.570149316715,0.728693217562,0.410696769068,3
P2,3,persistent.gaussian_sigma_2.location,gaussian_sigma_2,location,15,fault,0.590600268791,0.737915552715,0.405701160603,3
P2,3,persistent.gaussian_sigma_2.location,gaussian_sigma_2,location,15,post,0.583085781391,0.744891842539,0.384230913295,3
P2,3,persistent.gaussian_sigma_2.location,gaussian_sigma_2,location,15,pre,0.580222268216,0.74289574083,0.386312837122,3
P2,3,persistent.gaussian_sigma_2.location,gaussian_sigma_2,location,30,fault,0.578689199559,0.740252329378,0.384730790353,3
P2,3,persistent.gaussian_sigma_2.location,gaussian_sigma_2,location,30,post,0.618288340984,0.758934616232,0.363454405477,3
P2,3,persistent.gaussian_sigma_2.location,gaussian_sigma_2,location,30,pre,0.582996704192,0.749926023461,0.369646946879,3
P2,3,persistent.gaussian_sigma_2.phone_acc,gaussian_sigma_2,phone_acc,5,fault,0.584312271332,0.726097832374,0.415028137708,3
P2,3,persistent.gaussian_sigma_2.phone_acc,gaussian_sigma_2,phone_acc,5,post,0.586082867865,0.72954782595,0.409447212178,3
P2,3,persistent.gaussian_sigma_2.phone_acc,gaussian_sigma_2,phone_acc,5,pre,0.570149316715,0.728693217562,0.410696769068,3
P2,3,persistent.gaussian_sigma_2.phone_acc,gaussian_sigma_2,phone_acc,15,fault,0.599709199107,0.742602452676,0.39112839539,3
P2,3,persistent.gaussian_sigma_2.phone_acc,gaussian_sigma_2,phone_acc,15,post,0.583085781391,0.744891842539,0.384230913295,3
P2,3,persistent.gaussian_sigma_2.phone_acc,gaussian_sigma_2,phone_acc,15,pre,0.580222268216,0.74289574083,0.386312837122,3
P2,3,persistent.gaussian_sigma_2.phone_acc,gaussian_sigma_2,phone_acc,30,fault,0.583393499692,0.747051156459,0.371339544977,3
P2,3,persistent.gaussian_sigma_2.phone_acc,gaussian_sigma_2,phone_acc,30,post,0.618288340984,0.758934616232,0.363454405477,3
P2,3,persistent.gaussian_sigma_2.phone_acc,gaussian_sigma_2,phone_acc,30,pre,0.582996704192,0.749926023461,0.369646946879,3
P2,3,persistent.gaussian_sigma_2.phone_gyro,gaussian_sigma_2,phone_gyro,5,fault,0.585544255456,0.730499223588,0.418971618481,3
P2,3,persistent.gaussian_sigma_2.phone_gyro,gaussian_sigma_2,phone_gyro,5,post,0.586082867865,0.72954782595,0.409447212178,3
P2,3,persistent.gaussian_sigma_2.phone_gyro,gaussian_sigma_2,phone_gyro,5,pre,0.570149316715,0.728693217562,0.410696769068,3
P2,3,persistent.gaussian_sigma_2.phone_gyro,gaussian_sigma_2,phone_gyro,15,fault,0.601973914804,0.74830347884,0.386710955877,3
P2,3,persistent.gaussian_sigma_2.phone_gyro,gaussian_sigma_2,phone_gyro,15,post,0.583085781391,0.744891842539,0.384230913295,3
P2,3,persistent.gaussian_sigma_2.phone_gyro,gaussian_sigma_2,phone_gyro,15,pre,0.580222268216,0.74289574083,0.386312837122,3
P2,3,persistent.gaussian_sigma_2.phone_gyro,gaussian_sigma_2,phone_gyro,30,fault,0.590052555177,0.753244362574,0.360867851551,3
P2,3,persistent.gaussian_sigma_2.phone_gyro,gaussian_sigma_2,phone_gyro,30,post,0.618288340984,0.758934616232,0.363454405477,3
P2,3,persistent.gaussian_sigma_2.phone_gyro,gaussian_sigma_2,phone_gyro,30,pre,0.582996704192,0.749926023461,0.369646946879,3
P2,3,persistent.gaussian_sigma_2.phone_state,gaussian_sigma_2,phone_state,5,fault,0.567370111294,0.690978090993,0.444113445784,3
P2,3,persistent.gaussian_sigma_2.phone_state,gaussian_sigma_2,phone_state,5,post,0.586082867865,0.72954782595,0.409447212178,3
P2,3,persistent.gaussian_sigma_2.phone_state,gaussian_sigma_2,phone_state,5,pre,0.570149316715,0.728693217562,0.410696769068,3
P2,3,persistent.gaussian_sigma_2.phone_state,gaussian_sigma_2,phone_state,15,fault,0.579596621705,0.709383883538,0.423078333271,3
P2,3,persistent.gaussian_sigma_2.phone_state,gaussian_sigma_2,phone_state,15,post,0.583085781391,0.744891842539,0.384230913295,3
P2,3,persistent.gaussian_sigma_2.phone_state,gaussian_sigma_2,phone_state,15,pre,0.580222268216,0.74289574083,0.386312837122,3
P2,3,persistent.gaussian_sigma_2.phone_state,gaussian_sigma_2,phone_state,30,fault,0.560586634435,0.707046959033,0.407797929408,3
P2,3,persistent.gaussian_sigma_2.phone_state,gaussian_sigma_2,phone_state,30,post,0.618288340984,0.758934616232,0.363454405477,3
P2,3,persistent.gaussian_sigma_2.phone_state,gaussian_sigma_2,phone_state,30,pre,0.582996704192,0.749926023461,0.369646946879,3
P2,3,persistent.gaussian_sigma_2.watch_acc,gaussian_sigma_2,watch_acc,5,fault,0.564182101608,0.71264429614,0.417870054914,3
P2,3,persistent.gaussian_sigma_2.watch_acc,gaussian_sigma_2,watch_acc,5,post,0.586082867865,0.72954782595,0.409447212178,3
P2,3,persistent.gaussian_sigma_2.watch_acc,gaussian_sigma_2,watch_acc,5,pre,0.570149316715,0.728693217562,0.410696769068,3
P2,3,persistent.gaussian_sigma_2.watch_acc,gaussian_sigma_2,watch_acc,15,fault,0.587277908281,0.732906981012,0.396037480704,3
P2,3,persistent.gaussian_sigma_2.watch_acc,gaussian_sigma_2,watch_acc,15,post,0.583085781391,0.744891842539,0.384230913295,3
P2,3,persistent.gaussian_sigma_2.watch_acc,gaussian_sigma_2,watch_acc,15,pre,0.580222268216,0.74289574083,0.386312837122,3
P2,3,persistent.gaussian_sigma_2.watch_acc,gaussian_sigma_2,watch_acc,30,fault,0.572029794196,0.735295384694,0.380472584396,3
P2,3,persistent.gaussian_sigma_2.watch_acc,gaussian_sigma_2,watch_acc,30,post,0.618288340984,0.758934616232,0.363454405477,3
P2,3,persistent.gaussian_sigma_2.watch_acc,gaussian_sigma_2,watch_acc,30,pre,0.582996704192,0.749926023461,0.369646946879,3
P2,4,persistent.drop.audio,drop,audio,5,fault,0.639421349607,0.669421331272,0.479641135536,3
P2,4,persistent.drop.audio,drop,audio,5,post,0.648545503501,0.674552985703,0.449170782289,3
P2,4,persistent.drop.audio,drop,audio,5,pre,0.654479457955,0.682316126699,0.426136749235,3
P2,4,persistent.drop.audio,drop,audio,15,fault,0.660717288066,0.698241396547,0.427695787038,3
P2,4,persistent.drop.audio,drop,audio,15,post,0.680876362402,0.703097552694,0.3913310275,3
P2,4,persistent.drop.audio,drop,audio,15,pre,0.659429714746,0.691538500412,0.409490549486,3
P2,4,persistent.drop.audio,drop,audio,30,fault,0.612052917772,0.719480691215,0.413821045428,3
P2,4,persistent.drop.audio,drop,audio,30,post,0.683404885982,0.724439318614,0.377130907646,3
P2,4,persistent.drop.audio,drop,audio,30,pre,0.681488817527,0.729317884036,0.360476604183,3
P2,4,persistent.drop.location,drop,location,5,fault,0.617039837592,0.658858421881,0.430904147913,3
P2,4,persistent.drop.location,drop,location,5,post,0.648545503501,0.674552985703,0.449170782289,3
P2,4,persistent.drop.location,drop,location,5,pre,0.654479457955,0.682316126699,0.426136749235,3
P2,4,persistent.drop.location,drop,location,15,fault,0.617699503451,0.6758486001,0.404182602062,3
P2,4,persistent.drop.location,drop,location,15,post,0.680876362402,0.703097552694,0.3913310275,3
P2,4,persistent.drop.location,drop,location,15,pre,0.659429714746,0.691538500412,0.409490549486,3
P2,4,persistent.drop.location,drop,location,30,fault,0.616184612496,0.697571994119,0.387920042861,3
P2,4,persistent.drop.location,drop,location,30,post,0.683404885982,0.724439318614,0.377130907646,3
P2,4,persistent.drop.location,drop,location,30,pre,0.681488817527,0.729317884036,0.360476604183,3
P2,4,persistent.drop.phone_acc,drop,phone_acc,5,fault,0.646086221205,0.673846075446,0.448455789349,3
P2,4,persistent.drop.phone_acc,drop,phone_acc,5,post,0.648545503501,0.674552985703,0.449170782289,3
P2,4,persistent.drop.phone_acc,drop,phone_acc,5,pre,0.654479457955,0.682316126699,0.426136749235,3
P2,4,persistent.drop.phone_acc,drop,phone_acc,15,fault,0.66463482822,0.698545484603,0.402873798089,3
P2,4,persistent.drop.phone_acc,drop,phone_acc,15,post,0.680876362402,0.703097552694,0.3913310275,3
P2,4,persistent.drop.phone_acc,drop,phone_acc,15,pre,0.659429714746,0.691538500412,0.409490549486,3
P2,4,persistent.drop.phone_acc,drop,phone_acc,30,fault,0.634628860178,0.708981702664,0.391621523339,3
P2,4,persistent.drop.phone_acc,drop,phone_acc,30,post,0.683404885982,0.724439318614,0.377130907646,3
P2,4,persistent.drop.phone_acc,drop,phone_acc,30,pre,0.681488817527,0.729317884036,0.360476604183,3
P2,4,persistent.drop.phone_gyro,drop,phone_gyro,5,fault,0.645657783799,0.673441017406,0.441978604394,3
P2,4,persistent.drop.phone_gyro,drop,phone_gyro,5,post,0.648545503501,0.674552985703,0.449170782289,3
P2,4,persistent.drop.phone_gyro,drop,phone_gyro,5,pre,0.654479457955,0.682316126699,0.426136749235,3
P2,4,persistent.drop.phone_gyro,drop,phone_gyro,15,fault,0.660206563762,0.697409780847,0.400277408483,3
P2,4,persistent.drop.phone_gyro,drop,phone_gyro,15,post,0.680876362402,0.703097552694,0.3913310275,3
P2,4,persistent.drop.phone_gyro,drop,phone_gyro,15,pre,0.659429714746,0.691538500412,0.409490549486,3
P2,4,persistent.drop.phone_gyro,drop,phone_gyro,30,fault,0.646180107056,0.717955546202,0.386850247669,3
P2,4,persistent.drop.phone_gyro,drop,phone_gyro,30,post,0.683404885982,0.724439318614,0.377130907646,3
P2,4,persistent.drop.phone_gyro,drop,phone_gyro,30,pre,0.681488817527,0.729317884036,0.360476604183,3
P2,4,persistent.drop.phone_state,drop,phone_state,5,fault,0.644488878548,0.668265087063,0.447122257082,3
P2,4,persistent.drop.phone_state,drop,phone_state,5,post,0.648545503501,0.674552985703,0.449170782289,3
P2,4,persistent.drop.phone_state,drop,phone_state,5,pre,0.654479457955,0.682316126699,0.426136749235,3
P2,4,persistent.drop.phone_state,drop,phone_state,15,fault,0.658841729568,0.692051404718,0.396666038829,3
P2,4,persistent.drop.phone_state,drop,phone_state,15,post,0.680876362402,0.703097552694,0.3913310275,3
P2,4,persistent.drop.phone_state,drop,phone_state,15,pre,0.659429714746,0.691538500412,0.409490549486,3
P2,4,persistent.drop.phone_state,drop,phone_state,30,fault,0.642838441656,0.706204818779,0.385418312125,3
P2,4,persistent.drop.phone_state,drop,phone_state,30,post,0.683404885982,0.724439318614,0.377130907646,3
P2,4,persistent.drop.phone_state,drop,phone_state,30,pre,0.681488817527,0.729317884036,0.360476604183,3
P2,4,persistent.drop.watch_acc,drop,watch_acc,5,fault,0.597777790983,0.650626123638,0.476189043186,3
P2,4,persistent.drop.watch_acc,drop,watch_acc,5,post,0.648545503501,0.674552985703,0.449170782289,3
P2,4,persistent.drop.watch_acc,drop,watch_acc,5,pre,0.654479457955,0.682316126699,0.426136749235,3
P2,4,persistent.drop.watch_acc,drop,watch_acc,15,fault,0.60476969267,0.672432567411,0.439613290345,3
P2,4,persistent.drop.watch_acc,drop,watch_acc,15,post,0.680876362402,0.703097552694,0.3913310275,3
P2,4,persistent.drop.watch_acc,drop,watch_acc,15,pre,0.659429714746,0.691538500412,0.409490549486,3
P2,4,persistent.drop.watch_acc,drop,watch_acc,30,fault,0.586973153441,0.686082290777,0.424521203718,3
P2,4,persistent.drop.watch_acc,drop,watch_acc,30,post,0.683404885982,0.724439318614,0.377130907646,3
P2,4,persistent.drop.watch_acc,drop,watch_acc,30,pre,0.681488817527,0.729317884036,0.360476604183,3
P2,4,persistent.gaussian_sigma_2.audio,gaussian_sigma_2,audio,5,fault,0.626106032796,0.649767601207,0.468764051692,3
P2,4,persistent.gaussian_sigma_2.audio,gaussian_sigma_2,audio,5,post,0.648545503501,0.674552985703,0.449170782289,3
P2,4,persistent.gaussian_sigma_2.audio,gaussian_sigma_2,audio,5,pre,0.654479457955,0.682316126699,0.426136749235,3
P2,4,persistent.gaussian_sigma_2.audio,gaussian_sigma_2,audio,15,fault,0.645039162598,0.676397999898,0.424974060809,3
P2,4,persistent.gaussian_sigma_2.audio,gaussian_sigma_2,audio,15,post,0.680876362402,0.703097552694,0.3913310275,3
P2,4,persistent.gaussian_sigma_2.audio,gaussian_sigma_2,audio,15,pre,0.659429714746,0.691538500412,0.409490549486,3
P2,4,persistent.gaussian_sigma_2.audio,gaussian_sigma_2,audio,30,fault,0.624231406786,0.702545313517,0.403760279559,3
P2,4,persistent.gaussian_sigma_2.audio,gaussian_sigma_2,audio,30,post,0.683404885982,0.724439318614,0.377130907646,3
P2,4,persistent.gaussian_sigma_2.audio,gaussian_sigma_2,audio,30,pre,0.681488817527,0.729317884036,0.360476604183,3
P2,4,persistent.gaussian_sigma_2.location,gaussian_sigma_2,location,5,fault,0.633777111401,0.652486970284,0.449837818386,3
P2,4,persistent.gaussian_sigma_2.location,gaussian_sigma_2,location,5,post,0.648545503501,0.674552985703,0.449170782289,3
P2,4,persistent.gaussian_sigma_2.location,gaussian_sigma_2,location,5,pre,0.654479457955,0.682316126699,0.426136749235,3
P2,4,persistent.gaussian_sigma_2.location,gaussian_sigma_2,location,15,fault,0.641974726481,0.671798210931,0.416377168173,3
P2,4,persistent.gaussian_sigma_2.location,gaussian_sigma_2,location,15,post,0.680876362402,0.703097552694,0.3913310275,3
P2,4,persistent.gaussian_sigma_2.location,gaussian_sigma_2,location,15,pre,0.659429714746,0.691538500412,0.409490549486,3
P2,4,persistent.gaussian_sigma_2.location,gaussian_sigma_2,location,30,fault,0.635555524801,0.695191250114,0.394458574655,3
P2,4,persistent.gaussian_sigma_2.location,gaussian_sigma_2,location,30,post,0.683404885982,0.724439318614,0.377130907646,3
P2,4,persistent.gaussian_sigma_2.location,gaussian_sigma_2,location,30,pre,0.681488817527,0.729317884036,0.360476604183,3
P2,4,persistent.gaussian_sigma_2.phone_acc,gaussian_sigma_2,phone_acc,5,fault,0.648336363837,0.671819318099,0.444627009386,3
P2,4,persistent.gaussian_sigma_2.phone_acc,gaussian_sigma_2,phone_acc,5,post,0.648545503501,0.674552985703,0.449170782289,3
P2,4,persistent.gaussian_sigma_2.phone_acc,gaussian_sigma_2,phone_acc,5,pre,0.654479457955,0.682316126699,0.426136749235,3
P2,4,persistent.gaussian_sigma_2.phone_acc,gaussian_sigma_2,phone_acc,15,fault,0.660768824361,0.695694036009,0.400496082501,3
P2,4,persistent.gaussian_sigma_2.phone_acc,gaussian_sigma_2,phone_acc,15,post,0.680876362402,0.703097552694,0.3913310275,3
P2,4,persistent.gaussian_sigma_2.phone_acc,gaussian_sigma_2,phone_acc,15,pre,0.659429714746,0.691538500412,0.409490549486,3
P2,4,persistent.gaussian_sigma_2.phone_acc,gaussian_sigma_2,phone_acc,30,fault,0.633842471649,0.710509513064,0.387849003024,3
P2,4,persistent.gaussian_sigma_2.phone_acc,gaussian_sigma_2,phone_acc,30,post,0.683404885982,0.724439318614,0.377130907646,3
P2,4,persistent.gaussian_sigma_2.phone_acc,gaussian_sigma_2,phone_acc,30,pre,0.681488817527,0.729317884036,0.360476604183,3
P2,4,persistent.gaussian_sigma_2.phone_gyro,gaussian_sigma_2,phone_gyro,5,fault,0.650688280108,0.674100333784,0.444982365005,3
P2,4,persistent.gaussian_sigma_2.phone_gyro,gaussian_sigma_2,phone_gyro,5,post,0.648545503501,0.674552985703,0.449170782289,3
P2,4,persistent.gaussian_sigma_2.phone_gyro,gaussian_sigma_2,phone_gyro,5,pre,0.654479457955,0.682316126699,0.426136749235,3
P2,4,persistent.gaussian_sigma_2.phone_gyro,gaussian_sigma_2,phone_gyro,15,fault,0.660026825604,0.697091642265,0.403355894526,3
P2,4,persistent.gaussian_sigma_2.phone_gyro,gaussian_sigma_2,phone_gyro,15,post,0.680876362402,0.703097552694,0.3913310275,3
P2,4,persistent.gaussian_sigma_2.phone_gyro,gaussian_sigma_2,phone_gyro,15,pre,0.659429714746,0.691538500412,0.409490549486,3
P2,4,persistent.gaussian_sigma_2.phone_gyro,gaussian_sigma_2,phone_gyro,30,fault,0.645984419805,0.718492906978,0.383323845336,3
P2,4,persistent.gaussian_sigma_2.phone_gyro,gaussian_sigma_2,phone_gyro,30,post,0.683404885982,0.724439318614,0.377130907646,3
P2,4,persistent.gaussian_sigma_2.phone_gyro,gaussian_sigma_2,phone_gyro,30,pre,0.681488817527,0.729317884036,0.360476604183,3
P2,4,persistent.gaussian_sigma_2.phone_state,gaussian_sigma_2,phone_state,5,fault,0.625898276204,0.653379773922,0.449934219485,3
P2,4,persistent.gaussian_sigma_2.phone_state,gaussian_sigma_2,phone_state,5,post,0.648545503501,0.674552985703,0.449170782289,3
P2,4,persistent.gaussian_sigma_2.phone_state,gaussian_sigma_2,phone_state,5,pre,0.654479457955,0.682316126699,0.426136749235,3
P2,4,persistent.gaussian_sigma_2.phone_state,gaussian_sigma_2,phone_state,15,fault,0.639957616631,0.677670555202,0.401486065964,3
P2,4,persistent.gaussian_sigma_2.phone_state,gaussian_sigma_2,phone_state,15,post,0.680876362402,0.703097552694,0.3913310275,3
P2,4,persistent.gaussian_sigma_2.phone_state,gaussian_sigma_2,phone_state,15,pre,0.659429714746,0.691538500412,0.409490549486,3
P2,4,persistent.gaussian_sigma_2.phone_state,gaussian_sigma_2,phone_state,30,fault,0.636463193742,0.698349219213,0.38775885172,3
P2,4,persistent.gaussian_sigma_2.phone_state,gaussian_sigma_2,phone_state,30,post,0.683404885982,0.724439318614,0.377130907646,3
P2,4,persistent.gaussian_sigma_2.phone_state,gaussian_sigma_2,phone_state,30,pre,0.681488817527,0.729317884036,0.360476604183,3
P2,4,persistent.gaussian_sigma_2.watch_acc,gaussian_sigma_2,watch_acc,5,fault,0.627001900213,0.660206704647,0.457582792468,3
P2,4,persistent.gaussian_sigma_2.watch_acc,gaussian_sigma_2,watch_acc,5,post,0.648545503501,0.674552985703,0.449170782289,3
P2,4,persistent.gaussian_sigma_2.watch_acc,gaussian_sigma_2,watch_acc,5,pre,0.654479457955,0.682316126699,0.426136749235,3
P2,4,persistent.gaussian_sigma_2.watch_acc,gaussian_sigma_2,watch_acc,15,fault,0.638673201749,0.685512326134,0.415829538021,3
P2,4,persistent.gaussian_sigma_2.watch_acc,gaussian_sigma_2,watch_acc,15,post,0.680876362402,0.703097552694,0.3913310275,3
P2,4,persistent.gaussian_sigma_2.watch_acc,gaussian_sigma_2,watch_acc,15,pre,0.659429714746,0.691538500412,0.409490549486,3
P2,4,persistent.gaussian_sigma_2.watch_acc,gaussian_sigma_2,watch_acc,30,fault,0.609268755673,0.702241178118,0.399297991142,3
P2,4,persistent.gaussian_sigma_2.watch_acc,gaussian_sigma_2,watch_acc,30,post,0.683404885982,0.724439318614,0.377130907646,3
P2,4,persistent.gaussian_sigma_2.watch_acc,gaussian_sigma_2,watch_acc,30,pre,0.681488817527,0.729317884036,0.360476604183,3
