model_id,fold,scenario_id,drop_modality,noisy_modality,gaussian_sigma,macro_f1,micro_f1,mean_average_precision,brier_score,seed_count
B4,0,mixed.drop-audio.gaussian-location.sigma-1,audio,location,1,0.539150983702,0.691941525688,0.545690743997,0.13392121655,3
B4,0,mixed.drop-audio.gaussian-location.sigma-2,audio,location,2,0.523797474562,0.68398606669,0.529250158308,0.137821555307,3
B4,0,mixed.drop-audio.gaussian-phone_acc.sigma-1,audio,phone_acc,1,0.556160178481,0.706595045388,0.564550969701,0.126809369588,3
B4,0,mixed.drop-audio.gaussian-phone_acc.sigma-2,audio,phone_acc,2,0.552505368836,0.704081918558,0.560403593862,0.128505917709,3
B4,0,mixed.drop-audio.gaussian-phone_gyro.sigma-1,audio,phone_gyro,1,0.557492322683,0.707748620543,0.566690036522,0.126247798746,3
B4,0,mixed.drop-audio.gaussian-phone_gyro.sigma-2,audio,phone_gyro,2,0.556141215509,0.706297851147,0.563999756564,0.126896057763,3
B4,0,mixed.drop-audio.gaussian-phone_state.sigma-1,audio,phone_state,1,0.510213302741,0.662320406081,0.519009121401,0.141711476791,3
B4,0,mixed.drop-audio.gaussian-phone_state.sigma-2,audio,phone_state,2,0.486861717018,0.6423850393,0.48931231734,0.149919771391,3
B4,0,mixed.drop-audio.gaussian-watch_acc.sigma-1,audio,watch_acc,1,0.540957589835,0.691477975636,0.545019993049,0.133029330961,3
B4,0,mixed.drop-audio.gaussian-watch_acc.sigma-2,audio,watch_acc,2,0.517847727185,0.679185351077,0.51615245472,0.138428226588,3
B4,0,mixed.drop-location.gaussian-audio.sigma-1,location,audio,1,0.500462457267,0.673854342408,0.506583682579,0.142162799231,3
B4,0,mixed.drop-location.gaussian-audio.sigma-2,location,audio,2,0.482629182599,0.661746390686,0.489655436596,0.147411120603,3
B4,0,mixed.drop-location.gaussian-phone_acc.sigma-1,location,phone_acc,1,0.530726865046,0.697011171722,0.536233831895,0.130785342062,3
B4,0,mixed.drop-location.gaussian-phone_acc.sigma-2,location,phone_acc,2,0.522569443713,0.693914014633,0.529575507684,0.132292720407,3
B4,0,mixed.drop-location.gaussian-phone_gyro.sigma-1,location,phone_gyro,1,0.535626795948,0.699430609587,0.539241584869,0.130154422881,3
B4,0,mixed.drop-location.gaussian-phone_gyro.sigma-2,location,phone_gyro,2,0.53279530958,0.697361285703,0.534967676727,0.13122900221,3
B4,0,mixed.drop-location.gaussian-phone_state.sigma-1,location,phone_state,1,0.479329446358,0.660874725747,0.484102365251,0.143136420347,3
B4,0,mixed.drop-location.gaussian-phone_state.sigma-2,location,phone_state,2,0.456909134473,0.644570044723,0.46197851395,0.149475505761,3
B4,0,mixed.drop-location.gaussian-watch_acc.sigma-1,location,watch_acc,1,0.518835488565,0.687225878242,0.516768884641,0.135904318125,3
B4,0,mixed.drop-location.gaussian-watch_acc.sigma-2,location,watch_acc,2,0.500824499859,0.67817488043,0.496165192512,0.140286259731,3
B4,0,mixed.drop-phone_acc.gaussian-audio.sigma-1,phone_acc,audio,1,0.527856254688,0.685388325767,0.5269043608,0.134488947308,3
B4,0,mixed.drop-phone_acc.gaussian-audio.sigma-2,phone_acc,audio,2,0.515617291883,0.673448830421,0.516807717398,0.139863888434,3
B4,0,mixed.drop-phone_acc.gaussian-location.sigma-1,phone_acc,location,1,0.537680274124,0.698241152292,0.538457534067,0.128527866683,3
B4,0,mixed.drop-phone_acc.gaussian-location.sigma-2,phone_acc,location,2,0.524166438401,0.689310693342,0.522499844981,0.132861645804,3
B4,0,mixed.drop-phone_acc.gaussian-phone_gyro.sigma-1,phone_acc,phone_gyro,1,0.556802304488,0.712694223467,0.556697675461,0.122236151989,3
B4,0,mixed.drop-phone_acc.gaussian-phone_gyro.sigma-2,phone_acc,phone_gyro,2,0.553553772198,0.710112131203,0.551228563913,0.123248480144,3
B4,0,mixed.drop-phone_acc.gaussian-phone_state.sigma-1,phone_acc,phone_state,1,0.503341539071,0.670737191054,0.509142022107,0.135388542939,3
B4,0,mixed.drop-phone_acc.gaussian-phone_state.sigma-2,phone_acc,phone_state,2,0.480654143979,0.653976472909,0.487003675782,0.141849652455,3
B4,0,mixed.drop-phone_acc.gaussian-watch_acc.sigma-1,phone_acc,watch_acc,1,0.539272101631,0.698366637835,0.535969126656,0.127761267253,3
B4,0,mixed.drop-phone_acc.gaussian-watch_acc.sigma-2,phone_acc,watch_acc,2,0.51894983714,0.686143328912,0.512832116041,0.133085843601,3
B4,0,mixed.drop-phone_gyro.gaussian-audio.sigma-1,phone_gyro,audio,1,0.535420232791,0.699900009301,0.537156146749,0.129526290076,3
B4,0,mixed.drop-phone_gyro.gaussian-audio.sigma-2,phone_gyro,audio,2,0.52413674447,0.690039507531,0.528629397637,0.133549189066,3
B4,0,mixed.drop-phone_gyro.gaussian-location.sigma-1,phone_gyro,location,1,0.540161315705,0.706281349151,0.545948242535,0.127123391446,3
B4,0,mixed.drop-phone_gyro.gaussian-location.sigma-2,phone_gyro,location,2,0.528939937234,0.699192971713,0.532306426858,0.130957175692,3
B4,0,mixed.drop-phone_gyro.gaussian-phone_acc.sigma-1,phone_gyro,phone_acc,1,0.558127394524,0.719610791598,0.561678911277,0.120869588722,3
B4,0,mixed.drop-phone_gyro.gaussian-phone_acc.sigma-2,phone_gyro,phone_acc,2,0.553778015676,0.716950121197,0.557423094897,0.12194038205,3
B4,0,mixed.drop-phone_gyro.gaussian-phone_state.sigma-1,phone_gyro,phone_state,1,0.520784449052,0.684648574374,0.523711238984,0.131652327263,3
B4,0,mixed.drop-phone_gyro.gaussian-phone_state.sigma-2,phone_gyro,phone_state,2,0.506222157962,0.670002923112,0.507592845319,0.136755389693,3
B4,0,mixed.drop-phone_gyro.gaussian-watch_acc.sigma-1,phone_gyro,watch_acc,1,0.5398093679,0.707719023327,0.53994614661,0.125840055196,3
B4,0,mixed.drop-phone_gyro.gaussian-watch_acc.sigma-2,phone_gyro,watch_acc,2,0.524425427147,0.697582614069,0.517538866044,0.130129305133,3
B4,0,mixed.drop-phone_state.gaussian-audio.sigma-1,phone_state,audio,1,0.505265572685,0.654644713728,0.50796257927,0.144564971927,3
B4,0,mixed.drop-phone_state.gaussian-audio.sigma-2,phone_state,audio,2,0.488815466042,0.638351967327,0.492687675325,0.151676367726,3
B4,0,mixed.drop-phone_state.gaussian-location.sigma-1,phone_state,location,1,0.526416956564,0.676194917854,0.526519782567,0.134323205708,3
B4,0,mixed.drop-phone_state.gaussian-location.sigma-2,phone_state,location,2,0.509346096719,0.665424002563,0.506292939483,0.139538925844,3
B4,0,mixed.drop-phone_state.gaussian-phone_acc.sigma-1,phone_state,phone_acc,1,0.543270826763,0.690737610088,0.548724405476,0.127698478579,3
B4,0,mixed.drop-phone_state.gaussian-phone_acc.sigma-2,phone_state,phone_acc,2,0.537286167705,0.686940350373,0.543040777672,0.129333460897,3
B4,0,mixed.drop-phone_state.gaussian-phone_gyro.sigma-1,phone_state,phone_gyro,1,0.547540767581,0.693172378724,0.549838651073,0.12671487507,3
B4,0,mixed.drop-phone_state.gaussian-phone_gyro.sigma-2,phone_state,phone_gyro,2,0.543970825239,0.690529180509,0.543618756354,0.128085253216,3
B4,0,mixed.drop-phone_state.gaussian-watch_acc.sigma-1,phone_state,watch_acc,1,0.517422145178,0.670109649271,0.517427870977,0.136786889657,3
B4,0,mixed.drop-phone_state.gaussian-watch_acc.sigma-2,phone_state,watch_acc,2,0.495875372912,0.655244871676,0.491791034311,0.143421440247,3
B4,0,mixed.drop-watch_acc.gaussian-audio.sigma-1,watch_acc,audio,1,0.501859102735,0.678733868177,0.50053670283,0.139978003303,3
B4,0,mixed.drop-watch_acc.gaussian-audio.sigma-2,watch_acc,audio,2,0.486478154101,0.665768930996,0.486993154119,0.144722900399,3
B4,0,mixed.drop-watch_acc.gaussian-location.sigma-1,watch_acc,location,1,0.510037277779,0.688368332647,0.511602237501,0.135484860044,3
B4,0,mixed.drop-watch_acc.gaussian-location.sigma-2,watch_acc,location,2,0.497784217977,0.681084252344,0.498742207847,0.139741343251,3
B4,0,mixed.drop-watch_acc.gaussian-phone_acc.sigma-1,watch_acc,phone_acc,1,0.526662243823,0.700786716749,0.5266212953,0.129740097733,3
B4,0,mixed.drop-watch_acc.gaussian-phone_acc.sigma-2,watch_acc,phone_acc,2,0.521290071893,0.696569841837,0.522898709771,0.13141758029,3
B4,0,mixed.drop-watch_acc.gaussian-phone_gyro.sigma-1,watch_acc,phone_gyro,1,0.527399698395,0.704948901872,0.526895901745,0.12831393063,3
B4,0,mixed.drop-watch_acc.gaussian-phone_gyro.sigma-2,watch_acc,phone_gyro,2,0.524029266146,0.70230777223,0.521504849768,0.129315346428,3
B4,0,mixed.drop-watch_acc.gaussian-phone_state.sigma-1,watch_acc,phone_state,1,0.473142142058,0.659229547743,0.476230040309,0.142833973995,3
B4,0,mixed.drop-watch_acc.gaussian-phone_state.sigma-2,watch_acc,phone_state,2,0.453962023622,0.64078853043,0.455594404068,0.149717254492,3
B4,1,mixed.drop-audio.gaussian-location.sigma-1,audio,location,1,0.573634924263,0.637673555287,0.572125391869,0.14986580898,3
B4,1,mixed.drop-audio.gaussian-location.sigma-2,audio,location,2,0.565743749858,0.633489988965,0.562335097366,0.15199301142,3
B4,1,mixed.drop-audio.gaussian-phone_acc.sigma-1,audio,phone_acc,1,0.58220547628,0.646869522843,0.579725077227,0.145995246926,3
B4,1,mixed.drop-audio.gaussian-phone_acc.sigma-2,audio,phone_acc,2,0.579129528645,0.643660360874,0.574355789445,0.147235625308,3
B4,1,mixed.drop-audio.gaussian-phone_gyro.sigma-1,audio,phone_gyro,1,0.584576537702,0.648982371772,0.584926579405,0.145060428069,3
B4,1,mixed.drop-audio.gaussian-phone_gyro.sigma-2,audio,phone_gyro,2,0.581874845422,0.645800620627,0.580137568549,0.146775344741,3
B4,1,mixed.drop-audio.gaussian-phone_state.sigma-1,audio,phone_state,1,0.53652669975,0.609597611338,0.528903996687,0.155422534114,3
B4,1,mixed.drop-audio.gaussian-phone_state.sigma-2,audio,phone_state,2,0.513647062552,0.591347314875,0.502814371912,0.161582184186,3
B4,1,mixed.drop-audio.gaussian-watch_acc.sigma-1,audio,watch_acc,1,0.569564140861,0.638754404525,0.565687261946,0.149800265173,3
B4,1,mixed.drop-audio.gaussian-watch_acc.sigma-2,audio,watch_acc,2,0.552129347765,0.629345144855,0.54879687777,0.153792953019,3
B4,1,mixed.drop-location.gaussian-audio.sigma-1,location,audio,1,0.5552671284,0.644680655507,0.567158032372,0.14470017741,3
B4,1,mixed.drop-location.gaussian-audio.sigma-2,location,audio,2,0.541027021184,0.633080612192,0.553953855888,0.150464057851,3
B4,1,mixed.drop-location.gaussian-phone_acc.sigma-1,location,phone_acc,1,0.577490804794,0.669210901958,0.587483276788,0.134953946591,3
B4,1,mixed.drop-location.gaussian-phone_acc.sigma-2,location,phone_acc,2,0.570380694771,0.66577932354,0.580444077137,0.137057797637,3
B4,1,mixed.drop-location.gaussian-phone_gyro.sigma-1,location,phone_gyro,1,0.582520526493,0.67096270518,0.593465148183,0.133344265611,3
B4,1,mixed.drop-location.gaussian-phone_gyro.sigma-2,location,phone_gyro,2,0.579380371069,0.666758546455,0.588587330934,0.135708599057,3
B4,1,mixed.drop-location.gaussian-phone_state.sigma-1,location,phone_state,1,0.526202661548,0.637938138718,0.53320421892,0.142748041542,3
B4,1,mixed.drop-location.gaussian-phone_state.sigma-2,location,phone_state,2,0.505525788541,0.62399903478,0.512193091876,0.146794142408,3
B4,1,mixed.drop-location.gaussian-watch_acc.sigma-1,location,watch_acc,1,0.568253630775,0.661245857268,0.576543106075,0.138296018625,3
B4,1,mixed.drop-location.gaussian-watch_acc.sigma-2,location,watch_acc,2,0.548832756598,0.65226033706,0.556703482261,0.142878372269,3
B4,1,mixed.drop-phone_acc.gaussian-audio.sigma-1,phone_acc,audio,1,0.556931740249,0.640174497286,0.553649177799,0.145017184334,3
B4,1,mixed.drop-phone_acc.gaussian-audio.sigma-2,phone_acc,audio,2,0.544342623083,0.627333254493,0.539323253258,0.149694401514,3
B4,1,mixed.drop-phone_acc.gaussian-location.sigma-1,phone_acc,location,1,0.577365410727,0.663198027026,0.571243939723,0.137092255385,3
B4,1,mixed.drop-phone_acc.gaussian-location.sigma-2,phone_acc,location,2,0.568554917409,0.657759882646,0.561239814365,0.13929431229,3
B4,1,mixed.drop-phone_acc.gaussian-phone_gyro.sigma-1,phone_acc,phone_gyro,1,0.585967939838,0.672090572446,0.582105963077,0.133793480161,3
B4,1,mixed.drop-phone_acc.gaussian-phone_gyro.sigma-2,phone_acc,phone_gyro,2,0.583465258276,0.668990036636,0.577542057744,0.135836363011,3
B4,1,mixed.drop-phone_acc.gaussian-phone_state.sigma-1,phone_acc,phone_state,1,0.532791201271,0.635068201587,0.529584174914,0.14287782567,3
B4,1,mixed.drop-phone_acc.gaussian-phone_state.sigma-2,phone_acc,phone_state,2,0.50938504613,0.619223247146,0.508733398957,0.147552178058,3
B4,1,mixed.drop-phone_acc.gaussian-watch_acc.sigma-1,phone_acc,watch_acc,1,0.571593512277,0.662697673733,0.56531187377,0.137938717244,3
B4,1,mixed.drop-phone_acc.gaussian-watch_acc.sigma-2,phone_acc,watch_acc,2,0.551269580352,0.652674413215,0.546075770469,0.142051028243,3
B4,1,mixed.drop-phone_gyro.gaussian-audio.sigma-1,phone_gyro,audio,1,0.573087397213,0.658994379247,0.574661684655,0.13889455049,3
B4,1,mixed.drop-phone_gyro.gaussian-audio.sigma-2,phone_gyro,audio,2,0.565264310522,0.648543514684,0.564052308835,0.142655496698,3
B4,1,mixed.drop-phone_gyro.gaussian-location.sigma-1,phone_gyro,location,1,0.588921878725,0.679554841255,0.59061097293,0.132200236687,3
B4,1,mixed.drop-phone_gyro.gaussian-location.sigma-2,phone_gyro,location,2,0.581018136039,0.674314663038,0.581523521634,0.134332864917,3
B4,1,mixed.drop-phone_gyro.gaussian-phone_acc.sigma-1,phone_gyro,phone_acc,1,0.595751244453,0.687568108264,0.594947694217,0.130084788052,3
B4,1,mixed.drop-phone_gyro.gaussian-phone_acc.sigma-2,phone_gyro,phone_acc,2,0.592104969328,0.685012517842,0.590454652472,0.131364946512,3
B4,1,mixed.drop-phone_gyro.gaussian-phone_state.sigma-1,phone_gyro,phone_state,1,0.559272365136,0.657902033711,0.555523813643,0.136413881468,3
B4,1,mixed.drop-phone_gyro.gaussian-phone_state.sigma-2,phone_gyro,phone_state,2,0.543530882183,0.64477045805,0.536854162776,0.140437735131,3
B4,1,mixed.drop-phone_gyro.gaussian-watch_acc.sigma-1,phone_gyro,watch_acc,1,0.584851570664,0.680826697747,0.584686279125,0.132583244637,3
B4,1,mixed.drop-phone_gyro.gaussian-watch_acc.sigma-2,phone_gyro,watch_acc,2,0.567736110807,0.672118011926,0.565496388441,0.13649977978,3
B4,1,mixed.drop-phone_state.gaussian-audio.sigma-1,phone_state,audio,1,0.53625100729,0.621684028988,0.534034128852,0.148412883804,3
B4,1,mixed.drop-phone_state.gaussian-audio.sigma-2,phone_state,audio,2,0.521709273101,0.605445141186,0.516370751271,0.154428076289,3
B4,1,mixed.drop-phone_state.gaussian-location.sigma-1,phone_state,location,1,0.561364975955,0.647551787446,0.556150244732,0.138954148522,3
B4,1,mixed.drop-phone_state.gaussian-location.sigma-2,phone_state,location,2,0.552996491542,0.643521426224,0.54547570591,0.14097370281,3
B4,1,mixed.drop-phone_state.gaussian-phone_acc.sigma-1,phone_state,phone_acc,1,0.568673154448,0.655987519435,0.565976954526,0.136117769038,3
B4,1,mixed.drop-phone_state.gaussian-phone_acc.sigma-2,phone_state,phone_acc,2,0.563652670287,0.651829504831,0.559095287378,0.13812435112,3
B4,1,mixed.drop-phone_state.gaussian-phone_gyro.sigma-1,phone_state,phone_gyro,1,0.571383434607,0.658112285396,0.569650022834,0.135079557584,3
B4,1,mixed.drop-phone_state.gaussian-phone_gyro.sigma-2,phone_state,phone_gyro,2,0.568635133719,0.654168508278,0.566271115405,0.137019792546,3
B4,1,mixed.drop-phone_state.gaussian-watch_acc.sigma-1,phone_state,watch_acc,1,0.549842043494,0.638788525864,0.548013870754,0.143009197761,3
B4,1,mixed.drop-phone_state.gaussian-watch_acc.sigma-2,phone_state,watch_acc,2,0.529950743431,0.624833615705,0.524548927044,0.148641278722,3
B4,1,mixed.drop-watch_acc.gaussian-audio.sigma-1,watch_acc,audio,1,0.528803767328,0.643419654318,0.528075143159,0.14707711637,3
B4,1,mixed.drop-watch_acc.gaussian-audio.sigma-2,watch_acc,audio,2,0.517394696219,0.631978393356,0.51601804162,0.151246111738,3
B4,1,mixed.drop-watch_acc.gaussian-location.sigma-1,watch_acc,location,1,0.552753885395,0.663394059455,0.554165702777,0.140253505918,3
B4,1,mixed.drop-watch_acc.gaussian-location.sigma-2,watch_acc,location,2,0.543887936598,0.658791936327,0.544048676478,0.142629729469,3
B4,1,mixed.drop-watch_acc.gaussian-phone_acc.sigma-1,watch_acc,phone_acc,1,0.560372558337,0.672908285084,0.562903039683,0.137073881344,3
B4,1,mixed.drop-watch_acc.gaussian-phone_acc.sigma-2,watch_acc,phone_acc,2,0.555308804751,0.670204338723,0.556075788159,0.138601631128,3
B4,1,mixed.drop-watch_acc.gaussian-phone_gyro.sigma-1,watch_acc,phone_gyro,1,0.563577839003,0.674858475714,0.568736584143,0.135741237046,3
B4,1,mixed.drop-watch_acc.gaussian-phone_gyro.sigma-2,watch_acc,phone_gyro,2,0.560981908281,0.672069461246,0.564186976084,0.137699396457,3
B4,1,mixed.drop-watch_acc.gaussian-phone_state.sigma-1,watch_acc,phone_state,1,0.502368801856,0.628064315069,0.504308277387,0.148657908058,3
B4,1,mixed.drop-watch_acc.gaussian-phone_state.sigma-2,watch_acc,phone_state,2,0.479727870845,0.61045803118,0.480102687827,0.154220416021,3
B4,2,mixed.drop-audio.gaussian-location.sigma-1,audio,location,1,0.574894199521,0.674239442831,0.572545330876,0.14597667074,3
B4,2,mixed.drop-audio.gaussian-location.sigma-2,audio,location,2,0.56551827604,0.671155098827,0.563351631813,0.146911803265,3
B4,2,mixed.drop-audio.gaussian-phone_acc.sigma-1,audio,phone_acc,1,0.588004205167,0.687619671118,0.591716938636,0.139398214672,3
B4,2,mixed.drop-audio.gaussian-phone_acc.sigma-2,audio,phone_acc,2,0.580439924452,0.681364144601,0.583600290595,0.142090081383,3
B4,2,mixed.drop-audio.gaussian-phone_gyro.sigma-1,audio,phone_gyro,1,0.591745761412,0.690792166089,0.595563890342,0.13878619537,3
B4,2,mixed.drop-audio.gaussian-phone_gyro.sigma-2,audio,phone_gyro,2,0.586236638289,0.687111173848,0.589963922493,0.140627598018,3
B4,2,mixed.drop-audio.gaussian-phone_state.sigma-1,audio,phone_state,1,0.535340623695,0.636963221739,0.528753729335,0.158899144565,3
B4,2,mixed.drop-audio.gaussian-phone_state.sigma-2,audio,phone_state,2,0.508205409821,0.611001413745,0.497758866384,0.169047749428,3
B4,2,mixed.drop-audio.gaussian-watch_acc.sigma-1,audio,watch_acc,1,0.575643139308,0.672904233216,0.579439762316,0.145671444159,3
B4,2,mixed.drop-audio.gaussian-watch_acc.sigma-2,audio,watch_acc,2,0.557504910053,0.660842738835,0.55740854931,0.151117538401,3
B4,2,mixed.drop-location.gaussian-audio.sigma-1,location,audio,1,0.560691826356,0.681040409218,0.562928604157,0.141179598258,3
B4,2,mixed.drop-location.gaussian-audio.sigma-2,location,audio,2,0.552222519289,0.673023195907,0.552255357154,0.144728679194,3
B4,2,mixed.drop-location.gaussian-phone_acc.sigma-1,location,phone_acc,1,0.570122743869,0.693507587851,0.584209635489,0.13594946864,3
B4,2,mixed.drop-location.gaussian-phone_acc.sigma-2,location,phone_acc,2,0.560032456677,0.688957633681,0.575745903541,0.137956934183,3
B4,2,mixed.drop-location.gaussian-phone_gyro.sigma-1,location,phone_gyro,1,0.579824205473,0.696791535168,0.589025789556,0.134775227378,3
B4,2,mixed.drop-location.gaussian-phone_gyro.sigma-2,location,phone_gyro,2,0.572412805241,0.693652458698,0.583655559083,0.136435567692,3
B4,2,mixed.drop-location.gaussian-phone_state.sigma-1,location,phone_state,1,0.532095506779,0.665269419855,0.53425918404,0.145235943725,3
B4,2,mixed.drop-location.gaussian-phone_state.sigma-2,location,phone_state,2,0.512442299833,0.648718795251,0.510032876565,0.151137178753,3
B4,2,mixed.drop-location.gaussian-watch_acc.sigma-1,location,watch_acc,1,0.566441128224,0.685506577856,0.573081826895,0.138874583561,3
B4,2,mixed.drop-location.gaussian-watch_acc.sigma-2,location,watch_acc,2,0.547894633984,0.673943642148,0.550117965372,0.144134258801,3
B4,2,mixed.drop-phone_acc.gaussian-audio.sigma-1,phone_acc,audio,1,0.562814348367,0.669281548092,0.563984146357,0.143512849523,3
B4,2,mixed.drop-phone_acc.gaussian-audio.sigma-2,phone_acc,audio,2,0.555874723834,0.660309163965,0.554850888415,0.147254086014,3
B4,2,mixed.drop-phone_acc.gaussian-location.sigma-1,phone_acc,location,1,0.566239756971,0.67568465126,0.570841023252,0.140796758036,3
B4,2,mixed.drop-phone_acc.gaussian-location.sigma-2,phone_acc,location,2,0.558291738439,0.672972164133,0.564235429852,0.142028194211,3
B4,2,mixed.drop-phone_acc.gaussian-phone_gyro.sigma-1,phone_acc,phone_gyro,1,0.583329726362,0.691247025955,0.587976336116,0.134584164895,3
B4,2,mixed.drop-phone_acc.gaussian-phone_gyro.sigma-2,phone_acc,phone_gyro,2,0.577977043469,0.688311665251,0.582673850068,0.136429299787,3
B4,2,mixed.drop-phone_acc.gaussian-phone_state.sigma-1,phone_acc,phone_state,1,0.532529120079,0.648246165849,0.535241856055,0.149342943523,3
B4,2,mixed.drop-phone_acc.gaussian-phone_state.sigma-2,phone_acc,phone_state,2,0.507105187571,0.626380594673,0.508420359904,0.157243912598,3
B4,2,mixed.drop-phone_acc.gaussian-watch_acc.sigma-1,phone_acc,watch_acc,1,0.569923705322,0.675756142357,0.573910752416,0.140745937365,3
B4,2,mixed.drop-phone_acc.gaussian-watch_acc.sigma-2,phone_acc,watch_acc,2,0.55229117984,0.663263666713,0.554159495337,0.146034733391,3
B4,2,mixed.drop-phone_gyro.gaussian-audio.sigma-1,phone_gyro,audio,1,0.575589721388,0.689560021939,0.57920412799,0.13386195698,3
B4,2,mixed.drop-phone_gyro.gaussian-audio.sigma-2,phone_gyro,audio,2,0.569351206412,0.682492012796,0.570769975712,0.13666351478,3
B4,2,mixed.drop-phone_gyro.gaussian-location.sigma-1,phone_gyro,location,1,0.575850547488,0.693906893693,0.587253600789,0.132727477158,3
B4,2,mixed.drop-phone_gyro.gaussian-location.sigma-2,phone_gyro,location,2,0.566362862901,0.689834258211,0.579665899961,0.134583985138,3
B4,2,mixed.drop-phone_gyro.gaussian-phone_acc.sigma-1,phone_gyro,phone_acc,1,0.587616052258,0.705256905929,0.59906017752,0.127756377279,3
B4,2,mixed.drop-phone_gyro.gaussian-phone_acc.sigma-2,phone_gyro,phone_acc,2,0.582190171308,0.700460280157,0.591828403061,0.129882434688,3
B4,2,mixed.drop-phone_gyro.gaussian-phone_state.sigma-1,phone_gyro,phone_state,1,0.552558710307,0.673166474068,0.551506616938,0.138776236336,3
B4,2,mixed.drop-phone_gyro.gaussian-phone_state.sigma-2,phone_gyro,phone_state,2,0.533683784462,0.655291744809,0.529222505968,0.145231521116,3
B4,2,mixed.drop-phone_gyro.gaussian-watch_acc.sigma-1,phone_gyro,watch_acc,1,0.581325726457,0.696504348878,0.589349966206,0.131442392076,3
B4,2,mixed.drop-phone_gyro.gaussian-watch_acc.sigma-2,phone_gyro,watch_acc,2,0.565147353599,0.685213072725,0.568012934119,0.136160368104,3
B4,2,mixed.drop-phone_state.gaussian-audio.sigma-1,phone_state,audio,1,0.519122462855,0.624628639561,0.527814857958,0.155128781446,3
B4,2,mixed.drop-phone_state.gaussian-audio.sigma-2,phone_state,audio,2,0.504599433571,0.609410832509,0.509962563502,0.161901330369,3
B4,2,mixed.drop-phone_state.gaussian-location.sigma-1,phone_state,location,1,0.546345499127,0.660577984651,0.555475592111,0.14111298104,3
B4,2,mixed.drop-phone_state.gaussian-location.sigma-2,phone_state,location,2,0.537523719463,0.657766208793,0.545623719604,0.142537390667,3
B4,2,mixed.drop-phone_state.gaussian-phone_acc.sigma-1,phone_state,phone_acc,1,0.554691635036,0.668274453441,0.569078562258,0.137561307591,3
B4,2,mixed.drop-phone_state.gaussian-phone_acc.sigma-2,phone_state,phone_acc,2,0.544250587134,0.658935984701,0.558724786474,0.141649996207,3
B4,2,mixed.drop-phone_state.gaussian-phone_gyro.sigma-1,phone_state,phone_gyro,1,0.560193191419,0.6730996326,0.572498116534,0.136194681856,3
B4,2,mixed.drop-phone_state.gaussian-phone_gyro.sigma-2,phone_state,phone_gyro,2,0.551913924088,0.667480611979,0.56608530507,0.139236578161,3
B4,2,mixed.drop-phone_state.gaussian-watch_acc.sigma-1,phone_state,watch_acc,1,0.534163173805,0.644743579353,0.546974112451,0.147433419335,3
B4,2,mixed.drop-phone_state.gaussian-watch_acc.sigma-2,phone_state,watch_acc,2,0.51515334878,0.630921326754,0.521428227213,0.154241544801,3
B4,2,mixed.drop-watch_acc.gaussian-audio.sigma-1,watch_acc,audio,1,0.539045182104,0.673517688466,0.533927735746,0.141696850015,3
B4,2,mixed.drop-watch_acc.gaussian-audio.sigma-2,watch_acc,audio,2,0.525979212379,0.661659855791,0.517355480082,0.146406677164,3
B4,2,mixed.drop-watch_acc.gaussian-location.sigma-1,watch_acc,location,1,0.54722245407,0.67806186792,0.552612851082,0.141295912662,3
B4,2,mixed.drop-watch_acc.gaussian-location.sigma-2,watch_acc,location,2,0.535470974826,0.67144382694,0.54241552636,0.144436501287,3
B4,2,mixed.drop-watch_acc.gaussian-phone_acc.sigma-1,watch_acc,phone_acc,1,0.560219476658,0.690645531789,0.563413636644,0.135303530404,3
B4,2,mixed.drop-watch_acc.gaussian-phone_acc.sigma-2,watch_acc,phone_acc,2,0.553537416302,0.685315954578,0.554860332299,0.137861057939,3
B4,2,mixed.drop-watch_acc.gaussian-phone_gyro.sigma-1,watch_acc,phone_gyro,1,0.565743533325,0.695891877457,0.566804108696,0.133857314307,3
B4,2,mixed.drop-watch_acc.gaussian-phone_gyro.sigma-2,watch_acc,phone_gyro,2,0.559028113123,0.692060918373,0.558294948877,0.135875383086,3
B4,2,mixed.drop-watch_acc.gaussian-phone_state.sigma-1,watch_acc,phone_state,1,0.507540460721,0.649089042658,0.492257090074,0.150667452745,3
B4,2,mixed.drop-watch_acc.gaussian-phone_state.sigma-2,watch_acc,phone_state,2,0.482150086999,0.625450731218,0.460084622718,0.159577666703,3
B4,3,mixed.drop-audio.gaussian-location.sigma-1,audio,location,1,0.513118564251,0.670782159076,0.527535641367,0.14729807029,3
B4,3,mixed.drop-audio.gaussian-location.sigma-2,audio,location,2,0.498523780778,0.662555459112,0.511086296686,0.152769686632,3
B4,3,mixed.drop-audio.gaussian-phone_acc.sigma-1,audio,phone_acc,1,0.51505917511,0.673013050866,0.531078422344,0.143928322694,3
B4,3,mixed.drop-audio.gaussian-phone_acc.sigma-2,audio,phone_acc,2,0.509592821832,0.67131776612,0.521959682418,0.145420643178,3
B4,3,mixed.drop-audio.gaussian-phone_gyro.sigma-1,audio,phone_gyro,1,0.520215650044,0.67654242194,0.535355594345,0.142381136328,3
B4,3,mixed.drop-audio.gaussian-phone_gyro.sigma-2,audio,phone_gyro,2,0.519573059059,0.675903080052,0.530259070718,0.142742251571,3
B4,3,mixed.drop-audio.gaussian-phone_state.sigma-1,audio,phone_state,1,0.461405611427,0.620207720823,0.457052012185,0.15937926283,3
B4,3,mixed.drop-audio.gaussian-phone_state.sigma-2,audio,phone_state,2,0.434217266282,0.59960075789,0.426147005387,0.167183969214,3
B4,3,mixed.drop-audio.gaussian-watch_acc.sigma-1,audio,watch_acc,1,0.497061969569,0.654220119542,0.507349504546,0.15282746545,3
B4,3,mixed.drop-audio.gaussian-watch_acc.sigma-2,audio,watch_acc,2,0.479209555196,0.643085294439,0.480775154668,0.158566845967,3
B4,3,mixed.drop-location.gaussian-audio.sigma-1,location,audio,1,0.498073954026,0.660351406747,0.504517366179,0.158798518274,3
B4,3,mixed.drop-location.gaussian-audio.sigma-2,location,audio,2,0.482245952165,0.645894735347,0.486910988469,0.165099526714,3
B4,3,mixed.drop-location.gaussian-phone_acc.sigma-1,location,phone_acc,1,0.533466932116,0.696115752803,0.549146074426,0.145489172326,3
B4,3,mixed.drop-location.gaussian-phone_acc.sigma-2,location,phone_acc,2,0.525925462547,0.692094958776,0.540124362189,0.147296806998,3
B4,3,mixed.drop-location.gaussian-phone_gyro.sigma-1,location,phone_gyro,1,0.5381147325,0.699854562794,0.552233905223,0.143095058243,3
B4,3,mixed.drop-location.gaussian-phone_gyro.sigma-2,location,phone_gyro,2,0.534387185506,0.697335834915,0.545417291865,0.143524363486,3
B4,3,mixed.drop-location.gaussian-phone_state.sigma-1,location,phone_state,1,0.484088971724,0.650214426946,0.485687267139,0.158113914718,3
B4,3,mixed.drop-location.gaussian-phone_state.sigma-2,location,phone_state,2,0.458556640057,0.628977806733,0.456888302611,0.165055907426,3
B4,3,mixed.drop-location.gaussian-watch_acc.sigma-1,location,watch_acc,1,0.51874375709,0.684130072418,0.530858284919,0.152491857512,3
B4,3,mixed.drop-location.gaussian-watch_acc.sigma-2,location,watch_acc,2,0.501340588708,0.673784730255,0.503324038061,0.157919577208,3
B4,3,mixed.drop-phone_acc.gaussian-audio.sigma-1,phone_acc,audio,1,0.505603854238,0.673664705516,0.512511112783,0.142906106963,3
B4,3,mixed.drop-phone_acc.gaussian-audio.sigma-2,phone_acc,audio,2,0.488332932896,0.658611291286,0.492132398445,0.149728013769,3
B4,3,mixed.drop-phone_acc.gaussian-location.sigma-1,phone_acc,location,1,0.542483352784,0.704969678486,0.556069606798,0.131492467548,3
B4,3,mixed.drop-phone_acc.gaussian-location.sigma-2,phone_acc,location,2,0.529676174943,0.697377658928,0.542143015462,0.136898081694,3
B4,3,mixed.drop-phone_acc.gaussian-phone_gyro.sigma-1,phone_acc,phone_gyro,1,0.554352652504,0.716923054117,0.566813858263,0.124622273344,3
B4,3,mixed.drop-phone_acc.gaussian-phone_gyro.sigma-2,phone_acc,phone_gyro,2,0.55169181808,0.715018953538,0.561738223855,0.125079973306,3
B4,3,mixed.drop-phone_acc.gaussian-phone_state.sigma-1,phone_acc,phone_state,1,0.497066684495,0.662026529696,0.498887510915,0.138862597898,3
B4,3,mixed.drop-phone_acc.gaussian-phone_state.sigma-2,phone_acc,phone_state,2,0.470835542991,0.640879680234,0.472548206533,0.145645866808,3
B4,3,mixed.drop-phone_acc.gaussian-watch_acc.sigma-1,phone_acc,watch_acc,1,0.533150057974,0.69994728625,0.545153954899,0.133265491622,3
B4,3,mixed.drop-phone_acc.gaussian-watch_acc.sigma-2,phone_acc,watch_acc,2,0.514212276216,0.689190827645,0.520188501348,0.138538113832,3
B4,3,mixed.drop-phone_gyro.gaussian-audio.sigma-1,phone_gyro,audio,1,0.511198995746,0.676678448669,0.519338106284,0.141135766078,3
B4,3,mixed.drop-phone_gyro.gaussian-audio.sigma-2,phone_gyro,audio,2,0.497614890546,0.663807109076,0.503685015537,0.146705459227,3
B4,3,mixed.drop-phone_gyro.gaussian-location.sigma-1,phone_gyro,location,1,0.542280801273,0.70257387145,0.553705346387,0.132268646911,3
B4,3,mixed.drop-phone_gyro.gaussian-location.sigma-2,phone_gyro,location,2,0.529172470671,0.695862330511,0.538468800374,0.136791311892,3
B4,3,mixed.drop-phone_gyro.gaussian-phone_acc.sigma-1,phone_gyro,phone_acc,1,0.551912006982,0.710123151871,0.562303356359,0.127345138748,3
B4,3,mixed.drop-phone_gyro.gaussian-phone_acc.sigma-2,phone_gyro,phone_acc,2,0.545689951997,0.707058773598,0.555210784552,0.129089225426,3
B4,3,mixed.drop-phone_gyro.gaussian-phone_state.sigma-1,phone_gyro,phone_state,1,0.500219071354,0.660638470145,0.505975559626,0.140172181192,3
B4,3,mixed.drop-phone_gyro.gaussian-phone_state.sigma-2,phone_gyro,phone_state,2,0.478793767465,0.641902723496,0.480403874948,0.146490982651,3
B4,3,mixed.drop-phone_gyro.gaussian-watch_acc.sigma-1,phone_gyro,watch_acc,1,0.537360143066,0.698076841495,0.544733790103,0.133480563621,3
B4,3,mixed.drop-phone_gyro.gaussian-watch_acc.sigma-2,phone_gyro,watch_acc,2,0.52030487709,0.687929125575,0.521498376899,0.138455470973,3
B4,3,mixed.drop-phone_state.gaussian-audio.sigma-1,phone_state,audio,1,0.457666383153,0.608248806231,0.457209057295,0.161461391999,3
B4,3,mixed.drop-phone_state.gaussian-audio.sigma-2,phone_state,audio,2,0.437691273313,0.593576843201,0.435690302047,0.168803279918,3
B4,3,mixed.drop-phone_state.gaussian-location.sigma-1,phone_state,location,1,0.502246244109,0.644779118887,0.5068146565,0.146452103785,3
B4,3,mixed.drop-phone_state.gaussian-location.sigma-2,phone_state,location,2,0.4909602223,0.637936923638,0.490173203947,0.151409920647,3
B4,3,mixed.drop-phone_state.gaussian-phone_acc.sigma-1,phone_state,phone_acc,1,0.511487722369,0.654829061299,0.518500502525,0.138754609739,3
B4,3,mixed.drop-phone_state.gaussian-phone_acc.sigma-2,phone_state,phone_acc,2,0.505587460479,0.65259866213,0.509380601465,0.140240785754,3
B4,3,mixed.drop-phone_state.gaussian-phone_gyro.sigma-1,phone_state,phone_gyro,1,0.517203774491,0.659281846834,0.52382975892,0.136557397392,3
B4,3,mixed.drop-phone_state.gaussian-phone_gyro.sigma-2,phone_state,phone_gyro,2,0.515237052612,0.657977299293,0.519458610052,0.13755256834,3
B4,3,mixed.drop-phone_state.gaussian-watch_acc.sigma-1,phone_state,watch_acc,1,0.492387986754,0.633723369044,0.496268300274,0.148725972892,3
B4,3,mixed.drop-phone_state.gaussian-watch_acc.sigma-2,phone_state,watch_acc,2,0.47051360963,0.621245348773,0.466475086105,0.155821283452,3
B4,3,mixed.drop-watch_acc.gaussian-audio.sigma-1,watch_acc,audio,1,0.468896548007,0.654124894476,0.461989003584,0.155418452697,3
B4,3,mixed.drop-watch_acc.gaussian-audio.sigma-2,watch_acc,audio,2,0.453475867765,0.6399389524,0.441230737638,0.162283616229,3
B4,3,mixed.drop-watch_acc.gaussian-location.sigma-1,watch_acc,location,1,0.508144717166,0.687475573158,0.51430889967,0.143727811912,3
B4,3,mixed.drop-watch_acc.gaussian-location.sigma-2,watch_acc,location,2,0.492852302234,0.680211122897,0.498703856704,0.149034902341,3
B4,3,mixed.drop-watch_acc.gaussian-phone_acc.sigma-1,watch_acc,phone_acc,1,0.513427480504,0.692199238317,0.51948954341,0.139123185528,3
B4,3,mixed.drop-watch_acc.gaussian-phone_acc.sigma-2,watch_acc,phone_acc,2,0.504977947538,0.687662010528,0.511553567807,0.141426178488,3
B4,3,mixed.drop-watch_acc.gaussian-phone_gyro.sigma-1,watch_acc,phone_gyro,1,0.517001817243,0.695567823265,0.520441768985,0.137296322319,3
B4,3,mixed.drop-watch_acc.gaussian-phone_gyro.sigma-2,watch_acc,phone_gyro,2,0.51453762456,0.693108362818,0.514237664941,0.138105249909,3
B4,3,mixed.drop-watch_acc.gaussian-phone_state.sigma-1,watch_acc,phone_state,1,0.462784439924,0.636505490919,0.452417537336,0.155322153807,3
B4,3,mixed.drop-watch_acc.gaussian-phone_state.sigma-2,watch_acc,phone_state,2,0.434485239471,0.613196912235,0.420231061149,0.163242498898,3
B4,4,mixed.drop-audio.gaussian-location.sigma-1,audio,location,1,0.60803469948,0.630043659709,0.611364455206,0.146092599211,3
B4,4,mixed.drop-audio.gaussian-location.sigma-2,audio,location,2,0.597724140329,0.618676455722,0.604051366699,0.147987950986,3
B4,4,mixed.drop-audio.gaussian-phone_acc.sigma-1,audio,phone_acc,1,0.621705144144,0.655813776824,0.624378997387,0.139266390349,3
B4,4,mixed.drop-audio.gaussian-phone_acc.sigma-2,audio,phone_acc,2,0.618597612815,0.652302999481,0.622877584306,0.140272414852,3
B4,4,mixed.drop-audio.gaussian-phone_gyro.sigma-1,audio,phone_gyro,1,0.624125075729,0.659307901737,0.624910788936,0.137810243811,3
B4,4,mixed.drop-audio.gaussian-phone_gyro.sigma-2,audio,phone_gyro,2,0.6202619685,0.655881128631,0.622782613552,0.138840827503,3
B4,4,mixed.drop-audio.gaussian-phone_state.sigma-1,audio,phone_state,1,0.568155799597,0.593205127821,0.573703191879,0.155612840766,3
B4,4,mixed.drop-audio.gaussian-phone_state.sigma-2,audio,phone_state,2,0.54411591221,0.569175408781,0.551637553264,0.163627192419,3
B4,4,mixed.drop-audio.gaussian-watch_acc.sigma-1,audio,watch_acc,1,0.604497357308,0.638483638571,0.614142689977,0.144662037353,3
B4,4,mixed.drop-audio.gaussian-watch_acc.sigma-2,audio,watch_acc,2,0.5868293818,0.62481034651,0.595344810598,0.149496955069,3
B4,4,mixed.drop-location.gaussian-audio.sigma-1,location,audio,1,0.575969157776,0.618326565586,0.61452257027,0.139052875448,3
B4,4,mixed.drop-location.gaussian-audio.sigma-2,location,audio,2,0.561134224659,0.607907285469,0.599828430342,0.142836080552,3
B4,4,mixed.drop-location.gaussian-phone_acc.sigma-1,location,phone_acc,1,0.606882391532,0.639456732185,0.645429806452,0.133418196126,3
B4,4,mixed.drop-location.gaussian-phone_acc.sigma-2,location,phone_acc,2,0.601962364899,0.636564940283,0.641572193865,0.134306721882,3
B4,4,mixed.drop-location.gaussian-phone_gyro.sigma-1,location,phone_gyro,1,0.612075950734,0.644341132724,0.648691653866,0.131992327492,3
B4,4,mixed.drop-location.gaussian-phone_gyro.sigma-2,location,phone_gyro,2,0.607469492292,0.641213199008,0.647495346034,0.132916774222,3
B4,4,mixed.drop-location.gaussian-phone_state.sigma-1,location,phone_state,1,0.545313172636,0.589977701079,0.579917555551,0.144507069075,3
B4,4,mixed.drop-location.gaussian-phone_state.sigma-2,location,phone_state,2,0.516214079045,0.566301050538,0.552649110865,0.151604216831,3
B4,4,mixed.drop-location.gaussian-watch_acc.sigma-1,location,watch_acc,1,0.587748685628,0.624192148539,0.631199006375,0.138295415161,3
B4,4,mixed.drop-location.gaussian-watch_acc.sigma-2,location,watch_acc,2,0.559852826627,0.60817051951,0.60352415495,0.143792805641,3
B4,4,mixed.drop-phone_acc.gaussian-audio.sigma-1,phone_acc,audio,1,0.615863663655,0.634247739453,0.623328296447,0.144434538791,3
B4,4,mixed.drop-phone_acc.gaussian-audio.sigma-2,phone_acc,audio,2,0.606944845535,0.626386559413,0.615312020731,0.147224491649,3
B4,4,mixed.drop-phone_acc.gaussian-location.sigma-1,phone_acc,location,1,0.622015087764,0.629578901017,0.635140057511,0.144272547092,3
B4,4,mixed.drop-phone_acc.gaussian-location.sigma-2,phone_acc,location,2,0.61434322946,0.621986025133,0.628845236369,0.144795441906,3
B4,4,mixed.drop-phone_acc.gaussian-phone_gyro.sigma-1,phone_acc,phone_gyro,1,0.63893017261,0.65511077873,0.650471633632,0.137698601943,3
B4,4,mixed.drop-phone_acc.gaussian-phone_gyro.sigma-2,phone_acc,phone_gyro,2,0.636294945764,0.651859380119,0.647544921504,0.138866863574,3
B4,4,mixed.drop-phone_acc.gaussian-phone_state.sigma-1,phone_acc,phone_state,1,0.592087263537,0.609685621252,0.599378486725,0.148442179449,3
B4,4,mixed.drop-phone_acc.gaussian-phone_state.sigma-2,phone_acc,phone_state,2,0.568866399284,0.588687304318,0.578764066132,0.154490542507,3
B4,4,mixed.drop-phone_acc.gaussian-watch_acc.sigma-1,phone_acc,watch_acc,1,0.620747447301,0.638737166189,0.635184152892,0.143644126457,3
B4,4,mixed.drop-phone_acc.gaussian-watch_acc.sigma-2,phone_acc,watch_acc,2,0.603667074911,0.625845482489,0.615005546118,0.148237427166,3
B4,4,mixed.drop-phone_gyro.gaussian-audio.sigma-1,phone_gyro,audio,1,0.608751704714,0.635136640795,0.618443879548,0.144190508145,3
B4,4,mixed.drop-phone_gyro.gaussian-audio.sigma-2,phone_gyro,audio,2,0.600724855263,0.627635599363,0.610725014746,0.146750741588,3
B4,4,mixed.drop-phone_gyro.gaussian-location.sigma-1,phone_gyro,location,1,0.614612475072,0.629819925109,0.631006768783,0.143749066251,3
B4,4,mixed.drop-phone_gyro.gaussian-location.sigma-2,phone_gyro,location,2,0.607688279567,0.623221899995,0.626488612671,0.143607916476,3
B4,4,mixed.drop-phone_gyro.gaussian-phone_acc.sigma-1,phone_gyro,phone_acc,1,0.62577471228,0.650972897815,0.641521265784,0.13963986564,3
B4,4,mixed.drop-phone_gyro.gaussian-phone_acc.sigma-2,phone_gyro,phone_acc,2,0.623932288041,0.64805274111,0.63929556912,0.140884878745,3
B4,4,mixed.drop-phone_gyro.gaussian-phone_state.sigma-1,phone_gyro,phone_state,1,0.585191219895,0.608681998355,0.597247005408,0.149236402777,3
B4,4,mixed.drop-phone_gyro.gaussian-phone_state.sigma-2,phone_gyro,phone_state,2,0.56777630954,0.591051157524,0.582718556444,0.154121414872,3
B4,4,mixed.drop-phone_gyro.gaussian-watch_acc.sigma-1,phone_gyro,watch_acc,1,0.614227473069,0.639833169456,0.629190052859,0.143419824334,3
B4,4,mixed.drop-phone_gyro.gaussian-watch_acc.sigma-2,phone_gyro,watch_acc,2,0.593782908226,0.627651618636,0.606271599159,0.147730212577,3
B4,4,mixed.drop-phone_state.gaussian-audio.sigma-1,phone_state,audio,1,0.55732902454,0.574067654525,0.577148921777,0.162125108755,3
B4,4,mixed.drop-phone_state.gaussian-audio.sigma-2,phone_state,audio,2,0.537832685425,0.557332827029,0.559390360781,0.168302837949,3
B4,4,mixed.drop-phone_state.gaussian-location.sigma-1,phone_state,location,1,0.577403215618,0.587174023299,0.593389330939,0.156924298792,3
B4,4,mixed.drop-phone_state.gaussian-location.sigma-2,phone_state,location,2,0.565653538818,0.575172840471,0.581956994369,0.159076695148,3
B4,4,mixed.drop-phone_state.gaussian-phone_acc.sigma-1,phone_state,phone_acc,1,0.600163560604,0.618320317921,0.616765640647,0.146479514428,3
B4,4,mixed.drop-phone_state.gaussian-phone_acc.sigma-2,phone_state,phone_acc,2,0.597057457197,0.615187814254,0.612479011182,0.147626507313,3
B4,4,mixed.drop-phone_state.gaussian-phone_gyro.sigma-1,phone_state,phone_gyro,1,0.603536268937,0.622808856573,0.620097615491,0.144900210305,3
B4,4,mixed.drop-phone_state.gaussian-phone_gyro.sigma-2,phone_state,phone_gyro,2,0.600746757377,0.619808416514,0.617444903108,0.145993005285,3
B4,4,mixed.drop-phone_state.gaussian-watch_acc.sigma-1,phone_state,watch_acc,1,0.579778646779,0.598623341035,0.594107269105,0.155474963002,3
B4,4,mixed.drop-phone_state.gaussian-watch_acc.sigma-2,phone_state,watch_acc,2,0.553784126989,0.581018961927,0.56882222313,0.161808218544,3
B4,4,mixed.drop-watch_acc.gaussian-audio.sigma-1,watch_acc,audio,1,0.563443257945,0.600720099617,0.572720247269,0.157903163455,3
B4,4,mixed.drop-watch_acc.gaussian-audio.sigma-2,watch_acc,audio,2,0.549569855683,0.589589348986,0.558393778505,0.161441571663,3
B4,4,mixed.drop-watch_acc.gaussian-location.sigma-1,watch_acc,location,1,0.57945113642,0.597732265949,0.595029196991,0.157544765309,3
B4,4,mixed.drop-watch_acc.gaussian-location.sigma-2,watch_acc,location,2,0.56570699114,0.58873204959,0.58526628164,0.158251600394,3
B4,4,mixed.drop-watch_acc.gaussian-phone_acc.sigma-1,watch_acc,phone_acc,1,0.593567532373,0.619058740298,0.605700053223,0.153169008436,3
B4,4,mixed.drop-watch_acc.gaussian-phone_acc.sigma-2,watch_acc,phone_acc,2,0.58932613876,0.613940546427,0.6031406641,0.154919105932,3
B4,4,mixed.drop-watch_acc.gaussian-phone_gyro.sigma-1,watch_acc,phone_gyro,1,0.599052943778,0.625834272065,0.609562198161,0.150560072266,3
B4,4,mixed.drop-watch_acc.gaussian-phone_gyro.sigma-2,watch_acc,phone_gyro,2,0.592319087603,0.622331249061,0.605044326653,0.151732204627,3
B4,4,mixed.drop-watch_acc.gaussian-phone_state.sigma-1,watch_acc,phone_state,1,0.524179520233,0.569063696395,0.543577814375,0.164412107326,3
B4,4,mixed.drop-watch_acc.gaussian-phone_state.sigma-2,watch_acc,phone_state,2,0.501378354992,0.547130444939,0.522988591198,0.171248227759,3
B5,0,mixed.drop-audio.gaussian-location.sigma-1,audio,location,1,0.561193659742,0.695752896357,0.563373495636,0.132799269169,3
B5,0,mixed.drop-audio.gaussian-location.sigma-2,audio,location,2,0.547762133755,0.688335974238,0.545499374544,0.137687444854,3
B5,0,mixed.drop-audio.gaussian-phone_acc.sigma-1,audio,phone_acc,1,0.574250211249,0.707149557115,0.578062523627,0.126416687614,3
B5,0,mixed.drop-audio.gaussian-phone_acc.sigma-2,audio,phone_acc,2,0.570844437542,0.704229661973,0.573305436243,0.127892319596,3
B5,0,mixed.drop-audio.gaussian-phone_gyro.sigma-1,audio,phone_gyro,1,0.577709872673,0.710611347043,0.581233348524,0.124976776636,3
B5,0,mixed.drop-audio.gaussian-phone_gyro.sigma-2,audio,phone_gyro,2,0.574605651685,0.709934340413,0.578119271817,0.125099950082,3
B5,0,mixed.drop-audio.gaussian-phone_state.sigma-1,audio,phone_state,1,0.540472880165,0.670489231757,0.548211938445,0.141625455764,3
B5,0,mixed.drop-audio.gaussian-phone_state.sigma-2,audio,phone_state,2,0.522681102432,0.651893577726,0.526765986087,0.149710902038,3
B5,0,mixed.drop-audio.gaussian-watch_acc.sigma-1,audio,watch_acc,1,0.559490831004,0.694253984677,0.562066585589,0.131363095245,3
B5,0,mixed.drop-audio.gaussian-watch_acc.sigma-2,audio,watch_acc,2,0.537247821555,0.681596427181,0.534146306868,0.136483984084,3
B5,0,mixed.drop-location.gaussian-audio.sigma-1,location,audio,1,0.531656016304,0.680059621684,0.529160540957,0.137887823093,3
B5,0,mixed.drop-location.gaussian-audio.sigma-2,location,audio,2,0.521408062178,0.672425054929,0.516278238096,0.141621645362,3
B5,0,mixed.drop-location.gaussian-phone_acc.sigma-1,location,phone_acc,1,0.566796655182,0.703758532775,0.561191826085,0.12763442081,3
B5,0,mixed.drop-location.gaussian-phone_acc.sigma-2,location,phone_acc,2,0.560227881374,0.701485904612,0.555619156044,0.128720913159,3
B5,0,mixed.drop-location.gaussian-phone_gyro.sigma-1,location,phone_gyro,1,0.566224098336,0.705408588831,0.563481185415,0.126855990207,3
B5,0,mixed.drop-location.gaussian-phone_gyro.sigma-2,location,phone_gyro,2,0.56425588121,0.704232860981,0.559491683169,0.127222436537,3
B5,0,mixed.drop-location.gaussian-phone_state.sigma-1,location,phone_state,1,0.52327832293,0.670878363917,0.524731638666,0.141724586666,3
B5,0,mixed.drop-location.gaussian-phone_state.sigma-2,location,phone_state,2,0.503975533324,0.655422777852,0.506933489441,0.148402214252,3
B5,0,mixed.drop-location.gaussian-watch_acc.sigma-1,location,watch_acc,1,0.550209803205,0.69235988368,0.542440303566,0.132177798058,3
B5,0,mixed.drop-location.gaussian-watch_acc.sigma-2,location,watch_acc,2,0.528988449576,0.682228460895,0.520904713388,0.136098319086,3
B5,0,mixed.drop-phone_acc.gaussian-audio.sigma-1,phone_acc,audio,1,0.547168149793,0.694352137985,0.544942107214,0.127488141137,3
B5,0,mixed.drop-phone_acc.gaussian-audio.sigma-2,phone_acc,audio,2,0.540573393164,0.685861550566,0.537462958999,0.131190252683,3
B5,0,mixed.drop-phone_acc.gaussian-location.sigma-1,phone_acc,location,1,0.563774002465,0.708041939755,0.560121300552,0.122755591736,3
B5,0,mixed.drop-phone_acc.gaussian-location.sigma-2,phone_acc,location,2,0.550466649046,0.699920734061,0.546023016572,0.12722588984,3
B5,0,mixed.drop-phone_acc.gaussian-phone_gyro.sigma-1,phone_acc,phone_gyro,1,0.58104057202,0.72152491724,0.574249241465,0.116455968509,3
B5,0,mixed.drop-phone_acc.gaussian-phone_gyro.sigma-2,phone_acc,phone_gyro,2,0.577122281799,0.719811356385,0.56875759106,0.116928016099,3
B5,0,mixed.drop-phone_acc.gaussian-phone_state.sigma-1,phone_acc,phone_state,1,0.54411104398,0.684450988821,0.543625976152,0.130755511751,3
B5,0,mixed.drop-phone_acc.gaussian-phone_state.sigma-2,phone_acc,phone_state,2,0.523560848571,0.668330345359,0.525367119975,0.137577247149,3
B5,0,mixed.drop-phone_acc.gaussian-watch_acc.sigma-1,phone_acc,watch_acc,1,0.563143997562,0.708881508769,0.556623738953,0.121180118943,3
B5,0,mixed.drop-phone_acc.gaussian-watch_acc.sigma-2,phone_acc,watch_acc,2,0.539944326018,0.696130559974,0.534150018974,0.125655060732,3
B5,0,mixed.drop-phone_gyro.gaussian-audio.sigma-1,phone_gyro,audio,1,0.556338056579,0.704541181774,0.556723424108,0.123373545904,3
B5,0,mixed.drop-phone_gyro.gaussian-audio.sigma-2,phone_gyro,audio,2,0.549050002954,0.698269782418,0.548504469945,0.126426988263,3
B5,0,mixed.drop-phone_gyro.gaussian-location.sigma-1,phone_gyro,location,1,0.572871257715,0.714681382535,0.570662866584,0.120772019497,3
B5,0,mixed.drop-phone_gyro.gaussian-location.sigma-2,phone_gyro,location,2,0.558331552997,0.707336652281,0.556081030645,0.124880508298,3
B5,0,mixed.drop-phone_gyro.gaussian-phone_acc.sigma-1,phone_gyro,phone_acc,1,0.583902467424,0.725822825267,0.583385690711,0.114854375366,3
B5,0,mixed.drop-phone_gyro.gaussian-phone_acc.sigma-2,phone_gyro,phone_acc,2,0.580491391265,0.722540513333,0.576832509058,0.115864695282,3
B5,0,mixed.drop-phone_gyro.gaussian-phone_state.sigma-1,phone_gyro,phone_state,1,0.558456097291,0.695233645652,0.562269879601,0.126200744491,3
B5,0,mixed.drop-phone_gyro.gaussian-phone_state.sigma-2,phone_gyro,phone_state,2,0.545070448641,0.680919486104,0.548219225364,0.131636857962,3
B5,0,mixed.drop-phone_gyro.gaussian-watch_acc.sigma-1,phone_gyro,watch_acc,1,0.567829913655,0.714647618374,0.561987604003,0.119430317678,3
B5,0,mixed.drop-phone_gyro.gaussian-watch_acc.sigma-2,phone_gyro,watch_acc,2,0.550672265953,0.703966527568,0.541048541783,0.123164534707,3
B5,0,mixed.drop-phone_state.gaussian-audio.sigma-1,phone_state,audio,1,0.525336502688,0.662504847867,0.525634365366,0.145776126936,3
B5,0,mixed.drop-phone_state.gaussian-audio.sigma-2,phone_state,audio,2,0.513110751664,0.650653399054,0.512964983459,0.151700147993,3
B5,0,mixed.drop-phone_state.gaussian-location.sigma-1,phone_state,location,1,0.553184887112,0.684985199176,0.550378407578,0.136950846228,3
B5,0,mixed.drop-phone_state.gaussian-location.sigma-2,phone_state,location,2,0.540637322006,0.676668150038,0.533806710082,0.142389412786,3
B5,0,mixed.drop-phone_state.gaussian-phone_acc.sigma-1,phone_state,phone_acc,1,0.560877432868,0.689768800071,0.561362480911,0.132997591741,3
B5,0,mixed.drop-phone_state.gaussian-phone_acc.sigma-2,phone_state,phone_acc,2,0.554394751897,0.684873201122,0.554872587357,0.135266879614,3
B5,0,mixed.drop-phone_state.gaussian-phone_gyro.sigma-1,phone_state,phone_gyro,1,0.567655570467,0.696360502683,0.567942822999,0.13004550409,3
B5,0,mixed.drop-phone_state.gaussian-phone_gyro.sigma-2,phone_state,phone_gyro,2,0.56496665698,0.694352231916,0.564891043258,0.130382030928,3
B5,0,mixed.drop-phone_state.gaussian-watch_acc.sigma-1,phone_state,watch_acc,1,0.540555831963,0.674530508699,0.542368440358,0.139156911133,3
B5,0,mixed.drop-phone_state.gaussian-watch_acc.sigma-2,phone_state,watch_acc,2,0.518453837141,0.659228052588,0.517873920738,0.145277720562,3
B5,0,mixed.drop-watch_acc.gaussian-audio.sigma-1,watch_acc,audio,1,0.516668189711,0.681646623242,0.518715051818,0.135325624136,3
B5,0,mixed.drop-watch_acc.gaussian-audio.sigma-2,watch_acc,audio,2,0.508817174785,0.672109744946,0.5093106196,0.139036814005,3
B5,0,mixed.drop-watch_acc.gaussian-location.sigma-1,watch_acc,location,1,0.534000919575,0.695913111927,0.53432563788,0.130935763558,3
B5,0,mixed.drop-watch_acc.gaussian-location.sigma-2,watch_acc,location,2,0.521784419938,0.687810323899,0.521895652748,0.135268533579,3
B5,0,mixed.drop-watch_acc.gaussian-phone_acc.sigma-1,watch_acc,phone_acc,1,0.546590868189,0.706632649622,0.546215228549,0.124987893234,3
B5,0,mixed.drop-watch_acc.gaussian-phone_acc.sigma-2,watch_acc,phone_acc,2,0.542658510003,0.703313715982,0.540215193193,0.126262312285,3
B5,0,mixed.drop-watch_acc.gaussian-phone_gyro.sigma-1,watch_acc,phone_gyro,1,0.548745711371,0.709172222491,0.549199908839,0.124154829222,3
B5,0,mixed.drop-watch_acc.gaussian-phone_gyro.sigma-2,watch_acc,phone_gyro,2,0.546387467263,0.707204116948,0.545086038068,0.124514346716,3
B5,0,mixed.drop-watch_acc.gaussian-phone_state.sigma-1,watch_acc,phone_state,1,0.506302667258,0.667065809706,0.513926422545,0.140580291232,3
B5,0,mixed.drop-watch_acc.gaussian-phone_state.sigma-2,watch_acc,phone_state,2,0.488598196448,0.648332151619,0.496274348984,0.148136654142,3
B5,1,mixed.drop-audio.gaussian-location.sigma-1,audio,location,1,0.575003355416,0.634545840843,0.569437043555,0.144865489661,3
B5,1,mixed.drop-audio.gaussian-location.sigma-2,audio,location,2,0.567505138181,0.631564950766,0.559956167034,0.146760925199,3
B5,1,mixed.drop-audio.gaussian-phone_acc.sigma-1,audio,phone_acc,1,0.583417916665,0.643053317373,0.574248126955,0.142135595056,3
B5,1,mixed.drop-audio.gaussian-phone_acc.sigma-2,audio,phone_acc,2,0.578929961613,0.641227056686,0.568778846283,0.143204631027,3
B5,1,mixed.drop-audio.gaussian-phone_gyro.sigma-1,audio,phone_gyro,1,0.584830130125,0.643294684709,0.579370597359,0.14093901146,3
B5,1,mixed.drop-audio.gaussian-phone_gyro.sigma-2,audio,phone_gyro,2,0.579617791951,0.639415507865,0.573179227157,0.142541000072,3
B5,1,mixed.drop-audio.gaussian-phone_state.sigma-1,audio,phone_state,1,0.538302432518,0.595433216846,0.532586747919,0.158788011223,3
B5,1,mixed.drop-audio.gaussian-phone_state.sigma-2,audio,phone_state,2,0.517989712306,0.576623980521,0.509007280899,0.166207456662,3
B5,1,mixed.drop-audio.gaussian-watch_acc.sigma-1,audio,watch_acc,1,0.570647753494,0.63747316216,0.567925469838,0.143812639194,3
B5,1,mixed.drop-audio.gaussian-watch_acc.sigma-2,audio,watch_acc,2,0.554076136043,0.628666203726,0.551179238166,0.147723871138,3
B5,1,mixed.drop-location.gaussian-audio.sigma-1,location,audio,1,0.56370838609,0.65125504801,0.562375310608,0.136849635216,3
B5,1,mixed.drop-location.gaussian-audio.sigma-2,location,audio,2,0.551799405291,0.641623474386,0.551027948272,0.140689079988,3
B5,1,mixed.drop-location.gaussian-phone_acc.sigma-1,location,phone_acc,1,0.587554479461,0.66922424508,0.584651089136,0.130172864052,3
B5,1,mixed.drop-location.gaussian-phone_acc.sigma-2,location,phone_acc,2,0.581828160242,0.66698157028,0.578391492952,0.13143126554,3
B5,1,mixed.drop-location.gaussian-phone_gyro.sigma-1,location,phone_gyro,1,0.587218295282,0.668966608008,0.590169618428,0.129053562542,3
B5,1,mixed.drop-location.gaussian-phone_gyro.sigma-2,location,phone_gyro,2,0.583956043913,0.665690692569,0.583931209226,0.130737548203,3
B5,1,mixed.drop-location.gaussian-phone_state.sigma-1,location,phone_state,1,0.545532526119,0.632002890258,0.545411837984,0.14177987234,3
B5,1,mixed.drop-location.gaussian-phone_state.sigma-2,location,phone_state,2,0.528918392478,0.617807004174,0.528835886025,0.146951999822,3
B5,1,mixed.drop-location.gaussian-watch_acc.sigma-1,location,watch_acc,1,0.577344192322,0.665160503057,0.579005088711,0.131348939377,3
B5,1,mixed.drop-location.gaussian-watch_acc.sigma-2,location,watch_acc,2,0.557789270197,0.656742698725,0.558317821687,0.134993628087,3
B5,1,mixed.drop-phone_acc.gaussian-audio.sigma-1,phone_acc,audio,1,0.566798457347,0.647294910299,0.559828726561,0.139170051691,3
B5,1,mixed.drop-phone_acc.gaussian-audio.sigma-2,phone_acc,audio,2,0.557249420395,0.638504036263,0.547465802376,0.142480612741,3
B5,1,mixed.drop-phone_acc.gaussian-location.sigma-1,phone_acc,location,1,0.584171800318,0.664899810494,0.580837771583,0.132831942683,3
B5,1,mixed.drop-phone_acc.gaussian-location.sigma-2,phone_acc,location,2,0.577724345877,0.661682509297,0.571477975048,0.134877574765,3
B5,1,mixed.drop-phone_acc.gaussian-phone_gyro.sigma-1,phone_acc,phone_gyro,1,0.591474440854,0.672441775963,0.588882321546,0.129583901118,3
B5,1,mixed.drop-phone_acc.gaussian-phone_gyro.sigma-2,phone_acc,phone_gyro,2,0.587767766077,0.668325476735,0.583225895425,0.13133116666,3
B5,1,mixed.drop-phone_acc.gaussian-phone_state.sigma-1,phone_acc,phone_state,1,0.555477598249,0.635736778868,0.551192057324,0.141063809671,3
B5,1,mixed.drop-phone_acc.gaussian-phone_state.sigma-2,phone_acc,phone_state,2,0.539635019395,0.621193806972,0.53530538317,0.146063733093,3
B5,1,mixed.drop-phone_acc.gaussian-watch_acc.sigma-1,phone_acc,watch_acc,1,0.580500192627,0.668379203542,0.578473510637,0.131692819631,3
B5,1,mixed.drop-phone_acc.gaussian-watch_acc.sigma-2,phone_acc,watch_acc,2,0.562734125733,0.659336020374,0.560807223931,0.135225786117,3
B5,1,mixed.drop-phone_gyro.gaussian-audio.sigma-1,phone_gyro,audio,1,0.566052652735,0.645192741952,0.565752075005,0.139324290167,3
B5,1,mixed.drop-phone_gyro.gaussian-audio.sigma-2,phone_gyro,audio,2,0.560814785475,0.63802141646,0.556327753991,0.142033741635,3
B5,1,mixed.drop-phone_gyro.gaussian-location.sigma-1,phone_gyro,location,1,0.585609784578,0.663237695027,0.58581113785,0.133102675016,3
B5,1,mixed.drop-phone_gyro.gaussian-location.sigma-2,phone_gyro,location,2,0.578203494086,0.658797441145,0.575932103963,0.135011314606,3
B5,1,mixed.drop-phone_gyro.gaussian-phone_acc.sigma-1,phone_gyro,phone_acc,1,0.589772202195,0.668936943165,0.589028480127,0.131278790253,3
B5,1,mixed.drop-phone_gyro.gaussian-phone_acc.sigma-2,phone_gyro,phone_acc,2,0.586704958224,0.667990101302,0.584071913397,0.132180703204,3
B5,1,mixed.drop-phone_gyro.gaussian-phone_state.sigma-1,phone_gyro,phone_state,1,0.55810815302,0.633204143646,0.558170807346,0.141699616334,3
B5,1,mixed.drop-phone_gyro.gaussian-phone_state.sigma-2,phone_gyro,phone_state,2,0.544150763222,0.619838804694,0.541228529374,0.146489411854,3
B5,1,mixed.drop-phone_gyro.gaussian-watch_acc.sigma-1,phone_gyro,watch_acc,1,0.580580149143,0.665995996622,0.583700146537,0.13218503556,3
B5,1,mixed.drop-phone_gyro.gaussian-watch_acc.sigma-2,phone_gyro,watch_acc,2,0.563422458685,0.657286522019,0.562204162157,0.135542272714,3
B5,1,mixed.drop-phone_state.gaussian-audio.sigma-1,phone_state,audio,1,0.53333115074,0.59530903476,0.526341802707,0.158377113828,3
B5,1,mixed.drop-phone_state.gaussian-audio.sigma-2,phone_state,audio,2,0.52032851566,0.582614031585,0.510546816393,0.163817146724,3
B5,1,mixed.drop-phone_state.gaussian-location.sigma-1,phone_state,location,1,0.559722390687,0.623310531828,0.55594842744,0.14679039611,3
B5,1,mixed.drop-phone_state.gaussian-location.sigma-2,phone_state,location,2,0.551247721388,0.61970639391,0.544667542555,0.1489966898,3
B5,1,mixed.drop-phone_state.gaussian-phone_acc.sigma-1,phone_state,phone_acc,1,0.568869964485,0.631615885936,0.563936037937,0.143780378131,3
B5,1,mixed.drop-phone_state.gaussian-phone_acc.sigma-2,phone_state,phone_acc,2,0.563639454217,0.628930578042,0.557893219331,0.145506494497,3
B5,1,mixed.drop-phone_state.gaussian-phone_gyro.sigma-1,phone_state,phone_gyro,1,0.568621570713,0.631087896556,0.567580144535,0.142738829356,3
B5,1,mixed.drop-phone_state.gaussian-phone_gyro.sigma-2,phone_state,phone_gyro,2,0.564985025527,0.626431488479,0.562414431259,0.144909512013,3
B5,1,mixed.drop-phone_state.gaussian-watch_acc.sigma-1,phone_state,watch_acc,1,0.554261347858,0.621992826647,0.555833903168,0.147297174342,3
B5,1,mixed.drop-phone_state.gaussian-watch_acc.sigma-2,phone_state,watch_acc,2,0.535476492653,0.610283190001,0.533479536057,0.152566952478,3
B5,1,mixed.drop-watch_acc.gaussian-audio.sigma-1,watch_acc,audio,1,0.539825405433,0.636083734367,0.53712239503,0.146477078011,3
B5,1,mixed.drop-watch_acc.gaussian-audio.sigma-2,watch_acc,audio,2,0.530214198656,0.627217125249,0.525132541378,0.149877515414,3
B5,1,mixed.drop-watch_acc.gaussian-location.sigma-1,watch_acc,location,1,0.567258541266,0.657286370178,0.565494332056,0.137915351454,3
B5,1,mixed.drop-watch_acc.gaussian-location.sigma-2,watch_acc,location,2,0.558280497711,0.653769229479,0.555243479246,0.139832074867,3
B5,1,mixed.drop-watch_acc.gaussian-phone_acc.sigma-1,watch_acc,phone_acc,1,0.57424750216,0.664288564141,0.570864200547,0.135527526662,3
B5,1,mixed.drop-watch_acc.gaussian-phone_acc.sigma-2,watch_acc,phone_acc,2,0.567582953024,0.662703863766,0.564672992578,0.136663100095,3
B5,1,mixed.drop-watch_acc.gaussian-phone_gyro.sigma-1,watch_acc,phone_gyro,1,0.574751452201,0.664155556507,0.574496989781,0.134688372191,3
B5,1,mixed.drop-watch_acc.gaussian-phone_gyro.sigma-2,watch_acc,phone_gyro,2,0.570268462207,0.660682945033,0.568615678656,0.136398005118,3
B5,1,mixed.drop-watch_acc.gaussian-phone_state.sigma-1,watch_acc,phone_state,1,0.531605261825,0.620416139374,0.532902346814,0.149473763852,3
B5,1,mixed.drop-watch_acc.gaussian-phone_state.sigma-2,watch_acc,phone_state,2,0.513996559015,0.603751659057,0.511953575892,0.155527332004,3
B5,2,mixed.drop-audio.gaussian-location.sigma-1,audio,location,1,0.592480326764,0.693926399073,0.592351065405,0.138292429481,3
B5,2,mixed.drop-audio.gaussian-location.sigma-2,audio,location,2,0.583876922656,0.688804540123,0.581979327071,0.140213681771,3
B5,2,mixed.drop-audio.gaussian-phone_acc.sigma-1,audio,phone_acc,1,0.603288877731,0.708779821965,0.606025115375,0.132522466558,3
B5,2,mixed.drop-audio.gaussian-phone_acc.sigma-2,audio,phone_acc,2,0.598340904866,0.70519375465,0.598989355739,0.134201458856,3
B5,2,mixed.drop-audio.gaussian-phone_gyro.sigma-1,audio,phone_gyro,1,0.605547604307,0.711423636642,0.607828239952,0.132326758117,3
B5,2,mixed.drop-audio.gaussian-phone_gyro.sigma-2,audio,phone_gyro,2,0.600931530441,0.709269993473,0.603617655892,0.13359496965,3
B5,2,mixed.drop-audio.gaussian-phone_state.sigma-1,audio,phone_state,1,0.562112880946,0.660448041175,0.557842367284,0.149556980613,3
B5,2,mixed.drop-audio.gaussian-phone_state.sigma-2,audio,phone_state,2,0.542453162556,0.638670630102,0.534180718346,0.158126971868,3
B5,2,mixed.drop-audio.gaussian-watch_acc.sigma-1,audio,watch_acc,1,0.591376192886,0.695970535858,0.594397564813,0.137334956319,3
B5,2,mixed.drop-audio.gaussian-watch_acc.sigma-2,audio,watch_acc,2,0.574396498552,0.683942074259,0.574520953746,0.142562326738,3
B5,2,mixed.drop-location.gaussian-audio.sigma-1,location,audio,1,0.583272483381,0.697130072965,0.580794450355,0.134852510299,3
B5,2,mixed.drop-location.gaussian-audio.sigma-2,location,audio,2,0.575541130604,0.690005925087,0.571675068754,0.137593851657,3
B5,2,mixed.drop-location.gaussian-phone_acc.sigma-1,location,phone_acc,1,0.599012024975,0.712274391435,0.603499714987,0.12855248325,3
B5,2,mixed.drop-location.gaussian-phone_acc.sigma-2,location,phone_acc,2,0.593422350563,0.709670369999,0.59699264773,0.129790130472,3
B5,2,mixed.drop-location.gaussian-phone_gyro.sigma-1,location,phone_gyro,1,0.603076840399,0.715846000315,0.605554813728,0.128097703604,3
B5,2,mixed.drop-location.gaussian-phone_gyro.sigma-2,location,phone_gyro,2,0.600023954654,0.714557309994,0.600184168408,0.129206459196,3
B5,2,mixed.drop-location.gaussian-phone_state.sigma-1,location,phone_state,1,0.566287716021,0.680902874326,0.565228360385,0.139286232604,3
B5,2,mixed.drop-location.gaussian-phone_state.sigma-2,location,phone_state,2,0.549229147779,0.665509805961,0.547012241894,0.144641245018,3
B5,2,mixed.drop-location.gaussian-watch_acc.sigma-1,location,watch_acc,1,0.590457233334,0.701923105577,0.592281789656,0.132482345667,3
B5,2,mixed.drop-location.gaussian-watch_acc.sigma-2,location,watch_acc,2,0.574664762446,0.691564065485,0.572005354178,0.13700355028,3
B5,2,mixed.drop-phone_acc.gaussian-audio.sigma-1,phone_acc,audio,1,0.590749600496,0.705180965753,0.586523243021,0.132610862671,3
B5,2,mixed.drop-phone_acc.gaussian-audio.sigma-2,phone_acc,audio,2,0.585363561204,0.699351691292,0.578029242594,0.135259912508,3
B5,2,mixed.drop-phone_acc.gaussian-location.sigma-1,phone_acc,location,1,0.594517252279,0.707542133206,0.595364931488,0.131437485661,3
B5,2,mixed.drop-phone_acc.gaussian-location.sigma-2,phone_acc,location,2,0.58679125151,0.703155289511,0.588509587988,0.133343287563,3
B5,2,mixed.drop-phone_acc.gaussian-phone_gyro.sigma-1,phone_acc,phone_gyro,1,0.606179435309,0.721112907823,0.605707621959,0.127102525509,3
B5,2,mixed.drop-phone_acc.gaussian-phone_gyro.sigma-2,phone_acc,phone_gyro,2,0.601062874653,0.718709352129,0.60061662242,0.128483000826,3
B5,2,mixed.drop-phone_acc.gaussian-phone_state.sigma-1,phone_acc,phone_state,1,0.577426482776,0.694039283222,0.572589411234,0.135719822681,3
B5,2,mixed.drop-phone_acc.gaussian-phone_state.sigma-2,phone_acc,phone_state,2,0.562237122063,0.679218265409,0.555705194361,0.140578552124,3
B5,2,mixed.drop-phone_acc.gaussian-watch_acc.sigma-1,phone_acc,watch_acc,1,0.595792186566,0.708748881301,0.593727906207,0.130689291285,3
B5,2,mixed.drop-phone_acc.gaussian-watch_acc.sigma-2,phone_acc,watch_acc,2,0.580752770185,0.698195316063,0.576958318919,0.135097690086,3
B5,2,mixed.drop-phone_gyro.gaussian-audio.sigma-1,phone_gyro,audio,1,0.591975176669,0.707086771686,0.593565603901,0.132618575614,3
B5,2,mixed.drop-phone_gyro.gaussian-audio.sigma-2,phone_gyro,audio,2,0.587649818366,0.702691772449,0.587353989919,0.134434313456,3
B5,2,mixed.drop-phone_gyro.gaussian-location.sigma-1,phone_gyro,location,1,0.597638374779,0.712542467326,0.602265759437,0.130751858201,3
B5,2,mixed.drop-phone_gyro.gaussian-location.sigma-2,phone_gyro,location,2,0.591851688283,0.709240650339,0.595807396021,0.132151434056,3
B5,2,mixed.drop-phone_gyro.gaussian-phone_acc.sigma-1,phone_gyro,phone_acc,1,0.604311927256,0.721455649172,0.610157310452,0.127344219894,3
B5,2,mixed.drop-phone_gyro.gaussian-phone_acc.sigma-2,phone_gyro,phone_acc,2,0.599678169947,0.717863537848,0.603744723216,0.128832744044,3
B5,2,mixed.drop-phone_gyro.gaussian-phone_state.sigma-1,phone_gyro,phone_state,1,0.579831549817,0.695356685144,0.578040036993,0.136104563243,3
B5,2,mixed.drop-phone_gyro.gaussian-phone_state.sigma-2,phone_gyro,phone_state,2,0.566348999248,0.681455948188,0.562501372234,0.140847359818,3
B5,2,mixed.drop-phone_gyro.gaussian-watch_acc.sigma-1,phone_gyro,watch_acc,1,0.596157294406,0.712124443832,0.59997344906,0.130604302644,3
B5,2,mixed.drop-phone_gyro.gaussian-watch_acc.sigma-2,phone_gyro,watch_acc,2,0.582399139958,0.7026229972,0.582340763921,0.134564885056,3
B5,2,mixed.drop-phone_state.gaussian-audio.sigma-1,phone_state,audio,1,0.553073344603,0.655403030314,0.549144288187,0.150932361266,3
B5,2,mixed.drop-phone_state.gaussian-audio.sigma-2,phone_state,audio,2,0.54227121462,0.642835570214,0.53620395373,0.155983035065,3
B5,2,mixed.drop-phone_state.gaussian-location.sigma-1,phone_state,location,1,0.573888150968,0.681027547827,0.573444320617,0.141706927522,3
B5,2,mixed.drop-phone_state.gaussian-location.sigma-2,phone_state,location,2,0.565442849194,0.674984394063,0.564680465951,0.144123810342,3
B5,2,mixed.drop-phone_state.gaussian-phone_acc.sigma-1,phone_state,phone_acc,1,0.580698717806,0.69357287886,0.584591604789,0.136854417337,3
B5,2,mixed.drop-phone_state.gaussian-phone_acc.sigma-2,phone_state,phone_acc,2,0.573678695888,0.688436393017,0.576700884657,0.139236285479,3
B5,2,mixed.drop-phone_state.gaussian-phone_gyro.sigma-1,phone_state,phone_gyro,1,0.584443188107,0.696985082505,0.586933719776,0.136635172624,3
B5,2,mixed.drop-phone_state.gaussian-phone_gyro.sigma-2,phone_state,phone_gyro,2,0.579384232697,0.694165754199,0.580944206421,0.138528458022,3
B5,2,mixed.drop-phone_state.gaussian-watch_acc.sigma-1,phone_state,watch_acc,1,0.561395270174,0.668494760706,0.565923533714,0.145843160526,3
B5,2,mixed.drop-phone_state.gaussian-watch_acc.sigma-2,phone_state,watch_acc,2,0.543492254079,0.652836033437,0.545033136261,0.152682028964,3
B5,2,mixed.drop-watch_acc.gaussian-audio.sigma-1,watch_acc,audio,1,0.558596285679,0.691122903083,0.553810685067,0.141445416984,3
B5,2,mixed.drop-watch_acc.gaussian-audio.sigma-2,watch_acc,audio,2,0.549235520801,0.682529197389,0.540661468995,0.145137639534,3
B5,2,mixed.drop-watch_acc.gaussian-location.sigma-1,watch_acc,location,1,0.569859454549,0.697945561523,0.569696356101,0.138515489826,3
B5,2,mixed.drop-watch_acc.gaussian-location.sigma-2,watch_acc,location,2,0.56211794093,0.693030918212,0.559436862846,0.140772178187,3
B5,2,mixed.drop-watch_acc.gaussian-phone_acc.sigma-1,watch_acc,phone_acc,1,0.577593032116,0.70881537906,0.578908630315,0.133704944321,3
B5,2,mixed.drop-watch_acc.gaussian-phone_acc.sigma-2,watch_acc,phone_acc,2,0.573509773708,0.70564233666,0.572817557598,0.135190127501,3
B5,2,mixed.drop-watch_acc.gaussian-phone_gyro.sigma-1,watch_acc,phone_gyro,1,0.579449225372,0.71104866444,0.579451664253,0.1340938955,3
B5,2,mixed.drop-watch_acc.gaussian-phone_gyro.sigma-2,watch_acc,phone_gyro,2,0.574432172362,0.708318974682,0.573452938084,0.135643805827,3
B5,2,mixed.drop-watch_acc.gaussian-phone_state.sigma-1,watch_acc,phone_state,1,0.541377095086,0.670134716416,0.529133578658,0.147886682037,3
B5,2,mixed.drop-watch_acc.gaussian-phone_state.sigma-2,watch_acc,phone_state,2,0.522600110118,0.650995386916,0.506683771996,0.154605747081,3
B5,3,mixed.drop-audio.gaussian-location.sigma-1,audio,location,1,0.533465687312,0.676751142344,0.541281341238,0.149843006753,3
B5,3,mixed.drop-audio.gaussian-location.sigma-2,audio,location,2,0.521400623074,0.669943087698,0.526668169448,0.153697016256,3
B5,3,mixed.drop-audio.gaussian-phone_acc.sigma-1,audio,phone_acc,1,0.536449961784,0.67958108691,0.543544611289,0.147307396801,3
B5,3,mixed.drop-audio.gaussian-phone_acc.sigma-2,audio,phone_acc,2,0.532548917004,0.68008070762,0.538061687467,0.147708800614,3
B5,3,mixed.drop-audio.gaussian-phone_gyro.sigma-1,audio,phone_gyro,1,0.536752831415,0.678924881885,0.545155761979,0.147100239091,3
B5,3,mixed.drop-audio.gaussian-phone_gyro.sigma-2,audio,phone_gyro,2,0.534108313098,0.678526191467,0.540225906156,0.147270302861,3
B5,3,mixed.drop-audio.gaussian-phone_state.sigma-1,audio,phone_state,1,0.495318283193,0.628075117235,0.486923381765,0.165515217098,3
B5,3,mixed.drop-audio.gaussian-phone_state.sigma-2,audio,phone_state,2,0.475369794607,0.609730890748,0.462881339214,0.172913023619,3
B5,3,mixed.drop-audio.gaussian-watch_acc.sigma-1,audio,watch_acc,1,0.51850513879,0.661122385132,0.519552083675,0.155822983717,3
B5,3,mixed.drop-audio.gaussian-watch_acc.sigma-2,audio,watch_acc,2,0.503953090649,0.651431382805,0.498024739733,0.160596873058,3
B5,3,mixed.drop-location.gaussian-audio.sigma-1,location,audio,1,0.520835261952,0.681908308491,0.528797829523,0.146865079447,3
B5,3,mixed.drop-location.gaussian-audio.sigma-2,location,audio,2,0.509336756383,0.669812703469,0.514118568178,0.151950385975,3
B5,3,mixed.drop-location.gaussian-phone_acc.sigma-1,location,phone_acc,1,0.552867174631,0.712316630549,0.56837661556,0.135593314373,3
B5,3,mixed.drop-location.gaussian-phone_acc.sigma-2,location,phone_acc,2,0.547821759064,0.711486607403,0.562839421838,0.136483842274,3
B5,3,mixed.drop-location.gaussian-phone_gyro.sigma-1,location,phone_gyro,1,0.553810283106,0.712693163658,0.568437432736,0.135236723207,3
B5,3,mixed.drop-location.gaussian-phone_gyro.sigma-2,location,phone_gyro,2,0.549531285957,0.710901877153,0.562214473942,0.135911644401,3
B5,3,mixed.drop-location.gaussian-phone_state.sigma-1,location,phone_state,1,0.5204154733,0.674254887889,0.526848369501,0.147642593295,3
B5,3,mixed.drop-location.gaussian-phone_state.sigma-2,location,phone_state,2,0.500811165071,0.657066872874,0.507435534792,0.153398205816,3
B5,3,mixed.drop-location.gaussian-watch_acc.sigma-1,location,watch_acc,1,0.537339996909,0.701032697689,0.551071307278,0.141610896759,3
B5,3,mixed.drop-location.gaussian-watch_acc.sigma-2,location,watch_acc,2,0.523263120518,0.692550745367,0.529434395831,0.145865051437,3
B5,3,mixed.drop-phone_acc.gaussian-audio.sigma-1,phone_acc,audio,1,0.536304672657,0.696361870055,0.53889149613,0.136279240436,3
B5,3,mixed.drop-phone_acc.gaussian-audio.sigma-2,phone_acc,audio,2,0.52391988221,0.684712515977,0.522501150733,0.1411354396,3
B5,3,mixed.drop-phone_acc.gaussian-location.sigma-1,phone_acc,location,1,0.562860034427,0.72002758027,0.574306041284,0.128439894436,3
B5,3,mixed.drop-phone_acc.gaussian-location.sigma-2,phone_acc,location,2,0.551780494234,0.713688840639,0.564451699714,0.132158867064,3
B5,3,mixed.drop-phone_acc.gaussian-phone_gyro.sigma-1,phone_acc,phone_gyro,1,0.572685371537,0.729834398874,0.581893224367,0.123410279628,3
B5,3,mixed.drop-phone_acc.gaussian-phone_gyro.sigma-2,phone_acc,phone_gyro,2,0.568802496248,0.728066446701,0.577440311791,0.12384949002,3
B5,3,mixed.drop-phone_acc.gaussian-phone_state.sigma-1,phone_acc,phone_state,1,0.542975352057,0.694233777589,0.544601895362,0.133025351933,3
B5,3,mixed.drop-phone_acc.gaussian-phone_state.sigma-2,phone_acc,phone_state,2,0.52550056972,0.678293151524,0.525685711686,0.13859110963,3
B5,3,mixed.drop-phone_acc.gaussian-watch_acc.sigma-1,phone_acc,watch_acc,1,0.558078694105,0.716902325644,0.564471236676,0.129904497151,3
B5,3,mixed.drop-phone_acc.gaussian-watch_acc.sigma-2,phone_acc,watch_acc,2,0.539189348156,0.707617875434,0.543138528682,0.134387128847,3
B5,3,mixed.drop-phone_gyro.gaussian-audio.sigma-1,phone_gyro,audio,1,0.532912872243,0.684728579924,0.5411403832,0.141211572985,3
B5,3,mixed.drop-phone_gyro.gaussian-audio.sigma-2,phone_gyro,audio,2,0.520958673965,0.672932450057,0.526142868489,0.145794827077,3
B5,3,mixed.drop-phone_gyro.gaussian-location.sigma-1,phone_gyro,location,1,0.559977034657,0.710031688138,0.571027290864,0.133390266081,3
B5,3,mixed.drop-phone_gyro.gaussian-location.sigma-2,phone_gyro,location,2,0.547862835299,0.703995719952,0.557744819037,0.136706762995,3
B5,3,mixed.drop-phone_gyro.gaussian-phone_acc.sigma-1,phone_gyro,phone_acc,1,0.568695583044,0.718633649321,0.57920572147,0.129013645442,3
B5,3,mixed.drop-phone_gyro.gaussian-phone_acc.sigma-2,phone_gyro,phone_acc,2,0.564158622124,0.718085603666,0.57438413235,0.129522227211,3
B5,3,mixed.drop-phone_gyro.gaussian-phone_state.sigma-1,phone_gyro,phone_state,1,0.537475512057,0.679980332733,0.544742777559,0.139785245196,3
B5,3,mixed.drop-phone_gyro.gaussian-phone_state.sigma-2,phone_gyro,phone_state,2,0.523441038768,0.664456492376,0.527646145571,0.145032267371,3
B5,3,mixed.drop-phone_gyro.gaussian-watch_acc.sigma-1,phone_gyro,watch_acc,1,0.553079970212,0.704420959756,0.563075023287,0.135170656177,3
B5,3,mixed.drop-phone_gyro.gaussian-watch_acc.sigma-2,phone_gyro,watch_acc,2,0.540548375159,0.696424977435,0.545784568343,0.139025572411,3
B5,3,mixed.drop-phone_state.gaussian-audio.sigma-1,phone_state,audio,1,0.493788061451,0.62380746301,0.482212379724,0.165021224235,3
B5,3,mixed.drop-phone_state.gaussian-audio.sigma-2,phone_state,audio,2,0.478303272956,0.609148787802,0.461914412879,0.172119530011,3
B5,3,mixed.drop-phone_state.gaussian-location.sigma-1,phone_state,location,1,0.532134244782,0.66208290135,0.533466672814,0.149849240153,3
B5,3,mixed.drop-phone_state.gaussian-location.sigma-2,phone_state,location,2,0.521028025735,0.656070096711,0.519835854766,0.153650181782,3
B5,3,mixed.drop-phone_state.gaussian-phone_acc.sigma-1,phone_state,phone_acc,1,0.540682461241,0.671724905724,0.542652320325,0.144933644596,3
B5,3,mixed.drop-phone_state.gaussian-phone_acc.sigma-2,phone_state,phone_acc,2,0.537810480997,0.67315178622,0.538052688569,0.144945292478,3
B5,3,mixed.drop-phone_state.gaussian-phone_gyro.sigma-1,phone_state,phone_gyro,1,0.540172358585,0.670769806508,0.545150106374,0.144350446357,3
B5,3,mixed.drop-phone_state.gaussian-phone_gyro.sigma-2,phone_state,phone_gyro,2,0.538342748335,0.670518863323,0.540870483052,0.144745225869,3
B5,3,mixed.drop-phone_state.gaussian-watch_acc.sigma-1,phone_state,watch_acc,1,0.521380890609,0.648234463529,0.522002477898,0.154633777888,3
B5,3,mixed.drop-phone_state.gaussian-watch_acc.sigma-2,phone_state,watch_acc,2,0.504449208181,0.635993841969,0.497706601517,0.160806527505,3
B5,3,mixed.drop-watch_acc.gaussian-audio.sigma-1,watch_acc,audio,1,0.500465844104,0.668906080315,0.497668017313,0.15157939839,3
B5,3,mixed.drop-watch_acc.gaussian-audio.sigma-2,watch_acc,audio,2,0.488700444287,0.656102820984,0.479585439004,0.156812343975,3
B5,3,mixed.drop-watch_acc.gaussian-location.sigma-1,watch_acc,location,1,0.533675864499,0.697670465211,0.542327937313,0.141853924871,3
B5,3,mixed.drop-watch_acc.gaussian-location.sigma-2,watch_acc,location,2,0.519086381422,0.691720988994,0.527461464527,0.14540242347,3
B5,3,mixed.drop-watch_acc.gaussian-phone_acc.sigma-1,watch_acc,phone_acc,1,0.542149505955,0.704701247771,0.549978430453,0.137346992906,3
B5,3,mixed.drop-watch_acc.gaussian-phone_acc.sigma-2,watch_acc,phone_acc,2,0.536137177081,0.703496589106,0.543376051435,0.138228208594,3
B5,3,mixed.drop-watch_acc.gaussian-phone_gyro.sigma-1,watch_acc,phone_gyro,1,0.542994026795,0.705393610406,0.549264766478,0.137129152272,3
B5,3,mixed.drop-watch_acc.gaussian-phone_gyro.sigma-2,watch_acc,phone_gyro,2,0.538288796484,0.703465422277,0.543062275776,0.137782712234,3
B5,3,mixed.drop-watch_acc.gaussian-phone_state.sigma-1,watch_acc,phone_state,1,0.507354056654,0.654923836387,0.50531684386,0.153526662702,3
B5,3,mixed.drop-watch_acc.gaussian-phone_state.sigma-2,watch_acc,phone_state,2,0.482178207484,0.633693849739,0.479722912402,0.160408041746,3
B5,4,mixed.drop-audio.gaussian-location.sigma-1,audio,location,1,0.613355257116,0.633465479982,0.617046599102,0.14888958451,3
B5,4,mixed.drop-audio.gaussian-location.sigma-2,audio,location,2,0.603836390494,0.624455387311,0.611597917704,0.149851897393,3
B5,4,mixed.drop-audio.gaussian-phone_acc.sigma-1,audio,phone_acc,1,0.623175187515,0.654374331344,0.624795042184,0.144890088628,3
B5,4,mixed.drop-audio.gaussian-phone_acc.sigma-2,audio,phone_acc,2,0.618878811145,0.651804176696,0.621760598729,0.145790933406,3
B5,4,mixed.drop-audio.gaussian-phone_gyro.sigma-1,audio,phone_gyro,1,0.62601637495,0.656939945189,0.62640773606,0.143663883171,3
B5,4,mixed.drop-audio.gaussian-phone_gyro.sigma-2,audio,phone_gyro,2,0.623997299772,0.653978137735,0.624827953725,0.144621698585,3
B5,4,mixed.drop-audio.gaussian-phone_state.sigma-1,audio,phone_state,1,0.584418400088,0.605217786526,0.591268391497,0.155859844645,3
B5,4,mixed.drop-audio.gaussian-phone_state.sigma-2,audio,phone_state,2,0.560301198118,0.580011766088,0.573271101287,0.162783491659,3
B5,4,mixed.drop-audio.gaussian-watch_acc.sigma-1,audio,watch_acc,1,0.613280315265,0.643625807771,0.617745193076,0.149183098822,3
B5,4,mixed.drop-audio.gaussian-watch_acc.sigma-2,audio,watch_acc,2,0.597060058498,0.630539059258,0.602723137218,0.15388934188,3
B5,4,mixed.drop-location.gaussian-audio.sigma-1,location,audio,1,0.583021814742,0.626433126163,0.629581420865,0.142969090544,3
B5,4,mixed.drop-location.gaussian-audio.sigma-2,location,audio,2,0.57148886934,0.616436888226,0.614514147945,0.147018860581,3
B5,4,mixed.drop-location.gaussian-phone_acc.sigma-1,location,phone_acc,1,0.607029535653,0.650365906973,0.660442589792,0.135481161924,3
B5,4,mixed.drop-location.gaussian-phone_acc.sigma-2,location,phone_acc,2,0.603238500696,0.647972084348,0.654670528203,0.136213635239,3
B5,4,mixed.drop-location.gaussian-phone_gyro.sigma-1,location,phone_gyro,1,0.609019827795,0.651213525127,0.66413567183,0.134800577283,3
B5,4,mixed.drop-location.gaussian-phone_gyro.sigma-2,location,phone_gyro,2,0.604690340776,0.646024514739,0.661051638311,0.136120234221,3
B5,4,mixed.drop-location.gaussian-phone_state.sigma-1,location,phone_state,1,0.568761173162,0.620822853083,0.619049005162,0.141100357304,3
B5,4,mixed.drop-location.gaussian-phone_state.sigma-2,location,phone_state,2,0.548387669,0.603012753213,0.600514470299,0.145919719487,3
B5,4,mixed.drop-location.gaussian-watch_acc.sigma-1,location,watch_acc,1,0.591273288465,0.638517574441,0.649839555387,0.139538868907,3
B5,4,mixed.drop-location.gaussian-watch_acc.sigma-2,location,watch_acc,2,0.564904442463,0.62346386703,0.626467047982,0.144644137917,3
B5,4,mixed.drop-phone_acc.gaussian-audio.sigma-1,phone_acc,audio,1,0.619193483239,0.644206189561,0.625033793913,0.144477502563,3
B5,4,mixed.drop-phone_acc.gaussian-audio.sigma-2,phone_acc,audio,2,0.612433757539,0.637026859577,0.617578720804,0.147015833648,3
B5,4,mixed.drop-phone_acc.gaussian-location.sigma-1,phone_acc,location,1,0.623154809506,0.642902427782,0.639380621735,0.141319057567,3
B5,4,mixed.drop-phone_acc.gaussian-location.sigma-2,phone_acc,location,2,0.61733538598,0.63821316371,0.638812122641,0.14079555231,3
B5,4,mixed.drop-phone_acc.gaussian-phone_gyro.sigma-1,phone_acc,phone_gyro,1,0.635303894014,0.662180489262,0.646920114364,0.138014084562,3
B5,4,mixed.drop-phone_acc.gaussian-phone_gyro.sigma-2,phone_acc,phone_gyro,2,0.632506853261,0.659476673181,0.644420185695,0.138986700226,3
B5,4,mixed.drop-phone_acc.gaussian-phone_state.sigma-1,phone_acc,phone_state,1,0.609060950606,0.633872408893,0.618074021688,0.142954177241,3
B5,4,mixed.drop-phone_acc.gaussian-phone_state.sigma-2,phone_acc,phone_state,2,0.593482860371,0.618539000078,0.607170384339,0.146189935932,3
B5,4,mixed.drop-phone_acc.gaussian-watch_acc.sigma-1,phone_acc,watch_acc,1,0.622079094912,0.650183303018,0.634706367012,0.142664163903,3
B5,4,mixed.drop-phone_acc.gaussian-watch_acc.sigma-2,phone_acc,watch_acc,2,0.604537173849,0.637468408228,0.616311093968,0.14709064117,3
B5,4,mixed.drop-phone_gyro.gaussian-audio.sigma-1,phone_gyro,audio,1,0.624695923379,0.647737968602,0.627497170604,0.145035735625,3
B5,4,mixed.drop-phone_gyro.gaussian-audio.sigma-2,phone_gyro,audio,2,0.61923245254,0.641480826379,0.620596372671,0.147309689633,3
B5,4,mixed.drop-phone_gyro.gaussian-location.sigma-1,phone_gyro,location,1,0.626124686062,0.644339788393,0.644480857529,0.14155506565,3
B5,4,mixed.drop-phone_gyro.gaussian-location.sigma-2,phone_gyro,location,2,0.622131190781,0.641024219841,0.645492882074,0.140960074099,3
B5,4,mixed.drop-phone_gyro.gaussian-phone_acc.sigma-1,phone_gyro,phone_acc,1,0.635531087955,0.661122242249,0.646254780146,0.1398472537,3
B5,4,mixed.drop-phone_gyro.gaussian-phone_acc.sigma-2,phone_gyro,phone_acc,2,0.63329303825,0.659943730147,0.642647159687,0.140742555391,3
B5,4,mixed.drop-phone_gyro.gaussian-phone_state.sigma-1,phone_gyro,phone_state,1,0.612970333714,0.63559177638,0.621251920999,0.144516108268,3
B5,4,mixed.drop-phone_gyro.gaussian-phone_state.sigma-2,phone_gyro,phone_state,2,0.598737816742,0.622175879302,0.612451352205,0.147891481857,3
B5,4,mixed.drop-phone_gyro.gaussian-watch_acc.sigma-1,phone_gyro,watch_acc,1,0.625757445118,0.652536149297,0.637337830257,0.143133112125,3
B5,4,mixed.drop-phone_gyro.gaussian-watch_acc.sigma-2,phone_gyro,watch_acc,2,0.605380937289,0.640696248632,0.617907301723,0.147333382869,3
B5,4,mixed.drop-phone_state.gaussian-audio.sigma-1,phone_state,audio,1,0.577535233769,0.593522930224,0.593152012174,0.159297218403,3
B5,4,mixed.drop-phone_state.gaussian-audio.sigma-2,phone_state,audio,2,0.559999782133,0.575362363988,0.576701418015,0.165498585681,3
B5,4,mixed.drop-phone_state.gaussian-location.sigma-1,phone_state,location,1,0.607251643334,0.620888421415,0.618128675658,0.148391723067,3
B5,4,mixed.drop-phone_state.gaussian-location.sigma-2,phone_state,location,2,0.597578660123,0.612462094722,0.611155932786,0.149563224115,3
B5,4,mixed.drop-phone_state.gaussian-phone_acc.sigma-1,phone_state,phone_acc,1,0.619470570307,0.639618685496,0.626668327716,0.144414871497,3
B5,4,mixed.drop-phone_state.gaussian-phone_acc.sigma-2,phone_state,phone_acc,2,0.613233384331,0.635519267218,0.62286399021,0.145375875807,3
B5,4,mixed.drop-phone_state.gaussian-phone_gyro.sigma-1,phone_state,phone_gyro,1,0.625438724284,0.646675649261,0.631480215344,0.142727941816,3
B5,4,mixed.drop-phone_state.gaussian-phone_gyro.sigma-2,phone_state,phone_gyro,2,0.621978172733,0.642665190754,0.628268887271,0.144149388879,3
B5,4,mixed.drop-phone_state.gaussian-watch_acc.sigma-1,phone_state,watch_acc,1,0.600783090222,0.622034726947,0.613679659276,0.151543926665,3
B5,4,mixed.drop-phone_state.gaussian-watch_acc.sigma-2,phone_state,watch_acc,2,0.575842402422,0.604558165774,0.591356615247,0.158164427375,3
B5,4,mixed.drop-watch_acc.gaussian-audio.sigma-1,watch_acc,audio,1,0.57324723743,0.611018430959,0.579327712734,0.159788964506,3
B5,4,mixed.drop-watch_acc.gaussian-audio.sigma-2,watch_acc,audio,2,0.561230946729,0.60034323817,0.566887823778,0.163178878333,3
B5,4,mixed.drop-watch_acc.gaussian-location.sigma-1,watch_acc,location,1,0.584976811573,0.611161621069,0.603962053994,0.155897417444,3
B5,4,mixed.drop-watch_acc.gaussian-location.sigma-2,watch_acc,location,2,0.571835211029,0.604404852276,0.600090054827,0.156032514388,3
B5,4,mixed.drop-watch_acc.gaussian-phone_acc.sigma-1,watch_acc,phone_acc,1,0.597540849957,0.629671079377,0.605461793216,0.153280221718,3
B5,4,mixed.drop-watch_acc.gaussian-phone_acc.sigma-2,watch_acc,phone_acc,2,0.594869646316,0.627143121214,0.602134684253,0.154336793932,3
B5,4,mixed.drop-watch_acc.gaussian-phone_gyro.sigma-1,watch_acc,phone_gyro,1,0.596747577671,0.632374574052,0.609206787243,0.1516387413,3
B5,4,mixed.drop-watch_acc.gaussian-phone_gyro.sigma-2,watch_acc,phone_gyro,2,0.592153142461,0.629762602937,0.603867181655,0.152550532136,3
B5,4,mixed.drop-watch_acc.gaussian-phone_state.sigma-1,watch_acc,phone_state,1,0.54468325219,0.59613585607,0.567446716845,0.15965458762,3
B5,4,mixed.drop-watch_acc.gaussian-phone_state.sigma-2,watch_acc,phone_state,2,0.528094030753,0.580982125577,0.553339382926,0.16404655217,3
P,0,mixed.drop-audio.gaussian-location.sigma-1,audio,location,1,0.554436267501,0.696391779061,0.553429782901,0.133333618398,3
P,0,mixed.drop-audio.gaussian-location.sigma-2,audio,location,2,0.538681212899,0.688350374369,0.537313664383,0.1374560374,3
P,0,mixed.drop-audio.gaussian-phone_acc.sigma-1,audio,phone_acc,1,0.568816428999,0.708946367129,0.568067011188,0.12724709864,3
P,0,mixed.drop-audio.gaussian-phone_acc.sigma-2,audio,phone_acc,2,0.567285974028,0.706893771129,0.5652689259,0.128375232731,3
P,0,mixed.drop-audio.gaussian-phone_gyro.sigma-1,audio,phone_gyro,1,0.571246337476,0.710365892738,0.569258846707,0.126288041321,3
P,0,mixed.drop-audio.gaussian-phone_gyro.sigma-2,audio,phone_gyro,2,0.569078126611,0.709263460823,0.56669665931,0.126654269487,3
P,0,mixed.drop-audio.gaussian-phone_state.sigma-1,audio,phone_state,1,0.538940902022,0.673603625388,0.545993498443,0.141485757713,3
P,0,mixed.drop-audio.gaussian-phone_state.sigma-2,audio,phone_state,2,0.524311612794,0.659523675349,0.531837659498,0.147602879825,3
P,0,mixed.drop-audio.gaussian-watch_acc.sigma-1,audio,watch_acc,1,0.552991644382,0.694541449752,0.547850386824,0.132622312922,3
P,0,mixed.drop-audio.gaussian-watch_acc.sigma-2,audio,watch_acc,2,0.528170399634,0.681117982992,0.520500601061,0.138148795928,3
P,0,mixed.drop-location.gaussian-audio.sigma-1,location,audio,1,0.523500865879,0.68171014463,0.51971122134,0.138455498265,3
P,0,mixed.drop-location.gaussian-audio.sigma-2,location,audio,2,0.512111962216,0.674305825206,0.507253590376,0.1413408399,3
P,0,mixed.drop-location.gaussian-phone_acc.sigma-1,location,phone_acc,1,0.554158049027,0.703809782905,0.553584906799,0.128545565361,3
P,0,mixed.drop-location.gaussian-phone_acc.sigma-2,location,phone_acc,2,0.547964569442,0.701847012185,0.547290292136,0.129186177222,3
P,0,mixed.drop-location.gaussian-phone_gyro.sigma-1,location,phone_gyro,1,0.554237676239,0.704861585142,0.556364275583,0.128414362401,3
P,0,mixed.drop-location.gaussian-phone_gyro.sigma-2,location,phone_gyro,2,0.550592073823,0.703120400207,0.550128255148,0.128967530083,3
P,0,mixed.drop-location.gaussian-phone_state.sigma-1,location,phone_state,1,0.516937374098,0.672463058201,0.523168673306,0.141969887903,3
P,0,mixed.drop-location.gaussian-phone_state.sigma-2,location,phone_state,2,0.504664308368,0.661893309713,0.512313531451,0.146800299192,3
P,0,mixed.drop-location.gaussian-watch_acc.sigma-1,location,watch_acc,1,0.536433097852,0.69091944816,0.533040436473,0.134110507786,3
P,0,mixed.drop-location.gaussian-watch_acc.sigma-2,location,watch_acc,2,0.517439134186,0.680205872287,0.508104438974,0.138632864483,3
P,0,mixed.drop-phone_acc.gaussian-audio.sigma-1,phone_acc,audio,1,0.542001058378,0.697694689067,0.53731154702,0.127998400697,3
P,0,mixed.drop-phone_acc.gaussian-audio.sigma-2,phone_acc,audio,2,0.534921453761,0.690525206475,0.529483151627,0.130731449479,3
P,0,mixed.drop-phone_acc.gaussian-location.sigma-1,phone_acc,location,1,0.553980742102,0.708538020272,0.554285717214,0.123575886852,3
P,0,mixed.drop-phone_acc.gaussian-location.sigma-2,phone_acc,location,2,0.542575309666,0.701306415145,0.54065249801,0.127265383275,3
P,0,mixed.drop-phone_acc.gaussian-phone_gyro.sigma-1,phone_acc,phone_gyro,1,0.57114143085,0.722188241364,0.567084302234,0.117715926435,3
P,0,mixed.drop-phone_acc.gaussian-phone_gyro.sigma-2,phone_acc,phone_gyro,2,0.567384004296,0.71940265615,0.560974255903,0.118499444417,3
P,0,mixed.drop-phone_acc.gaussian-phone_state.sigma-1,phone_acc,phone_state,1,0.54462573721,0.693014118194,0.545448767858,0.129681427615,3
P,0,mixed.drop-phone_acc.gaussian-phone_state.sigma-2,phone_acc,phone_state,2,0.532936609921,0.68229944537,0.534949276779,0.134142220853,3
P,0,mixed.drop-phone_acc.gaussian-watch_acc.sigma-1,phone_acc,watch_acc,1,0.553327070621,0.709716158192,0.547625766395,0.123017076195,3
P,0,mixed.drop-phone_acc.gaussian-watch_acc.sigma-2,phone_acc,watch_acc,2,0.531208626357,0.696826595704,0.523076248625,0.127765588129,3
P,0,mixed.drop-phone_gyro.gaussian-audio.sigma-1,phone_gyro,audio,1,0.5505685612,0.703556405452,0.546304916181,0.125101699971,3
P,0,mixed.drop-phone_gyro.gaussian-audio.sigma-2,phone_gyro,audio,2,0.541143343992,0.696037306025,0.537603074686,0.127888703408,3
P,0,mixed.drop-phone_gyro.gaussian-location.sigma-1,phone_gyro,location,1,0.563296291681,0.710440374052,0.56082479139,0.123357522412,3
P,0,mixed.drop-phone_gyro.gaussian-location.sigma-2,phone_gyro,location,2,0.550163389573,0.703812746075,0.54699599707,0.126806854965,3
P,0,mixed.drop-phone_gyro.gaussian-phone_acc.sigma-1,phone_gyro,phone_acc,1,0.574959399176,0.722796476982,0.573282812357,0.117288335721,3
P,0,mixed.drop-phone_gyro.gaussian-phone_acc.sigma-2,phone_gyro,phone_acc,2,0.572256495746,0.720984532265,0.567481287271,0.117940198066,3
P,0,mixed.drop-phone_gyro.gaussian-phone_state.sigma-1,phone_gyro,phone_state,1,0.555715159291,0.695573460368,0.558079783317,0.127331837632,3
P,0,mixed.drop-phone_gyro.gaussian-phone_state.sigma-2,phone_gyro,phone_state,2,0.550175202215,0.686745670039,0.550891035579,0.130951158895,3
P,0,mixed.drop-phone_gyro.gaussian-watch_acc.sigma-1,phone_gyro,watch_acc,1,0.556143100766,0.709501020415,0.550907255078,0.122753868791,3
P,0,mixed.drop-phone_gyro.gaussian-watch_acc.sigma-2,phone_gyro,watch_acc,2,0.536820998401,0.698193797957,0.527016759793,0.126786863298,3
P,0,mixed.drop-phone_state.gaussian-audio.sigma-1,phone_state,audio,1,0.520741851431,0.664342514591,0.521590809802,0.146136725281,3
P,0,mixed.drop-phone_state.gaussian-audio.sigma-2,phone_state,audio,2,0.507223315123,0.652882733034,0.505634922932,0.150726967949,3
P,0,mixed.drop-phone_state.gaussian-location.sigma-1,phone_state,location,1,0.549344002672,0.682501490006,0.545150054636,0.138604098659,3
P,0,mixed.drop-phone_state.gaussian-location.sigma-2,phone_state,location,2,0.535940501425,0.674734451993,0.528348572216,0.143242369426,3
P,0,mixed.drop-phone_state.gaussian-phone_acc.sigma-1,phone_state,phone_acc,1,0.559837105705,0.69305809933,0.558825952795,0.133553046608,3
P,0,mixed.drop-phone_state.gaussian-phone_acc.sigma-2,phone_state,phone_acc,2,0.553619912567,0.689146076092,0.554095766427,0.135307319006,3
P,0,mixed.drop-phone_state.gaussian-phone_gyro.sigma-1,phone_state,phone_gyro,1,0.564203063322,0.694516697168,0.562902331991,0.131970711641,3
P,0,mixed.drop-phone_state.gaussian-phone_gyro.sigma-2,phone_state,phone_gyro,2,0.560404122377,0.692137704605,0.558038287866,0.132816397338,3
P,0,mixed.drop-phone_state.gaussian-watch_acc.sigma-1,phone_state,watch_acc,1,0.533749585162,0.672286615462,0.532389431804,0.141447055398,3
P,0,mixed.drop-phone_state.gaussian-watch_acc.sigma-2,phone_state,watch_acc,2,0.508163906017,0.656199455894,0.505452080448,0.148416011389,3
P,0,mixed.drop-watch_acc.gaussian-audio.sigma-1,watch_acc,audio,1,0.510567289424,0.682614215138,0.507092471962,0.13749104252,3
P,0,mixed.drop-watch_acc.gaussian-audio.sigma-2,watch_acc,audio,2,0.49967527421,0.673531500612,0.497772195007,0.14032939506,3
P,0,mixed.drop-watch_acc.gaussian-location.sigma-1,watch_acc,location,1,0.524639845965,0.694530326456,0.524871816303,0.133480163519,3
P,0,mixed.drop-watch_acc.gaussian-location.sigma-2,watch_acc,location,2,0.514427575768,0.687886395265,0.513445723122,0.136720949845,3
P,0,mixed.drop-watch_acc.gaussian-phone_acc.sigma-1,watch_acc,phone_acc,1,0.539134172893,0.706785746867,0.536739785795,0.12800475249,3
P,0,mixed.drop-watch_acc.gaussian-phone_acc.sigma-2,watch_acc,phone_acc,2,0.535702879132,0.704115262108,0.532468570722,0.128945811568,3
P,0,mixed.drop-watch_acc.gaussian-phone_gyro.sigma-1,watch_acc,phone_gyro,1,0.538998643068,0.708219388404,0.537517568218,0.127451318899,3
P,0,mixed.drop-watch_acc.gaussian-phone_gyro.sigma-2,watch_acc,phone_gyro,2,0.536523081231,0.706090662147,0.533126012504,0.127887414859,3
P,0,mixed.drop-watch_acc.gaussian-phone_state.sigma-1,watch_acc,phone_state,1,0.503635103169,0.670161847756,0.506289164131,0.142322689317,3
P,0,mixed.drop-watch_acc.gaussian-phone_state.sigma-2,watch_acc,phone_state,2,0.491568412831,0.657509292966,0.494902661222,0.148035243789,3
P,1,mixed.drop-audio.gaussian-location.sigma-1,audio,location,1,0.584446097041,0.657783636563,0.58177936052,0.140965547497,3
P,1,mixed.drop-audio.gaussian-location.sigma-2,audio,location,2,0.576706846149,0.653327524451,0.572714111845,0.142464474859,3
P,1,mixed.drop-audio.gaussian-phone_acc.sigma-1,audio,phone_acc,1,0.589513901819,0.663593110789,0.586855956698,0.139464230143,3
P,1,mixed.drop-audio.gaussian-phone_acc.sigma-2,audio,phone_acc,2,0.583313352476,0.661238198661,0.581178430389,0.140338356299,3
P,1,mixed.drop-audio.gaussian-phone_gyro.sigma-1,audio,phone_gyro,1,0.59182192722,0.664837629853,0.592019634626,0.13818355114,3
P,1,mixed.drop-audio.gaussian-phone_gyro.sigma-2,audio,phone_gyro,2,0.588302848636,0.661554657431,0.586964718646,0.139908022744,3
P,1,mixed.drop-audio.gaussian-phone_state.sigma-1,audio,phone_state,1,0.552455564647,0.622375276551,0.549176749714,0.152310643438,3
P,1,mixed.drop-audio.gaussian-phone_state.sigma-2,audio,phone_state,2,0.539837165485,0.609077733645,0.535017308713,0.157256017193,3
P,1,mixed.drop-audio.gaussian-watch_acc.sigma-1,audio,watch_acc,1,0.576158277636,0.652403861131,0.578376661903,0.143688771126,3
P,1,mixed.drop-audio.gaussian-watch_acc.sigma-2,audio,watch_acc,2,0.561506165577,0.642233393569,0.56516023333,0.147866265487,3
P,1,mixed.drop-location.gaussian-audio.sigma-1,location,audio,1,0.572399170366,0.668512019085,0.577564573865,0.134508087147,3
P,1,mixed.drop-location.gaussian-audio.sigma-2,location,audio,2,0.562475433725,0.658573093958,0.567230018097,0.138296243893,3
P,1,mixed.drop-location.gaussian-phone_acc.sigma-1,location,phone_acc,1,0.592879880223,0.687104019564,0.596568098121,0.129656410329,3
P,1,mixed.drop-location.gaussian-phone_acc.sigma-2,location,phone_acc,2,0.587452364616,0.685668864262,0.590463017374,0.13090461677,3
P,1,mixed.drop-location.gaussian-phone_gyro.sigma-1,location,phone_gyro,1,0.595501262027,0.688148867681,0.60129740328,0.128305798946,3
P,1,mixed.drop-location.gaussian-phone_gyro.sigma-2,location,phone_gyro,2,0.590988047789,0.684468993756,0.596052884898,0.130026545028,3
P,1,mixed.drop-location.gaussian-phone_state.sigma-1,location,phone_state,1,0.558161542613,0.658014168188,0.564012690507,0.13684627045,3
P,1,mixed.drop-location.gaussian-phone_state.sigma-2,location,phone_state,2,0.548092281015,0.649476556641,0.555710174197,0.13902463396,3
P,1,mixed.drop-location.gaussian-watch_acc.sigma-1,location,watch_acc,1,0.58194926981,0.678882725549,0.588581387954,0.132681091207,3
P,1,mixed.drop-location.gaussian-watch_acc.sigma-2,location,watch_acc,2,0.565725265066,0.670041169303,0.571438547558,0.136429826478,3
P,1,mixed.drop-phone_acc.gaussian-audio.sigma-1,phone_acc,audio,1,0.57245065222,0.664182067634,0.572988361648,0.137160579986,3
P,1,mixed.drop-phone_acc.gaussian-audio.sigma-2,phone_acc,audio,2,0.564305615246,0.655388728719,0.561423067621,0.140154719401,3
P,1,mixed.drop-phone_acc.gaussian-location.sigma-1,phone_acc,location,1,0.588806221682,0.68034829148,0.589078596046,0.132516958375,3
P,1,mixed.drop-phone_acc.gaussian-location.sigma-2,phone_acc,location,2,0.582379259123,0.677552495762,0.580584405938,0.133997712271,3
P,1,mixed.drop-phone_acc.gaussian-phone_gyro.sigma-1,phone_acc,phone_gyro,1,0.595455710636,0.686316376136,0.597106616277,0.130253075665,3
P,1,mixed.drop-phone_acc.gaussian-phone_gyro.sigma-2,phone_acc,phone_gyro,2,0.591696461974,0.682945147727,0.592246256024,0.131977481554,3
P,1,mixed.drop-phone_acc.gaussian-phone_state.sigma-1,phone_acc,phone_state,1,0.564146106119,0.65629849128,0.564060519234,0.137941094759,3
P,1,mixed.drop-phone_acc.gaussian-phone_state.sigma-2,phone_acc,phone_state,2,0.555421134613,0.64834478375,0.556690365548,0.140216547633,3
P,1,mixed.drop-phone_acc.gaussian-watch_acc.sigma-1,phone_acc,watch_acc,1,0.580187763553,0.676933543801,0.583649022556,0.134628716018,3
P,1,mixed.drop-phone_acc.gaussian-watch_acc.sigma-2,phone_acc,watch_acc,2,0.565262560122,0.668175657538,0.569212735587,0.138169079236,3
P,1,mixed.drop-phone_gyro.gaussian-audio.sigma-1,phone_gyro,audio,1,0.576872918356,0.667720154253,0.58015863511,0.135942780146,3
P,1,mixed.drop-phone_gyro.gaussian-audio.sigma-2,phone_gyro,audio,2,0.570276947826,0.660233382955,0.571911443231,0.138359188591,3
P,1,mixed.drop-phone_gyro.gaussian-location.sigma-1,phone_gyro,location,1,0.593044899824,0.683964689738,0.595837304704,0.131402970065,3
P,1,mixed.drop-phone_gyro.gaussian-location.sigma-2,phone_gyro,location,2,0.585950609276,0.680048198321,0.588436670972,0.132653040922,3
P,1,mixed.drop-phone_gyro.gaussian-phone_acc.sigma-1,phone_gyro,phone_acc,1,0.596550427285,0.688151322606,0.59940515421,0.130567354365,3
P,1,mixed.drop-phone_gyro.gaussian-phone_acc.sigma-2,phone_gyro,phone_acc,2,0.592494363071,0.686664416344,0.595295310756,0.131297947194,3
P,1,mixed.drop-phone_gyro.gaussian-phone_state.sigma-1,phone_gyro,phone_state,1,0.570645395232,0.660077250995,0.574505174482,0.137480450337,3
P,1,mixed.drop-phone_gyro.gaussian-phone_state.sigma-2,phone_gyro,phone_state,2,0.564102590261,0.652679607709,0.565769434625,0.139809652965,3
P,1,mixed.drop-phone_gyro.gaussian-watch_acc.sigma-1,phone_gyro,watch_acc,1,0.585847418452,0.68110575606,0.592089008031,0.13338928387,3
P,1,mixed.drop-phone_gyro.gaussian-watch_acc.sigma-2,phone_gyro,watch_acc,2,0.570710827969,0.672674397771,0.574768060061,0.136863673505,3
P,1,mixed.drop-phone_state.gaussian-audio.sigma-1,phone_state,audio,1,0.547590867271,0.624807472856,0.544422293917,0.152035671266,3
P,1,mixed.drop-phone_state.gaussian-audio.sigma-2,phone_state,audio,2,0.53596440616,0.610998204252,0.529617933318,0.157091553642,3
P,1,mixed.drop-phone_state.gaussian-location.sigma-1,phone_state,location,1,0.572410492148,0.6526274625,0.571191847625,0.141246633527,3
P,1,mixed.drop-phone_state.gaussian-location.sigma-2,phone_state,location,2,0.564696386927,0.648659292899,0.561353346469,0.143128708877,3
P,1,mixed.drop-phone_state.gaussian-phone_acc.sigma-1,phone_state,phone_acc,1,0.579194359015,0.65915552219,0.578042747005,0.13986900622,3
P,1,mixed.drop-phone_state.gaussian-phone_acc.sigma-2,phone_state,phone_acc,2,0.57433411629,0.656525675208,0.572633444653,0.141171934264,3
P,1,mixed.drop-phone_state.gaussian-phone_gyro.sigma-1,phone_state,phone_gyro,1,0.581128482634,0.659111294225,0.582291981017,0.138803657331,3
P,1,mixed.drop-phone_state.gaussian-phone_gyro.sigma-2,phone_state,phone_gyro,2,0.577261489858,0.654820290051,0.578100744467,0.141111660923,3
P,1,mixed.drop-phone_state.gaussian-watch_acc.sigma-1,phone_state,watch_acc,1,0.563824491248,0.644380379652,0.566956246082,0.145767104611,3
P,1,mixed.drop-phone_state.gaussian-watch_acc.sigma-2,phone_state,watch_acc,2,0.54570420644,0.631808304063,0.54824169519,0.150868624528,3
P,1,mixed.drop-watch_acc.gaussian-audio.sigma-1,watch_acc,audio,1,0.547691487364,0.648808876466,0.545627161512,0.146605847901,3
P,1,mixed.drop-watch_acc.gaussian-audio.sigma-2,watch_acc,audio,2,0.539059069728,0.639585666155,0.536102340608,0.14989208854,3
P,1,mixed.drop-watch_acc.gaussian-location.sigma-1,watch_acc,location,1,0.568980998503,0.667582786096,0.56884987519,0.140094697464,3
P,1,mixed.drop-watch_acc.gaussian-location.sigma-2,watch_acc,location,2,0.56282597382,0.664951249096,0.561439345786,0.141381882091,3
P,1,mixed.drop-watch_acc.gaussian-phone_acc.sigma-1,watch_acc,phone_acc,1,0.573366756358,0.673910550538,0.573095652972,0.138616373774,3
P,1,mixed.drop-watch_acc.gaussian-phone_acc.sigma-2,watch_acc,phone_acc,2,0.566718085255,0.671779648893,0.567054939458,0.139566956857,3
P,1,mixed.drop-watch_acc.gaussian-phone_gyro.sigma-1,watch_acc,phone_gyro,1,0.57597861248,0.674740272355,0.577648057811,0.137507458709,3
P,1,mixed.drop-watch_acc.gaussian-phone_gyro.sigma-2,watch_acc,phone_gyro,2,0.572675502684,0.671844176869,0.572912203883,0.139099581402,3
P,1,mixed.drop-watch_acc.gaussian-phone_state.sigma-1,watch_acc,phone_state,1,0.540516613373,0.63679566777,0.541385612338,0.149063309881,3
P,1,mixed.drop-watch_acc.gaussian-phone_state.sigma-2,watch_acc,phone_state,2,0.530364315148,0.626729557895,0.530473558658,0.152261550318,3
P,2,mixed.drop-audio.gaussian-location.sigma-1,audio,location,1,0.594065453875,0.697171041443,0.590940085481,0.135709046908,3
P,2,mixed.drop-audio.gaussian-location.sigma-2,audio,location,2,0.585483563415,0.6920811278,0.581026454709,0.137366587115,3
P,2,mixed.drop-audio.gaussian-phone_acc.sigma-1,audio,phone_acc,1,0.60697045426,0.712179819846,0.605299358294,0.130939988359,3
P,2,mixed.drop-audio.gaussian-phone_acc.sigma-2,audio,phone_acc,2,0.601949394714,0.708278212033,0.599180208752,0.133290192399,3
P,2,mixed.drop-audio.gaussian-phone_gyro.sigma-1,audio,phone_gyro,1,0.608563506226,0.71427413353,0.609124309437,0.130066469053,3
P,2,mixed.drop-audio.gaussian-phone_gyro.sigma-2,audio,phone_gyro,2,0.60441466347,0.711612432663,0.6050580749,0.131499688736,3
P,2,mixed.drop-audio.gaussian-phone_state.sigma-1,audio,phone_state,1,0.568543483943,0.668579296877,0.560996081068,0.146803021222,3
P,2,mixed.drop-audio.gaussian-phone_state.sigma-2,audio,phone_state,2,0.554424881388,0.65092608988,0.545555174935,0.15389850293,3
P,2,mixed.drop-audio.gaussian-watch_acc.sigma-1,audio,watch_acc,1,0.594554699532,0.700001792312,0.594502059255,0.135363604641,3
P,2,mixed.drop-audio.gaussian-watch_acc.sigma-2,audio,watch_acc,2,0.57501630594,0.686752069146,0.574280164303,0.141290081124,3
P,2,mixed.drop-location.gaussian-audio.sigma-1,location,audio,1,0.584348836567,0.697886169255,0.582035316748,0.133740961814,3
P,2,mixed.drop-location.gaussian-audio.sigma-2,location,audio,2,0.57467215445,0.689813609601,0.570819670085,0.137040365684,3
P,2,mixed.drop-location.gaussian-phone_acc.sigma-1,location,phone_acc,1,0.596933940781,0.709804063492,0.601464593765,0.128974410311,3
P,2,mixed.drop-location.gaussian-phone_acc.sigma-2,location,phone_acc,2,0.591376754348,0.706905860483,0.595591803949,0.130625923809,3
P,2,mixed.drop-location.gaussian-phone_gyro.sigma-1,location,phone_gyro,1,0.601159479221,0.713372501444,0.604672039378,0.128036210248,3
P,2,mixed.drop-location.gaussian-phone_gyro.sigma-2,location,phone_gyro,2,0.597598021048,0.711561670186,0.599382812985,0.12922034151,3
P,2,mixed.drop-location.gaussian-phone_state.sigma-1,location,phone_state,1,0.570601972074,0.685342110596,0.568429352579,0.13756631746,3
P,2,mixed.drop-location.gaussian-phone_state.sigma-2,location,phone_state,2,0.56045399825,0.676319203811,0.558820471305,0.140828944693,3
P,2,mixed.drop-location.gaussian-watch_acc.sigma-1,location,watch_acc,1,0.587220148902,0.699513971508,0.590509539869,0.132435015881,3
P,2,mixed.drop-location.gaussian-watch_acc.sigma-2,location,watch_acc,2,0.569762260396,0.688275236853,0.568171935877,0.137553692844,3
P,2,mixed.drop-phone_acc.gaussian-audio.sigma-1,phone_acc,audio,1,0.59266790024,0.707362124051,0.58603402849,0.131746108478,3
P,2,mixed.drop-phone_acc.gaussian-audio.sigma-2,phone_acc,audio,2,0.584668555444,0.700607698088,0.575824446517,0.134759087277,3
P,2,mixed.drop-phone_acc.gaussian-location.sigma-1,phone_acc,location,1,0.590355361567,0.707222928761,0.591227555664,0.13098986998,3
P,2,mixed.drop-phone_acc.gaussian-location.sigma-2,phone_acc,location,2,0.583178724331,0.702284651292,0.584646828527,0.13284147177,3
P,2,mixed.drop-phone_acc.gaussian-phone_gyro.sigma-1,phone_acc,phone_gyro,1,0.604187128958,0.72082261419,0.603696321374,0.126813779051,3
P,2,mixed.drop-phone_acc.gaussian-phone_gyro.sigma-2,phone_acc,phone_gyro,2,0.600027926266,0.718452848256,0.599172344496,0.128280442893,3
P,2,mixed.drop-phone_acc.gaussian-phone_state.sigma-1,phone_acc,phone_state,1,0.581608390253,0.700852003832,0.575417062337,0.133680555272,3
P,2,mixed.drop-phone_acc.gaussian-phone_state.sigma-2,phone_acc,phone_state,2,0.575070989612,0.693296686014,0.567537128354,0.136716309532,3
P,2,mixed.drop-phone_acc.gaussian-watch_acc.sigma-1,phone_acc,watch_acc,1,0.594003408371,0.709684538029,0.591126242757,0.130360184059,3
P,2,mixed.drop-phone_acc.gaussian-watch_acc.sigma-2,phone_acc,watch_acc,2,0.578478589126,0.698311116604,0.573249283355,0.135307958507,3
P,2,mixed.drop-phone_gyro.gaussian-audio.sigma-1,phone_gyro,audio,1,0.594820820944,0.710153956485,0.594477963221,0.130544086383,3
P,2,mixed.drop-phone_gyro.gaussian-audio.sigma-2,phone_gyro,audio,2,0.588846514793,0.704580062324,0.586036882452,0.132793504586,3
P,2,mixed.drop-phone_gyro.gaussian-location.sigma-1,phone_gyro,location,1,0.596355792063,0.712547272032,0.599506940691,0.129163801311,3
P,2,mixed.drop-phone_gyro.gaussian-location.sigma-2,phone_gyro,location,2,0.589926943249,0.708937724337,0.592852764096,0.130501542626,3
P,2,mixed.drop-phone_gyro.gaussian-phone_acc.sigma-1,phone_gyro,phone_acc,1,0.60519522011,0.723087034004,0.608183945506,0.126062076552,3
P,2,mixed.drop-phone_gyro.gaussian-phone_acc.sigma-2,phone_gyro,phone_acc,2,0.600351742308,0.719761627457,0.60244253412,0.127985146973,3
P,2,mixed.drop-phone_gyro.gaussian-phone_state.sigma-1,phone_gyro,phone_state,1,0.586155430976,0.70402748556,0.582018998093,0.132722391422,3
P,2,mixed.drop-phone_gyro.gaussian-phone_state.sigma-2,phone_gyro,phone_state,2,0.579473471345,0.696331857949,0.574635399247,0.135807305746,3
P,2,mixed.drop-phone_gyro.gaussian-watch_acc.sigma-1,phone_gyro,watch_acc,1,0.598309440201,0.714835412725,0.599109416106,0.128697908091,3
P,2,mixed.drop-phone_gyro.gaussian-watch_acc.sigma-2,phone_gyro,watch_acc,2,0.582401082485,0.704219018403,0.580515655063,0.133316570232,3
P,2,mixed.drop-phone_state.gaussian-audio.sigma-1,phone_state,audio,1,0.557464067916,0.663386529138,0.549479936653,0.150076468115,3
P,2,mixed.drop-phone_state.gaussian-audio.sigma-2,phone_state,audio,2,0.543878362593,0.649887904406,0.534400362653,0.155488711175,3
P,2,mixed.drop-phone_state.gaussian-location.sigma-1,phone_state,location,1,0.573155514463,0.686679220404,0.570413652055,0.13979758386,3
P,2,mixed.drop-phone_state.gaussian-location.sigma-2,phone_state,location,2,0.564412878062,0.680580607889,0.561166256052,0.14191687386,3
P,2,mixed.drop-phone_state.gaussian-phone_acc.sigma-1,phone_state,phone_acc,1,0.583495442622,0.699648710374,0.582747988162,0.135988193407,3
P,2,mixed.drop-phone_state.gaussian-phone_acc.sigma-2,phone_state,phone_acc,2,0.578368235111,0.694428920763,0.576054880254,0.138911496474,3
P,2,mixed.drop-phone_state.gaussian-phone_gyro.sigma-1,phone_state,phone_gyro,1,0.585650593909,0.700692369313,0.585854823556,0.135827305128,3
P,2,mixed.drop-phone_state.gaussian-phone_gyro.sigma-2,phone_state,phone_gyro,2,0.581344765453,0.69743827016,0.580115345085,0.137913423412,3
P,2,mixed.drop-phone_state.gaussian-watch_acc.sigma-1,phone_state,watch_acc,1,0.566410845587,0.677525161944,0.567011865339,0.144111222763,3
P,2,mixed.drop-phone_state.gaussian-watch_acc.sigma-2,phone_state,watch_acc,2,0.547737334975,0.661612724317,0.545768003187,0.151277294658,3
P,2,mixed.drop-watch_acc.gaussian-audio.sigma-1,watch_acc,audio,1,0.557129445607,0.691211488123,0.554607282384,0.140014328544,3
P,2,mixed.drop-watch_acc.gaussian-audio.sigma-2,watch_acc,audio,2,0.544979730224,0.680878373301,0.538677166622,0.144278355448,3
P,2,mixed.drop-watch_acc.gaussian-location.sigma-1,watch_acc,location,1,0.566581932912,0.696834047042,0.567252692718,0.137245711889,3
P,2,mixed.drop-watch_acc.gaussian-location.sigma-2,watch_acc,location,2,0.55722145896,0.690870843039,0.556736839842,0.139394246469,3
P,2,mixed.drop-watch_acc.gaussian-phone_acc.sigma-1,watch_acc,phone_acc,1,0.576694952297,0.708435366162,0.577015457185,0.133524797795,3
P,2,mixed.drop-watch_acc.gaussian-phone_acc.sigma-2,watch_acc,phone_acc,2,0.573379305656,0.70508097714,0.571679718825,0.135550477347,3
P,2,mixed.drop-watch_acc.gaussian-phone_gyro.sigma-1,watch_acc,phone_gyro,1,0.577975954826,0.709357533705,0.578526906698,0.133253939678,3
P,2,mixed.drop-watch_acc.gaussian-phone_gyro.sigma-2,watch_acc,phone_gyro,2,0.573456813117,0.706733632856,0.572321093593,0.13480812208,3
P,2,mixed.drop-watch_acc.gaussian-phone_state.sigma-1,watch_acc,phone_state,1,0.548400317478,0.680009046466,0.538018375888,0.144133041802,3
P,2,mixed.drop-watch_acc.gaussian-phone_state.sigma-2,watch_acc,phone_state,2,0.540078662042,0.669129143542,0.52647361816,0.148588789374,3
P,3,mixed.drop-audio.gaussian-location.sigma-1,audio,location,1,0.525328838792,0.665847812331,0.533771489627,0.150153407661,3
P,3,mixed.drop-audio.gaussian-location.sigma-2,audio,location,2,0.512103327908,0.656361530974,0.519189464313,0.154383178971,3
P,3,mixed.drop-audio.gaussian-phone_acc.sigma-1,audio,phone_acc,1,0.531091385401,0.6687382649,0.536922008725,0.148283748317,3
P,3,mixed.drop-audio.gaussian-phone_acc.sigma-2,audio,phone_acc,2,0.526741317742,0.668608664341,0.530654011931,0.148766148442,3
P,3,mixed.drop-audio.gaussian-phone_gyro.sigma-1,audio,phone_gyro,1,0.530741480922,0.670450664852,0.539274261296,0.146473849903,3
P,3,mixed.drop-audio.gaussian-phone_gyro.sigma-2,audio,phone_gyro,2,0.528806417595,0.669500453401,0.534924504088,0.146411788339,3
P,3,mixed.drop-audio.gaussian-phone_state.sigma-1,audio,phone_state,1,0.497960872544,0.623522799716,0.492822574087,0.162539806797,3
P,3,mixed.drop-audio.gaussian-phone_state.sigma-2,audio,phone_state,2,0.486045567534,0.612457622986,0.478614264053,0.16678703894,3
P,3,mixed.drop-audio.gaussian-watch_acc.sigma-1,audio,watch_acc,1,0.506004078745,0.644799688474,0.510976342038,0.158608692004,3
P,3,mixed.drop-audio.gaussian-watch_acc.sigma-2,audio,watch_acc,2,0.488365255091,0.632402401352,0.48881968355,0.164219518734,3
P,3,mixed.drop-location.gaussian-audio.sigma-1,location,audio,1,0.515304978013,0.668117270728,0.520364238143,0.148955032169,3
P,3,mixed.drop-location.gaussian-audio.sigma-2,location,audio,2,0.506462559975,0.656710386741,0.509480595842,0.153709021139,3
P,3,mixed.drop-location.gaussian-phone_acc.sigma-1,location,phone_acc,1,0.542010503893,0.699122221985,0.555332683351,0.136972764731,3
P,3,mixed.drop-location.gaussian-phone_acc.sigma-2,location,phone_acc,2,0.537302705106,0.698026941512,0.548593789872,0.137820594128,3
P,3,mixed.drop-location.gaussian-phone_gyro.sigma-1,location,phone_gyro,1,0.54229489904,0.701455479133,0.557085454886,0.134921745039,3
P,3,mixed.drop-location.gaussian-phone_gyro.sigma-2,location,phone_gyro,2,0.537380030278,0.699754564509,0.550030238831,0.135295196779,3
P,3,mixed.drop-location.gaussian-phone_state.sigma-1,location,phone_state,1,0.525559334023,0.672877076926,0.530778669964,0.14323351952,3
P,3,mixed.drop-location.gaussian-phone_state.sigma-2,location,phone_state,2,0.517999360311,0.66493744717,0.522728641014,0.145617362115,3
P,3,mixed.drop-location.gaussian-watch_acc.sigma-1,location,watch_acc,1,0.524523940285,0.685418076728,0.536498607665,0.143499756726,3
P,3,mixed.drop-location.gaussian-watch_acc.sigma-2,location,watch_acc,2,0.507214306996,0.675232483968,0.513434238029,0.148110753774,3
P,3,mixed.drop-phone_acc.gaussian-audio.sigma-1,phone_acc,audio,1,0.534427813996,0.686472977294,0.529667100385,0.138029159666,3
P,3,mixed.drop-phone_acc.gaussian-audio.sigma-2,phone_acc,audio,2,0.523813350106,0.675338994954,0.515353424294,0.142866911868,3
P,3,mixed.drop-phone_acc.gaussian-location.sigma-1,phone_acc,location,1,0.552226322687,0.708408055822,0.559043335511,0.129790771883,3
P,3,mixed.drop-phone_acc.gaussian-location.sigma-2,phone_acc,location,2,0.539240719162,0.700346831228,0.547368909456,0.133593348057,3
P,3,mixed.drop-phone_acc.gaussian-phone_gyro.sigma-1,phone_acc,phone_gyro,1,0.562119930562,0.719678340911,0.568296267002,0.124049910197,3
P,3,mixed.drop-phone_acc.gaussian-phone_gyro.sigma-2,phone_acc,phone_gyro,2,0.559088127887,0.718322572244,0.563535148839,0.124353868743,3
P,3,mixed.drop-phone_acc.gaussian-phone_state.sigma-1,phone_acc,phone_state,1,0.547612183754,0.690986551897,0.545097332551,0.130012578644,3
P,3,mixed.drop-phone_acc.gaussian-phone_state.sigma-2,phone_acc,phone_state,2,0.541529342646,0.683255792023,0.538032218292,0.132115484658,3
P,3,mixed.drop-phone_acc.gaussian-watch_acc.sigma-1,phone_acc,watch_acc,1,0.546215825369,0.705265084815,0.548319424312,0.13189104178,3
P,3,mixed.drop-phone_acc.gaussian-watch_acc.sigma-2,phone_acc,watch_acc,2,0.527330526456,0.69638047067,0.527063254637,0.136355439014,3
P,3,mixed.drop-phone_gyro.gaussian-audio.sigma-1,phone_gyro,audio,1,0.529322679432,0.677724841528,0.529684390885,0.140152063322,3
P,3,mixed.drop-phone_gyro.gaussian-audio.sigma-2,phone_gyro,audio,2,0.519554331465,0.666825720537,0.519042660958,0.144618560127,3
P,3,mixed.drop-phone_gyro.gaussian-location.sigma-1,phone_gyro,location,1,0.548173048909,0.70226676088,0.557661569612,0.131494321679,3
P,3,mixed.drop-phone_gyro.gaussian-location.sigma-2,phone_gyro,location,2,0.534615094181,0.694810096172,0.542481254528,0.135025959292,3
P,3,mixed.drop-phone_gyro.gaussian-phone_acc.sigma-1,phone_gyro,phone_acc,1,0.558447563352,0.71058646992,0.56519612655,0.12786221273,3
P,3,mixed.drop-phone_gyro.gaussian-phone_acc.sigma-2,phone_gyro,phone_acc,2,0.553814645679,0.709164409304,0.559470067313,0.128671079939,3
P,3,mixed.drop-phone_gyro.gaussian-phone_state.sigma-1,phone_gyro,phone_state,1,0.539365433043,0.678167357872,0.543492920388,0.134119033378,3
P,3,mixed.drop-phone_gyro.gaussian-phone_state.sigma-2,phone_gyro,phone_state,2,0.532846435763,0.670797480637,0.536636542144,0.136361979516,3
P,3,mixed.drop-phone_gyro.gaussian-watch_acc.sigma-1,phone_gyro,watch_acc,1,0.541075645764,0.695724829674,0.548101580446,0.134541312053,3
P,3,mixed.drop-phone_gyro.gaussian-watch_acc.sigma-2,phone_gyro,watch_acc,2,0.526547908282,0.686114514083,0.530468189455,0.138653274426,3
P,3,mixed.drop-phone_state.gaussian-audio.sigma-1,phone_state,audio,1,0.49642361956,0.623635900841,0.483798179434,0.159650086001,3
P,3,mixed.drop-phone_state.gaussian-audio.sigma-2,phone_state,audio,2,0.483711974874,0.610854200861,0.469056967648,0.166094991459,3
P,3,mixed.drop-phone_state.gaussian-location.sigma-1,phone_state,location,1,0.532963096431,0.66542432593,0.534005605626,0.142750773253,3
P,3,mixed.drop-phone_state.gaussian-location.sigma-2,phone_state,location,2,0.521271395434,0.658756298662,0.520410482103,0.146458233432,3
P,3,mixed.drop-phone_state.gaussian-phone_acc.sigma-1,phone_state,phone_acc,1,0.541792252303,0.672330597544,0.542264976894,0.139009528462,3
P,3,mixed.drop-phone_state.gaussian-phone_acc.sigma-2,phone_state,phone_acc,2,0.538469184884,0.671479191662,0.535371653239,0.140156683833,3
P,3,mixed.drop-phone_state.gaussian-phone_gyro.sigma-1,phone_state,phone_gyro,1,0.541255362683,0.673653535669,0.543736473036,0.137370810389,3
P,3,mixed.drop-phone_state.gaussian-phone_gyro.sigma-2,phone_state,phone_gyro,2,0.538137237896,0.671848844716,0.538104818192,0.138161499082,3
P,3,mixed.drop-phone_state.gaussian-watch_acc.sigma-1,phone_state,watch_acc,1,0.516498478296,0.6462337187,0.517780509654,0.149836917009,3
P,3,mixed.drop-phone_state.gaussian-watch_acc.sigma-2,phone_state,watch_acc,2,0.495982294771,0.632737403336,0.492760241423,0.15660934308,3
P,3,mixed.drop-watch_acc.gaussian-audio.sigma-1,watch_acc,audio,1,0.48849983742,0.65200922044,0.480964984488,0.154782746495,3
P,3,mixed.drop-watch_acc.gaussian-audio.sigma-2,watch_acc,audio,2,0.476434352643,0.639692078349,0.465838687891,0.160219318048,3
P,3,mixed.drop-watch_acc.gaussian-location.sigma-1,watch_acc,location,1,0.516643954427,0.685397677255,0.522194239155,0.142240800438,3
P,3,mixed.drop-watch_acc.gaussian-location.sigma-2,watch_acc,location,2,0.501978628648,0.677760528301,0.507159787494,0.145983371475,3
P,3,mixed.drop-watch_acc.gaussian-phone_acc.sigma-1,watch_acc,phone_acc,1,0.523192223358,0.693310050594,0.52983338464,0.138764689069,3
P,3,mixed.drop-watch_acc.gaussian-phone_acc.sigma-2,watch_acc,phone_acc,2,0.518658086444,0.691819177584,0.524339879429,0.139832128472,3
P,3,mixed.drop-watch_acc.gaussian-phone_gyro.sigma-1,watch_acc,phone_gyro,1,0.523978991433,0.695430234163,0.530517691803,0.136968606926,3
P,3,mixed.drop-watch_acc.gaussian-phone_gyro.sigma-2,watch_acc,phone_gyro,2,0.520831879371,0.69419357121,0.525005062329,0.137226994183,3
P,3,mixed.drop-watch_acc.gaussian-phone_state.sigma-1,watch_acc,phone_state,1,0.501114702818,0.649354739291,0.502164598,0.148899952767,3
P,3,mixed.drop-watch_acc.gaussian-phone_state.sigma-2,watch_acc,phone_state,2,0.490502485844,0.638369121363,0.489744330769,0.152184868363,3
P,4,mixed.drop-audio.gaussian-location.sigma-1,audio,location,1,0.604989156304,0.617459088244,0.614168017166,0.151910534621,3
P,4,mixed.drop-audio.gaussian-location.sigma-2,audio,location,2,0.59544537593,0.60736330526,0.60720507357,0.154005770106,3
P,4,mixed.drop-audio.gaussian-phone_acc.sigma-1,audio,phone_acc,1,0.614550876444,0.634471516959,0.622473778505,0.148584653182,3
P,4,mixed.drop-audio.gaussian-phone_acc.sigma-2,audio,phone_acc,2,0.610491503676,0.630866023576,0.618949790468,0.149811614252,3
P,4,mixed.drop-audio.gaussian-phone_gyro.sigma-1,audio,phone_gyro,1,0.617800356632,0.638710193024,0.626340845058,0.146687032082,3
P,4,mixed.drop-audio.gaussian-phone_gyro.sigma-2,audio,phone_gyro,2,0.615465458125,0.636649529474,0.624167237274,0.147480954048,3
P,4,mixed.drop-audio.gaussian-phone_state.sigma-1,audio,phone_state,1,0.57572255436,0.585497146911,0.588020480488,0.159126470209,3
P,4,mixed.drop-audio.gaussian-phone_state.sigma-2,audio,phone_state,2,0.553339685125,0.561806333765,0.570746765141,0.165727739538,3
P,4,mixed.drop-audio.gaussian-watch_acc.sigma-1,audio,watch_acc,1,0.605298393026,0.626076410652,0.616417035116,0.151975756775,3
P,4,mixed.drop-audio.gaussian-watch_acc.sigma-2,audio,watch_acc,2,0.589593666627,0.614045717106,0.599876925942,0.156635722645,3
P,4,mixed.drop-location.gaussian-audio.sigma-1,location,audio,1,0.583378199496,0.609715021579,0.622244441837,0.146774674376,3
P,4,mixed.drop-location.gaussian-audio.sigma-2,location,audio,2,0.566255982127,0.596955893874,0.606035608715,0.151309278151,3
P,4,mixed.drop-location.gaussian-phone_acc.sigma-1,location,phone_acc,1,0.611530469129,0.640574075766,0.65131259469,0.137115843944,3
P,4,mixed.drop-location.gaussian-phone_acc.sigma-2,location,phone_acc,2,0.607999601507,0.636648217629,0.645323226464,0.138381021443,3
P,4,mixed.drop-location.gaussian-phone_gyro.sigma-1,location,phone_gyro,1,0.612726273866,0.641050579451,0.656675362796,0.136279888396,3
P,4,mixed.drop-location.gaussian-phone_gyro.sigma-2,location,phone_gyro,2,0.606395071587,0.635618666138,0.653170368621,0.137772304005,3
P,4,mixed.drop-location.gaussian-phone_state.sigma-1,location,phone_state,1,0.570069653834,0.611891100636,0.615527310655,0.14126131193,3
P,4,mixed.drop-location.gaussian-phone_state.sigma-2,location,phone_state,2,0.551372599153,0.597037412392,0.596879486406,0.144986523261,3
P,4,mixed.drop-location.gaussian-watch_acc.sigma-1,location,watch_acc,1,0.600339337163,0.632904269994,0.643918888742,0.140483885566,3
P,4,mixed.drop-location.gaussian-watch_acc.sigma-2,location,watch_acc,2,0.574811435444,0.619927070951,0.62007023829,0.145547954508,3
P,4,mixed.drop-phone_acc.gaussian-audio.sigma-1,phone_acc,audio,1,0.6112353517,0.628067324116,0.62079538057,0.147813911294,3
P,4,mixed.drop-phone_acc.gaussian-audio.sigma-2,phone_acc,audio,2,0.600562103989,0.617572663713,0.611554008364,0.151315773064,3
P,4,mixed.drop-phone_acc.gaussian-location.sigma-1,phone_acc,location,1,0.620589882614,0.634121505125,0.634900983747,0.142353606174,3
P,4,mixed.drop-phone_acc.gaussian-location.sigma-2,phone_acc,location,2,0.6130213251,0.627065264281,0.630777625659,0.143094684135,3
P,4,mixed.drop-phone_acc.gaussian-phone_gyro.sigma-1,phone_acc,phone_gyro,1,0.630987092808,0.652828290837,0.645715953967,0.13899181517,3
P,4,mixed.drop-phone_acc.gaussian-phone_gyro.sigma-2,phone_acc,phone_gyro,2,0.627865765916,0.650420500672,0.64237986109,0.1399964311,3
P,4,mixed.drop-phone_acc.gaussian-phone_state.sigma-1,phone_acc,phone_state,1,0.602662001939,0.62273943679,0.615533362936,0.143899449562,3
P,4,mixed.drop-phone_acc.gaussian-phone_state.sigma-2,phone_acc,phone_state,2,0.588249525728,0.608915875938,0.604729291683,0.146587798362,3
P,4,mixed.drop-phone_acc.gaussian-watch_acc.sigma-1,phone_acc,watch_acc,1,0.619925408026,0.643901711376,0.634027543158,0.143079288016,3
P,4,mixed.drop-phone_acc.gaussian-watch_acc.sigma-2,phone_acc,watch_acc,2,0.60332035593,0.632381444237,0.615936689398,0.147303861287,3
P,4,mixed.drop-phone_gyro.gaussian-audio.sigma-1,phone_gyro,audio,1,0.615243593897,0.63143552545,0.62571991553,0.147508335389,3
P,4,mixed.drop-phone_gyro.gaussian-audio.sigma-2,phone_gyro,audio,2,0.607289402204,0.623196848579,0.617513106906,0.150407775673,3
P,4,mixed.drop-phone_gyro.gaussian-location.sigma-1,phone_gyro,location,1,0.62196112423,0.635960815473,0.639443153101,0.142305264205,3
P,4,mixed.drop-phone_gyro.gaussian-location.sigma-2,phone_gyro,location,2,0.617050027335,0.631196191063,0.63799413876,0.142501835074,3
P,4,mixed.drop-phone_gyro.gaussian-phone_acc.sigma-1,phone_gyro,phone_acc,1,0.628788822883,0.649096906792,0.643631180453,0.140925220239,3
P,4,mixed.drop-phone_gyro.gaussian-phone_acc.sigma-2,phone_gyro,phone_acc,2,0.626058148779,0.646612939551,0.63942914817,0.142122868606,3
P,4,mixed.drop-phone_gyro.gaussian-phone_state.sigma-1,phone_gyro,phone_state,1,0.60954108316,0.62658265735,0.621789639872,0.144410619689,3
P,4,mixed.drop-phone_gyro.gaussian-phone_state.sigma-2,phone_gyro,phone_state,2,0.6002846203,0.617144417894,0.614771595921,0.146733627104,3
P,4,mixed.drop-phone_gyro.gaussian-watch_acc.sigma-1,phone_gyro,watch_acc,1,0.621314543789,0.644012952309,0.637591087985,0.143214315756,3
P,4,mixed.drop-phone_gyro.gaussian-watch_acc.sigma-2,phone_gyro,watch_acc,2,0.601225709322,0.63351539822,0.615850886199,0.147470636816,3
P,4,mixed.drop-phone_state.gaussian-audio.sigma-1,phone_state,audio,1,0.568349736776,0.57635041023,0.586400443807,0.162990717583,3
P,4,mixed.drop-phone_state.gaussian-audio.sigma-2,phone_state,audio,2,0.543931917252,0.554152328198,0.565652486925,0.170716241895,3
P,4,mixed.drop-phone_state.gaussian-location.sigma-1,phone_state,location,1,0.605149923448,0.61353417633,0.617371723619,0.147055138613,3
P,4,mixed.drop-phone_state.gaussian-location.sigma-2,phone_state,location,2,0.59384784947,0.604339455149,0.608189027885,0.148961850831,3
P,4,mixed.drop-phone_state.gaussian-phone_acc.sigma-1,phone_state,phone_acc,1,0.611476139602,0.623905243266,0.624187670584,0.145501793495,3
P,4,mixed.drop-phone_state.gaussian-phone_acc.sigma-2,phone_state,phone_acc,2,0.606257470106,0.620139441831,0.619851969452,0.146830408606,3
P,4,mixed.drop-phone_state.gaussian-phone_gyro.sigma-1,phone_state,phone_gyro,1,0.620752575661,0.634384838579,0.631800202,0.142970150325,3
P,4,mixed.drop-phone_state.gaussian-phone_gyro.sigma-2,phone_state,phone_gyro,2,0.616885033257,0.631074019993,0.627506758679,0.144635685687,3
P,4,mixed.drop-phone_state.gaussian-watch_acc.sigma-1,phone_state,watch_acc,1,0.599333443809,0.613867415751,0.613813406397,0.150958784698,3
P,4,mixed.drop-phone_state.gaussian-watch_acc.sigma-2,phone_state,watch_acc,2,0.572473320959,0.596955272786,0.59138293096,0.157853352377,3
P,4,mixed.drop-watch_acc.gaussian-audio.sigma-1,watch_acc,audio,1,0.561837838632,0.600250733578,0.570789778633,0.15991726697,3
P,4,mixed.drop-watch_acc.gaussian-audio.sigma-2,watch_acc,audio,2,0.550015838174,0.588638830148,0.556504166192,0.163867148501,3
P,4,mixed.drop-watch_acc.gaussian-location.sigma-1,watch_acc,location,1,0.570646322223,0.609340842168,0.591195602582,0.153785784149,3
P,4,mixed.drop-watch_acc.gaussian-location.sigma-2,watch_acc,location,2,0.5577201987,0.600711460061,0.583044679783,0.155008547402,3
P,4,mixed.drop-watch_acc.gaussian-phone_acc.sigma-1,watch_acc,phone_acc,1,0.581046772572,0.624922608261,0.595890113953,0.151489371839,3
P,4,mixed.drop-watch_acc.gaussian-phone_acc.sigma-2,watch_acc,phone_acc,2,0.577897141336,0.621591054198,0.591670831934,0.152609838521,3
P,4,mixed.drop-watch_acc.gaussian-phone_gyro.sigma-1,watch_acc,phone_gyro,1,0.579456390945,0.629144220879,0.600242441994,0.149562952237,3
P,4,mixed.drop-watch_acc.gaussian-phone_gyro.sigma-2,watch_acc,phone_gyro,2,0.576004170353,0.626605163958,0.596760123232,0.150452261637,3
P,4,mixed.drop-watch_acc.gaussian-phone_state.sigma-1,watch_acc,phone_state,1,0.542127124609,0.595939732417,0.564003709112,0.156879532316,3
P,4,mixed.drop-watch_acc.gaussian-phone_state.sigma-2,watch_acc,phone_state,2,0.528238657916,0.583048137979,0.55311843124,0.160087483922,3
P2,0,mixed.drop-audio.gaussian-location.sigma-1,audio,location,1,0.562320301418,0.696203789818,0.564956869798,0.135924524063,3
P2,0,mixed.drop-audio.gaussian-location.sigma-2,audio,location,2,0.547759963411,0.689465116637,0.547631213516,0.139977488488,3
P2,0,mixed.drop-audio.gaussian-phone_acc.sigma-1,audio,phone_acc,1,0.575907303845,0.708973496102,0.581203474999,0.129511703655,3
P2,0,mixed.drop-audio.gaussian-phone_acc.sigma-2,audio,phone_acc,2,0.572667424388,0.706202343536,0.576531065872,0.130974127583,3
P2,0,mixed.drop-audio.gaussian-phone_gyro.sigma-1,audio,phone_gyro,1,0.576792025492,0.708982823266,0.581142492766,0.129084510654,3
P2,0,mixed.drop-audio.gaussian-phone_gyro.sigma-2,audio,phone_gyro,2,0.574115749398,0.707581564013,0.577513934412,0.129696093553,3
P2,0,mixed.drop-audio.gaussian-phone_state.sigma-1,audio,phone_state,1,0.552090648751,0.674973298866,0.561928975258,0.1439090245,3
P2,0,mixed.drop-audio.gaussian-phone_state.sigma-2,audio,phone_state,2,0.543239474508,0.665866941228,0.551818021583,0.148888934236,3
P2,0,mixed.drop-audio.gaussian-watch_acc.sigma-1,audio,watch_acc,1,0.558765664349,0.693204153304,0.559093117809,0.135662830022,3
P2,0,mixed.drop-audio.gaussian-watch_acc.sigma-2,audio,watch_acc,2,0.534757258219,0.680392710323,0.528184057783,0.141005513595,3
P2,0,mixed.drop-location.gaussian-audio.sigma-1,location,audio,1,0.534835430596,0.684295056281,0.528394059474,0.139478616934,3
P2,0,mixed.drop-location.gaussian-audio.sigma-2,location,audio,2,0.526035861416,0.676223374227,0.519460831874,0.143137617564,3
P2,0,mixed.drop-location.gaussian-phone_acc.sigma-1,location,phone_acc,1,0.563285949503,0.708969954102,0.559917030531,0.127350210222,3
P2,0,mixed.drop-location.gaussian-phone_acc.sigma-2,location,phone_acc,2,0.55890311017,0.707650133593,0.554850464561,0.128026909582,3
P2,0,mixed.drop-location.gaussian-phone_gyro.sigma-1,location,phone_gyro,1,0.565401177702,0.708975460805,0.560654826977,0.127431195973,3
P2,0,mixed.drop-location.gaussian-phone_gyro.sigma-2,location,phone_gyro,2,0.56157646028,0.707688237384,0.555121206756,0.128112208344,3
P2,0,mixed.drop-location.gaussian-phone_state.sigma-1,location,phone_state,1,0.539496339117,0.68147935104,0.534479973993,0.139198163578,3
P2,0,mixed.drop-location.gaussian-phone_state.sigma-2,location,phone_state,2,0.536067217699,0.676472567506,0.528965969796,0.141811232924,3
P2,0,mixed.drop-location.gaussian-watch_acc.sigma-1,location,watch_acc,1,0.546515807541,0.695884336641,0.538612657445,0.133029604629,3
P2,0,mixed.drop-location.gaussian-watch_acc.sigma-2,location,watch_acc,2,0.52434738018,0.684626158636,0.512399922821,0.137634045342,3
P2,0,mixed.drop-phone_acc.gaussian-audio.sigma-1,phone_acc,audio,1,0.545997008008,0.697774317587,0.545927428574,0.129995133566,3
P2,0,mixed.drop-phone_acc.gaussian-audio.sigma-2,phone_acc,audio,2,0.541012118428,0.689503667241,0.538955454959,0.13380138811,3
P2,0,mixed.drop-phone_acc.gaussian-location.sigma-1,phone_acc,location,1,0.560741415187,0.711612621953,0.55995031961,0.123708936963,3
P2,0,mixed.drop-phone_acc.gaussian-location.sigma-2,phone_acc,location,2,0.545954003948,0.703489092579,0.543926820192,0.127609138076,3
P2,0,mixed.drop-phone_acc.gaussian-phone_gyro.sigma-1,phone_acc,phone_gyro,1,0.575332398786,0.724002191466,0.573224447937,0.117832826247,3
P2,0,mixed.drop-phone_acc.gaussian-phone_gyro.sigma-2,phone_acc,phone_gyro,2,0.572513051514,0.722515021725,0.568029601477,0.118544370672,3
P2,0,mixed.drop-phone_acc.gaussian-phone_state.sigma-1,phone_acc,phone_state,1,0.558854162017,0.699170375528,0.5579265249,0.127810790517,3
P2,0,mixed.drop-phone_acc.gaussian-phone_state.sigma-2,phone_acc,phone_state,2,0.557271711198,0.696924871156,0.553140003167,0.13001840156,3
P2,0,mixed.drop-phone_acc.gaussian-watch_acc.sigma-1,phone_acc,watch_acc,1,0.558017796537,0.711848043812,0.553667004488,0.123050665392,3
P2,0,mixed.drop-phone_acc.gaussian-watch_acc.sigma-2,phone_acc,watch_acc,2,0.534005574388,0.698966153909,0.526750349795,0.127991901027,3
P2,0,mixed.drop-phone_gyro.gaussian-audio.sigma-1,phone_gyro,audio,1,0.550887201315,0.704852574512,0.554379317613,0.125913064656,3
P2,0,mixed.drop-phone_gyro.gaussian-audio.sigma-2,phone_gyro,audio,2,0.544035643618,0.697236850335,0.547127166871,0.129317880223,3
P2,0,mixed.drop-phone_gyro.gaussian-location.sigma-1,phone_gyro,location,1,0.562694630464,0.714581643531,0.566016973838,0.122350162185,3
P2,0,mixed.drop-phone_gyro.gaussian-location.sigma-2,phone_gyro,location,2,0.548256603463,0.707537507638,0.550087612966,0.125764013758,3
P2,0,mixed.drop-phone_gyro.gaussian-phone_acc.sigma-1,phone_gyro,phone_acc,1,0.575200339082,0.726575393746,0.581174520966,0.116172415017,3
P2,0,mixed.drop-phone_gyro.gaussian-phone_acc.sigma-2,phone_gyro,phone_acc,2,0.571954190046,0.724925696709,0.575282022166,0.116964231263,3
P2,0,mixed.drop-phone_gyro.gaussian-phone_state.sigma-1,phone_gyro,phone_state,1,0.566866887143,0.706081229574,0.567798786463,0.124298867593,3
P2,0,mixed.drop-phone_gyro.gaussian-phone_state.sigma-2,phone_gyro,phone_state,2,0.565088918817,0.702855727681,0.56276792566,0.125705448202,3
P2,0,mixed.drop-phone_gyro.gaussian-watch_acc.sigma-1,phone_gyro,watch_acc,1,0.556334130938,0.713924757089,0.5573870238,0.121554530551,3
P2,0,mixed.drop-phone_gyro.gaussian-watch_acc.sigma-2,phone_gyro,watch_acc,2,0.539556584862,0.70364146376,0.531839075486,0.125584364325,3
P2,0,mixed.drop-phone_state.gaussian-audio.sigma-1,phone_state,audio,1,0.531345821163,0.663949226877,0.528896327319,0.148753095768,3
P2,0,mixed.drop-phone_state.gaussian-audio.sigma-2,phone_state,audio,2,0.515236545641,0.65067771329,0.515193265203,0.154593820306,3
P2,0,mixed.drop-phone_state.gaussian-location.sigma-1,phone_state,location,1,0.553533332964,0.687436911106,0.54832846458,0.137593800328,3
P2,0,mixed.drop-phone_state.gaussian-location.sigma-2,phone_state,location,2,0.539635434093,0.678459508155,0.53133539834,0.142334190885,3
P2,0,mixed.drop-phone_state.gaussian-phone_acc.sigma-1,phone_state,phone_acc,1,0.564382937347,0.696126831498,0.563853200561,0.132421534776,3
P2,0,mixed.drop-phone_state.gaussian-phone_acc.sigma-2,phone_state,phone_acc,2,0.56092308197,0.693237636519,0.559131345269,0.1340863236,3
P2,0,mixed.drop-phone_state.gaussian-phone_gyro.sigma-1,phone_state,phone_gyro,1,0.568281235383,0.698045549131,0.566461589828,0.131155050687,3
P2,0,mixed.drop-phone_state.gaussian-phone_gyro.sigma-2,phone_state,phone_gyro,2,0.565448670178,0.696546967322,0.561958250117,0.132034263755,3
P2,0,mixed.drop-phone_state.gaussian-watch_acc.sigma-1,phone_state,watch_acc,1,0.542357405331,0.678479939855,0.539794130063,0.139960833558,3
P2,0,mixed.drop-phone_state.gaussian-watch_acc.sigma-2,phone_state,watch_acc,2,0.517025570718,0.662092614423,0.51224392474,0.146678862698,3
P2,0,mixed.drop-watch_acc.gaussian-audio.sigma-1,watch_acc,audio,1,0.514952765254,0.68248110887,0.512952678222,0.138471482371,3
P2,0,mixed.drop-watch_acc.gaussian-audio.sigma-2,watch_acc,audio,2,0.506434499539,0.673718238038,0.504531844974,0.142018319106,3
P2,0,mixed.drop-watch_acc.gaussian-location.sigma-1,watch_acc,location,1,0.528646327464,0.698208465348,0.526776961906,0.132424036115,3
P2,0,mixed.drop-watch_acc.gaussian-location.sigma-2,watch_acc,location,2,0.515661198269,0.690835283216,0.514814203633,0.135885778264,3
P2,0,mixed.drop-watch_acc.gaussian-phone_acc.sigma-1,watch_acc,phone_acc,1,0.543284800035,0.709774451016,0.540983461092,0.126703588023,3
P2,0,mixed.drop-watch_acc.gaussian-phone_acc.sigma-2,watch_acc,phone_acc,2,0.540587918882,0.706927499254,0.535441625907,0.127843011917,3
P2,0,mixed.drop-watch_acc.gaussian-phone_gyro.sigma-1,watch_acc,phone_gyro,1,0.542617450474,0.710532467303,0.540201816472,0.126412765836,3
P2,0,mixed.drop-watch_acc.gaussian-phone_gyro.sigma-2,watch_acc,phone_gyro,2,0.539617132454,0.709066392485,0.535783439592,0.126949547485,3
P2,0,mixed.drop-watch_acc.gaussian-phone_state.sigma-1,watch_acc,phone_state,1,0.519242161031,0.679580641202,0.517435859402,0.139131835546,3
P2,0,mixed.drop-watch_acc.gaussian-phone_state.sigma-2,watch_acc,phone_state,2,0.518635834,0.674978181514,0.511876638142,0.141588505027,3
P2,1,mixed.drop-audio.gaussian-location.sigma-1,audio,location,1,0.58448309854,0.655442824077,0.582017273499,0.141610292068,3
P2,1,mixed.drop-audio.gaussian-location.sigma-2,audio,location,2,0.577368346835,0.652405676404,0.573196923297,0.142677057124,3
P2,1,mixed.drop-audio.gaussian-phone_acc.sigma-1,audio,phone_acc,1,0.59104851162,0.661631252665,0.589048820998,0.139928869152,3
P2,1,mixed.drop-audio.gaussian-phone_acc.sigma-2,audio,phone_acc,2,0.588543653813,0.660464303996,0.584157398969,0.140768265865,3
P2,1,mixed.drop-audio.gaussian-phone_gyro.sigma-1,audio,phone_gyro,1,0.592229870052,0.661588222433,0.592567235409,0.139651616103,3
P2,1,mixed.drop-audio.gaussian-phone_gyro.sigma-2,audio,phone_gyro,2,0.589945826872,0.659140225174,0.589076214371,0.14132413672,3
P2,1,mixed.drop-audio.gaussian-phone_state.sigma-1,audio,phone_state,1,0.546892026106,0.61378026886,0.544193566623,0.155025067906,3
P2,1,mixed.drop-audio.gaussian-phone_state.sigma-2,audio,phone_state,2,0.537338943252,0.602506174438,0.531045029366,0.159021668602,3
P2,1,mixed.drop-audio.gaussian-watch_acc.sigma-1,audio,watch_acc,1,0.577367965305,0.651609605598,0.578552953196,0.143348436698,3
P2,1,mixed.drop-audio.gaussian-watch_acc.sigma-2,audio,watch_acc,2,0.563254931816,0.642311929951,0.564633640009,0.146827774033,3
P2,1,mixed.drop-location.gaussian-audio.sigma-1,location,audio,1,0.576339402889,0.667722984403,0.580824157644,0.133598649745,3
P2,1,mixed.drop-location.gaussian-audio.sigma-2,location,audio,2,0.56645436607,0.659656728074,0.572722290097,0.136419216945,3
P2,1,mixed.drop-location.gaussian-phone_acc.sigma-1,location,phone_acc,1,0.599089228968,0.686432981768,0.599995299283,0.128298602887,3
P2,1,mixed.drop-location.gaussian-phone_acc.sigma-2,location,phone_acc,2,0.593494970883,0.685161023918,0.595058278234,0.129135478089,3
P2,1,mixed.drop-location.gaussian-phone_gyro.sigma-1,location,phone_gyro,1,0.600378065193,0.685563453865,0.603446152836,0.128100625098,3
P2,1,mixed.drop-location.gaussian-phone_gyro.sigma-2,location,phone_gyro,2,0.597680241274,0.682573740327,0.599705528531,0.129883420445,3
P2,1,mixed.drop-location.gaussian-phone_state.sigma-1,location,phone_state,1,0.552433460866,0.649465505999,0.56086066897,0.137349641368,3
P2,1,mixed.drop-location.gaussian-phone_state.sigma-2,location,phone_state,2,0.54577626736,0.644137585043,0.553854202484,0.138871403967,3
P2,1,mixed.drop-location.gaussian-watch_acc.sigma-1,location,watch_acc,1,0.587109185439,0.676617874381,0.59079853977,0.131254910143,3
P2,1,mixed.drop-location.gaussian-watch_acc.sigma-2,location,watch_acc,2,0.567369220021,0.667850677616,0.573096461925,0.134594827177,3
P2,1,mixed.drop-phone_acc.gaussian-audio.sigma-1,phone_acc,audio,1,0.578085953455,0.66398164655,0.57522514724,0.137404795252,3
P2,1,mixed.drop-phone_acc.gaussian-audio.sigma-2,phone_acc,audio,2,0.570326002002,0.656345558573,0.564398971984,0.139782200847,3
P2,1,mixed.drop-phone_acc.gaussian-location.sigma-1,phone_acc,location,1,0.594746460447,0.680363513002,0.590507262109,0.132495407459,3
P2,1,mixed.drop-phone_acc.gaussian-location.sigma-2,phone_acc,location,2,0.586836159354,0.676616970509,0.581845738622,0.133713272557,3
P2,1,mixed.drop-phone_acc.gaussian-phone_gyro.sigma-1,phone_acc,phone_gyro,1,0.602059806126,0.687335520842,0.598326425902,0.130682305036,3
P2,1,mixed.drop-phone_acc.gaussian-phone_gyro.sigma-2,phone_acc,phone_gyro,2,0.599804253536,0.684012472695,0.594152042668,0.132536306803,3
P2,1,mixed.drop-phone_acc.gaussian-phone_state.sigma-1,phone_acc,phone_state,1,0.565831911766,0.652790078002,0.561878775743,0.138521525849,3
P2,1,mixed.drop-phone_acc.gaussian-phone_state.sigma-2,phone_acc,phone_state,2,0.559194148699,0.646346215611,0.554951168729,0.1400276129,3
P2,1,mixed.drop-phone_acc.gaussian-watch_acc.sigma-1,phone_acc,watch_acc,1,0.588485963323,0.678707286264,0.586029333778,0.133777003121,3
P2,1,mixed.drop-phone_acc.gaussian-watch_acc.sigma-2,phone_acc,watch_acc,2,0.571996726387,0.66966162979,0.571331075183,0.136941443212,3
P2,1,mixed.drop-phone_gyro.gaussian-audio.sigma-1,phone_gyro,audio,1,0.581259143513,0.666076053988,0.583245361061,0.135644475605,3
P2,1,mixed.drop-phone_gyro.gaussian-audio.sigma-2,phone_gyro,audio,2,0.576569344767,0.659745267423,0.575593903079,0.137655744059,3
P2,1,mixed.drop-phone_gyro.gaussian-location.sigma-1,phone_gyro,location,1,0.596551756356,0.681870546791,0.596769910461,0.131119919222,3
P2,1,mixed.drop-phone_gyro.gaussian-location.sigma-2,phone_gyro,location,2,0.588948798783,0.677357135708,0.588483308221,0.13238142199,3
P2,1,mixed.drop-phone_gyro.gaussian-phone_acc.sigma-1,phone_gyro,phone_acc,1,0.602884983703,0.68854554116,0.601604276593,0.12976364665,3
P2,1,mixed.drop-phone_gyro.gaussian-phone_acc.sigma-2,phone_gyro,phone_acc,2,0.599958266005,0.687750052262,0.597629117256,0.130452407852,3
P2,1,mixed.drop-phone_gyro.gaussian-phone_state.sigma-1,phone_gyro,phone_state,1,0.570749016889,0.655068367228,0.571748004608,0.137682886571,3
P2,1,mixed.drop-phone_gyro.gaussian-phone_state.sigma-2,phone_gyro,phone_state,2,0.56460093806,0.648719088821,0.564829792547,0.139441872434,3
P2,1,mixed.drop-phone_gyro.gaussian-watch_acc.sigma-1,phone_gyro,watch_acc,1,0.590364760048,0.679929412826,0.593401178897,0.132450651895,3
P2,1,mixed.drop-phone_gyro.gaussian-watch_acc.sigma-2,phone_gyro,watch_acc,2,0.574385334903,0.672027329648,0.57604287235,0.135336239933,3
P2,1,mixed.drop-phone_state.gaussian-audio.sigma-1,phone_state,audio,1,0.546836282873,0.6188134668,0.540060282333,0.152345524849,3
P2,1,mixed.drop-phone_state.gaussian-audio.sigma-2,phone_state,audio,2,0.535677575951,0.60708667152,0.527235753678,0.156797033199,3
P2,1,mixed.drop-phone_state.gaussian-location.sigma-1,phone_state,location,1,0.571190755706,0.646655170456,0.567646870806,0.141464183151,3
P2,1,mixed.drop-phone_state.gaussian-location.sigma-2,phone_state,location,2,0.5618153429,0.642318310507,0.557608328622,0.143103837082,3
P2,1,mixed.drop-phone_state.gaussian-phone_acc.sigma-1,phone_state,phone_acc,1,0.581040433605,0.655726894182,0.57627670802,0.139035231023,3
P2,1,mixed.drop-phone_state.gaussian-phone_acc.sigma-2,phone_state,phone_acc,2,0.575792992355,0.653335689144,0.570742871475,0.140246548563,3
P2,1,mixed.drop-phone_state.gaussian-phone_gyro.sigma-1,phone_state,phone_gyro,1,0.581401123464,0.654800060422,0.57952925226,0.139175252849,3
P2,1,mixed.drop-phone_state.gaussian-phone_gyro.sigma-2,phone_state,phone_gyro,2,0.57857915021,0.650797172752,0.575623693688,0.14131265813,3
P2,1,mixed.drop-phone_state.gaussian-watch_acc.sigma-1,phone_state,watch_acc,1,0.56315892498,0.637614387494,0.563962003124,0.145313477506,3
P2,1,mixed.drop-phone_state.gaussian-watch_acc.sigma-2,phone_state,watch_acc,2,0.543158093126,0.62390413616,0.543376989164,0.15021598119,3
P2,1,mixed.drop-watch_acc.gaussian-audio.sigma-1,watch_acc,audio,1,0.546268627042,0.647571493408,0.546651186916,0.146121720808,3
P2,1,mixed.drop-watch_acc.gaussian-audio.sigma-2,watch_acc,audio,2,0.538102248739,0.640969676851,0.540088190534,0.148433246829,3
P2,1,mixed.drop-watch_acc.gaussian-location.sigma-1,watch_acc,location,1,0.567484864429,0.664211146269,0.566005219745,0.140436718941,3
P2,1,mixed.drop-watch_acc.gaussian-location.sigma-2,watch_acc,location,2,0.561321933161,0.662181092031,0.5586230239,0.141488482405,3
P2,1,mixed.drop-watch_acc.gaussian-phone_acc.sigma-1,watch_acc,phone_acc,1,0.57628214644,0.67372686962,0.574769537983,0.13820630379,3
P2,1,mixed.drop-watch_acc.gaussian-phone_acc.sigma-2,watch_acc,phone_acc,2,0.573020110892,0.6734891601,0.5697720934,0.139081479067,3
P2,1,mixed.drop-watch_acc.gaussian-phone_gyro.sigma-1,watch_acc,phone_gyro,1,0.577662111568,0.671844977833,0.577653701058,0.138201285279,3
P2,1,mixed.drop-watch_acc.gaussian-phone_gyro.sigma-2,watch_acc,phone_gyro,2,0.574998814403,0.669790449021,0.574223721189,0.139744456156,3
P2,1,mixed.drop-watch_acc.gaussian-phone_state.sigma-1,watch_acc,phone_state,1,0.533072177807,0.629480841024,0.536054655684,0.149368759691,3
P2,1,mixed.drop-watch_acc.gaussian-phone_state.sigma-2,watch_acc,phone_state,2,0.525462640669,0.620994854193,0.528663557447,0.15138334,3
P2,2,mixed.drop-audio.gaussian-location.sigma-1,audio,location,1,0.586383944531,0.685227619957,0.588982695667,0.137570758414,3
P2,2,mixed.drop-audio.gaussian-location.sigma-2,audio,location,2,0.579134077051,0.680566466706,0.579817121778,0.13940526561,3
P2,2,mixed.drop-audio.gaussian-phone_acc.sigma-1,audio,phone_acc,1,0.59571777143,0.697288559065,0.601982461145,0.132451967865,3
P2,2,mixed.drop-audio.gaussian-phone_acc.sigma-2,audio,phone_acc,2,0.592387096926,0.693956383543,0.596187669838,0.134060058886,3
P2,2,mixed.drop-audio.gaussian-phone_gyro.sigma-1,audio,phone_gyro,1,0.597554771097,0.698889501306,0.603850088977,0.132601998769,3
P2,2,mixed.drop-audio.gaussian-phone_gyro.sigma-2,audio,phone_gyro,2,0.592494404889,0.696789805567,0.599368063479,0.133972389704,3
P2,2,mixed.drop-audio.gaussian-phone_state.sigma-1,audio,phone_state,1,0.558327289928,0.644302505554,0.558507089068,0.152707677355,3
P2,2,mixed.drop-audio.gaussian-phone_state.sigma-2,audio,phone_state,2,0.545714263559,0.628255235948,0.550428755887,0.159238707197,3
P2,2,mixed.drop-audio.gaussian-watch_acc.sigma-1,audio,watch_acc,1,0.584069055018,0.683547558043,0.589415867334,0.137321650835,3
P2,2,mixed.drop-audio.gaussian-watch_acc.sigma-2,audio,watch_acc,2,0.566733054912,0.670626515864,0.56927949017,0.142835132567,3
P2,2,mixed.drop-location.gaussian-audio.sigma-1,location,audio,1,0.582119536123,0.690782979897,0.579099539265,0.132953657126,3
P2,2,mixed.drop-location.gaussian-audio.sigma-2,location,audio,2,0.575313138695,0.685163879709,0.57199621293,0.135059453873,3
P2,2,mixed.drop-location.gaussian-phone_acc.sigma-1,location,phone_acc,1,0.591504535296,0.699103597581,0.594574933952,0.130200045212,3
P2,2,mixed.drop-location.gaussian-phone_acc.sigma-2,location,phone_acc,2,0.586049443644,0.69676008878,0.588589126903,0.131363069821,3
P2,2,mixed.drop-location.gaussian-phone_gyro.sigma-1,location,phone_gyro,1,0.594328035214,0.701970303344,0.596552891832,0.129651779986,3
P2,2,mixed.drop-location.gaussian-phone_gyro.sigma-2,location,phone_gyro,2,0.590304848336,0.700207666047,0.591064120611,0.130879687577,3
P2,2,mixed.drop-location.gaussian-phone_state.sigma-1,location,phone_state,1,0.566856677473,0.671979068108,0.568207977094,0.13934721218,3
P2,2,mixed.drop-location.gaussian-phone_state.sigma-2,location,phone_state,2,0.561377144965,0.665345201892,0.565039896337,0.141623447753,3
P2,2,mixed.drop-location.gaussian-watch_acc.sigma-1,location,watch_acc,1,0.580657660857,0.686759521313,0.581981003271,0.134256576167,3
P2,2,mixed.drop-location.gaussian-watch_acc.sigma-2,location,watch_acc,2,0.564070473049,0.675567196811,0.560116059646,0.139042447331,3
P2,2,mixed.drop-phone_acc.gaussian-audio.sigma-1,phone_acc,audio,1,0.588873049303,0.698499215841,0.584372643626,0.130348123489,3
P2,2,mixed.drop-phone_acc.gaussian-audio.sigma-2,phone_acc,audio,2,0.584534349137,0.693648602763,0.577719978137,0.132302158897,3
P2,2,mixed.drop-phone_acc.gaussian-location.sigma-1,phone_acc,location,1,0.585626911315,0.696522189316,0.58810133294,0.132013219768,3
P2,2,mixed.drop-phone_acc.gaussian-location.sigma-2,phone_acc,location,2,0.579003005728,0.691692706153,0.581206841958,0.134181947236,3
P2,2,mixed.drop-phone_acc.gaussian-phone_gyro.sigma-1,phone_acc,phone_gyro,1,0.597924489016,0.709162060181,0.598617854604,0.127573719951,3
P2,2,mixed.drop-phone_acc.gaussian-phone_gyro.sigma-2,phone_acc,phone_gyro,2,0.592417616461,0.706559366473,0.593362586621,0.129054023992,3
P2,2,mixed.drop-phone_acc.gaussian-phone_state.sigma-1,phone_acc,phone_state,1,0.579289883258,0.688077436956,0.579002437387,0.134646473523,3
P2,2,mixed.drop-phone_acc.gaussian-phone_state.sigma-2,phone_acc,phone_state,2,0.574800528302,0.683676192346,0.575712226543,0.136516653883,3
P2,2,mixed.drop-phone_acc.gaussian-watch_acc.sigma-1,phone_acc,watch_acc,1,0.587473032481,0.696465230208,0.586217519283,0.131214508277,3
P2,2,mixed.drop-phone_acc.gaussian-watch_acc.sigma-2,phone_acc,watch_acc,2,0.572672934054,0.685228179888,0.568061364836,0.135701151784,3
P2,2,mixed.drop-phone_gyro.gaussian-audio.sigma-1,phone_gyro,audio,1,0.589748943263,0.700004746202,0.590607756575,0.130592870922,3
P2,2,mixed.drop-phone_gyro.gaussian-audio.sigma-2,phone_gyro,audio,2,0.586532407071,0.695712562609,0.585459508603,0.131953086663,3
P2,2,mixed.drop-phone_gyro.gaussian-location.sigma-1,phone_gyro,location,1,0.589398082846,0.700918423881,0.594014940091,0.131324288519,3
P2,2,mixed.drop-phone_gyro.gaussian-location.sigma-2,phone_gyro,location,2,0.583993632382,0.697230912294,0.587754198051,0.132953219795,3
P2,2,mixed.drop-phone_gyro.gaussian-phone_acc.sigma-1,phone_gyro,phone_acc,1,0.595835905797,0.709069930704,0.602160853032,0.127858139727,3
P2,2,mixed.drop-phone_gyro.gaussian-phone_acc.sigma-2,phone_gyro,phone_acc,2,0.592307099114,0.706403298867,0.596713369611,0.129034961184,3
P2,2,mixed.drop-phone_gyro.gaussian-phone_state.sigma-1,phone_gyro,phone_state,1,0.58115716662,0.688868010852,0.582276403598,0.135101381592,3
P2,2,mixed.drop-phone_gyro.gaussian-phone_state.sigma-2,phone_gyro,phone_state,2,0.577277402877,0.684506895964,0.57989409189,0.137052263279,3
P2,2,mixed.drop-phone_gyro.gaussian-watch_acc.sigma-1,phone_gyro,watch_acc,1,0.589144400817,0.699772902967,0.591974265604,0.130817149639,3
P2,2,mixed.drop-phone_gyro.gaussian-watch_acc.sigma-2,phone_gyro,watch_acc,2,0.574683019862,0.689411684226,0.573281239557,0.134799185769,3
P2,2,mixed.drop-phone_state.gaussian-audio.sigma-1,phone_state,audio,1,0.553575694809,0.646780770528,0.549254428768,0.149930249568,3
P2,2,mixed.drop-phone_state.gaussian-audio.sigma-2,phone_state,audio,2,0.542912081641,0.635407718982,0.537117233304,0.154216917642,3
P2,2,mixed.drop-phone_state.gaussian-location.sigma-1,phone_state,location,1,0.567702511596,0.670405056267,0.569807615723,0.142302055471,3
P2,2,mixed.drop-phone_state.gaussian-location.sigma-2,phone_state,location,2,0.558516799106,0.66367495938,0.559935251931,0.144860004484,3
P2,2,mixed.drop-phone_state.gaussian-phone_acc.sigma-1,phone_state,phone_acc,1,0.576547720582,0.682393490883,0.581860539602,0.137744770124,3
P2,2,mixed.drop-phone_state.gaussian-phone_acc.sigma-2,phone_state,phone_acc,2,0.570702375264,0.677776071431,0.574218435786,0.139755308083,3
P2,2,mixed.drop-phone_state.gaussian-phone_gyro.sigma-1,phone_state,phone_gyro,1,0.579388502037,0.684445494226,0.584768018376,0.137735678363,3
P2,2,mixed.drop-phone_state.gaussian-phone_gyro.sigma-2,phone_state,phone_gyro,2,0.573017767048,0.680655699264,0.57837624898,0.139962764211,3
P2,2,mixed.drop-phone_state.gaussian-watch_acc.sigma-1,phone_state,watch_acc,1,0.559172692572,0.657792010163,0.564967061087,0.14623376343,3
P2,2,mixed.drop-phone_state.gaussian-watch_acc.sigma-2,phone_state,watch_acc,2,0.539784895744,0.641612670667,0.543119921483,0.153068689775,3
P2,2,mixed.drop-watch_acc.gaussian-audio.sigma-1,watch_acc,audio,1,0.557735534745,0.682519882764,0.554528212756,0.139007786642,3
P2,2,mixed.drop-watch_acc.gaussian-audio.sigma-2,watch_acc,audio,2,0.550930966856,0.675414580939,0.545141859262,0.141882206745,3
P2,2,mixed.drop-watch_acc.gaussian-location.sigma-1,watch_acc,location,1,0.564398291635,0.684954944166,0.564148289478,0.139140499722,3
P2,2,mixed.drop-watch_acc.gaussian-location.sigma-2,watch_acc,location,2,0.556573224159,0.678791022009,0.554767647292,0.141729788057,3
P2,2,mixed.drop-watch_acc.gaussian-phone_acc.sigma-1,watch_acc,phone_acc,1,0.572621371806,0.695436507696,0.573494197936,0.134274864041,3
P2,2,mixed.drop-watch_acc.gaussian-phone_acc.sigma-2,watch_acc,phone_acc,2,0.569195837522,0.692587019937,0.568825781038,0.135615185024,3
P2,2,mixed.drop-watch_acc.gaussian-phone_gyro.sigma-1,watch_acc,phone_gyro,1,0.573793166405,0.69733959531,0.574252379169,0.134501963566,3
P2,2,mixed.drop-watch_acc.gaussian-phone_gyro.sigma-2,watch_acc,phone_gyro,2,0.569248122505,0.694912233009,0.567845401721,0.136186099702,3
P2,2,mixed.drop-watch_acc.gaussian-phone_state.sigma-1,watch_acc,phone_state,1,0.548105625319,0.665275130063,0.543917878738,0.145955183781,3
P2,2,mixed.drop-watch_acc.gaussian-phone_state.sigma-2,watch_acc,phone_state,2,0.542821591523,0.65833541012,0.54028784347,0.148191673728,3
P2,3,mixed.drop-audio.gaussian-location.sigma-1,audio,location,1,0.530600416135,0.673743705242,0.535230521674,0.148444415703,3
P2,3,mixed.drop-audio.gaussian-location.sigma-2,audio,location,2,0.519024437827,0.665815738311,0.52285286478,0.15231731369,3
P2,3,mixed.drop-audio.gaussian-phone_acc.sigma-1,audio,phone_acc,1,0.534841434379,0.677778853974,0.540836081833,0.145370416165,3
P2,3,mixed.drop-audio.gaussian-phone_acc.sigma-2,audio,phone_acc,2,0.53041414062,0.676816818878,0.53436739703,0.146386899899,3
P2,3,mixed.drop-audio.gaussian-phone_gyro.sigma-1,audio,phone_gyro,1,0.535200987951,0.679890196908,0.542286791769,0.143734670434,3
P2,3,mixed.drop-audio.gaussian-phone_gyro.sigma-2,audio,phone_gyro,2,0.532757397139,0.67967633223,0.537070307306,0.14366131355,3
P2,3,mixed.drop-audio.gaussian-phone_state.sigma-1,audio,phone_state,1,0.498124660351,0.626378384607,0.491265552835,0.161472171267,3
P2,3,mixed.drop-audio.gaussian-phone_state.sigma-2,audio,phone_state,2,0.48841028987,0.614836189603,0.480889345573,0.166849823018,3
P2,3,mixed.drop-audio.gaussian-watch_acc.sigma-1,audio,watch_acc,1,0.51633468365,0.660829872999,0.517868169475,0.152917167167,3
P2,3,mixed.drop-audio.gaussian-watch_acc.sigma-2,audio,watch_acc,2,0.50275557886,0.650629922707,0.498725083214,0.157730229399,3
P2,3,mixed.drop-location.gaussian-audio.sigma-1,location,audio,1,0.521239223898,0.675275309092,0.523318356744,0.148034666785,3
P2,3,mixed.drop-location.gaussian-audio.sigma-2,location,audio,2,0.512445732526,0.665939902048,0.514043009551,0.151836931988,3
P2,3,mixed.drop-location.gaussian-phone_acc.sigma-1,location,phone_acc,1,0.549232068487,0.706140210288,0.560154849559,0.136339410584,3
P2,3,mixed.drop-location.gaussian-phone_acc.sigma-2,location,phone_acc,2,0.543447557783,0.704551608921,0.554317847371,0.137361570594,3
P2,3,mixed.drop-location.gaussian-phone_gyro.sigma-1,location,phone_gyro,1,0.550212918565,0.708787017857,0.560392166519,0.135017189993,3
P2,3,mixed.drop-location.gaussian-phone_gyro.sigma-2,location,phone_gyro,2,0.545919113295,0.707240958719,0.55421193023,0.135390140388,3
P2,3,mixed.drop-location.gaussian-phone_state.sigma-1,location,phone_state,1,0.526867933134,0.67098550082,0.533786605826,0.144519091849,3
P2,3,mixed.drop-location.gaussian-phone_state.sigma-2,location,phone_state,2,0.522502875041,0.662421457477,0.528072761925,0.147476816223,3
P2,3,mixed.drop-location.gaussian-watch_acc.sigma-1,location,watch_acc,1,0.533629796911,0.693981421043,0.544373499653,0.141663505145,3
P2,3,mixed.drop-location.gaussian-watch_acc.sigma-2,location,watch_acc,2,0.519344488548,0.6851218649,0.523228469834,0.14582007816,3
P2,3,mixed.drop-phone_acc.gaussian-audio.sigma-1,phone_acc,audio,1,0.534921965677,0.68929228229,0.533346788017,0.139049003045,3
P2,3,mixed.drop-phone_acc.gaussian-audio.sigma-2,phone_acc,audio,2,0.523086560731,0.678809436835,0.519196317179,0.143266075758,3
P2,3,mixed.drop-phone_acc.gaussian-location.sigma-1,phone_acc,location,1,0.557947765403,0.713104866081,0.565577283396,0.130729225996,3
P2,3,mixed.drop-phone_acc.gaussian-location.sigma-2,phone_acc,location,2,0.547024685009,0.706760771651,0.554731700679,0.13411769589,3
P2,3,mixed.drop-phone_acc.gaussian-phone_gyro.sigma-1,phone_acc,phone_gyro,1,0.56707777547,0.725534388176,0.576091060288,0.124272370632,3
P2,3,mixed.drop-phone_acc.gaussian-phone_gyro.sigma-2,phone_acc,phone_gyro,2,0.564485004711,0.724494440339,0.571389114601,0.124492942615,3
P2,3,mixed.drop-phone_acc.gaussian-phone_state.sigma-1,phone_acc,phone_state,1,0.555496804257,0.69782950507,0.555221758224,0.128118798049,3
P2,3,mixed.drop-phone_acc.gaussian-phone_state.sigma-2,phone_acc,phone_state,2,0.553400787595,0.69135025299,0.549873877513,0.130131518702,3
P2,3,mixed.drop-phone_acc.gaussian-watch_acc.sigma-1,phone_acc,watch_acc,1,0.551677318366,0.710646212053,0.558138909924,0.131270844117,3
P2,3,mixed.drop-phone_acc.gaussian-watch_acc.sigma-2,phone_acc,watch_acc,2,0.534900704419,0.701829472849,0.538612385078,0.135539108952,3
P2,3,mixed.drop-phone_gyro.gaussian-audio.sigma-1,phone_gyro,audio,1,0.530902626549,0.683926464297,0.537568588824,0.139270995468,3
P2,3,mixed.drop-phone_gyro.gaussian-audio.sigma-2,phone_gyro,audio,2,0.523367013567,0.675159671965,0.528455096402,0.142646701996,3
P2,3,mixed.drop-phone_gyro.gaussian-location.sigma-1,phone_gyro,location,1,0.552957416202,0.708048830755,0.565755235221,0.131646960257,3
P2,3,mixed.drop-phone_gyro.gaussian-location.sigma-2,phone_gyro,location,2,0.543718165855,0.702436499274,0.552379207498,0.134559296239,3
P2,3,mixed.drop-phone_gyro.gaussian-phone_acc.sigma-1,phone_gyro,phone_acc,1,0.563447116516,0.716452616473,0.575627975086,0.127011788967,3
P2,3,mixed.drop-phone_gyro.gaussian-phone_acc.sigma-2,phone_gyro,phone_acc,2,0.560549054028,0.716097778321,0.57049074572,0.127772372566,3
P2,3,mixed.drop-phone_gyro.gaussian-phone_state.sigma-1,phone_gyro,phone_state,1,0.545304885897,0.680735078313,0.550815466374,0.135147197665,3
P2,3,mixed.drop-phone_gyro.gaussian-phone_state.sigma-2,phone_gyro,phone_state,2,0.54084199021,0.673623577479,0.545035357547,0.137919733439,3
P2,3,mixed.drop-phone_gyro.gaussian-watch_acc.sigma-1,phone_gyro,watch_acc,1,0.550924525023,0.70465431994,0.561613481415,0.132125965845,3
P2,3,mixed.drop-phone_gyro.gaussian-watch_acc.sigma-2,phone_gyro,watch_acc,2,0.538199485039,0.696217906888,0.544882042853,0.135996319763,3
P2,3,mixed.drop-phone_state.gaussian-audio.sigma-1,phone_state,audio,1,0.495589146084,0.625455176759,0.486809244191,0.161463548341,3
P2,3,mixed.drop-phone_state.gaussian-audio.sigma-2,phone_state,audio,2,0.483328317939,0.615324658156,0.472996739648,0.166323060027,3
P2,3,mixed.drop-phone_state.gaussian-location.sigma-1,phone_state,location,1,0.532986747704,0.662238502231,0.536549207621,0.146280957524,3
P2,3,mixed.drop-phone_state.gaussian-location.sigma-2,phone_state,location,2,0.521949875908,0.656969778147,0.52411643601,0.149578514717,3
P2,3,mixed.drop-phone_state.gaussian-phone_acc.sigma-1,phone_state,phone_acc,1,0.542799640225,0.671702061633,0.544420821251,0.141434351075,3
P2,3,mixed.drop-phone_state.gaussian-phone_acc.sigma-2,phone_state,phone_acc,2,0.540318213559,0.672533486875,0.538559792414,0.141771079395,3
P2,3,mixed.drop-phone_state.gaussian-phone_gyro.sigma-1,phone_state,phone_gyro,1,0.542922277276,0.673419035196,0.546646406882,0.140121551828,3
P2,3,mixed.drop-phone_state.gaussian-phone_gyro.sigma-2,phone_state,phone_gyro,2,0.539966570133,0.672753862164,0.542318040851,0.140535473598,3
P2,3,mixed.drop-phone_state.gaussian-watch_acc.sigma-1,phone_state,watch_acc,1,0.522701216171,0.648745244788,0.526399954944,0.150711117862,3
P2,3,mixed.drop-phone_state.gaussian-watch_acc.sigma-2,phone_state,watch_acc,2,0.503781712398,0.636103932484,0.50241797775,0.157117155099,3
P2,3,mixed.drop-watch_acc.gaussian-audio.sigma-1,watch_acc,audio,1,0.496129461546,0.662213316232,0.492269873808,0.151654748109,3
P2,3,mixed.drop-watch_acc.gaussian-audio.sigma-2,watch_acc,audio,2,0.485616588055,0.653018126929,0.479018044107,0.15593560256,3
P2,3,mixed.drop-watch_acc.gaussian-location.sigma-1,watch_acc,location,1,0.526320830745,0.691773435894,0.535183343191,0.141491081694,3
P2,3,mixed.drop-watch_acc.gaussian-location.sigma-2,watch_acc,location,2,0.512998715187,0.686140507825,0.520093153652,0.144659296184,3
P2,3,mixed.drop-watch_acc.gaussian-phone_acc.sigma-1,watch_acc,phone_acc,1,0.534339589398,0.700035720496,0.544845285145,0.136685270803,3
P2,3,mixed.drop-watch_acc.gaussian-phone_acc.sigma-2,watch_acc,phone_acc,2,0.529406258255,0.698625822859,0.538307228136,0.137810416703,3
P2,3,mixed.drop-watch_acc.gaussian-phone_gyro.sigma-1,watch_acc,phone_gyro,1,0.536266605383,0.702152562727,0.543775420502,0.135669285998,3
P2,3,mixed.drop-watch_acc.gaussian-phone_gyro.sigma-2,watch_acc,phone_gyro,2,0.532128872468,0.701690974618,0.537928693187,0.135883720916,3
P2,3,mixed.drop-watch_acc.gaussian-phone_state.sigma-1,watch_acc,phone_state,1,0.511601183779,0.647087050697,0.509827304115,0.153302278097,3
P2,3,mixed.drop-watch_acc.gaussian-phone_state.sigma-2,watch_acc,phone_state,2,0.506625007375,0.637118693889,0.501469780368,0.157409572401,3
P2,4,mixed.drop-audio.gaussian-location.sigma-1,audio,location,1,0.613284129837,0.634719622339,0.624768469033,0.149725554998,3
P2,4,mixed.drop-audio.gaussian-location.sigma-2,audio,location,2,0.602711663168,0.624374597793,0.618580209644,0.151369797453,3
P2,4,mixed.drop-audio.gaussian-phone_acc.sigma-1,audio,phone_acc,1,0.621937474394,0.655432966488,0.631939601428,0.146818805001,3
P2,4,mixed.drop-audio.gaussian-phone_acc.sigma-2,audio,phone_acc,2,0.617247130775,0.652184945741,0.628151455959,0.147788531642,3
P2,4,mixed.drop-audio.gaussian-phone_gyro.sigma-1,audio,phone_gyro,1,0.625883714826,0.65752700451,0.635652916757,0.145951529019,3
P2,4,mixed.drop-audio.gaussian-phone_gyro.sigma-2,audio,phone_gyro,2,0.622487262644,0.654737603346,0.633259001528,0.147208100428,3
P2,4,mixed.drop-audio.gaussian-phone_state.sigma-1,audio,phone_state,1,0.586227950554,0.610370463216,0.599119026065,0.156097191017,3
P2,4,mixed.drop-audio.gaussian-phone_state.sigma-2,audio,phone_state,2,0.571259123959,0.595395932988,0.586755171676,0.160651644165,3
P2,4,mixed.drop-audio.gaussian-watch_acc.sigma-1,audio,watch_acc,1,0.61054382871,0.645050705773,0.623592533707,0.150689871167,3
P2,4,mixed.drop-audio.gaussian-watch_acc.sigma-2,audio,watch_acc,2,0.593825982098,0.633506816561,0.606440286599,0.154681767468,3
P2,4,mixed.drop-location.gaussian-audio.sigma-1,location,audio,1,0.581259753447,0.627685947161,0.632161537997,0.143398965516,3
P2,4,mixed.drop-location.gaussian-audio.sigma-2,location,audio,2,0.570542909716,0.6178959309,0.61871600169,0.147652184544,3
P2,4,mixed.drop-location.gaussian-phone_acc.sigma-1,location,phone_acc,1,0.604189901828,0.652974815292,0.661702816993,0.134797220319,3
P2,4,mixed.drop-location.gaussian-phone_acc.sigma-2,location,phone_acc,2,0.600033746845,0.650132955531,0.655891252744,0.135702763985,3
P2,4,mixed.drop-location.gaussian-phone_gyro.sigma-1,location,phone_gyro,1,0.607920164218,0.65315456938,0.666569775746,0.134531275347,3
P2,4,mixed.drop-location.gaussian-phone_gyro.sigma-2,location,phone_gyro,2,0.602219494671,0.64888606729,0.664645974768,0.136046483685,3
P2,4,mixed.drop-location.gaussian-phone_state.sigma-1,location,phone_state,1,0.566321082039,0.622096016557,0.620715501596,0.13955594413,3
P2,4,mixed.drop-location.gaussian-phone_state.sigma-2,location,phone_state,2,0.555725011159,0.613566868165,0.609099415487,0.141348486632,3
P2,4,mixed.drop-location.gaussian-watch_acc.sigma-1,location,watch_acc,1,0.590955030336,0.644646394769,0.652025534718,0.138119154491,3
P2,4,mixed.drop-location.gaussian-watch_acc.sigma-2,location,watch_acc,2,0.565353482874,0.630995917733,0.628490559467,0.142545026976,3
P2,4,mixed.drop-phone_acc.gaussian-audio.sigma-1,phone_acc,audio,1,0.613664255339,0.645431937095,0.630279791626,0.1453614084,3
P2,4,mixed.drop-phone_acc.gaussian-audio.sigma-2,phone_acc,audio,2,0.608098464859,0.638750325473,0.623481426897,0.148021818695,3
P2,4,mixed.drop-phone_acc.gaussian-location.sigma-1,phone_acc,location,1,0.618167285255,0.643954835507,0.64388940276,0.140474402087,3
P2,4,mixed.drop-phone_acc.gaussian-location.sigma-2,phone_acc,location,2,0.612106463293,0.6381059523,0.64120690258,0.140562597819,3
P2,4,mixed.drop-phone_acc.gaussian-phone_gyro.sigma-1,phone_acc,phone_gyro,1,0.631024148771,0.663339646389,0.653821917601,0.138232643093,3
P2,4,mixed.drop-phone_acc.gaussian-phone_gyro.sigma-2,phone_acc,phone_gyro,2,0.62881976574,0.661287482551,0.651015999499,0.139451520884,3
P2,4,mixed.drop-phone_acc.gaussian-phone_state.sigma-1,phone_acc,phone_state,1,0.605829013787,0.637630418404,0.623704608412,0.142039373988,3
P2,4,mixed.drop-phone_acc.gaussian-phone_state.sigma-2,phone_acc,phone_state,2,0.60152617694,0.633231659875,0.619110967744,0.143210828153,3
P2,4,mixed.drop-phone_acc.gaussian-watch_acc.sigma-1,phone_acc,watch_acc,1,0.618381740546,0.654464658385,0.641159589842,0.142002311783,3
P2,4,mixed.drop-phone_acc.gaussian-watch_acc.sigma-2,phone_acc,watch_acc,2,0.603257416495,0.644217777019,0.62378692863,0.145536224663,3
P2,4,mixed.drop-phone_gyro.gaussian-audio.sigma-1,phone_gyro,audio,1,0.619911443685,0.646998344531,0.634550866582,0.145637396387,3
P2,4,mixed.drop-phone_gyro.gaussian-audio.sigma-2,phone_gyro,audio,2,0.614897952406,0.641897586232,0.627197693476,0.14823746115,3
P2,4,mixed.drop-phone_gyro.gaussian-location.sigma-1,phone_gyro,location,1,0.622388618605,0.646327917077,0.650045983944,0.140543348369,3
P2,4,mixed.drop-phone_gyro.gaussian-location.sigma-2,phone_gyro,location,2,0.618324987243,0.642386944568,0.648952895374,0.140346780587,3
P2,4,mixed.drop-phone_gyro.gaussian-phone_acc.sigma-1,phone_gyro,phone_acc,1,0.630136116026,0.661576499509,0.651899695099,0.139761843538,3
P2,4,mixed.drop-phone_gyro.gaussian-phone_acc.sigma-2,phone_gyro,phone_acc,2,0.628346187984,0.659930524675,0.647962082248,0.140643535285,3
P2,4,mixed.drop-phone_gyro.gaussian-phone_state.sigma-1,phone_gyro,phone_state,1,0.610791381318,0.639276268718,0.626439340936,0.143531536176,3
P2,4,mixed.drop-phone_gyro.gaussian-phone_state.sigma-2,phone_gyro,phone_state,2,0.609343764525,0.636818725583,0.623716538015,0.144852772957,3
P2,4,mixed.drop-phone_gyro.gaussian-watch_acc.sigma-1,phone_gyro,watch_acc,1,0.619541613502,0.654647930753,0.64300923573,0.142630486131,3
P2,4,mixed.drop-phone_gyro.gaussian-watch_acc.sigma-2,phone_gyro,watch_acc,2,0.601754699398,0.645204030907,0.621582333291,0.146085995333,3
P2,4,mixed.drop-phone_state.gaussian-audio.sigma-1,phone_state,audio,1,0.579465219502,0.600406799034,0.598001260917,0.159315528982,3
P2,4,mixed.drop-phone_state.gaussian-audio.sigma-2,phone_state,audio,2,0.55927080646,0.582067011758,0.580528032654,0.165663923861,3
P2,4,mixed.drop-phone_state.gaussian-location.sigma-1,phone_state,location,1,0.607423249524,0.624784510503,0.620584170097,0.146884133737,3
P2,4,mixed.drop-phone_state.gaussian-location.sigma-2,phone_state,location,2,0.59695305725,0.614452603559,0.611607407316,0.148570820212,3
P2,4,mixed.drop-phone_state.gaussian-phone_acc.sigma-1,phone_state,phone_acc,1,0.621067890979,0.645079949602,0.629843367001,0.143645811987,3
P2,4,mixed.drop-phone_state.gaussian-phone_acc.sigma-2,phone_state,phone_acc,2,0.617213303703,0.641970749776,0.626220289335,0.144505325429,3
P2,4,mixed.drop-phone_state.gaussian-phone_gyro.sigma-1,phone_state,phone_gyro,1,0.626498874689,0.6507462442,0.636875292465,0.142598199507,3
P2,4,mixed.drop-phone_state.gaussian-phone_gyro.sigma-2,phone_state,phone_gyro,2,0.622033663061,0.646957770584,0.633680509507,0.144467999196,3
P2,4,mixed.drop-phone_state.gaussian-watch_acc.sigma-1,phone_state,watch_acc,1,0.600811262866,0.628974841477,0.616192707264,0.150424404516,3
P2,4,mixed.drop-phone_state.gaussian-watch_acc.sigma-2,phone_state,watch_acc,2,0.577997363241,0.615149216507,0.593733983038,0.156038688058,3
P2,4,mixed.drop-watch_acc.gaussian-audio.sigma-1,watch_acc,audio,1,0.565645405089,0.618119123623,0.580672210314,0.158110406346,3
P2,4,mixed.drop-watch_acc.gaussian-audio.sigma-2,watch_acc,audio,2,0.556704123817,0.609155442338,0.568132791692,0.161307644319,3
P2,4,mixed.drop-watch_acc.gaussian-location.sigma-1,watch_acc,location,1,0.575877500783,0.618606260035,0.60619572085,0.1530162,3
P2,4,mixed.drop-watch_acc.gaussian-location.sigma-2,watch_acc,location,2,0.566404764789,0.612438627344,0.601058664133,0.153241237121,3
P2,4,mixed.drop-watch_acc.gaussian-phone_acc.sigma-1,watch_acc,phone_acc,1,0.587184217651,0.638150014731,0.607887211753,0.150875158406,3
P2,4,mixed.drop-watch_acc.gaussian-phone_acc.sigma-2,watch_acc,phone_acc,2,0.583441876685,0.634621117492,0.60393358434,0.151855069756,3
P2,4,mixed.drop-watch_acc.gaussian-phone_gyro.sigma-1,watch_acc,phone_gyro,1,0.587606429391,0.640372586116,0.611791545033,0.14983854005,3
P2,4,mixed.drop-watch_acc.gaussian-phone_gyro.sigma-2,watch_acc,phone_gyro,2,0.584458938501,0.637788527825,0.60765987561,0.151132664071,3
P2,4,mixed.drop-watch_acc.gaussian-phone_state.sigma-1,watch_acc,phone_state,1,0.545955380994,0.606499950232,0.572156231898,0.1567634522,3
P2,4,mixed.drop-watch_acc.gaussian-phone_state.sigma-2,watch_acc,phone_state,2,0.542740592304,0.602002294045,0.566500393981,0.158821395018,3
