repeat,p2_macro_f1_seed_then_fold_mean,p_macro_f1_seed_then_fold_mean,delta_p2_minus_p
0,0.574516134218,0.576021168656,-0.00150503443823
1,0.574379676642,0.574376427317,3.24932541735e-06
2,0.565872924476,0.565236770169,0.000636154307457
3,0.591870084298,0.590748614575,0.00112146972246
4,0.559919829169,0.5596065558,0.000313273368995
5,0.589764302807,0.590184088128,-0.000419785320978
6,0.591963982229,0.590864690923,0.00109929130656
7,0.573177115538,0.570373528194,0.00280358734415
8,0.55648276723,0.553330283025,0.00315248420447
9,0.573384549142,0.57360472353,-0.000220174388086
10,0.574712442079,0.577298082291,-0.00258564021174
11,0.562807841587,0.561999089751,0.000808751835488
12,0.582570593259,0.581176692968,0.00139390029079
13,0.573807328689,0.572555002278,0.00125232641014
14,0.550346990835,0.549337698431,0.00100929240361
15,0.581857377497,0.579471983492,0.00238539400568
16,0.588912478667,0.586743158866,0.00216931980097
17,0.558269890411,0.559773275986,-0.00150338557482
18,0.568580416393,0.56735438957,0.00122602682331
19,0.569608436425,0.570395743238,-0.000787306812777
20,0.57954445771,0.578100555597,0.00144390211272
21,0.579108740192,0.57616690919,0.00294183100247
22,0.57834706677,0.576854316038,0.00149275073232
23,0.550493414105,0.552091144706,-0.00159773060133
24,0.590951038258,0.589864407992,0.00108663026554
25,0.553438738648,0.553340924056,9.78145919149e-05
26,0.559744638986,0.557397841962,0.0023467970233
27,0.593403414008,0.592393135943,0.0010102780653
28,0.597532588115,0.59746026677,7.23213450047e-05
29,0.575074245826,0.57524319429,-0.000168948464179
30,0.589643689245,0.590246409399,-0.000602720153438
31,0.572702248419,0.571323731309,0.00137851710961
32,0.555585236076,0.5540782173,0.00150701877529
33,0.585810644026,0.587977232192,-0.00216658816614
34,0.573848705255,0.572918072292,0.000930632962694
35,0.56745106676,0.567095288691,0.000355778068689
36,0.577178084611,0.57577430541,0.00140377920094
37,0.557980208219,0.554829370946,0.00315083727304
38,0.572012145498,0.572759364681,-0.000747219183148
39,0.580447208643,0.579441322433,0.00100588621039
40,0.568727019688,0.567177438628,0.00154958105919
41,0.54879567015,0.547741672155,0.00105399799472
42,0.576995623712,0.576176619486,0.000819004225632
43,0.564424769043,0.564494826396,-7.00573530687e-05
44,0.551065276188,0.550230480224,0.000834795963902
45,0.593865334736,0.590549747995,0.00331558674173
46,0.578864662044,0.576822869156,0.00204179288852
47,0.588149394875,0.589460635328,-0.00131124045323
48,0.557866658456,0.557081289081,0.000785369375669
49,0.548880847884,0.546068981923,0.00281186596052
50,0.575800934412,0.576107988863,-0.000307054450256
51,0.565606919225,0.56358063039,0.00202628883437
52,0.569135314072,0.568004647715,0.00113066635665
53,0.598726765965,0.597070916048,0.00165584991754
54,0.554007011563,0.554619385582,-0.000612374019762
55,0.578064485884,0.578337005289,-0.000272519404402
56,0.550898878717,0.547363878118,0.00353500059858
57,0.563609686134,0.560730031701,0.0028796544333
58,0.5815446156,0.580947757215,0.000596858385148
59,0.559447190382,0.558446015309,0.00100117507343
60,0.578318493805,0.575914759716,0.00240373408965
61,0.576988515853,0.575837279689,0.00115123616439
62,0.575985112083,0.578213467217,-0.00222835513411
63,0.568659701915,0.56732817837,0.00133152354474
64,0.549648300412,0.547091462887,0.0025568375245
65,0.581574045599,0.578271623566,0.00330242203298
66,0.567977618443,0.566123425848,0.00185419259569
67,0.586591413353,0.584748335795,0.00184307755873
68,0.546051961959,0.543110188771,0.00294177318723
69,0.597069123461,0.593999479427,0.00306964403367
70,0.569178327913,0.56767364096,0.00150468695322
71,0.57223686874,0.570999940939,0.00123692780084
72,0.589064107099,0.589126834178,-6.2727079012e-05
73,0.55450073556,0.552402579453,0.00209815610624
74,0.569554361291,0.568868465154,0.000685896136913
75,0.584791199916,0.580446543537,0.00434465637927
76,0.559041958461,0.557237134121,0.00180482433992
77,0.55670117788,0.553252190378,0.00344898750222
78,0.568387830889,0.568195786229,0.000192044659726
79,0.568689751987,0.568096820057,0.000592931930036
80,0.57572292893,0.574362854721,0.00136007420913
81,0.5693814257,0.569955747223,-0.000574321523597
82,0.589834016139,0.59019207119,-0.000358055050467
83,0.554358992511,0.550811611007,0.00354738150334
84,0.566771576364,0.566114249932,0.000657326431866
85,0.584806861007,0.58238431362,0.00242254738693
86,0.567568726785,0.564878288836,0.00269043794869
87,0.567440541421,0.566500660428,0.000939880992569
88,0.590597778367,0.589632476377,0.000965301990796
89,0.546935888949,0.542130511417,0.0048053775311
90,0.560901166828,0.55915878873,0.00174237809763
91,0.575856946371,0.576028268213,-0.000171321841652
92,0.578330817661,0.577832504517,0.000498313143878
93,0.582468646552,0.581602034401,0.000866612150457
94,0.554081034455,0.553145550609,0.000935483845605
95,0.578697240992,0.579391731789,-0.000694490796315
96,0.573211154551,0.571528705819,0.00168244873153
97,0.589570120176,0.590767009996,-0.00119688982023
98,0.568920781367,0.566821491973,0.00209928939403
99,0.584026380247,0.580421027496,0.003605352751
100,0.557098076773,0.556757136323,0.000340940449228
101,0.580110249056,0.57955641486,0.000553834196417
102,0.574772471373,0.57388469569,0.000887775682638
103,0.552934162606,0.551973380572,0.000960782034677
104,0.562938198988,0.562216186028,0.000722012960531
105,0.554312603075,0.550947250575,0.00336535250005
106,0.571647704922,0.57319863384,-0.00155092891712
107,0.565680051819,0.568278872551,-0.0025988207318
108,0.564752660127,0.562575213887,0.00217744624008
109,0.546713364903,0.544234007285,0.00247935761888
110,0.566228720417,0.564924431107,0.00130428930947
111,0.582982665066,0.580539695337,0.00244296972936
112,0.568926763051,0.570216125988,-0.00128936293724
113,0.572355370198,0.57283790665,-0.000482536452247
114,0.548517506874,0.545044572064,0.00347293480921
115,0.58365273823,0.581588721857,0.00206401637295
116,0.57553414178,0.573966180863,0.00156796091731
117,0.565998699206,0.565822122712,0.000176576494641
118,0.581758662218,0.582582712063,-0.000824049844745
119,0.579755489799,0.58040651304,-0.000651023240948
120,0.573001822803,0.570586870779,0.00241495202375
121,0.559233278332,0.560068381276,-0.000835102944377
122,0.585833512862,0.585438969449,0.000394543413038
123,0.585974314655,0.584131256743,0.00184305791129
124,0.579802844418,0.580487526213,-0.000684681795225
125,0.573255479345,0.57239616532,0.000859314025276
126,0.56887344564,0.567303506488,0.00156993915165
127,0.572619404261,0.570664707883,0.00195469637747
128,0.583420354424,0.581344479416,0.00207587500763
129,0.567157801,0.567509604032,-0.00035180303239
130,0.570918622883,0.568148240378,0.00277038250519
131,0.556601954643,0.557568134629,-0.000966179986242
132,0.572012727245,0.569706582293,0.00230614495225
133,0.583978150398,0.584482036169,-0.000503885770577
134,0.585902689834,0.584424247317,0.00147844251719
135,0.580121633845,0.578604954662,0.00151667918329
136,0.571729666023,0.571499811114,0.000229854909117
137,0.588035720491,0.58806018016,-2.44596685881e-05
138,0.557862880074,0.555455871289,0.00240700878468
139,0.587589397453,0.587113464282,0.000475933170764
140,0.573207526342,0.571400514248,0.00180701209414
141,0.56472893871,0.562801397829,0.00192754088072
142,0.565917983671,0.566862312249,-0.000944328578193
143,0.561670556317,0.559450218902,0.00222033741494
144,0.567618719002,0.563501041348,0.00411767765432
145,0.581081242105,0.577624997121,0.00345624498366
146,0.574040894558,0.574894638682,-0.000853744124143
147,0.561343896877,0.559150553999,0.00219334287879
148,0.544879530065,0.542669884961,0.0022096451043
149,0.540456785167,0.535989720314,0.00446706485244
150,0.58182737669,0.578820939827,0.00300643686304
151,0.568428703327,0.567208863058,0.00121984026934
152,0.572587577915,0.57238898508,0.000198592834899
153,0.583944928704,0.5839221807,2.27480039855e-05
154,0.562767923695,0.56231539326,0.000452530434396
155,0.541477255538,0.540195973176,0.00128128236228
156,0.57121460124,0.571339050705,-0.000124449464706
157,0.567954141329,0.566577389336,0.0013767519933
158,0.553838559044,0.553243455231,0.000595103813186
159,0.581286429772,0.580993599289,0.000292830483104
160,0.555328459249,0.553417122787,0.00191133646224
161,0.571905109471,0.569765391739,0.00213971773161
162,0.577430606375,0.578379433845,-0.000948827470238
163,0.571257362393,0.568331198165,0.00292616422743
164,0.562875073243,0.563411452979,-0.000536379735757
165,0.580197746856,0.580692994895,-0.000495248038349
166,0.58271347946,0.580788950262,0.00192452919793
167,0.5886344101,0.588778625351,-0.000144215250933
168,0.564169392443,0.561727548933,0.00244184351079
169,0.549463040925,0.54905186865,0.000411172275476
170,0.581015459567,0.580529137796,0.000486321771117
171,0.578734632989,0.580738767327,-0.00200413433833
172,0.571063852786,0.569539714564,0.0015241382222
173,0.590887006149,0.590021058666,0.00086594748267
174,0.555309670141,0.553704751758,0.00160491838311
175,0.548055288807,0.546968823945,0.00108646486221
176,0.563736116213,0.563231858113,0.000504258100289
177,0.580216367403,0.58129816091,-0.00108179350703
178,0.568927577151,0.569693782714,-0.000766205562778
179,0.587353602759,0.586401551814,0.000952050945292
180,0.585241911162,0.58725762789,-0.00201571672772
181,0.547805816842,0.545622290426,0.00218352641542
182,0.578229008044,0.576727503294,0.00150150474901
183,0.582838841507,0.581875355971,0.000963485536377
184,0.57993046421,0.578928267148,0.00100219706191
185,0.572721782013,0.570071162816,0.00265061919789
186,0.589475800405,0.588776553185,0.000699247220518
187,0.587208346662,0.585546013384,0.00166233327776
188,0.545719723605,0.54233503262,0.00338469098464
189,0.564829175518,0.565724003509,-0.00089482799096
190,0.583208623763,0.581613849356,0.00159477440764
191,0.585615376944,0.584616127688,0.000999249256461
192,0.581698686214,0.584005539822,-0.00230685360795
193,0.564107168949,0.560635846224,0.00347132272566
194,0.557318701363,0.557802861332,-0.000484159969232
195,0.57096674369,0.56797955506,0.00298718862953
196,0.579048729204,0.577647484992,0.00140124421285
197,0.546833457999,0.545875627801,0.000957830197789
198,0.594183606336,0.59310971031,0.00107389602605
199,0.586638685484,0.585585496906,0.00105318857728
200,0.586303217487,0.584946312022,0.00135690546423
201,0.555702929565,0.556712981875,-0.00101005231032
202,0.575367325259,0.569329619231,0.00603770602785
203,0.567560188807,0.568099613482,-0.000539424675497
204,0.577714215565,0.576228306557,0.00148590900838
205,0.585018086691,0.582262704905,0.00275538178649
206,0.562752117101,0.563642872049,-0.000890754948075
207,0.562863362274,0.561309718397,0.00155364387701
208,0.57658642809,0.579885431993,-0.00329900390361
209,0.573767085676,0.573075932877,0.000691152799171
210,0.564461333473,0.561799579653,0.00266175382018
211,0.568845022423,0.569992877563,-0.00114785514059
212,0.578859238183,0.576833339992,0.0020258981904
213,0.564904557807,0.563524987755,0.00137957005211
214,0.572749244524,0.571453917374,0.00129532714922
215,0.566776354112,0.566700819472,7.55346394902e-05
216,0.560891037608,0.56106865204,-0.000177614432561
217,0.562744074062,0.56140165556,0.00134241850196
218,0.554201255374,0.553633246191,0.000568009183424
219,0.561188082815,0.559363021695,0.00182506112022
220,0.59142152326,0.588588902631,0.00283262062889
221,0.557654817112,0.555982352043,0.00167246506889
222,0.56571098636,0.563872879247,0.0018381071123
223,0.545200847322,0.543415148473,0.00178569884938
224,0.588399525583,0.587680164565,0.000719361018073
225,0.570959749478,0.571670654266,-0.000710904788349
226,0.56317025119,0.561262128186,0.00190812300447
227,0.546230417752,0.545749650975,0.000480766777679
228,0.554766055214,0.553206295954,0.00155975925917
229,0.566195998055,0.56546105483,0.000734943225602
230,0.561265822732,0.556587862995,0.00467795973725
231,0.575213383714,0.572071929202,0.00314145451227
232,0.578101267293,0.578604451474,-0.000503184181068
233,0.592898767314,0.591121493766,0.00177727354838
234,0.561854436469,0.560652376444,0.00120206002474
235,0.572795077403,0.571111220981,0.00168385642218
236,0.576853524073,0.576704654138,0.000148869935156
237,0.603990423745,0.602329808978,0.00166061476706
238,0.558111865503,0.556781842086,0.00133002341684
239,0.572825057179,0.572316283146,0.000508774032407
240,0.571649407576,0.570446525019,0.00120288255733
241,0.571590454935,0.569154536063,0.00243591887239
242,0.578087803141,0.579074713044,-0.000986909902909
243,0.56951933074,0.569893163711,-0.000373832971169
244,0.543300157894,0.543229737229,7.04206650185e-05
245,0.577835728142,0.574737277933,0.00309845020954
246,0.574128251354,0.57057642926,0.00355182209339
247,0.565405432796,0.564080079043,0.001325353753
248,0.603256654338,0.603293270564,-3.66162251446e-05
249,0.562427603403,0.562086035638,0.000341567764565
250,0.580139398424,0.578746875611,0.0013925228125
251,0.565031446604,0.561232548885,0.00379889771898
252,0.56623772302,0.562125155052,0.00411256796791
253,0.586987342999,0.587133732667,-0.000146389668377
254,0.586998836539,0.583746246095,0.00325259044427
255,0.585193061398,0.586115395603,-0.000922334204773
256,0.584364712055,0.583569817065,0.000794894990308
257,0.537080097449,0.53659207879,0.000488018658539
258,0.563093097729,0.561364984082,0.00172811364676
259,0.581770565609,0.57999197844,0.00177858716823
260,0.557525631355,0.557210584497,0.000315046857953
261,0.573593866618,0.570827782092,0.00276608452615
262,0.582373993483,0.578694755353,0.00367923812992
263,0.568608362413,0.567424905679,0.00118345673378
264,0.571140355604,0.572019254103,-0.000878898498406
265,0.568806236862,0.568858244737,-5.20078748677e-05
266,0.571315588953,0.572512685853,-0.0011970969001
267,0.58374720156,0.58373587497,1.13265905147e-05
268,0.568760562635,0.565070815351,0.00368974728425
269,0.572184979667,0.572041061974,0.000143917692567
270,0.556186876112,0.555175840364,0.00101103574783
271,0.576034376673,0.57621480769,-0.000180431017095
272,0.575044239722,0.575082497238,-3.82575159864e-05
273,0.574507638437,0.57497722119,-0.00046958275276
274,0.553127781874,0.551886900286,0.0012408815884
275,0.535635971436,0.531269720435,0.00436625100088
276,0.590252262592,0.589850429938,0.000401832654104
277,0.593564554547,0.592174070191,0.00139048435571
278,0.56638953927,0.564990880846,0.00139865842367
279,0.556337782249,0.553659263445,0.00267851880339
280,0.560367549133,0.560636037466,-0.000268488333125
281,0.567418133701,0.56661004593,0.000808087770925
282,0.581570656146,0.578537413755,0.00303324239133
283,0.580605310003,0.582075362179,-0.00147005217588
284,0.595140253931,0.595405502152,-0.000265248221279
285,0.567958396583,0.566739375352,0.00121902123114
286,0.577453293829,0.578488088138,-0.00103479430924
287,0.577322783137,0.576647044202,0.000675738935455
288,0.551449640196,0.55095010333,0.000499536866814
289,0.579423909898,0.577636610706,0.00178729919188
290,0.573466421987,0.573585803781,-0.000119381794775
291,0.572996915974,0.572479867755,0.000517048219542
292,0.577770113506,0.577758912501,1.12010050512e-05
293,0.593390229982,0.591239346731,0.0021508832512
294,0.59192211976,0.589369828552,0.00255229120743
295,0.557066612457,0.557436079457,-0.00036946699968
296,0.583381173296,0.582766988907,0.000614184389195
297,0.550916322629,0.549623732654,0.00129258997548
298,0.547876791933,0.548117765989,-0.000240974055744
299,0.577529957049,0.576329178804,0.0012007782453
300,0.58492117786,0.586037317722,-0.00111613986209
301,0.571597284075,0.569291065789,0.00230621828688
302,0.558389670809,0.555177272324,0.00321239848575
303,0.557405745597,0.558077062504,-0.000671316906656
304,0.587592966028,0.585993022806,0.001599943222
305,0.557779538063,0.556056519281,0.00172301878204
306,0.554796346237,0.552772938651,0.00202340758562
307,0.557033460968,0.557642455413,-0.000608994444831
308,0.568099717208,0.563937540083,0.00416217712482
309,0.576581765071,0.576978089888,-0.000396324817242
310,0.576894035,0.575790078285,0.00110395671529
311,0.56838466266,0.567094973621,0.00128968903812
312,0.58936069504,0.587464839469,0.0018958555708
313,0.56840671748,0.566272636987,0.00213408049223
314,0.577641803664,0.577131197378,0.000510606285489
315,0.565519229039,0.566787665109,-0.00126843606972
316,0.560240564756,0.556499770994,0.00374079376203
317,0.574079285223,0.575901248265,-0.00182196304278
318,0.597359903148,0.595156262026,0.0022036411218
319,0.572757361291,0.571255054186,0.0015023071055
320,0.569859634745,0.569120757378,0.000738877366994
321,0.585043106311,0.584704177847,0.000338928464124
322,0.576885229248,0.576655623861,0.000229605386969
323,0.571416361948,0.568740270856,0.00267609109205
324,0.574228909263,0.574560872012,-0.000331962749047
325,0.574011251703,0.576058973742,-0.00204772203861
326,0.59273559693,0.59108141238,0.00165418455042
327,0.579195528145,0.578201348223,0.000994179922188
328,0.596163738031,0.597687920433,-0.00152418240238
329,0.588666743064,0.586361953951,0.0023047891124
330,0.577827668257,0.577074215806,0.000753452450899
331,0.571224448003,0.570986345742,0.000238102261067
332,0.579795869693,0.578327795377,0.00146807431581
333,0.583075285413,0.579225609195,0.00384967621768
334,0.570473602994,0.568957319144,0.0015162838494
335,0.567434475515,0.565769932196,0.00166454331843
336,0.590868766244,0.592235422583,-0.0013666563386
337,0.546697111919,0.544131274903,0.00256583701588
338,0.563392703202,0.562071121225,0.00132158197683
339,0.566576117422,0.567026729573,-0.000450612151185
340,0.569194556246,0.565130438207,0.0040641180386
341,0.57939932747,0.578849377307,0.000549950162549
342,0.561783165524,0.560629213973,0.00115395155126
343,0.544086565136,0.544355902319,-0.000269337183237
344,0.578829290643,0.578039071972,0.00079021867041
345,0.572720269805,0.569282199283,0.00343807052261
346,0.532068395077,0.526532513801,0.00553588127583
347,0.583409072055,0.58197665387,0.0014324181854
348,0.566771085968,0.565366934665,0.00140415130309
349,0.575173364908,0.57582620517,-0.000652840261948
350,0.569911489492,0.567988084486,0.00192340500619
351,0.572284785285,0.570898105552,0.0013866797331
352,0.5796026818,0.582048085238,-0.00244540343836
353,0.561264204236,0.560794583004,0.000469621231541
354,0.593144512668,0.593058305052,8.62076159891e-05
355,0.584228751191,0.582618584135,0.00161016705591
356,0.564089041889,0.564331335399,-0.000242293510917
357,0.579097645529,0.576028091692,0.00306955383616
358,0.57224407259,0.57196789117,0.000276181419837
359,0.580697018046,0.577612728948,0.00308428909768
360,0.585771806712,0.585204087094,0.000567719618228
361,0.583572020761,0.581985770919,0.00158624984167
362,0.575342828759,0.574651956013,0.000690872746733
363,0.589677822839,0.589411443298,0.000266379540414
364,0.561737089952,0.560375194068,0.00136189588362
365,0.58748231329,0.585475462909,0.00200685038079
366,0.576005548182,0.573950171822,0.00205537636
367,0.563949589636,0.562525084354,0.0014245052829
368,0.56303488483,0.565147931349,-0.00211304651874
369,0.590536176334,0.586579222448,0.00395695388642
370,0.591856359063,0.592799882591,-0.000943523528034
371,0.574993525784,0.574733909124,0.00025961666004
372,0.580848458819,0.581837703037,-0.000989244217902
373,0.563878516023,0.563649899399,0.00022861662453
374,0.568254666587,0.563631232836,0.00462343375074
375,0.575614559745,0.574030262583,0.00158429716202
376,0.575352766058,0.575570993529,-0.000218227470418
377,0.535744295551,0.532336082223,0.00340821332826
378,0.584193021119,0.580108053221,0.00408496789778
379,0.594545039385,0.594983734263,-0.00043869487809
380,0.537981788509,0.536155794434,0.00182599407478
381,0.578594539347,0.580927370569,-0.00233283122201
382,0.548874288111,0.545651918137,0.00322236997398
383,0.558428819355,0.555704503438,0.00272431591665
384,0.569686140991,0.567950044843,0.00173609614793
385,0.545073253165,0.54581348461,-0.000740231445579
386,0.570305528261,0.568681184003,0.00162434425781
387,0.567366037453,0.565342098541,0.00202393891156
388,0.587373699026,0.588081251663,-0.000707552637544
389,0.563957513928,0.562110375788,0.00184713814018
390,0.586053668353,0.586061857999,-8.18964564968e-06
391,0.5825936939,0.580158945198,0.00243474870197
392,0.56808876797,0.567544242679,0.000544525291843
393,0.569901462487,0.5697106613,0.000190801187134
394,0.561611780375,0.558809251663,0.00280252871151
395,0.574613607944,0.573383189374,0.00123041856999
396,0.566743196429,0.566358283811,0.000384912617841
397,0.587075895896,0.584656261993,0.00241963390234
398,0.569273348042,0.570968882345,-0.00169553430367
399,0.556075459498,0.553112479713,0.00296297978477
400,0.591129261565,0.590579539196,0.000549722369093
401,0.573506310081,0.571882072313,0.00162423776821
402,0.551749553286,0.548020678627,0.00372887465948
403,0.576349930247,0.576666821483,-0.000316891236347
404,0.570237100155,0.570431666419,-0.00019456626356
405,0.567219424175,0.564802489534,0.00241693464172
406,0.562145967666,0.559313699111,0.00283226855489
407,0.577099247213,0.576611694572,0.000487552641058
408,0.572659550857,0.571286271003,0.0013732798533
409,0.577257853676,0.575604374713,0.00165347896302
410,0.573455351646,0.572885797016,0.000569554630572
411,0.580115288295,0.579542144248,0.000573144047727
412,0.588351829954,0.586759259985,0.00159256996964
413,0.551717425224,0.547409938202,0.00430748702154
414,0.576639120075,0.57317279668,0.00346632339505
415,0.558657956121,0.555464036251,0.0031939198695
416,0.561941751506,0.559661515777,0.00228023572912
417,0.586845078301,0.586803068624,4.20096769861e-05
418,0.543230187759,0.539895692445,0.00333449531377
419,0.583260376467,0.582755670456,0.000504706011066
420,0.565153373406,0.564632230587,0.000521142818912
421,0.581457816549,0.578506869547,0.00295094700173
422,0.550669088225,0.547507468717,0.00316161950805
423,0.585688474133,0.587093523073,-0.00140504893988
424,0.575421277515,0.576140732142,-0.000719454627445
425,0.57795119016,0.576470862237,0.00148032792232
426,0.572284083314,0.571823861695,0.000460221619281
427,0.554666105914,0.551468029491,0.00319807642277
428,0.562886041007,0.560548248768,0.00233779223889
429,0.577042561256,0.575128590234,0.0019139710216
430,0.546499298018,0.543010200419,0.0034890975992
431,0.562408225725,0.56237622129,3.20044347152e-05
432,0.569619128694,0.568899801497,0.000719327196838
433,0.581142273678,0.580964819827,0.000177453851538
434,0.540178442213,0.538903595597,0.0012748466167
435,0.572555889642,0.569309718861,0.00324617078092
436,0.578287298216,0.576877636273,0.00140966194239
437,0.559512174699,0.55382671195,0.00568546274933
438,0.549381611423,0.546354650001,0.00302696142226
439,0.573671060117,0.573358104135,0.000312955982044
440,0.577145629196,0.573506524067,0.00363910512888
441,0.576940695163,0.576937605475,3.08968874259e-06
442,0.568363100925,0.567184162574,0.00117893835097
443,0.565803785975,0.566749155403,-0.00094536942881
444,0.558904639846,0.556443726672,0.00246091317367
445,0.556277616306,0.553888554738,0.00238906156789
446,0.574343166105,0.571926998168,0.00241616793668
447,0.570572400009,0.570316638738,0.000255761270292
448,0.583070041184,0.584051636946,-0.000981595761685
449,0.568321504452,0.571093902751,-0.00277239829971
450,0.580864708077,0.578661373106,0.00220333497053
451,0.56396462933,0.56289129393,0.00107333539936
452,0.578394423403,0.575327804778,0.00306661862493
453,0.555734028533,0.554828800931,0.000905227602377
454,0.563690835523,0.560188663366,0.00350217215759
455,0.564014139537,0.563710459964,0.000303679573306
456,0.564493697234,0.564655602131,-0.000161904896643
457,0.579883217838,0.579967924748,-8.47069098238e-05
458,0.567540105284,0.567285393318,0.000254711966204
459,0.553505243912,0.551858492771,0.00164675114086
460,0.589074173555,0.588490598651,0.000583574903954
461,0.569727422981,0.568505949148,0.0012214738331
462,0.544641747892,0.539719178801,0.00492256909032
463,0.581225828757,0.577363061746,0.00386276701149
464,0.545075098591,0.543086312212,0.00198878637931
465,0.555777488355,0.55506990717,0.000707581184235
466,0.583529292651,0.579580130781,0.00394916186995
467,0.566088942686,0.563747241267,0.00234170141976
468,0.570464573007,0.568670182981,0.00179439002664
469,0.568272132793,0.566876527361,0.00139560543272
470,0.595044735383,0.593896271828,0.00114846355483
471,0.578849246889,0.578839714672,9.53221667952e-06
472,0.566121856665,0.565482647651,0.000639209014282
473,0.563770766276,0.562865402786,0.000905363489956
474,0.58458725785,0.584468998326,0.000118259524045
475,0.594752063486,0.596675094613,-0.00192303112737
476,0.579769769892,0.578676619374,0.00109315051807
477,0.574563166021,0.573057900343,0.00150526567813
478,0.566292471742,0.567792446108,-0.00149997436591
479,0.566862387145,0.568580867315,-0.00171848017019
480,0.554867039693,0.554692324385,0.000174715308181
481,0.564360718464,0.55979309326,0.004567625204
482,0.561210549246,0.560810260635,0.000400288610689
483,0.56580807773,0.562998723743,0.00280935398629
484,0.57346864174,0.573317056898,0.000151584841165
485,0.566927937774,0.567807260559,-0.000879322784842
486,0.586255262664,0.584615875822,0.00163938684202
487,0.570184668534,0.571890773495,-0.0017061049614
488,0.570166846664,0.569614317805,0.000552528858518
489,0.587473492405,0.585985295721,0.0014881966841
490,0.55999301155,0.555269163679,0.00472384787094
491,0.578201463457,0.576235591487,0.00196587196988
492,0.569493534617,0.565518978114,0.00397455650301
493,0.567158439021,0.563921969939,0.00323646908198
494,0.571687704417,0.567786940701,0.00390076371627
495,0.578830463254,0.578379893206,0.000450570048451
496,0.553456136685,0.549199248161,0.00425688852355
497,0.558254741115,0.555609179783,0.0026455613318
498,0.584631256151,0.586539129442,-0.00190787329149
499,0.565543891773,0.56561066109,-6.67693172891e-05
500,0.572863630827,0.571897901594,0.000965729233362
501,0.58231334284,0.582245018096,6.83247442562e-05
502,0.544590781532,0.540433765182,0.00415701634975
503,0.549053773938,0.544998669293,0.00405510464473
504,0.568673378259,0.566680828252,0.00199255000733
505,0.566207528035,0.565295995465,0.000911532570408
506,0.555908552278,0.554014879356,0.00189367292223
507,0.572251513502,0.567867667133,0.00438384636931
508,0.570270157875,0.567791210084,0.00247894779127
509,0.557918984246,0.555707580716,0.00221140353012
510,0.576235422662,0.575917628049,0.000317794612804
511,0.576178596356,0.574961882569,0.00121671378719
512,0.576412542958,0.576017724902,0.000394818056894
513,0.57978001219,0.578270358472,0.00150965371821
514,0.589071292509,0.587225412051,0.00184588045824
515,0.579957463357,0.578331075238,0.00162638811898
516,0.577244979006,0.575847061611,0.00139791739548
517,0.587861853434,0.585114079066,0.00274777436745
518,0.578936413099,0.577826445145,0.00110996795326
519,0.555818118042,0.556310337711,-0.000492219669245
520,0.572892137096,0.573347140085,-0.000455002989031
521,0.575043256729,0.570868072991,0.00417518373789
522,0.558675745352,0.557349637478,0.00132610787411
523,0.545404804223,0.541087382175,0.00431742204834
524,0.57198863306,0.571470352189,0.000518280870808
525,0.567850205228,0.566584020693,0.0012661845349
526,0.564062000863,0.562815231694,0.00124676916862
527,0.567212711365,0.565374715311,0.00183799605463
528,0.565599491404,0.563591315132,0.00200817627156
529,0.573032697136,0.570572543143,0.00246015399269
530,0.574742408308,0.575384742764,-0.000642334455491
531,0.592233861875,0.591085042907,0.00114881896791
532,0.589099382776,0.588108610761,0.000990772015497
533,0.573514602604,0.570461175912,0.00305342669222
534,0.556566350186,0.553784397199,0.00278195298738
535,0.56344536467,0.558725472242,0.00471989242795
536,0.583987900801,0.585606011882,-0.00161811108055
537,0.558227112394,0.554901258347,0.00332585404734
538,0.55039607307,0.54666873551,0.00372733755959
539,0.554807616764,0.554045724827,0.000761891937523
540,0.575409539502,0.575629566869,-0.000220027366591
541,0.572145446155,0.572224182253,-7.87360975466e-05
542,0.548783046202,0.545195725689,0.00358732051263
543,0.580290636023,0.578933966087,0.00135666993624
544,0.56047723929,0.561505462234,-0.00102822294364
545,0.578375087457,0.575497720548,0.00287736690839
546,0.555091574571,0.551644805125,0.00344676944599
547,0.583305712743,0.583697670076,-0.000391957333014
548,0.558503975678,0.555586227632,0.0029177480459
549,0.567990792806,0.568376876986,-0.00038608418032
550,0.570219864419,0.567878336143,0.00234152827593
551,0.572413827177,0.570202048178,0.00221177899876
552,0.55444304819,0.554763769889,-0.000320721699348
553,0.576800812998,0.57443891819,0.00236189480793
554,0.561187961415,0.557986640562,0.00320132085297
555,0.560904937054,0.560078919314,0.0008260177403
556,0.582245023296,0.581381449215,0.000863574081263
557,0.583214965129,0.583611642029,-0.000396676900711
558,0.580325001359,0.578867314338,0.00145768702163
559,0.568137010794,0.567002347921,0.00113466287278
560,0.56075250706,0.559145193319,0.00160731374096
561,0.581526679209,0.578880285081,0.00264639412774
562,0.556778372617,0.556679139525,9.92330923718e-05
563,0.553004428368,0.552181871035,0.000822557333354
564,0.554972798026,0.553147147617,0.00182565040903
565,0.581339471553,0.57769942741,0.0036400441422
566,0.587061561733,0.581681592813,0.00537996891999
567,0.587943376257,0.586768019877,0.00117535637938
568,0.574311137281,0.574016051357,0.000295085924421
569,0.566283193501,0.566488595358,-0.000205401857298
570,0.590027507022,0.587140069165,0.00288743785709
571,0.549402347766,0.548408646512,0.000993701254292
572,0.567175727121,0.568901788195,-0.00172606107415
573,0.563044799805,0.563084598096,-3.97982906729e-05
574,0.586259558171,0.583794251526,0.00246530664513
575,0.577176401116,0.574761584086,0.0024148170302
576,0.565372397274,0.563740313783,0.00163208349061
577,0.552693090409,0.549510985181,0.00318210522763
578,0.561195542011,0.558228413267,0.00296712874371
579,0.570860354349,0.570158627,0.000701727348417
580,0.561160486433,0.560502933449,0.000657552983651
581,0.580700196854,0.580402316597,0.000297880256252
582,0.607128229535,0.608169926437,-0.00104169690154
583,0.555923464777,0.552400616917,0.00352284786001
584,0.571032319313,0.571885288309,-0.000852968996106
585,0.573761611112,0.571714930634,0.00204668047806
586,0.577238206984,0.573904769479,0.00333343750473
587,0.563852064628,0.56113744906,0.00271461556772
588,0.577961179035,0.574235126675,0.00372605236
589,0.550858141608,0.549388796377,0.00146934523075
590,0.558146313188,0.555292141651,0.00285417153743
591,0.595695019914,0.596836734161,-0.00114171424656
592,0.57845596835,0.578140046091,0.000315922258994
593,0.564064094186,0.561072387491,0.00299170669447
594,0.572692559303,0.571627603951,0.0010649553521
595,0.578337531473,0.579715146169,-0.00137761469567
596,0.585701026792,0.584110062767,0.0015909640253
597,0.578804379826,0.575276368149,0.00352801167612
598,0.577575922268,0.576903915903,0.000672006364217
599,0.593397671313,0.593907065434,-0.000509394120947
600,0.545751581883,0.544256321544,0.00149526033852
601,0.569248231922,0.565564581424,0.00368365049827
602,0.582850337343,0.583197872553,-0.000347535209507
603,0.584515928317,0.58533594016,-0.000820011842968
604,0.588753043004,0.587410465781,0.0013425772225
605,0.586315694504,0.587551208412,-0.00123551390823
606,0.562232152388,0.56241289287,-0.00018074048116
607,0.569437921043,0.571054074034,-0.0016161529914
608,0.593985615619,0.593786465292,0.000199150327108
609,0.563863506672,0.562720937536,0.00114256913649
610,0.583330110873,0.582035077178,0.001295033695
611,0.584252742288,0.585556891778,-0.00130414949035
612,0.567216438163,0.564727722088,0.00248871607464
613,0.561568129951,0.561247281386,0.000320848564787
614,0.551491562986,0.546659424802,0.00483213818459
615,0.578576063645,0.576417327465,0.00215873617977
616,0.567091371505,0.566059838296,0.00103153320895
617,0.558138682372,0.556462327743,0.00167635462864
618,0.578767354147,0.578616627189,0.000150726957871
619,0.564984237073,0.560824742348,0.00415949472441
620,0.573018167107,0.572585304589,0.000432862517171
621,0.570629640937,0.569110792393,0.0015188485444
622,0.559162544634,0.558472317925,0.000690226708906
623,0.578436491042,0.578727943079,-0.00029145203669
624,0.563249225204,0.56118388278,0.00206534242443
625,0.55126029189,0.548725918646,0.00253437324415
626,0.572158513975,0.570694868417,0.00146364555744
627,0.58456421883,0.585999861173,-0.00143564234243
628,0.563885596564,0.561608052506,0.00227754405833
629,0.575279584381,0.576176745576,-0.000897161195884
630,0.557819800831,0.554087961842,0.00373183898982
631,0.563663388631,0.562265068508,0.00139832012254
632,0.581548995784,0.581863315685,-0.000314319900252
633,0.572810715457,0.57281599673,-5.28127327593e-06
634,0.578300972785,0.580255581871,-0.00195460908549
635,0.567999171767,0.565303654673,0.00269551709421
636,0.571017195941,0.570530851668,0.000486344272584
637,0.575474403691,0.575525211563,-5.08078725898e-05
638,0.574574546001,0.571549519703,0.00302502629844
639,0.586679334886,0.586965269497,-0.000285934610911
640,0.566449787977,0.563608098525,0.0028416894518
641,0.565975933269,0.563841324292,0.00213460897718
642,0.573661253781,0.57379217582,-0.000130922038772
643,0.570306300878,0.569620520861,0.000685780017127
644,0.562351750497,0.561041542872,0.00131020762511
645,0.564671262662,0.561893189327,0.00277807333494
646,0.580085571818,0.576291588111,0.00379398370679
647,0.589487620678,0.587801612399,0.00168600827953
648,0.590362154016,0.590042603803,0.000319550212292
649,0.572605321802,0.571293218461,0.00131210334024
650,0.577997665304,0.576105273803,0.00189239150124
651,0.575445181556,0.57434277581,0.00110240574536
652,0.558161808752,0.554353333114,0.00380847563864
653,0.553971658955,0.554073755519,-0.000102096563926
654,0.567506809527,0.566805695685,0.000701113841849
655,0.586955237714,0.583162658894,0.00379257882076
656,0.580967985059,0.58169926677,-0.000731281711028
657,0.596476750218,0.59480578948,0.00167096073815
658,0.560063583469,0.556707246227,0.00335633724186
659,0.563005535253,0.561134462741,0.00187107251207
660,0.559819238743,0.556491439703,0.00332779904013
661,0.575135345478,0.575420746384,-0.000285400906179
662,0.560433347368,0.558573095606,0.00186025176144
663,0.56175282549,0.558857569451,0.00289525603903
664,0.576804547642,0.575372005535,0.00143254210666
665,0.591379630644,0.590468313954,0.000911316689843
666,0.583015087599,0.582317038219,0.000698049379467
667,0.580300943905,0.579436793425,0.000864150480232
668,0.585844508926,0.584138846633,0.0017056622936
669,0.586618418465,0.589262757896,-0.00264433943137
670,0.564440129004,0.562145877001,0.00229425200292
671,0.575891439715,0.575832974625,5.84650904243e-05
672,0.57904364192,0.577729341428,0.00131430049204
673,0.554603392314,0.552798123233,0.00180526908139
674,0.575801083181,0.574294177783,0.00150690539747
675,0.558470010217,0.553376676284,0.00509333393324
676,0.580477327184,0.579931536278,0.00054579090564
677,0.578478887781,0.575985002331,0.00249388544964
678,0.566584406662,0.564477461257,0.00210694540513
679,0.556005294179,0.552238516463,0.00376677771635
680,0.58257754718,0.580800192048,0.00177735513191
681,0.569653929941,0.567580647091,0.00207328284976
682,0.593175653304,0.592009306742,0.001166346562
683,0.553159182497,0.54606439454,0.00709478795696
684,0.567844616354,0.567039314966,0.000805301387969
685,0.574172358958,0.573179597704,0.000992761254546
686,0.545667679446,0.541012598915,0.00465508053111
687,0.576024297498,0.575301279609,0.000723017888476
688,0.565353958528,0.56344616933,0.00190778919739
689,0.586619001443,0.585037852239,0.00158114920401
690,0.57505920368,0.573680662717,0.00137854096261
691,0.571262928193,0.565974945608,0.00528798258547
692,0.566979946101,0.564363504069,0.00261644203226
693,0.597448002168,0.596101628733,0.00134637343473
694,0.582409285111,0.581248312003,0.00116097310812
695,0.584579490234,0.583571797732,0.00100769250203
696,0.553294329167,0.553376033052,-8.17038847541e-05
697,0.567010889477,0.566989947561,2.09419156375e-05
698,0.54545284471,0.54405679804,0.00139604667033
699,0.568754270609,0.568908390548,-0.000154119938329
700,0.576548604106,0.577033109274,-0.000484505167181
701,0.556807952585,0.555581583427,0.00122636915786
702,0.580525152591,0.579320757643,0.00120439494732
703,0.578222115374,0.577289169469,0.000932945904907
704,0.556912021384,0.558765352176,-0.00185333079187
705,0.555908791236,0.55505964871,0.000849142525499
706,0.562903602345,0.561207705971,0.00169589637437
707,0.577154510134,0.574822409561,0.00233210057279
708,0.573648300008,0.573456261735,0.000192038273655
709,0.579572104061,0.580454455024,-0.000882350962657
710,0.583600402467,0.583765003693,-0.000164601225543
711,0.581955499447,0.580703797246,0.00125170220029
712,0.558358064468,0.556772398601,0.00158566586666
713,0.572955654095,0.573249955405,-0.000294301310113
714,0.571204973709,0.571250821487,-4.58477775646e-05
715,0.573357490339,0.571325412653,0.00203207768629
716,0.551961507873,0.550988830381,0.000972677492384
717,0.576228985822,0.575638035352,0.000590950469918
718,0.547547043463,0.545199525232,0.00234751823117
719,0.600324099126,0.599380790621,0.000943308504861
720,0.572095866393,0.57407424677,-0.00197838037742
721,0.566432776372,0.56606281093,0.000369965441516
722,0.54185909031,0.538276318374,0.00358277193645
723,0.554922488479,0.554841297721,8.11907584759e-05
724,0.579547118336,0.578350356717,0.00119676161904
725,0.568228452443,0.565149461296,0.00307899114744
726,0.582971182323,0.579608431896,0.0033627504266
727,0.567994639717,0.56644882647,0.00154581324726
728,0.575799870428,0.575293719593,0.000506150834927
729,0.552858951885,0.550809552973,0.00204939891209
730,0.575118246453,0.573296078304,0.00182216814913
731,0.593820805732,0.592215324769,0.00160548096294
732,0.571175756166,0.569623845424,0.00155191074187
733,0.583783425997,0.58453775557,-0.000754329573047
734,0.567674809434,0.567352249287,0.000322560147515
735,0.56851571391,0.570742980622,-0.00222726671261
736,0.568236902662,0.569759203121,-0.00152230045876
737,0.575907936076,0.576102404075,-0.00019446799916
738,0.584834297977,0.583700325582,0.00113397239446
739,0.595933198283,0.594377403377,0.00155579490617
740,0.597341161849,0.595523178332,0.00181798351755
741,0.558653363732,0.556262315919,0.00239104781308
742,0.570104554323,0.568767197834,0.00133735648925
743,0.553980544754,0.555993495611,-0.00201295085648
744,0.584132093479,0.583543679472,0.000588414007243
745,0.568915711262,0.567837871129,0.00107784013307
746,0.582823165432,0.581562344515,0.00126082091731
747,0.561754788198,0.560328968124,0.00142582007377
748,0.580308942931,0.579708750797,0.000600192134122
749,0.570121959329,0.567569534479,0.00255242484944
750,0.576772686158,0.574861544374,0.00191114178385
751,0.562146513607,0.562512881937,-0.000366368330114
752,0.582033170909,0.580402925901,0.00163024500819
753,0.568563630262,0.567930987568,0.00063264269448
754,0.581540429935,0.582529995588,-0.00098956565353
755,0.589105622943,0.586082013014,0.00302360992874
756,0.545738240102,0.543292449082,0.00244579101973
757,0.552549368255,0.549919924082,0.00262944417277
758,0.576886494556,0.575590698557,0.00129579599872
759,0.585526911392,0.584256019458,0.00127089193391
760,0.586589150345,0.585923897023,0.000665253321961
761,0.576841925233,0.575816846397,0.00102507883595
762,0.573616519806,0.574273398514,-0.00065687870829
763,0.557214989085,0.556066570564,0.00114841852057
764,0.563301859565,0.562301989461,0.000999870104378
765,0.554738221206,0.551346532527,0.00339168867927
766,0.573856342487,0.572964740888,0.00089160159923
767,0.559003409296,0.555271481054,0.0037319282421
768,0.573783205069,0.572965461698,0.000817743370576
769,0.578850204283,0.580658940312,-0.00180873602878
770,0.579632026616,0.581715222753,-0.00208319613636
771,0.561854004764,0.561931277912,-7.7273147948e-05
772,0.568640313433,0.568869575952,-0.000229262519675
773,0.582189010066,0.580516644303,0.00167236576263
774,0.577919637758,0.57567695868,0.00224267907788
775,0.560489786262,0.556497384395,0.00399240186766
776,0.564578653977,0.561104208784,0.00347444519279
777,0.587129974356,0.586065287047,0.00106468730907
778,0.581463764412,0.581775304691,-0.000311540279318
779,0.569467809353,0.566245624084,0.0032221852689
780,0.565398166938,0.56190751659,0.00349065034866
781,0.578877696643,0.578411573547,0.000466123095203
782,0.576313884552,0.57601341484,0.000300469712634
783,0.589091206189,0.587089078654,0.00200212753538
784,0.582273419251,0.581758899543,0.000514519708132
785,0.55817218345,0.552919189257,0.00525299419321
786,0.567200405848,0.568580795477,-0.00138038962915
787,0.578693692256,0.57975679824,-0.00106310598351
788,0.559611637382,0.559506915203,0.000104722178969
789,0.589921765784,0.58974070781,0.000181057973988
790,0.556162853388,0.553786878222,0.00237597516539
791,0.544292942808,0.543307357525,0.000985585283299
792,0.566521772279,0.563156066157,0.00336570612181
793,0.5808359721,0.577571568073,0.00326440402738
794,0.564139527168,0.562187204752,0.00195232241664
795,0.56951193798,0.567020390743,0.0024915472374
796,0.577955690259,0.574927543346,0.00302814691287
797,0.575902963704,0.576954656189,-0.00105169248474
798,0.571243899705,0.570387409864,0.000856489841131
799,0.555484628201,0.556103864732,-0.000619236530796
800,0.56260969738,0.560218090144,0.00239160723571
801,0.581266485549,0.578893501262,0.00237298428661
802,0.571148079246,0.574500382514,-0.00335230326877
803,0.583576225978,0.5835691125,7.11347799363e-06
804,0.578245679752,0.575709952463,0.00253572728953
805,0.581572543983,0.579606567104,0.00196597687885
806,0.571653231218,0.571253337856,0.000399893361416
807,0.564109865256,0.563834162872,0.000275702383926
808,0.591119804267,0.588940955183,0.00217884908471
809,0.559946517172,0.555238622444,0.00470789472798
810,0.584781580692,0.584228610904,0.000552969787746
811,0.572241541183,0.569954107183,0.00228743400024
812,0.557627521969,0.556799826126,0.000827695842271
813,0.558901321799,0.557407343875,0.00149397792349
814,0.575615528291,0.57397449377,0.00164103452097
815,0.576563228413,0.577095564637,-0.000532336224374
816,0.572860290431,0.568522653968,0.00433763646359
817,0.577076686314,0.575195689336,0.00188099697767
818,0.578966129893,0.578265036228,0.000701093664272
819,0.576438793386,0.576561586547,-0.000122793160588
820,0.581197712046,0.581422907873,-0.000225195827151
821,0.575489034125,0.572616053488,0.00287298063695
822,0.583980282578,0.582894182137,0.00108610044101
823,0.55084469256,0.549803901923,0.00104079063689
824,0.59146780344,0.590964374318,0.000503429121897
825,0.539239794638,0.535922525552,0.00331726908615
826,0.572589421171,0.572899131647,-0.000309710475196
827,0.582888312617,0.580489542545,0.00239877007257
828,0.576775647873,0.574452197299,0.00232345057348
829,0.597160199488,0.596875329392,0.000284870095527
830,0.561786074638,0.558977219068,0.00280885557096
831,0.58093655799,0.579539925296,0.00139663269361
832,0.576941719937,0.577518683886,-0.000576963949415
833,0.568107135102,0.567171130436,0.000936004666164
834,0.585355909429,0.582716906514,0.00263900291558
835,0.586144610507,0.586845204563,-0.000700594055121
836,0.592715936134,0.592839006578,-0.000123070444243
837,0.577377233319,0.574366003902,0.00301122941701
838,0.58522253884,0.584416761452,0.000805777388012
839,0.577188177889,0.575968636446,0.00121954144272
840,0.578379854786,0.578023413448,0.000356441337248
841,0.572335661683,0.570279377556,0.00205628412752
842,0.547403792559,0.544927328398,0.00247646416033
843,0.575289140584,0.574181362379,0.00110777820501
844,0.573406847577,0.572417010158,0.000989837419364
845,0.568506502177,0.568283375341,0.000223126836231
846,0.578442344878,0.575668849857,0.00277349502113
847,0.5848004468,0.585575487385,-0.000775040585551
848,0.573571357173,0.571198555601,0.00237280157194
849,0.56463192908,0.561612306907,0.00301962217344
850,0.583272069161,0.58077140955,0.00250065961141
851,0.568159653012,0.56496492705,0.00319472596191
852,0.561442115957,0.560434100764,0.00100801519267
853,0.573341536286,0.571851426339,0.00149010994704
854,0.588218850133,0.588727436777,-0.00050858664315
855,0.573462526155,0.572389213636,0.00107331251922
856,0.581710140114,0.580055149168,0.00165499094541
857,0.595368222085,0.594254965021,0.00111325706328
858,0.570709756857,0.568578336692,0.00213142016462
859,0.583790888531,0.581135372968,0.00265551556316
860,0.571267058691,0.569413769422,0.00185328926906
861,0.58043616645,0.579543143275,0.000893023175063
862,0.565156875068,0.56412767914,0.00102919592807
863,0.565045273821,0.563487979168,0.00155729465334
864,0.554420521244,0.551668655269,0.00275186597566
865,0.572548432411,0.571638502401,0.000909930009984
866,0.580046998805,0.580324392417,-0.000277393611839
867,0.570113821163,0.566827296001,0.00328652516181
868,0.557399344033,0.554744676683,0.00265466735031
869,0.578040524296,0.579562424508,-0.0015219002116
870,0.563391594218,0.563096142682,0.000295451535701
871,0.553901304523,0.553226048458,0.000675256064916
872,0.573142794886,0.572503026688,0.000639768197957
873,0.566553933136,0.564898298094,0.00165563504228
874,0.566969539258,0.568306180172,-0.00133664091369
875,0.569477119446,0.567742796332,0.00173432311394
876,0.57330884437,0.570773403855,0.0025354405157
877,0.566097738072,0.565087685516,0.00101005255679
878,0.575432856223,0.573413868969,0.00201898725394
879,0.576263676479,0.575442528311,0.000821148167867
880,0.578440706261,0.578389548589,5.11576712764e-05
881,0.595588565658,0.596680372265,-0.00109180660697
882,0.570188657492,0.571720478077,-0.00153182058475
883,0.579998811751,0.578274356613,0.00172445513749
884,0.56347775009,0.562960966269,0.000516783820483
885,0.582208207141,0.582900850486,-0.000692643345173
886,0.589603484577,0.58690207889,0.0027014056865
887,0.579588806557,0.57808313483,0.0015056717269
888,0.569897423067,0.568383521503,0.0015139015644
889,0.551187616211,0.549423662146,0.00176395406536
890,0.580462185921,0.577528558554,0.00293362736618
891,0.592518618685,0.592150680996,0.000367937688552
892,0.593431611358,0.592323657706,0.00110795365206
893,0.568902880408,0.568663882743,0.000238997664371
894,0.551260946666,0.548369469263,0.00289147740214
895,0.575453684851,0.573298408398,0.0021552764531
896,0.547869737353,0.545063514804,0.00280622254962
897,0.559288488772,0.557183949346,0.00210453942575
898,0.569062661277,0.568606638919,0.000456022358438
899,0.580174536629,0.581865707061,-0.00169117043152
900,0.56452939903,0.564635585372,-0.000106186341675
901,0.569638031275,0.569066900834,0.000571130440412
902,0.563074130379,0.564804221607,-0.00173009122832
903,0.559970676007,0.556962836995,0.00300783901225
904,0.586745556932,0.586415200594,0.000330356337676
905,0.587354745961,0.587834965686,-0.00048021972552
906,0.569682726688,0.565393567823,0.00428915886448
907,0.565967666573,0.567876258139,-0.00190859156653
908,0.570567581146,0.568096949727,0.00247063141898
909,0.577070389897,0.577149956412,-7.95665152988e-05
910,0.578245128323,0.576256232635,0.00198889568856
911,0.585438500841,0.585302714759,0.00013578608154
912,0.571702578373,0.5673492939,0.00435328447301
913,0.577941701725,0.576972646685,0.00096905504032
914,0.57528612116,0.575197461229,8.86599304813e-05
915,0.58230826547,0.579676254969,0.00263201050093
916,0.585082192397,0.583438760915,0.00164343148138
917,0.555565714779,0.556332135344,-0.00076642056532
918,0.563656120031,0.562030185611,0.00162593441985
919,0.57263538542,0.570457905163,0.00217748025649
920,0.559824601382,0.559612535073,0.000212066309621
921,0.5947616297,0.592827129052,0.00193450064723
922,0.588969690667,0.589350978382,-0.000381287714523
923,0.549498521961,0.548463984596,0.00103453736502
924,0.553000368897,0.549130230489,0.00387013840828
925,0.566705775721,0.565469942409,0.00123583331274
926,0.563247860379,0.559967472963,0.00328038741621
927,0.561818830857,0.56330550872,-0.00148667786251
928,0.568754746321,0.568679626507,7.5119814138e-05
929,0.566904076256,0.565113051289,0.00179102496639
930,0.567352280664,0.564948921339,0.00240335932472
931,0.596175568162,0.592120104848,0.00405546331457
932,0.572856927472,0.571036682936,0.00182024453637
933,0.578987121486,0.577249691427,0.00173743005924
934,0.563804875334,0.562604532902,0.00120034243124
935,0.574139268135,0.574239250518,-9.99823831654e-05
936,0.591479019799,0.590465797878,0.00101322192089
937,0.590623287764,0.589528141814,0.00109514594931
938,0.55192127331,0.551187403709,0.000733869600409
939,0.595650239854,0.594591134153,0.00105910570125
940,0.576261343788,0.57697076865,-0.000709424861861
941,0.55370465675,0.5522272322,0.00147742454965
942,0.574782751398,0.575554163787,-0.000771412388242
943,0.587408751131,0.585452574405,0.00195617672576
944,0.568736505707,0.567391363826,0.00134514188103
945,0.558984347578,0.560073741663,-0.00108939408427
946,0.557602337234,0.559145862908,-0.00154352567441
947,0.567798599836,0.563720763762,0.00407783607449
948,0.558901461736,0.553697429933,0.00520403180313
949,0.573123137085,0.572146953305,0.000976183779935
950,0.575218690812,0.574650351566,0.00056833924653
951,0.564883697955,0.564472713552,0.000410984403211
952,0.535562834359,0.535288271094,0.000274563264895
953,0.557725543727,0.556137578006,0.00158796572152
954,0.572203640458,0.571831482645,0.00037215781324
955,0.592473389497,0.590999911422,0.00147347807532
956,0.582944695717,0.581631924183,0.00131277153397
957,0.557856983102,0.55662923738,0.00122774572243
958,0.545481432451,0.541056025819,0.00442540663193
959,0.553072861872,0.549475280797,0.0035975810745
960,0.564401969907,0.562884735428,0.00151723447895
961,0.561053077235,0.562658817743,-0.00160574050782
962,0.566858174825,0.565547761679,0.00131041314529
963,0.567578641866,0.569892578659,-0.00231393679308
964,0.555830415678,0.554815911286,0.00101450439162
965,0.581657098009,0.58031274277,0.00134435523972
966,0.56150777557,0.560166737685,0.00134103788436
967,0.585430658154,0.584797038765,0.00063361938923
968,0.568834200792,0.568989325118,-0.000155124325458
969,0.55789029798,0.558793857179,-0.000903559199122
970,0.579307501345,0.577936822608,0.00137067873719
971,0.585326660529,0.584756911416,0.000569749113401
972,0.576411189778,0.573996392121,0.00241479765615
973,0.564204182527,0.56323216705,0.000972015477328
974,0.570029585614,0.572281956204,-0.00225237059008
975,0.586365256286,0.582312289607,0.00405296667894
976,0.576055422119,0.572277381071,0.00377804104757
977,0.537148231606,0.538388557377,-0.00124032577085
978,0.580859609704,0.579257071399,0.00160253830525
979,0.554841661167,0.55377464932,0.00106701184744
980,0.5586560514,0.556367248291,0.00228880310889
981,0.571401834957,0.57187369599,-0.000471861033225
982,0.571319741684,0.570616372106,0.000703369577638
983,0.549557457177,0.547785817545,0.0017716396318
984,0.58549597847,0.584065383091,0.00143059537849
985,0.59075080219,0.592633843829,-0.00188304163868
986,0.591329430669,0.590112345797,0.00121708487218
987,0.576831387075,0.575958705054,0.000872682020919
988,0.568405918656,0.565169791297,0.00323612735908
989,0.585747588399,0.583821112932,0.00192647546673
990,0.544287055329,0.537965270941,0.00632178438797
991,0.579763512318,0.581888032948,-0.00212452063045
992,0.559473359912,0.557050323832,0.00242303607936
993,0.571594947173,0.569259519092,0.0023354280804
994,0.55149058473,0.55111852976,0.000372054970241
995,0.569519127742,0.569570794102,-5.16663593693e-05
996,0.582101481305,0.581782780247,0.000318701057425
997,0.566456872302,0.567074714293,-0.000617841990892
998,0.590293785415,0.589316734242,0.000977051173176
999,0.565331223644,0.560074444239,0.00525677940492
1000,0.551475192015,0.549850339065,0.00162485294963
1001,0.568928993646,0.570478205605,-0.00154921195885
1002,0.58554615547,0.583909811362,0.00163634410803
1003,0.575381161285,0.574779845378,0.000601315907131
1004,0.563364061496,0.563050574675,0.000313486820701
1005,0.573677524568,0.572084874368,0.00159265019946
1006,0.593647464109,0.59533788117,-0.00169041706193
1007,0.577922524967,0.575270346515,0.00265217845209
1008,0.562454821577,0.561954027328,0.000500794249337
1009,0.565256073128,0.564664755963,0.000591317165415
1010,0.552096215645,0.552046985843,4.92298018245e-05
1011,0.576671724992,0.573530614093,0.00314111089861
1012,0.563551773973,0.560674179709,0.0028775942646
1013,0.592439297452,0.593071607277,-0.000632309825114
1014,0.580581339703,0.579964891425,0.000616448278526
1015,0.584534494703,0.586145005463,-0.00161051076044
1016,0.573700329038,0.56998575963,0.00371456940847
1017,0.581374501929,0.581885421793,-0.000510919864473
1018,0.562609033189,0.55968334455,0.00292568863936
1019,0.548953571235,0.546704466667,0.00224910456819
1020,0.578839116331,0.576783979335,0.00205513699593
1021,0.561350313254,0.558881447437,0.00246886581727
1022,0.566864760286,0.564524141756,0.00234061853077
1023,0.539491455264,0.53655974074,0.00293171452371
1024,0.560648174767,0.560097670592,0.000550504175184
1025,0.555882381285,0.551744906499,0.00413747478613
1026,0.56326961022,0.560322013063,0.00294759715744
1027,0.563308225239,0.559445041285,0.00386318395467
1028,0.583139191289,0.582777763172,0.000361428116397
1029,0.556379305938,0.557363806121,-0.000984500182603
1030,0.545067225816,0.539153228706,0.00591399710982
1031,0.593431656501,0.592872983587,0.000558672914098
1032,0.588310212969,0.588454221552,-0.000144008583619
1033,0.56465348601,0.561127770176,0.00352571583315
1034,0.58928671975,0.588306655284,0.000980064465969
1035,0.595302887013,0.594036977984,0.00126590902918
1036,0.562233284401,0.5598384094,0.00239487500087
1037,0.584226711919,0.584420469611,-0.000193757692497
1038,0.58444781392,0.58330593814,0.00114187578089
1039,0.575139042028,0.57222601063,0.00291303139778
1040,0.569656386727,0.569432730743,0.0002236559846
1041,0.563616640948,0.563035390574,0.000581250374161
1042,0.554077752167,0.551438949997,0.00263880216994
1043,0.571491491953,0.569251082526,0.00224040942661
1044,0.534889076723,0.535113737206,-0.000224660482566
1045,0.561031778337,0.558043815085,0.00298796325195
1046,0.587582565349,0.585606024214,0.0019765411346
1047,0.563728256632,0.563034162419,0.000694094213168
1048,0.560316199557,0.559025969109,0.00129023044878
1049,0.570528090763,0.570047724304,0.000480366459057
1050,0.565822764097,0.561334094897,0.00448866920073
1051,0.565798341747,0.567410850667,-0.00161250892045
1052,0.570419306693,0.567551174787,0.00286813190561
1053,0.560781520849,0.560343220222,0.000438300627548
1054,0.577609358257,0.576431849883,0.00117750837375
1055,0.580432498757,0.577648722626,0.00278377613037
1056,0.578196346698,0.577076722981,0.00111962371633
1057,0.567567243981,0.565211650152,0.00235559382872
1058,0.592806994461,0.593522973369,-0.000715978907744
1059,0.55949915725,0.556934672473,0.00256448477687
1060,0.565971735133,0.562415786431,0.00355594870237
1061,0.57913108427,0.577579202576,0.00155188169414
1062,0.543407832082,0.542302354295,0.00110547778665
1063,0.586900278851,0.585524332551,0.00137594630027
1064,0.57939974233,0.579203963455,0.000195778874694
1065,0.54426102215,0.544988471407,-0.000727449257565
1066,0.555995979089,0.556253709931,-0.000257730842301
1067,0.593170849936,0.592270560025,0.000900289910901
1068,0.576100774292,0.576768258282,-0.000667483990214
1069,0.558098385509,0.558359108712,-0.000260723203266
1070,0.580064764131,0.578761743277,0.00130302085407
1071,0.569631750621,0.568578240849,0.00105350977185
1072,0.567207673835,0.565822585673,0.00138508816211
1073,0.583081161758,0.585637019575,-0.00255585781712
1074,0.591184655575,0.589265155555,0.00191950001991
1075,0.562565022654,0.558082243227,0.00448277942689
1076,0.580519246625,0.57926094895,0.00125829767453
1077,0.584015648712,0.585106317509,-0.00109066879697
1078,0.576450357507,0.575989692053,0.000460665453453
1079,0.580358934403,0.580294242562,6.46918410985e-05
1080,0.576120637126,0.574244017416,0.00187661970991
1081,0.548622615255,0.549164795511,-0.000542180255909
1082,0.583433898142,0.581723168307,0.00171072983502
1083,0.550652809146,0.546894854515,0.00375795463074
1084,0.549749861797,0.547228538202,0.00252132359502
1085,0.577367551747,0.575571516876,0.00179603487078
1086,0.575055263149,0.573811885481,0.00124337766801
1087,0.578116382122,0.578859405676,-0.000743023554143
1088,0.571556831776,0.572427046001,-0.000870214224996
1089,0.56125081341,0.561296529999,-4.57165888018e-05
1090,0.582174540029,0.581736424691,0.000438115337702
1091,0.58278726089,0.581907978851,0.000879282038235
1092,0.568526869077,0.568745958458,-0.000219089380992
1093,0.580287052654,0.579265572124,0.00102148052997
1094,0.574085120915,0.572793636286,0.00129148462872
1095,0.577723710243,0.575393253207,0.00233045703568
1096,0.569101943607,0.570917597906,-0.00181565429916
1097,0.563133240683,0.563689839957,-0.000556599274487
1098,0.578064813836,0.5775082997,0.000556514136839
1099,0.559921927782,0.554365108151,0.00555681963079
1100,0.564607530599,0.563054514002,0.00155301659762
1101,0.575704861047,0.573542906976,0.00216195407146
1102,0.586715401709,0.58445894208,0.00225645962925
1103,0.555383314015,0.554918238559,0.000465075456518
1104,0.574726811745,0.57408328341,0.000643528335403
1105,0.565974653168,0.564654588568,0.00132006460009
1106,0.565102087359,0.563534020247,0.00156806711182
1107,0.567208315996,0.565241136036,0.0019671799594
1108,0.588311852549,0.588066888172,0.00024496437734
1109,0.5705980225,0.571428111064,-0.000830088564527
1110,0.552875252674,0.552652108698,0.000223143975976
1111,0.555877472585,0.55168612122,0.00419135136468
1112,0.55677215072,0.555361379287,0.00141077143242
1113,0.550966606443,0.550164569915,0.000802036527768
1114,0.581698992357,0.578942847387,0.00275614496979
1115,0.583280343502,0.583302897005,-2.2553502229e-05
1116,0.571640693675,0.57119162827,0.000449065404687
1117,0.560335176819,0.557315966793,0.00301921002623
1118,0.584348073401,0.583166198065,0.00118187533685
1119,0.579925367721,0.579740781659,0.00018458606138
1120,0.570022843464,0.568234195134,0.00178864833034
1121,0.58125575184,0.581424528182,-0.00016877634124
1122,0.563135809544,0.562671849191,0.000463960352861
1123,0.558709001493,0.560440772178,-0.00173177068514
1124,0.582325111544,0.579030172848,0.00329493869645
1125,0.552154605308,0.552688744701,-0.000534139393293
1126,0.580181421068,0.581017159161,-0.000835738093023
1127,0.580065893975,0.582498406952,-0.0024325129769
1128,0.572603744756,0.570191325837,0.00241241891888
1129,0.593732477358,0.590226483451,0.00350599390722
1130,0.585574887438,0.586451032402,-0.000876144963862
1131,0.572931974616,0.571141631339,0.00179034327678
1132,0.543803449989,0.53888269693,0.00492075305952
1133,0.575675507729,0.575575347208,0.000100160521505
1134,0.569268883068,0.569572021913,-0.000303138844858
1135,0.578573918709,0.574308217803,0.00426570090541
1136,0.571880463357,0.572110666162,-0.000230202805162
1137,0.559446916121,0.556299700119,0.00314721600215
1138,0.56280444081,0.560380069971,0.00242437083934
1139,0.55858783886,0.557054280095,0.00153355876417
1140,0.568113688275,0.567420163112,0.000693525162678
1141,0.574756379189,0.575860131434,-0.00110375224466
1142,0.573360609952,0.573103298707,0.000257311245066
1143,0.572734631958,0.570309436769,0.00242519518963
1144,0.582510541815,0.581682481478,0.000828060336692
1145,0.567267211331,0.5659335872,0.00133362413084
1146,0.589045375146,0.589487418169,-0.000442043023029
1147,0.572802102249,0.570898426558,0.00190367569093
1148,0.568080585491,0.566716548525,0.00136403696566
1149,0.566770161211,0.565092664662,0.00167749654851
1150,0.57645463964,0.574346187622,0.00210845201759
1151,0.573524615146,0.571241038161,0.00228357698519
1152,0.588041031457,0.587717819629,0.000323211827656
1153,0.579919271855,0.579075150027,0.000844121827853
1154,0.57278081488,0.571831499069,0.00094931581127
1155,0.581896097589,0.580518745933,0.00137735165613
1156,0.565089220115,0.565680929761,-0.000591709646077
1157,0.579096924006,0.579704058126,-0.000607134119644
1158,0.572240089583,0.570381760823,0.00185832876041
1159,0.584775486317,0.58864195176,-0.00386646544255
1160,0.57431798041,0.574602963016,-0.000284982605804
1161,0.572885636485,0.572544415574,0.00034122091122
1162,0.585736774397,0.584591128308,0.00114564608934
1163,0.569587731239,0.569747375148,-0.00015964390863
1164,0.566239877546,0.56601067319,0.000229204355276
1165,0.598885372804,0.596704652205,0.00218072059918
1166,0.588905272504,0.588683613566,0.000221658938354
1167,0.560287430557,0.563091752244,-0.00280432168693
1168,0.578272730428,0.576741207126,0.00153152330236
1169,0.551868605328,0.550311320189,0.0015572851387
1170,0.582191769443,0.583304766311,-0.0011129968674
1171,0.575869416233,0.575570050433,0.000299365799287
1172,0.58068387271,0.579078040155,0.00160583255554
1173,0.552699938153,0.549921406956,0.00277853119694
1174,0.574043166722,0.573202656335,0.000840510387564
1175,0.575223326113,0.574027245671,0.00119608044238
1176,0.545807747796,0.544839206557,0.000968541239362
1177,0.576866516126,0.573450727996,0.00341578813019
1178,0.572328300736,0.570283210134,0.00204509060157
1179,0.579217846845,0.575110067095,0.00410777975061
1180,0.541205760812,0.538715833592,0.00248992722014
1181,0.5577157414,0.553365807501,0.00434993389983
1182,0.555540115868,0.55418603215,0.00135408371814
1183,0.55475526851,0.554869245639,-0.000113977129153
1184,0.576204620875,0.575658881544,0.000545739330091
1185,0.55657338934,0.55664559381,-7.22044704824e-05
1186,0.583171431989,0.581466845781,0.00170458620863
1187,0.567064990232,0.56727931095,-0.000214320718536
1188,0.560944136314,0.56199306576,-0.00104892944569
1189,0.56434437583,0.564090309549,0.000254066281344
1190,0.580317952823,0.578830166122,0.00148778670184
1191,0.570871361808,0.569750840807,0.001120521001
1192,0.58366508575,0.5843124623,-0.000647376550786
1193,0.56693778421,0.566165716801,0.000772067408763
1194,0.551177750833,0.551313392228,-0.000135641394736
1195,0.56717486253,0.565169498496,0.00200536403407
1196,0.567231534824,0.567491538722,-0.000260003897788
1197,0.575093406096,0.572557565724,0.00253584037259
1198,0.579330052736,0.577572817667,0.00175723506869
1199,0.558276392391,0.558410463244,-0.000134070852549
1200,0.558147898929,0.559624255387,-0.00147635645864
1201,0.577098691627,0.577882545439,-0.000783853811511
1202,0.579345312063,0.580562368323,-0.00121705626028
1203,0.574831722168,0.575672281141,-0.000840558972224
1204,0.586740476108,0.584391710295,0.0023487658138
1205,0.583302703961,0.582169078197,0.00113362576473
1206,0.570838284124,0.568573043963,0.0022652401612
1207,0.581633261214,0.582131763641,-0.00049850242747
1208,0.578567895291,0.579759022883,-0.00119112759169
1209,0.586156095422,0.585947818289,0.000208277132944
1210,0.561978965878,0.563239538563,-0.00126057268545
1211,0.578530716225,0.575938443299,0.00259227292597
1212,0.569110398392,0.567990606442,0.00111979195003
1213,0.545168165913,0.542704663668,0.0024635022455
1214,0.595394832115,0.595248915725,0.000145916389155
1215,0.572923381288,0.572544911594,0.00037846969424
1216,0.548488173494,0.545010085846,0.00347808764835
1217,0.580043061747,0.582092247058,-0.00204918531161
1218,0.578961856368,0.578200273337,0.000761583031135
1219,0.556478320666,0.554522420937,0.0019558997285
1220,0.568539328055,0.567009893411,0.00152943464375
1221,0.576120747759,0.576546042938,-0.000425295178847
1222,0.580203114508,0.579894671994,0.000308442514304
1223,0.568363331368,0.568635202564,-0.000271871196355
1224,0.579252738411,0.577957821406,0.00129491700481
1225,0.573101253655,0.570277866753,0.00282338690255
1226,0.590404244955,0.590584272623,-0.000180027668524
1227,0.555810367189,0.556335725221,-0.000525358031798
1228,0.566119284686,0.564507333402,0.0016119512841
1229,0.546381005645,0.545166286521,0.00121471912414
1230,0.551899425546,0.550174537331,0.00172488821549
1231,0.557852383471,0.555824506149,0.00202787732253
1232,0.571069568745,0.571200633827,-0.000131065082709
1233,0.557315391619,0.55645722793,0.000858163689233
1234,0.581858903148,0.579337412371,0.00252149077702
1235,0.563257432897,0.562504882182,0.000752550714726
1236,0.564087712536,0.560388410795,0.00369930174142
1237,0.554267075963,0.552059993025,0.00220708293776
1238,0.573098445874,0.571144024231,0.00195442164298
1239,0.572562030818,0.569615305441,0.00294672537709
1240,0.572071389659,0.570237774457,0.0018336152017
1241,0.568567104565,0.565515094952,0.00305200961314
1242,0.574106052096,0.573670198241,0.000435853855127
1243,0.567908937865,0.566217079905,0.00169185796001
1244,0.571767864541,0.5695689262,0.00219893834032
1245,0.566592827484,0.566529287893,6.35395917861e-05
1246,0.575573373551,0.572218265722,0.00335510782847
1247,0.589363449112,0.589903547565,-0.000540098452647
1248,0.56235059635,0.560633483611,0.0017171127389
1249,0.572052980736,0.572467661692,-0.000414680956141
1250,0.583782164279,0.583263786916,0.000518377362832
1251,0.582018055566,0.579385860147,0.00263219541871
1252,0.590983195112,0.588284046383,0.00269914872923
1253,0.580637989024,0.57959519145,0.00104279757462
1254,0.572757678584,0.570061041338,0.00269663724605
1255,0.590941380694,0.589928567224,0.00101281347044
1256,0.581895549026,0.578893383883,0.00300216514365
1257,0.560237085733,0.560414130196,-0.000177044462523
1258,0.570855701257,0.571026039711,-0.000170338454678
1259,0.57537730485,0.574938427767,0.000438877082867
1260,0.588941874443,0.590096067409,-0.00115419296601
1261,0.588898054529,0.590318946595,-0.00142089206694
1262,0.580433712078,0.579559143569,0.000874568509102
1263,0.580323306025,0.579187845852,0.00113546017306
1264,0.544660241326,0.544650830215,9.41111041549e-06
1265,0.552625512105,0.551357457537,0.0012680545675
1266,0.57329561311,0.57193553828,0.00136007482978
1267,0.566128321755,0.566465356822,-0.000337035067761
1268,0.582619836492,0.580677587321,0.00194224917082
1269,0.567982099068,0.568597195277,-0.000615096208648
1270,0.571369026163,0.571431123537,-6.20973737774e-05
1271,0.566874647835,0.563855944083,0.00301870375149
1272,0.564284840255,0.565653994383,-0.00136915412785
1273,0.566596818651,0.567169729824,-0.000572911173205
1274,0.559923171218,0.558778190097,0.00114498112116
1275,0.574967376134,0.575056882758,-8.9506623725e-05
1276,0.565972325785,0.565819783688,0.000152542097384
1277,0.562005728936,0.563057578836,-0.00105184990011
1278,0.563337360086,0.561768360672,0.00156899941391
1279,0.588690597683,0.589690892113,-0.00100029443036
1280,0.55422967475,0.556583737303,-0.00235406255313
1281,0.562945579751,0.559387002648,0.00355857710316
1282,0.543703653925,0.543629367202,7.428672283e-05
1283,0.577446307774,0.575386720403,0.00205958737128
1284,0.576969537891,0.577297653199,-0.000328115308321
1285,0.573662768988,0.573075386821,0.000587382167227
1286,0.587236699204,0.587884689745,-0.00064799054046
1287,0.580552151032,0.57804089989,0.00251125114177
1288,0.585322606917,0.583534238202,0.00178836871519
1289,0.56330694416,0.558886727704,0.00442021645674
1290,0.555200534435,0.55297810052,0.00222243391493
1291,0.572768671638,0.572510170608,0.000258501030004
1292,0.56955969744,0.571524242203,-0.00196454476388
1293,0.58213992274,0.580716092182,0.00142383055862
1294,0.570210667065,0.569416299379,0.000794367685808
1295,0.567170378463,0.56649808214,0.000672296323551
1296,0.560700450425,0.558025684942,0.00267476548374
1297,0.56235801393,0.56210217751,0.000255836420253
1298,0.565714536243,0.563383175002,0.00233136124034
1299,0.584665254472,0.584630659724,3.45947475839e-05
1300,0.5647983935,0.564607675502,0.000190717997644
1301,0.551222094654,0.552219482798,-0.00099738814472
1302,0.566205918608,0.564660603685,0.0015453149226
1303,0.558907301831,0.558432217466,0.000475084364498
1304,0.554881920457,0.553815567848,0.00106635260866
1305,0.564897780809,0.565136971629,-0.00023919082051
1306,0.576490505455,0.577754617086,-0.0012641116309
1307,0.563887932771,0.564216223924,-0.000328291153181
1308,0.582888679881,0.583748217644,-0.000859537762941
1309,0.570371465074,0.569571692951,0.000799772122787
1310,0.567445903115,0.571224498465,-0.00377859534919
1311,0.580323929444,0.580355685466,-3.17560222933e-05
1312,0.567487209934,0.56514783741,0.00233937252347
1313,0.554551914527,0.551027474761,0.00352443976566
1314,0.569912020089,0.569005057728,0.000906962361542
1315,0.578586701741,0.573654743433,0.00493195830852
1316,0.549525380801,0.545396648147,0.00412873265372
1317,0.572625275699,0.572552992511,7.22831889336e-05
1318,0.567394004979,0.5657387881,0.00165521687953
1319,0.557967393319,0.557071514845,0.000895878474331
1320,0.550149872602,0.546802820195,0.00334705240663
1321,0.574322026551,0.573082511723,0.0012395148282
1322,0.553507192451,0.551930774021,0.00157641842984
1323,0.569894618058,0.570828073652,-0.000933455594303
1324,0.57718192557,0.573844947204,0.00333697836552
1325,0.583775425843,0.583137464223,0.000637961619571
1326,0.574806073888,0.57321677588,0.00158929800823
1327,0.598460912744,0.597697143486,0.000763769257986
1328,0.587899390783,0.587259358917,0.00064003186572
1329,0.583338449359,0.582157900104,0.00118054925498
1330,0.583078792353,0.581270504267,0.0018082880861
1331,0.589066179833,0.588320777653,0.000745402179222
1332,0.573961248253,0.57232077737,0.00164047088318
1333,0.565033454601,0.563145003552,0.00188845104894
1334,0.57733268617,0.576362925962,0.000969760207504
1335,0.575645402335,0.570803551115,0.00484185121978
1336,0.576958866167,0.57479715196,0.00216171420678
1337,0.562395199327,0.559782689786,0.00261250954016
1338,0.565740019695,0.565258169872,0.000481849823065
1339,0.563804692101,0.560456454887,0.00334823721313
1340,0.559152565816,0.560326567564,-0.00117400174791
1341,0.584605591416,0.581510123529,0.0030954678878
1342,0.564050062645,0.55935514148,0.00469492116463
1343,0.579085999674,0.57947084243,-0.00038484275625
1344,0.564932543107,0.562356353543,0.00257618956423
1345,0.558323845556,0.558254480828,6.93647274207e-05
1346,0.589768454746,0.590748848606,-0.000980393859428
1347,0.568305419118,0.565898933728,0.00240648539034
1348,0.573408668096,0.572294576216,0.00111409188047
1349,0.574406476206,0.573113053507,0.0012934226988
1350,0.577079826464,0.574730829709,0.00234899675483
1351,0.565021006772,0.563586334668,0.00143467210478
1352,0.574464024583,0.574616706761,-0.00015268217746
1353,0.545625402807,0.544638218609,0.000987184197336
1354,0.572129491039,0.570232096848,0.00189739419073
1355,0.563874102729,0.56201849211,0.00185561061942
1356,0.582166930917,0.583269786922,-0.00110285600406
1357,0.576833687851,0.574818975455,0.00201471239587
1358,0.57650824928,0.574690806159,0.00181744312106
1359,0.576728363055,0.575990143307,0.000738219748133
1360,0.585317417616,0.583252603783,0.00206481383376
1361,0.585403695105,0.583381114539,0.00202258056571
1362,0.557361846548,0.556702405245,0.000659441303166
1363,0.578418992922,0.578792612544,-0.00037361962242
1364,0.566397255075,0.56629805726,9.91978142322e-05
1365,0.561613950641,0.558884064037,0.00272988660403
1366,0.578446991892,0.577766224958,0.00068076693434
1367,0.574169753279,0.571918402165,0.0022513511142
1368,0.582858353353,0.582612380203,0.000245973149855
1369,0.594178566325,0.594493819294,-0.000315252969284
1370,0.567391797871,0.568633979281,-0.00124218141032
1371,0.570152201747,0.567817231807,0.00233496994004
1372,0.588393187755,0.58605918585,0.00233400190499
1373,0.561293907305,0.55990321155,0.00139069575537
1374,0.595404044084,0.593456982672,0.00194706141232
1375,0.56029440072,0.559347722726,0.000946677993873
1376,0.592073839233,0.592631903513,-0.000558064279671
1377,0.558604096342,0.555814956516,0.00278913982559
1378,0.5795475992,0.577330048343,0.00221755085694
1379,0.587960573008,0.584795084256,0.00316548875273
1380,0.544674677615,0.539115637557,0.00555904005839
1381,0.551592738359,0.548802024763,0.00279071359605
1382,0.564589302555,0.560781003546,0.003808299009
1383,0.591783835812,0.589991109938,0.00179272587407
1384,0.587212477014,0.586200331915,0.00101214509849
1385,0.548080007614,0.545097368171,0.00298263944313
1386,0.573753077131,0.572927729867,0.000825347264574
1387,0.562960505051,0.561544388768,0.00141611628337
1388,0.562494260644,0.561695331418,0.000798929226199
1389,0.584005905468,0.585947654218,-0.00194174874972
1390,0.573753448538,0.568948166119,0.00480528241858
1391,0.577780251885,0.576336297789,0.00144395409581
1392,0.569196712639,0.567490487136,0.00170622550276
1393,0.563856820577,0.561259174427,0.00259764614968
1394,0.55241305623,0.550630798303,0.00178225792701
1395,0.566096475042,0.565342009347,0.000754465694717
1396,0.575046815149,0.573784020668,0.00126279448064
1397,0.561135583776,0.558671044257,0.00246453951971
1398,0.562242534934,0.559778482624,0.00246405230987
1399,0.561322799636,0.558632534666,0.00269026497061
1400,0.586053777139,0.586796859804,-0.000743082664917
1401,0.586839612466,0.58484499093,0.00199462153625
1402,0.580827918397,0.582443148167,-0.00161522976962
1403,0.589771785265,0.588250024659,0.00152176060629
1404,0.570337398297,0.569807465321,0.000529932976508
1405,0.575574558985,0.571838617218,0.00373594176708
1406,0.579256263291,0.576864938413,0.00239132487801
1407,0.563294082618,0.561320541747,0.00197354087157
1408,0.584096564423,0.583539346744,0.00055721767907
1409,0.586367145202,0.583025500304,0.0033416448979
1410,0.557701365788,0.553616505586,0.00408486020194
1411,0.553583596329,0.550682934661,0.00290066166828
1412,0.581956934947,0.582828933905,-0.000871998957273
1413,0.553858496562,0.553094930565,0.000763565996395
1414,0.585837509047,0.585343278489,0.000494230558059
1415,0.560056593311,0.555795899867,0.00426069344465
1416,0.578185919532,0.577774710277,0.000411209255585
1417,0.565734251768,0.564333135382,0.00140111638573
1418,0.58012340742,0.581291545369,-0.00116813794911
1419,0.572451056596,0.569717032596,0.00273402400002
1420,0.557433764643,0.555321197705,0.00211256693772
1421,0.541027700912,0.542127378498,-0.00109967758604
1422,0.556141463976,0.552446978098,0.00369448587835
1423,0.558095301127,0.558265224791,-0.000169923663262
1424,0.580127505766,0.577833137835,0.0022943679304
1425,0.574054335933,0.572901918992,0.00115241694091
1426,0.569826943617,0.569941384622,-0.000114441004592
1427,0.55310360276,0.550625452173,0.00247815058626
1428,0.548240521688,0.545653755126,0.00258676656204
1429,0.559193492535,0.556237220892,0.00295627164319
1430,0.555770484443,0.553767137669,0.00200334677448
1431,0.576061327393,0.57340856168,0.00265276571311
1432,0.571728259966,0.570229676242,0.00149858372435
1433,0.526520542025,0.524268327296,0.00225221472959
1434,0.581444652392,0.578719380072,0.00272527232014
1435,0.559200790247,0.558175958424,0.00102483182237
1436,0.567043297814,0.566685715606,0.000357582208145
1437,0.56203579636,0.55965227768,0.00238351867983
1438,0.588088086275,0.589719680312,-0.00163159403719
1439,0.555862941513,0.550027201089,0.00583574042365
1440,0.575698233138,0.575195115222,0.000503117916117
1441,0.534349918393,0.532047146449,0.00230277194454
1442,0.573651149726,0.571781404852,0.00186974487367
1443,0.580517801005,0.579420442634,0.00109735837084
1444,0.567490731445,0.565692599458,0.00179813198727
1445,0.575110574054,0.5748761336,0.000234440454395
1446,0.556291498319,0.553335035986,0.00295646233303
1447,0.57937101052,0.5797252365,-0.000354225980138
1448,0.546232788108,0.546745795145,-0.000513007037054
1449,0.555202822931,0.550318040432,0.00488478249812
1450,0.553668690127,0.552101449383,0.00156724074444
1451,0.57789637511,0.578738282136,-0.000841907026582
1452,0.567637711765,0.569550065481,-0.00191235371589
1453,0.561567071216,0.560705724896,0.00086134632013
1454,0.576517068727,0.576921324415,-0.000404255688073
1455,0.571788860911,0.570090061198,0.00169879971341
1456,0.571478207145,0.570156212954,0.00132199419067
1457,0.571309167387,0.569218504054,0.00209066333228
1458,0.533718941859,0.530572355616,0.00314658624278
1459,0.579431758633,0.580922384121,-0.00149062548841
1460,0.601403943981,0.600693618484,0.000710325496264
1461,0.576769689198,0.576834344956,-6.46557578359e-05
1462,0.570775302728,0.571259994947,-0.000484692219601
1463,0.570878711563,0.570164890808,0.00071382075463
1464,0.567920068778,0.564804687218,0.00311538156058
1465,0.584529239602,0.585727598768,-0.0011983591663
1466,0.605990226829,0.606341717721,-0.000351490892053
1467,0.562673838424,0.561956061262,0.000717777162546
1468,0.569249163848,0.568619056393,0.000630107455086
1469,0.57540067689,0.575187437054,0.000213239836211
1470,0.556221564876,0.553876765682,0.00234479919364
1471,0.582373054056,0.579077460241,0.00329559381443
1472,0.578956175613,0.574336465362,0.00461971025185
1473,0.570599399224,0.568271776169,0.00232762305484
1474,0.585077173799,0.583633807713,0.00144336608582
1475,0.600147303365,0.597555561927,0.00259174143802
1476,0.569429374034,0.567241302801,0.00218807123313
1477,0.543152413392,0.544078018188,-0.000925604796434
1478,0.559106935855,0.558515563241,0.000591372614472
1479,0.591905362587,0.591717962631,0.000187399956672
1480,0.574366080595,0.572636844116,0.00172923647822
1481,0.576318632748,0.573946309064,0.0023723236848
1482,0.582773729687,0.581926631149,0.000847098537723
1483,0.597070799004,0.596460416189,0.000610382815415
1484,0.574668427643,0.572755031987,0.0019133956563
1485,0.560547741412,0.555278477541,0.00526926387065
1486,0.573817177414,0.575257653943,-0.00144047652833
1487,0.559361280719,0.557593071097,0.00176820962174
1488,0.578849426686,0.577447395497,0.00140203118869
1489,0.592983491312,0.594304540019,-0.00132104870675
1490,0.592276076001,0.590760749073,0.0015153269278
1491,0.587444214902,0.587916941854,-0.000472726952025
1492,0.569237564143,0.567077861031,0.00215970311169
1493,0.577646524408,0.574948466094,0.00269805831407
1494,0.580834571737,0.57997534591,0.000859225826789
1495,0.562761099887,0.560551787821,0.00220931206617
1496,0.563780948513,0.564020666,-0.000239717486537
1497,0.561402446059,0.559030349487,0.00237209657145
1498,0.584227346284,0.584546298195,-0.000318951911076
1499,0.568333089658,0.570357097761,-0.00202400810284
1500,0.56912806574,0.567974007338,0.00115405840127
1501,0.573101191671,0.573539400957,-0.000438209285998
1502,0.566252752655,0.565017869231,0.00123488342463
1503,0.57477648525,0.571373767396,0.00340271785466
1504,0.580334756803,0.578050589992,0.00228416681158
1505,0.565244198354,0.56342147266,0.00182272569312
1506,0.572722342779,0.573084679209,-0.00036233643002
1507,0.564585694875,0.563396277818,0.00118941705685
1508,0.55234732552,0.55311362669,-0.000766301169995
1509,0.5754898508,0.574177773463,0.00131207733701
1510,0.571311297634,0.571419540756,-0.000108243122408
1511,0.574738330213,0.573393957784,0.00134437242928
1512,0.579136459612,0.576660606449,0.00247585316225
1513,0.564811710749,0.56510933903,-0.000297628280972
1514,0.584073471619,0.586823391949,-0.00274992032967
1515,0.563070043664,0.559838110843,0.00323193282115
1516,0.551214316036,0.549747402059,0.00146691397638
1517,0.570692083887,0.568968400046,0.00172368384098
1518,0.595561266748,0.595974791821,-0.000413525073103
1519,0.581395562075,0.580765683105,0.000629878969135
1520,0.55848395368,0.558718277494,-0.00023432381434
1521,0.580240325915,0.577039287524,0.00320103839143
1522,0.593844541044,0.593328387876,0.000516153168053
1523,0.586756786436,0.586780980828,-2.4194391858e-05
1524,0.570526147559,0.571359622493,-0.000833474933975
1525,0.561907958206,0.558278704487,0.00362925371898
1526,0.544923076391,0.545122294814,-0.000199218422838
1527,0.551086553714,0.549939459039,0.00114709467444
1528,0.56577003546,0.565023199605,0.000746835854703
1529,0.562487261424,0.560186514715,0.00230074670986
1530,0.584590433123,0.582512923323,0.00207750980008
1531,0.575552372092,0.575890705926,-0.000338333833764
1532,0.576225359912,0.571579634301,0.00464572561108
1533,0.582467200906,0.581829996114,0.000637204792061
1534,0.581153937472,0.578372795573,0.0027811418992
1535,0.567716764898,0.564857192714,0.00285957218418
1536,0.566092166627,0.564714456058,0.00137771056852
1537,0.571931207888,0.571182641208,0.000748566680396
1538,0.548269009569,0.542102388059,0.00616662150996
1539,0.58836835434,0.588814505158,-0.000446150817897
1540,0.578258370402,0.577752153626,0.000506216776164
1541,0.545798498673,0.54361616585,0.00218233282277
1542,0.569528087501,0.566299145181,0.00322894231923
1543,0.558537969311,0.559687614445,-0.00114964513363
1544,0.571170594333,0.570294269547,0.000876324785487
1545,0.563575536529,0.562377777266,0.00119775926235
1546,0.561689106636,0.557782777825,0.00390632881135
1547,0.558020777939,0.554963540522,0.00305723741694
1548,0.585479607886,0.586452949384,-0.000973341498282
1549,0.577707271291,0.576638544237,0.00106872705445
1550,0.576706120553,0.578222410621,-0.0015162900682
1551,0.582026814467,0.584710422639,-0.00268360817181
1552,0.571819963163,0.571565419466,0.000254543697281
1553,0.556645603464,0.556791657845,-0.00014605438082
1554,0.574373031488,0.573692904515,0.000680126972775
1555,0.584853186616,0.58362616574,0.00122702087568
1556,0.584621471634,0.585726702892,-0.00110523125801
1557,0.555203931806,0.551314398478,0.003889533328
1558,0.565288485227,0.561373142583,0.0039153426434
1559,0.5694704387,0.566510829818,0.00295960888185
1560,0.592679200361,0.592310850568,0.000368349793022
1561,0.534641950664,0.532638551459,0.00200339920531
1562,0.58244630578,0.582059833826,0.000386471954302
1563,0.566835792447,0.563149858868,0.00368593357966
1564,0.564331473722,0.561441416905,0.00289005681703
1565,0.561416374357,0.558505795418,0.00291057893922
1566,0.565265828857,0.562976502804,0.00228932605305
1567,0.56719384779,0.56613066964,0.00106317814982
1568,0.557575732572,0.553922851765,0.00365288080707
1569,0.570531327463,0.56929610507,0.00123522239279
1570,0.566222143822,0.566404675485,-0.000182531663085
1571,0.572254517348,0.570735163414,0.00151935393349
1572,0.560639323985,0.558023511248,0.00261581273766
1573,0.594884200225,0.594085666636,0.000798533589084
1574,0.565537845131,0.565746544869,-0.000208699737445
1575,0.59636586803,0.592157565145,0.00420830288517
1576,0.569970958023,0.568808069507,0.00116288851629
1577,0.586083727546,0.583862900094,0.00222082745215
1578,0.561271983307,0.560606171067,0.000665812240026
1579,0.573706620953,0.574925399314,-0.00121877836114
1580,0.573574946568,0.574808739893,-0.00123379332582
1581,0.554698852966,0.555205653657,-0.000506800690803
1582,0.549131051554,0.546456568763,0.0026744827908
1583,0.57967101054,0.577611314819,0.00205969572106
1584,0.563592263889,0.561771970635,0.00182029325417
1585,0.569690415702,0.570209384218,-0.000518968515928
1586,0.580025583612,0.581220626895,-0.00119504328247
1587,0.581020760072,0.580327385618,0.000693374454715
1588,0.594493303605,0.593990714023,0.000502589581769
1589,0.576847466453,0.573246039444,0.00360142700897
1590,0.548417134567,0.544975553121,0.00344158144608
1591,0.575367500041,0.57450690534,0.000860594701125
1592,0.586092718847,0.586623873702,-0.000531154854351
1593,0.571503538687,0.567903631715,0.00359990697214
1594,0.563434121419,0.563396614285,3.75071344693e-05
1595,0.580922172772,0.581070651572,-0.000148478799701
1596,0.57180338714,0.567608429093,0.00419495804685
1597,0.556591895178,0.554823656305,0.00176823887309
1598,0.598640066483,0.59917543229,-0.000535365806397
1599,0.583929675811,0.584788264228,-0.000858588417233
1600,0.575108834396,0.575322681283,-0.000213846886571
1601,0.54613679829,0.542684472151,0.0034523261383
1602,0.587980002572,0.587331223656,0.000648778916516
1603,0.599772343051,0.600524736429,-0.000752393378059
1604,0.570716776726,0.569115618946,0.00160115777999
1605,0.563389428671,0.559409736229,0.00397969244261
1606,0.547146122404,0.544496810392,0.00264931201154
1607,0.558489241429,0.557510366534,0.000978874894999
1608,0.570862247567,0.568456533587,0.00240571397975
1609,0.581378414265,0.582635219758,-0.001256805493
1610,0.583144737371,0.582059343635,0.00108539373584
1611,0.578783247541,0.577151869008,0.00163137853331
1612,0.587240865702,0.585702150581,0.00153871512101
1613,0.573764115596,0.574346734454,-0.000582618858069
1614,0.578767862636,0.576061992557,0.00270587007879
1615,0.564448171583,0.564262859984,0.000185311598605
1616,0.569610907277,0.565696398446,0.00391450883094
1617,0.574099933002,0.571114944479,0.00298498852334
1618,0.572430320046,0.5703680793,0.00206224074527
1619,0.565205129984,0.56383640003,0.00136872995421
1620,0.591039081807,0.590616010118,0.000423071689041
1621,0.561908409955,0.563505413714,-0.00159700375892
1622,0.568527995753,0.56790958853,0.000618407222261
1623,0.573457023528,0.573320969816,0.000136053712503
1624,0.56870183006,0.567992016595,0.000709813464768
1625,0.569509820709,0.566496071758,0.00301374895106
1626,0.578580745971,0.576920225321,0.0016605206499
1627,0.549039113334,0.546337835957,0.00270127737667
1628,0.568831921544,0.565849866917,0.00298205462663
1629,0.577081480919,0.574613634311,0.00246784660858
1630,0.567443580254,0.566881053389,0.000562526865658
1631,0.555372543913,0.553213068003,0.00215947591005
1632,0.581503052726,0.581671595823,-0.000168543097197
1633,0.579896731989,0.580343475245,-0.000446743255866
1634,0.567866917235,0.569290904808,-0.00142398757236
1635,0.549449390111,0.546107673352,0.00334171675838
1636,0.585340971397,0.583203870094,0.00213710130229
1637,0.585291603294,0.583508598845,0.00178300444911
1638,0.582301880966,0.581073592345,0.001228288621
1639,0.571281511659,0.56940743944,0.00187407221973
1640,0.564495409391,0.564199147265,0.000296262126059
1641,0.581319626974,0.580419383855,0.000900243118758
1642,0.557626547217,0.554955906997,0.00267064021995
1643,0.545598890118,0.545630697447,-3.18073286468e-05
1644,0.563944798704,0.560772901367,0.00317189733697
1645,0.576468932595,0.575602951489,0.000865981106367
1646,0.572388076057,0.573464140125,-0.00107606406886
1647,0.556135471919,0.55393295764,0.00220251427938
1648,0.562818522543,0.559072060224,0.00374646231904
1649,0.583976808688,0.580244824031,0.00373198465776
1650,0.586644348358,0.58792850431,-0.00128415595263
1651,0.564240001672,0.560194761131,0.00404524054108
1652,0.575073037285,0.576013757782,-0.000940720496495
1653,0.574555948742,0.573684385704,0.000871563037496
1654,0.582887645868,0.582758209015,0.000129436852413
1655,0.575506462995,0.573441487446,0.00206497554812
1656,0.566846541942,0.564686190434,0.00216035150793
1657,0.565456468405,0.563275730639,0.00218073776661
1658,0.571084430341,0.571820470098,-0.000736039757102
1659,0.568145529475,0.568849208385,-0.000703678909341
1660,0.573909539136,0.573286636343,0.000622902792697
1661,0.580345429792,0.576197229124,0.00414820066715
1662,0.577220879695,0.577312817286,-9.19375907431e-05
1663,0.567738834698,0.567435256372,0.000303578326259
1664,0.577643491675,0.577505841919,0.000137649756249
1665,0.587723315435,0.586033266425,0.00169004900984
1666,0.567894962894,0.567819774026,7.51888683504e-05
1667,0.585030878371,0.582798433697,0.0022324446732
1668,0.546425894883,0.545779389727,0.000646505156183
1669,0.580439617953,0.581260520661,-0.000820902708229
1670,0.573746276055,0.572218203778,0.00152807227713
1671,0.564189714381,0.564357337984,-0.000167623602492
1672,0.559311255978,0.560864312655,-0.00155305667683
1673,0.578675538893,0.577020395654,0.00165514323931
1674,0.577344632528,0.573907982963,0.00343664956576
1675,0.57775582742,0.578337969681,-0.000582142260886
1676,0.551215781994,0.550716194328,0.000499587666654
1677,0.558636191983,0.558185677048,0.000450514934583
1678,0.539323769417,0.535112501287,0.00421126813069
1679,0.583975615799,0.583116976945,0.00085863885363
1680,0.586983956791,0.585039156457,0.00194480033427
1681,0.569830414268,0.566496652086,0.00333376218277
1682,0.596081116778,0.597058471102,-0.000977354323787
1683,0.582291568045,0.581735778215,0.000555789829091
1684,0.584806225796,0.583504911377,0.0013013144196
1685,0.573121325132,0.572741153974,0.000380171158522
1686,0.562097797191,0.559972116093,0.00212568109823
1687,0.551665800313,0.550412404102,0.00125339621064
1688,0.567514162655,0.567174626056,0.000339536598292
1689,0.595014973029,0.596130476669,-0.00111550364
1690,0.561528492818,0.561577559494,-4.9066676014e-05
1691,0.57280812593,0.572042927802,0.000765198128622
1692,0.568724852438,0.56721755797,0.00150729446834
1693,0.583357556344,0.58236494438,0.000992611963632
1694,0.583102308016,0.581520414536,0.00158189347937
1695,0.581557513136,0.580705899845,0.000851613290264
1696,0.569689089133,0.567224258286,0.00246483084742
1697,0.583281011555,0.581804059331,0.00147695222407
1698,0.577021889588,0.574888839718,0.00213304986935
1699,0.580984670451,0.579959350096,0.00102532035442
1700,0.555669814376,0.557393590241,-0.00172377586511
1701,0.559189204653,0.556268956151,0.00292024850188
1702,0.565667502697,0.563007265398,0.00266023729898
1703,0.573176999427,0.568821434072,0.00435556535495
1704,0.588927598414,0.58729869784,0.00162890057426
1705,0.574704313913,0.571575666284,0.00312864762931
1706,0.578200975242,0.578435999754,-0.000235024511208
1707,0.574682311059,0.573442888781,0.00123942227791
1708,0.583956132562,0.584043159095,-8.70265330499e-05
1709,0.589746867817,0.588171182835,0.00157568498276
1710,0.576679662813,0.576775209425,-9.5546612183e-05
1711,0.573709091548,0.572732189879,0.000976901669151
1712,0.570335237969,0.56963400235,0.000701235618237
1713,0.56698460268,0.566005266485,0.00097933619427
1714,0.564030925645,0.561285782463,0.00274514318227
1715,0.544411733608,0.543850654816,0.000561078791774
1716,0.570151943246,0.570066187547,8.57556990271e-05
1717,0.570058371309,0.567232554479,0.00282581682931
1718,0.567274947802,0.563440388125,0.00383455967793
1719,0.582724880455,0.582223396126,0.000501484328437
1720,0.560464537971,0.561006621115,-0.000542083143664
1721,0.56729359301,0.565145183515,0.00214840949469
1722,0.587821181149,0.586340028621,0.00148115252771
1723,0.55452512686,0.553075883291,0.001449243569
1724,0.580402534611,0.581762795891,-0.00136026128006
1725,0.564009447765,0.562670903244,0.00133854452156
1726,0.586781855603,0.586536894693,0.000244960910396
1727,0.570786574171,0.570451430685,0.000335143486189
1728,0.572329968104,0.571419591512,0.000910376592289
1729,0.567930832588,0.567654971041,0.000275861547816
1730,0.564266434623,0.564530186591,-0.000263751967857
1731,0.575958845547,0.576806041507,-0.000847195959851
1732,0.581922458594,0.580416104751,0.00150635384235
1733,0.554019368404,0.554059417441,-4.00490365515e-05
1734,0.592569629793,0.592297436823,0.000272192969537
1735,0.578822662981,0.57900906039,-0.000186397409053
1736,0.547293944788,0.545712186267,0.00158175852112
1737,0.564328315887,0.564850284543,-0.000521968656373
1738,0.55094836311,0.546893680677,0.00405468243265
1739,0.558069732982,0.557823500697,0.000246232285116
1740,0.560547082997,0.559939616534,0.000607466462456
1741,0.534475171953,0.533691472539,0.000783699414292
1742,0.570816959704,0.569341650845,0.00147530885989
1743,0.535186765826,0.535949643957,-0.000762878131053
1744,0.561184160741,0.559366145897,0.00181801484394
1745,0.583621843776,0.581309612017,0.00231223175876
1746,0.569126912747,0.567512033315,0.0016148794321
1747,0.58480635877,0.583811125712,0.00099523305753
1748,0.571366345133,0.56865752316,0.00270882197263
1749,0.588609269736,0.586368545854,0.00224072388256
1750,0.57830124947,0.579742442019,-0.00144119254868
1751,0.547221170787,0.543707213172,0.00351395761532
1752,0.575363981351,0.576534148976,-0.00117016762514
1753,0.589236662481,0.590524036573,-0.00128737409169
1754,0.567526992737,0.567524595308,2.39742903179e-06
1755,0.577013478354,0.574095706462,0.0029177718922
1756,0.573806375503,0.572781314397,0.00102506110572
1757,0.564917741976,0.563950019862,0.000967722114195
1758,0.574759325319,0.572618354755,0.0021409705643
1759,0.56508527424,0.562791705308,0.00229356893258
1760,0.577699727129,0.577758232842,-5.85057123485e-05
1761,0.534695027048,0.534812252811,-0.000117225763681
1762,0.575359594614,0.575968336689,-0.000608742074161
1763,0.568707749387,0.566806417028,0.00190133235861
1764,0.586713696546,0.586751351156,-3.76546108259e-05
1765,0.563368239359,0.564435982853,-0.00106774349381
1766,0.575260231416,0.573420782264,0.00183944915155
1767,0.570187293867,0.56797848428,0.00220880958621
1768,0.564685332942,0.563816896534,0.000868436408482
1769,0.563930296617,0.563722510141,0.000207786476326
1770,0.573834875291,0.572447631122,0.00138724416945
1771,0.574635442554,0.573309860247,0.00132558230759
1772,0.573107221909,0.571787875487,0.00131934642192
1773,0.57049732252,0.570172461404,0.000324861116122
1774,0.577208332571,0.577334458665,-0.000126126094605
1775,0.570636055341,0.568562617638,0.00207343770344
1776,0.534199444495,0.531559245906,0.00264019858925
1777,0.583282631507,0.582373423163,0.000909208343643
1778,0.553218538695,0.554903436323,-0.00168489762872
1779,0.571534560412,0.570657743849,0.000876816563008
1780,0.584057317493,0.581780178452,0.00227713904137
1781,0.5719517269,0.570840543683,0.00111118321763
1782,0.548466606333,0.547384492882,0.00108211345136
1783,0.559374902637,0.557666503096,0.00170839954145
1784,0.581634194386,0.58164291109,-8.71670372058e-06
1785,0.549712046727,0.548144295061,0.00156775166592
1786,0.574501407646,0.570852461327,0.00364894631859
1787,0.58120368112,0.582941282999,-0.00173760187881
1788,0.57829322129,0.579281644895,-0.000988423605502
1789,0.555498463146,0.551479450887,0.00401901225917
1790,0.545798213483,0.544369518603,0.00142869488081
1791,0.563304094943,0.564513129962,-0.00120903501925
1792,0.568724390634,0.570409122516,-0.0016847318818
1793,0.577797636924,0.576900506835,0.000897130088831
1794,0.574137762836,0.571623943763,0.00251381907272
1795,0.579715649785,0.578595271834,0.00112037795093
1796,0.56068084045,0.557207443874,0.00347339657631
1797,0.557752274356,0.554408993756,0.00334328059933
1798,0.562387246068,0.561179829755,0.00120741631305
1799,0.57818206983,0.576110574104,0.00207149572594
1800,0.572860932554,0.572512028369,0.000348904185185
1801,0.565448769679,0.566396357977,-0.000947588297983
1802,0.574520614004,0.573685001997,0.000835612007231
1803,0.562708269987,0.558979509047,0.00372876093959
1804,0.546230967945,0.543330324368,0.00290064357682
1805,0.575873248917,0.575669461651,0.000203787266173
1806,0.560460151013,0.559013637198,0.0014465138143
1807,0.578503135653,0.5760104544,0.00249268125311
1808,0.586065949335,0.584623667632,0.00144228170321
1809,0.562576814682,0.562224000985,0.000352813697243
1810,0.567173734072,0.565398893701,0.00177484037161
1811,0.550877938241,0.548265118823,0.00261281941863
1812,0.557845531406,0.553816860316,0.00402867108957
1813,0.5747812,0.574474412457,0.000306787543332
1814,0.562689836812,0.559555134265,0.00313470254717
1815,0.552278188813,0.55109287381,0.00118531500266
1816,0.58166167421,0.581899593943,-0.000237919733477
1817,0.580071401002,0.578771429587,0.0012999714149
1818,0.589503829415,0.589641564102,-0.000137734686431
1819,0.581740906091,0.578974194241,0.00276671185092
1820,0.578665855361,0.577800698434,0.000865156926712
1821,0.572095542229,0.57221210459,-0.000116562361244
1822,0.568551731575,0.567961141385,0.000590590189963
1823,0.590516888426,0.59112369995,-0.000606811524382
1824,0.57927630822,0.578123761069,0.00115254715123
1825,0.556786871761,0.554317294759,0.00246957700151
1826,0.585139124346,0.585085815407,5.33089381812e-05
1827,0.5746084429,0.575429734409,-0.000821291509458
1828,0.550184975528,0.550779387127,-0.000594411598912
1829,0.579985312501,0.57818203289,0.00180327961105
1830,0.585069590672,0.585335247874,-0.000265657201822
1831,0.568711403598,0.56772604413,0.000985359468108
1832,0.576398865521,0.575690636883,0.000708228637815
1833,0.553393809041,0.553196518259,0.000197290781787
1834,0.55183720687,0.551356562874,0.000480643995404
1835,0.561382479719,0.560807312741,0.000575166977132
1836,0.543194814457,0.542656915854,0.000537898603192
1837,0.548609467709,0.545542986251,0.00306648145806
1838,0.561217770537,0.560797995535,0.000419775002017
1839,0.559580677683,0.556243728836,0.00333694884694
1840,0.54910447644,0.54545331626,0.00365116018065
1841,0.565537071342,0.564179814412,0.00135725692911
1842,0.547407742202,0.542606991268,0.00480075093391
1843,0.575464302244,0.573700837746,0.00176346449711
1844,0.577139085479,0.574312800832,0.00282628464642
1845,0.584265112985,0.583939064266,0.000326048719667
1846,0.573834986337,0.574097855444,-0.000262869106807
1847,0.543935202192,0.542449674786,0.00148552740685
1848,0.575635103666,0.575530890298,0.000104213368107
1849,0.577072644009,0.573050685286,0.00402195872259
1850,0.57573668986,0.575896853896,-0.000160164035771
1851,0.559497991904,0.555327966174,0.00417002572974
1852,0.576696835079,0.576274936879,0.000421898199418
1853,0.57985424113,0.579947623449,-9.33823186707e-05
1854,0.546523850452,0.547772835596,-0.00124898514466
1855,0.587261124277,0.587347983336,-8.68590589665e-05
1856,0.587432808572,0.588092811885,-0.000660003312442
1857,0.547295328915,0.546117106771,0.00117822214333
1858,0.582142246499,0.58107236457,0.00106988192863
1859,0.577016619042,0.575647888343,0.00136873069882
1860,0.563048369959,0.563333357143,-0.000284987184353
1861,0.554037590994,0.550860418432,0.00317717256185
1862,0.571114075158,0.570175580804,0.000938494354287
1863,0.571520143265,0.571591189148,-7.10458821405e-05
1864,0.572927550907,0.574522020962,-0.00159447005421
1865,0.580176444507,0.580833898145,-0.00065745363796
1866,0.563476169148,0.560432234591,0.00304393455734
1867,0.559429658613,0.55542111572,0.00400854289299
1868,0.597844534363,0.597583680237,0.000260854126535
1869,0.580264545454,0.577168367591,0.00309617786361
1870,0.57017820357,0.56852705972,0.00165114384957
1871,0.557649328274,0.554078850865,0.00357047740806
1872,0.571175104928,0.570203471998,0.000971632929624
1873,0.585349707201,0.582297903556,0.00305180364479
1874,0.595971984009,0.595370074827,0.000601909181658
1875,0.564289231464,0.563100558508,0.00118867295638
1876,0.588020158612,0.584452243517,0.00356791509489
1877,0.556756297072,0.555121068364,0.00163522870844
1878,0.546491495317,0.546991505955,-0.000500010638491
1879,0.58690946641,0.584592816903,0.00231664950708
1880,0.563838050266,0.562251430295,0.00158661997081
1881,0.575740106128,0.575654144661,8.59614670275e-05
1882,0.579016000081,0.578119105772,0.000896894308807
1883,0.569520324593,0.567824421283,0.00169590331008
1884,0.581189257487,0.580653715634,0.000535541852656
1885,0.56383334422,0.561208305994,0.00262503822608
1886,0.56389253823,0.560033752078,0.00385878615202
1887,0.59506955097,0.595232689619,-0.000163138648833
1888,0.569129412978,0.567904906973,0.00122450600502
1889,0.576924748662,0.576763601049,0.00016114761346
1890,0.579042962886,0.581316901662,-0.00227393877632
1891,0.557599306439,0.553276234471,0.00432307196808
1892,0.585408384702,0.584345507545,0.00106287715704
1893,0.572343411951,0.57208285758,0.00026055437146
1894,0.556442568522,0.555717548064,0.00072502045794
1895,0.580067480624,0.579249358696,0.000818121928306
1896,0.567409862329,0.56597522229,0.00143464003859
1897,0.563731991224,0.56309016982,0.000641821403658
1898,0.571291368094,0.570223408265,0.00106795982936
1899,0.552851163373,0.55088787404,0.00196328933312
1900,0.581051448099,0.577342704378,0.00370874372049
1901,0.587056617859,0.585862121164,0.0011944966948
1902,0.57515690398,0.575491589855,-0.000334685875046
1903,0.582742213297,0.582479591911,0.000262621385792
1904,0.572684288346,0.572099593965,0.000584694381889
1905,0.577291752678,0.579523108639,-0.00223135596125
1906,0.571715875558,0.571486711925,0.000229163632893
1907,0.58669076289,0.585348167891,0.00134259499921
1908,0.577810841275,0.577138295611,0.000672545664207
1909,0.57728082487,0.574859746374,0.00242107849628
1910,0.592945657338,0.592898163283,4.74940557406e-05
1911,0.5792292825,0.575689602718,0.0035396797821
1912,0.569317928702,0.567902852074,0.00141507662819
1913,0.558608959437,0.55742937196,0.00117958747737
1914,0.570723500982,0.568922048142,0.00180145284002
1915,0.580828605806,0.579618555758,0.00121005004802
1916,0.570814177433,0.569378499965,0.00143567746805
1917,0.575903908725,0.576449837368,-0.00054592864333
1918,0.576264574251,0.576312251641,-4.76773898633e-05
1919,0.593514489933,0.592298465028,0.00121602490478
1920,0.576737277733,0.57579234488,0.000944932852997
1921,0.565176635959,0.565987615094,-0.000810979134699
1922,0.556890819619,0.557198714949,-0.000307895330519
1923,0.58563455122,0.585585864615,4.86866049132e-05
1924,0.556909833639,0.555508660659,0.00140117298047
1925,0.555150560712,0.552440221611,0.00271033910112
1926,0.551584363289,0.550561096757,0.00102326653138
1927,0.544941067815,0.544791203206,0.00014986460953
1928,0.585436380172,0.586612463121,-0.0011760829488
1929,0.557864505463,0.554790574419,0.00307393104356
1930,0.579080325192,0.578692096151,0.00038822904157
1931,0.578916061714,0.578430383961,0.000485677753151
1932,0.562690726449,0.559340697384,0.00335002906488
1933,0.590972861553,0.590349814485,0.000623047067084
1934,0.583413895244,0.584920903938,-0.00150700869457
1935,0.564147984405,0.564703535378,-0.000555550972908
1936,0.574986976881,0.573862042439,0.00112493444183
1937,0.558949841984,0.559355637943,-0.000405795959236
1938,0.571329429297,0.568805840891,0.0025235884064
1939,0.571461491308,0.571328331474,0.000133159833742
1940,0.566600248008,0.566870208375,-0.000269960367759
1941,0.55405328671,0.550636090658,0.00341719605274
1942,0.557955996602,0.558053625222,-9.76286195698e-05
1943,0.573450463017,0.570607823504,0.00284263951283
1944,0.571160255197,0.568912667016,0.00224758818011
1945,0.57778911805,0.576838891169,0.000950226880918
1946,0.557728852311,0.557057941894,0.000670910417329
1947,0.537790907499,0.539870823201,-0.00207991570162
1948,0.567247899571,0.564835961929,0.00241193764204
1949,0.571071898185,0.572046572151,-0.000974673965067
1950,0.585373081212,0.583477753408,0.00189532780404
1951,0.580808300173,0.578502481245,0.0023058189286
1952,0.5845789849,0.584327152293,0.000251832607303
1953,0.552427257083,0.547771317343,0.00465593974086
1954,0.572671304765,0.571268712051,0.00140259271414
1955,0.588774119207,0.587900596247,0.000873522960946
1956,0.56581629149,0.565179475795,0.000636815694959
1957,0.575761832043,0.572773094027,0.00298873801598
1958,0.553396762667,0.552062271251,0.0013344914156
1959,0.593147327507,0.594493942725,-0.00134661521853
1960,0.56390016872,0.56298629214,0.000913876580078
1961,0.58499855082,0.584204422993,0.000794127826071
1962,0.570167807223,0.570380913048,-0.000213105824446
1963,0.563526909248,0.561633844362,0.00189306488609
1964,0.574128154284,0.573503004949,0.000625149334433
1965,0.575729071839,0.575869396593,-0.000140324753787
1966,0.581043483141,0.579353769858,0.00168971328297
1967,0.587052840695,0.585015575467,0.0020372652279
1968,0.568054009473,0.569569375378,-0.00151536590503
1969,0.557957491818,0.555868174234,0.00208931758406
1970,0.560779843396,0.55639379403,0.00438604936539
1971,0.569110150504,0.564463439849,0.00464671065536
1972,0.547173668882,0.545495203488,0.00167846539382
1973,0.569646132283,0.570618703808,-0.000972571524291
1974,0.545668937944,0.54675890745,-0.00108996950638
1975,0.562261883058,0.559418317682,0.00284356537595
1976,0.581674485147,0.582164911733,-0.000490426585433
1977,0.558991069355,0.556010943979,0.00298012537584
1978,0.566020970023,0.568874096832,-0.00285312680854
1979,0.573802111539,0.570898868258,0.00290324328119
1980,0.564395606993,0.56316740507,0.00122820192269
1981,0.567156966866,0.563759897395,0.00339706947089
1982,0.558585982568,0.558052309835,0.000533672732877
1983,0.584743299144,0.583236015408,0.00150728373605
1984,0.558852686037,0.556931121737,0.00192156429998
1985,0.56323146207,0.563781196658,-0.000549734588282
1986,0.579632552103,0.577464324166,0.00216822793739
1987,0.568226239093,0.565769930455,0.00245630863759
1988,0.574294695408,0.573742286164,0.000552409244841
1989,0.552257675486,0.550376540893,0.00188113459275
1990,0.557625784558,0.557052341437,0.000573443120533
1991,0.561361854136,0.56186880843,-0.000506954294195
1992,0.587437285843,0.589340205625,-0.00190291978219
1993,0.561572545021,0.558189340676,0.00338320434498
1994,0.541933485658,0.542080780394,-0.000147294736486
1995,0.537484271504,0.536547484112,0.00093678739228
1996,0.551909669245,0.550466374486,0.00144329475966
1997,0.561238818429,0.555293697925,0.00594512050381
1998,0.579472430987,0.576540350763,0.00293208022409
1999,0.577443019602,0.575006085139,0.00243693446215
