phase,model_id,fold,seed,scenario,protocol_sha256,source_prediction_sha256,run_id,requested_coverage,coverage,accepted_count,risk_masked_bce,macro_f1,micro_f1,known_target_count,score_method,confidence_cutoff
V3-1,B4,0,13,natural_missingness,fb82651717076e658cf67e62ccd41ca247d29c994518945706edefcf0b635aa0,aed7c20edb76f0ed2fbcb71f7928cb2f651b331d1860880b2285e831e21975f1,extrasensory-gated-fold0-seed13-credible,0.05,0.0500007685331775,3253,0.0720296784427001,0.4853194831499272,0.9700593829159918,42007,mean_binary_certainty,0.9332148977592808
V3-1,B4,0,13,natural_missingness,fb82651717076e658cf67e62ccd41ca247d29c994518945706edefcf0b635aa0,aed7c20edb76f0ed2fbcb71f7928cb2f651b331d1860880b2285e831e21975f1,extrasensory-gated-fold0-seed13-credible,0.1,0.1000015370663551,6506,0.1166940259504483,0.4217844834600346,0.9488510317692856,83882,mean_binary_certainty,0.9064446100123196
V3-1,B4,0,13,natural_missingness,fb82651717076e658cf67e62ccd41ca247d29c994518945706edefcf0b635aa0,aed7c20edb76f0ed2fbcb71f7928cb2f651b331d1860880b2285e831e21975f1,extrasensory-gated-fold0-seed13-credible,0.15,0.1500023055995327,9759,0.1468186866670487,0.3783970178850108,0.9414081045605608,124193,mean_binary_certainty,0.8513218567547349
V3-1,B4,0,13,natural_missingness,fb82651717076e658cf67e62ccd41ca247d29c994518945706edefcf0b635aa0,aed7c20edb76f0ed2fbcb71f7928cb2f651b331d1860880b2285e831e21975f1,extrasensory-gated-fold0-seed13-credible,0.2,0.2000030741327103,13012,0.1757163801452024,0.5127465770546303,0.9287251980444764,162119,mean_binary_certainty,0.7315993158376841
V3-1,B4,0,13,natural_missingness,fb82651717076e658cf67e62ccd41ca247d29c994518945706edefcf0b635aa0,aed7c20edb76f0ed2fbcb71f7928cb2f651b331d1860880b2285e831e21975f1,extrasensory-gated-fold0-seed13-credible,0.25,0.2500038426658879,16265,0.2034814510363319,0.5736387413133772,0.9099093433004788,195585,mean_binary_certainty,0.6413103801813578
V3-1,B4,0,13,natural_missingness,fb82651717076e658cf67e62ccd41ca247d29c994518945706edefcf0b635aa0,aed7c20edb76f0ed2fbcb71f7928cb2f651b331d1860880b2285e831e21975f1,extrasensory-gated-fold0-seed13-credible,0.3,0.3000046111990654,19518,0.2223090238005969,0.6082576031294269,0.8944427925319645,229613,mean_binary_certainty,0.5803643079019873
V3-1,B4,0,13,natural_missingness,fb82651717076e658cf67e62ccd41ca247d29c994518945706edefcf0b635aa0,aed7c20edb76f0ed2fbcb71f7928cb2f651b331d1860880b2285e831e21975f1,extrasensory-gated-fold0-seed13-credible,0.35,0.350005379732243,22771,0.2414968739290912,0.5982368915107386,0.8781778043125112,262911,mean_binary_certainty,0.5359875400591335
V3-1,B4,0,13,natural_missingness,fb82651717076e658cf67e62ccd41ca247d29c994518945706edefcf0b635aa0,aed7c20edb76f0ed2fbcb71f7928cb2f651b331d1860880b2285e831e21975f1,extrasensory-gated-fold0-seed13-credible,0.4,0.4000061482654206,26024,0.2599281156018266,0.5984665075291937,0.8619049407287794,295198,mean_binary_certainty,0.4993207521231682
V3-1,B4,0,13,natural_missingness,fb82651717076e658cf67e62ccd41ca247d29c994518945706edefcf0b635aa0,aed7c20edb76f0ed2fbcb71f7928cb2f651b331d1860880b2285e831e21975f1,extrasensory-gated-fold0-seed13-credible,0.45,0.4500069167985982,29277,0.2768494702016066,0.6165269073523006,0.8472702773685954,326526,mean_binary_certainty,0.4684577128896244
V3-1,B4,0,13,natural_missingness,fb82651717076e658cf67e62ccd41ca247d29c994518945706edefcf0b635aa0,aed7c20edb76f0ed2fbcb71f7928cb2f651b331d1860880b2285e831e21975f1,extrasensory-gated-fold0-seed13-credible,0.5,0.5000076853317758,32530,0.2932418881525325,0.613912742293396,0.8329484380248572,358084,mean_binary_certainty,0.4403254028895101
V3-1,B4,0,13,natural_missingness,fb82651717076e658cf67e62ccd41ca247d29c994518945706edefcf0b635aa0,aed7c20edb76f0ed2fbcb71f7928cb2f651b331d1860880b2285e831e21975f1,extrasensory-gated-fold0-seed13-credible,0.55,0.5500084538649533,35783,0.3078268000900225,0.610774644637987,0.8197099362171051,389002,mean_binary_certainty,0.4153235498782041
V3-1,B4,0,13,natural_missingness,fb82651717076e658cf67e62ccd41ca247d29c994518945706edefcf0b635aa0,aed7c20edb76f0ed2fbcb71f7928cb2f651b331d1860880b2285e831e21975f1,extrasensory-gated-fold0-seed13-credible,0.6,0.6000092223981309,39036,0.3220336114919245,0.6026415618782797,0.8061005337513932,420027,mean_binary_certainty,0.390873183025277
V3-1,B4,0,13,natural_missingness,fb82651717076e658cf67e62ccd41ca247d29c994518945706edefcf0b635aa0,aed7c20edb76f0ed2fbcb71f7928cb2f651b331d1860880b2285e831e21975f1,extrasensory-gated-fold0-seed13-credible,0.65,0.6500099909313085,42289,0.33686911060395,0.59386710227099,0.7927693260591046,450864,mean_binary_certainty,0.3669419615612054
V3-1,B4,0,13,natural_missingness,fb82651717076e658cf67e62ccd41ca247d29c994518945706edefcf0b635aa0,aed7c20edb76f0ed2fbcb71f7928cb2f651b331d1860880b2285e831e21975f1,extrasensory-gated-fold0-seed13-credible,0.7,0.7000107594644861,45542,0.3505920975253674,0.5869770198445449,0.7802188176837813,481937,mean_binary_certainty,0.3434551886039022
V3-1,B4,0,13,natural_missingness,fb82651717076e658cf67e62ccd41ca247d29c994518945706edefcf0b635aa0,aed7c20edb76f0ed2fbcb71f7928cb2f651b331d1860880b2285e831e21975f1,extrasensory-gated-fold0-seed13-credible,0.75,0.7500115279976637,48795,0.3637272437203856,0.5802225773752056,0.7679660388800916,513345,mean_binary_certainty,0.3195562633412265
V3-1,B4,0,13,natural_missingness,fb82651717076e658cf67e62ccd41ca247d29c994518945706edefcf0b635aa0,aed7c20edb76f0ed2fbcb71f7928cb2f651b331d1860880b2285e831e21975f1,extrasensory-gated-fold0-seed13-credible,0.8,0.8000122965308413,52048,0.3758413884955246,0.573146732628599,0.7560972169325604,545223,mean_binary_certainty,0.2930575340117128
V3-1,B4,0,13,natural_missingness,fb82651717076e658cf67e62ccd41ca247d29c994518945706edefcf0b635aa0,aed7c20edb76f0ed2fbcb71f7928cb2f651b331d1860880b2285e831e21975f1,extrasensory-gated-fold0-seed13-credible,0.85,0.8500130650640189,55301,0.3881582076039916,0.5650790152293778,0.744822487670211,577254,mean_binary_certainty,0.2642255702384302
V3-1,B4,0,13,natural_missingness,fb82651717076e658cf67e62ccd41ca247d29c994518945706edefcf0b635aa0,aed7c20edb76f0ed2fbcb71f7928cb2f651b331d1860880b2285e831e21975f1,extrasensory-gated-fold0-seed13-credible,0.9,0.9000138335971964,58554,0.3989767413053035,0.558360295777651,0.7351094561687033,609194,mean_binary_certainty,0.2299991768712347
V3-1,B4,0,13,natural_missingness,fb82651717076e658cf67e62ccd41ca247d29c994518945706edefcf0b635aa0,aed7c20edb76f0ed2fbcb71f7928cb2f651b331d1860880b2285e831e21975f1,extrasensory-gated-fold0-seed13-credible,0.95,0.950014602130374,61807,0.4096670634508701,0.5528630948426722,0.7271995444232093,641726,mean_binary_certainty,0.1843397072390767
V3-1,B4,0,13,natural_missingness,fb82651717076e658cf67e62ccd41ca247d29c994518945706edefcf0b635aa0,aed7c20edb76f0ed2fbcb71f7928cb2f651b331d1860880b2285e831e21975f1,extrasensory-gated-fold0-seed13-credible,1.0,1.0,65059,0.4200324500577393,0.5471000311094935,0.7202869055470481,673892,mean_binary_certainty,0.0381908100644993
V3-1,B4,0,13,natural_missingness,fb82651717076e658cf67e62ccd41ca247d29c994518945706edefcf0b635aa0,aed7c20edb76f0ed2fbcb71f7928cb2f651b331d1860880b2285e831e21975f1,extrasensory-gated-fold0-seed13-credible,0.05,0.0500007685331775,3253,0.0775488392520917,0.4364913486083238,0.977338115319434,41602,mean_normalized_threshold_margin,0.97782444434015
V3-1,B4,0,13,natural_missingness,fb82651717076e658cf67e62ccd41ca247d29c994518945706edefcf0b635aa0,aed7c20edb76f0ed2fbcb71f7928cb2f651b331d1860880b2285e831e21975f1,extrasensory-gated-fold0-seed13-credible,0.1,0.1000015370663551,6506,0.1197857055192625,0.3870752955544498,0.9596240722813812,82335,mean_normalized_threshold_margin,0.9538701911657566
V3-1,B4,0,13,natural_missingness,fb82651717076e658cf67e62ccd41ca247d29c994518945706edefcf0b635aa0,aed7c20edb76f0ed2fbcb71f7928cb2f651b331d1860880b2285e831e21975f1,extrasensory-gated-fold0-seed13-credible,0.15,0.1500023055995327,9759,0.1470804869061729,0.3806905213475912,0.9443790261134584,123085,mean_normalized_threshold_margin,0.93271270278075
V3-1,B4,0,13,natural_missingness,fb82651717076e658cf67e62ccd41ca247d29c994518945706edefcf0b635aa0,aed7c20edb76f0ed2fbcb71f7928cb2f651b331d1860880b2285e831e21975f1,extrasensory-gated-fold0-seed13-credible,0.2,0.2000030741327103,13012,0.1781997469262276,0.5106156348768827,0.928765645002592,161882,mean_normalized_threshold_margin,0.8813057984736142
V3-1,B4,0,13,natural_missingness,fb82651717076e658cf67e62ccd41ca247d29c994518945706edefcf0b635aa0,aed7c20edb76f0ed2fbcb71f7928cb2f651b331d1860880b2285e831e21975f1,extrasensory-gated-fold0-seed13-credible,0.25,0.2500038426658879,16265,0.2069548627017525,0.5711681878476406,0.9101432267356572,196184,mean_normalized_threshold_margin,0.8160424351893754
V3-1,B4,0,13,natural_missingness,fb82651717076e658cf67e62ccd41ca247d29c994518945706edefcf0b635aa0,aed7c20edb76f0ed2fbcb71f7928cb2f651b331d1860880b2285e831e21975f1,extrasensory-gated-fold0-seed13-credible,0.3,0.3000046111990654,19518,0.2232848887339822,0.5860474784477552,0.8954640916946303,230354,mean_normalized_threshold_margin,0.7681191191452643
V3-1,B4,0,13,natural_missingness,fb82651717076e658cf67e62ccd41ca247d29c994518945706edefcf0b635aa0,aed7c20edb76f0ed2fbcb71f7928cb2f651b331d1860880b2285e831e21975f1,extrasensory-gated-fold0-seed13-credible,0.35,0.350005379732243,22771,0.2418560818820059,0.5984234200093487,0.8806423670786873,263582,mean_normalized_threshold_margin,0.7327257915793004
V3-1,B4,0,13,natural_missingness,fb82651717076e658cf67e62ccd41ca247d29c994518945706edefcf0b635aa0,aed7c20edb76f0ed2fbcb71f7928cb2f651b331d1860880b2285e831e21975f1,extrasensory-gated-fold0-seed13-credible,0.4,0.4000061482654206,26024,0.2590455167534822,0.6389473287377628,0.8662627712834096,295816,mean_normalized_threshold_margin,0.7052945848124094
V3-1,B4,0,13,natural_missingness,fb82651717076e658cf67e62ccd41ca247d29c994518945706edefcf0b635aa0,aed7c20edb76f0ed2fbcb71f7928cb2f651b331d1860880b2285e831e21975f1,extrasensory-gated-fold0-seed13-credible,0.45,0.4500069167985982,29277,0.2775160717263429,0.6420136663547652,0.8520856820744082,326649,mean_normalized_threshold_margin,0.6822868902153424
V3-1,B4,0,13,natural_missingness,fb82651717076e658cf67e62ccd41ca247d29c994518945706edefcf0b635aa0,aed7c20edb76f0ed2fbcb71f7928cb2f651b331d1860880b2285e831e21975f1,extrasensory-gated-fold0-seed13-credible,0.5,0.5000076853317758,32530,0.2940558594293235,0.6377614744642442,0.8384720963356209,357384,mean_normalized_threshold_margin,0.6608738918254581
V3-1,B4,0,13,natural_missingness,fb82651717076e658cf67e62ccd41ca247d29c994518945706edefcf0b635aa0,aed7c20edb76f0ed2fbcb71f7928cb2f651b331d1860880b2285e831e21975f1,extrasensory-gated-fold0-seed13-credible,0.55,0.5500084538649533,35783,0.3099821574265879,0.6273284070237369,0.8248672583334931,388090,mean_normalized_threshold_margin,0.6406228115914084
V3-1,B4,0,13,natural_missingness,fb82651717076e658cf67e62ccd41ca247d29c994518945706edefcf0b635aa0,aed7c20edb76f0ed2fbcb71f7928cb2f651b331d1860880b2285e831e21975f1,extrasensory-gated-fold0-seed13-credible,0.6,0.6000092223981309,39036,0.3253002608784151,0.6151719432967664,0.8119648198580294,418545,mean_normalized_threshold_margin,0.6211858655892207
V3-1,B4,0,13,natural_missingness,fb82651717076e658cf67e62ccd41ca247d29c994518945706edefcf0b635aa0,aed7c20edb76f0ed2fbcb71f7928cb2f651b331d1860880b2285e831e21975f1,extrasensory-gated-fold0-seed13-credible,0.65,0.6500099909313085,42289,0.3389490724334119,0.6026874019342683,0.799196770382369,449493,mean_normalized_threshold_margin,0.60273991366004
V3-1,B4,0,13,natural_missingness,fb82651717076e658cf67e62ccd41ca247d29c994518945706edefcf0b635aa0,aed7c20edb76f0ed2fbcb71f7928cb2f651b331d1860880b2285e831e21975f1,extrasensory-gated-fold0-seed13-credible,0.7,0.7000107594644861,45542,0.3510034226800014,0.5929245058728283,0.7870161729609412,480546,mean_normalized_threshold_margin,0.583046332362606
V3-1,B4,0,13,natural_missingness,fb82651717076e658cf67e62ccd41ca247d29c994518945706edefcf0b635aa0,aed7c20edb76f0ed2fbcb71f7928cb2f651b331d1860880b2285e831e21975f1,extrasensory-gated-fold0-seed13-credible,0.75,0.7500115279976637,48795,0.3622758060638884,0.5849215153135584,0.7755886166907421,511586,mean_normalized_threshold_margin,0.5621896166281629
V3-1,B4,0,13,natural_missingness,fb82651717076e658cf67e62ccd41ca247d29c994518945706edefcf0b635aa0,aed7c20edb76f0ed2fbcb71f7928cb2f651b331d1860880b2285e831e21975f1,extrasensory-gated-fold0-seed13-credible,0.8,0.8000122965308413,52048,0.3731506054024081,0.577272660857402,0.7644828621501036,542948,mean_normalized_threshold_margin,0.537672933408859
V3-1,B4,0,13,natural_missingness,fb82651717076e658cf67e62ccd41ca247d29c994518945706edefcf0b635aa0,aed7c20edb76f0ed2fbcb71f7928cb2f651b331d1860880b2285e831e21975f1,extrasensory-gated-fold0-seed13-credible,0.85,0.8500130650640189,55301,0.3840357798554245,0.5690714325736556,0.7540279695334228,575282,mean_normalized_threshold_margin,0.5102010598845795
V3-1,B4,0,13,natural_missingness,fb82651717076e658cf67e62ccd41ca247d29c994518945706edefcf0b635aa0,aed7c20edb76f0ed2fbcb71f7928cb2f651b331d1860880b2285e831e21975f1,extrasensory-gated-fold0-seed13-credible,0.9,0.9000138335971964,58554,0.3955938628907337,0.5608728659513429,0.7430522918820691,607660,mean_normalized_threshold_margin,0.4792358841055216
V3-1,B4,0,13,natural_missingness,fb82651717076e658cf67e62ccd41ca247d29c994518945706edefcf0b635aa0,aed7c20edb76f0ed2fbcb71f7928cb2f651b331d1860880b2285e831e21975f1,extrasensory-gated-fold0-seed13-credible,0.95,0.950014602130374,61807,0.407316952573349,0.553600640413751,0.731918285761877,640849,mean_normalized_threshold_margin,0.4343834211929439
V3-1,B4,0,13,natural_missingness,fb82651717076e658cf67e62ccd41ca247d29c994518945706edefcf0b635aa0,aed7c20edb76f0ed2fbcb71f7928cb2f651b331d1860880b2285e831e21975f1,extrasensory-gated-fold0-seed13-credible,1.0,1.0,65059,0.4200324500577393,0.5471000311094935,0.7202869055470481,673892,mean_normalized_threshold_margin,0.245469746387713
V3-1,B5,0,13,natural_missingness,fb82651717076e658cf67e62ccd41ca247d29c994518945706edefcf0b635aa0,b7f3601fd2e3d51f28c2e0ab8b1406eca54f182b449f477284a04590432a2b91,extrasensory-robust-gated-fold0-seed13-credible,0.05,0.0500007685331775,3253,0.0810875729238052,0.4855918950744147,0.9699536519098608,42078,mean_binary_certainty,0.9453986798442774
V3-1,B5,0,13,natural_missingness,fb82651717076e658cf67e62ccd41ca247d29c994518945706edefcf0b635aa0,b7f3601fd2e3d51f28c2e0ab8b1406eca54f182b449f477284a04590432a2b91,extrasensory-robust-gated-fold0-seed13-credible,0.1,0.1000015370663551,6506,0.1145485637240479,0.4289495763959907,0.958023594053006,84996,mean_binary_certainty,0.9234021967397216
V3-1,B5,0,13,natural_missingness,fb82651717076e658cf67e62ccd41ca247d29c994518945706edefcf0b635aa0,b7f3601fd2e3d51f28c2e0ab8b1406eca54f182b449f477284a04590432a2b91,extrasensory-robust-gated-fold0-seed13-credible,0.15,0.1500023055995327,9759,0.1460538303667847,0.5328989823151227,0.943412219898008,124640,mean_binary_certainty,0.8601656892624682
V3-1,B5,0,13,natural_missingness,fb82651717076e658cf67e62ccd41ca247d29c994518945706edefcf0b635aa0,b7f3601fd2e3d51f28c2e0ab8b1406eca54f182b449f477284a04590432a2b91,extrasensory-robust-gated-fold0-seed13-credible,0.2,0.2000030741327103,13012,0.1763099611414326,0.5999648844990463,0.9240977264295936,162646,mean_binary_certainty,0.7485729026576149
V3-1,B5,0,13,natural_missingness,fb82651717076e658cf67e62ccd41ca247d29c994518945706edefcf0b635aa0,b7f3601fd2e3d51f28c2e0ab8b1406eca54f182b449f477284a04590432a2b91,extrasensory-robust-gated-fold0-seed13-credible,0.25,0.2500038426658879,16265,0.1995406782301776,0.6211408643495139,0.901431747443308,197046,mean_binary_certainty,0.6824093123854693
V3-1,B5,0,13,natural_missingness,fb82651717076e658cf67e62ccd41ca247d29c994518945706edefcf0b635aa0,b7f3601fd2e3d51f28c2e0ab8b1406eca54f182b449f477284a04590432a2b91,extrasensory-robust-gated-fold0-seed13-credible,0.3,0.3000046111990654,19518,0.2224046343097231,0.64176968894483,0.8779260471254698,229941,mean_binary_certainty,0.639087659742879
V3-1,B5,0,13,natural_missingness,fb82651717076e658cf67e62ccd41ca247d29c994518945706edefcf0b635aa0,b7f3601fd2e3d51f28c2e0ab8b1406eca54f182b449f477284a04590432a2b91,extrasensory-robust-gated-fold0-seed13-credible,0.35,0.350005379732243,22771,0.2481470692123461,0.6412738233180675,0.8532821674101997,262860,mean_binary_certainty,0.6057805109607348
V3-1,B5,0,13,natural_missingness,fb82651717076e658cf67e62ccd41ca247d29c994518945706edefcf0b635aa0,b7f3601fd2e3d51f28c2e0ab8b1406eca54f182b449f477284a04590432a2b91,extrasensory-robust-gated-fold0-seed13-credible,0.4,0.4000061482654206,26024,0.270279793000463,0.6405287330246343,0.8344663204874074,294820,mean_binary_certainty,0.5759233836546456
V3-1,B5,0,13,natural_missingness,fb82651717076e658cf67e62ccd41ca247d29c994518945706edefcf0b635aa0,b7f3601fd2e3d51f28c2e0ab8b1406eca54f182b449f477284a04590432a2b91,extrasensory-robust-gated-fold0-seed13-credible,0.45,0.4500069167985982,29277,0.287965478868429,0.6444474628366358,0.8189341387588923,325404,mean_binary_certainty,0.5474727322832216
V3-1,B5,0,13,natural_missingness,fb82651717076e658cf67e62ccd41ca247d29c994518945706edefcf0b635aa0,b7f3601fd2e3d51f28c2e0ab8b1406eca54f182b449f477284a04590432a2b91,extrasensory-robust-gated-fold0-seed13-credible,0.5,0.5000076853317758,32530,0.3017247685755581,0.649679349809168,0.805565291598726,356047,mean_binary_certainty,0.5208135853359265
V3-1,B5,0,13,natural_missingness,fb82651717076e658cf67e62ccd41ca247d29c994518945706edefcf0b635aa0,b7f3601fd2e3d51f28c2e0ab8b1406eca54f182b449f477284a04590432a2b91,extrasensory-robust-gated-fold0-seed13-credible,0.55,0.5500084538649533,35783,0.3143771555327718,0.6480712652465785,0.7932615956863719,387246,mean_binary_certainty,0.4953097700314298
V3-1,B5,0,13,natural_missingness,fb82651717076e658cf67e62ccd41ca247d29c994518945706edefcf0b635aa0,b7f3601fd2e3d51f28c2e0ab8b1406eca54f182b449f477284a04590432a2b91,extrasensory-robust-gated-fold0-seed13-credible,0.6,0.6000092223981309,39036,0.3260038296012278,0.6442352328457209,0.7820166094178008,417828,mean_binary_certainty,0.4698056782998191
V3-1,B5,0,13,natural_missingness,fb82651717076e658cf67e62ccd41ca247d29c994518945706edefcf0b635aa0,b7f3601fd2e3d51f28c2e0ab8b1406eca54f182b449f477284a04590432a2b91,extrasensory-robust-gated-fold0-seed13-credible,0.65,0.6500099909313085,42289,0.3361323818494026,0.6384231074137529,0.7717905131941072,448963,mean_binary_certainty,0.443426869746259
V3-1,B5,0,13,natural_missingness,fb82651717076e658cf67e62ccd41ca247d29c994518945706edefcf0b635aa0,b7f3601fd2e3d51f28c2e0ab8b1406eca54f182b449f477284a04590432a2b91,extrasensory-robust-gated-fold0-seed13-credible,0.7,0.7000107594644861,45542,0.3464725278571261,0.6319441460011278,0.7612591677341102,480458,mean_binary_certainty,0.4147624731388044
V3-1,B5,0,13,natural_missingness,fb82651717076e658cf67e62ccd41ca247d29c994518945706edefcf0b635aa0,b7f3601fd2e3d51f28c2e0ab8b1406eca54f182b449f477284a04590432a2b91,extrasensory-robust-gated-fold0-seed13-credible,0.75,0.7500115279976637,48795,0.3561325681703352,0.6253873568625921,0.7511742739323576,512296,mean_binary_certainty,0.3833998697204296
V3-1,B5,0,13,natural_missingness,fb82651717076e658cf67e62ccd41ca247d29c994518945706edefcf0b635aa0,b7f3601fd2e3d51f28c2e0ab8b1406eca54f182b449f477284a04590432a2b91,extrasensory-robust-gated-fold0-seed13-credible,0.8,0.8000122965308413,52048,0.3658280781084358,0.6188677096663284,0.7415896856516249,544309,mean_binary_certainty,0.3496994866428847
V3-1,B5,0,13,natural_missingness,fb82651717076e658cf67e62ccd41ca247d29c994518945706edefcf0b635aa0,b7f3601fd2e3d51f28c2e0ab8b1406eca54f182b449f477284a04590432a2b91,extrasensory-robust-gated-fold0-seed13-credible,0.85,0.8500130650640189,55301,0.3755856700027406,0.611912511430576,0.7324614224805353,576552,mean_binary_certainty,0.3124781088856305
V3-1,B5,0,13,natural_missingness,fb82651717076e658cf67e62ccd41ca247d29c994518945706edefcf0b635aa0,b7f3601fd2e3d51f28c2e0ab8b1406eca54f182b449f477284a04590432a2b91,extrasensory-robust-gated-fold0-seed13-credible,0.9,0.9000138335971964,58554,0.3863009211936157,0.6034212892885191,0.7233970952887,608639,mean_binary_certainty,0.2668205289751891
V3-1,B5,0,13,natural_missingness,fb82651717076e658cf67e62ccd41ca247d29c994518945706edefcf0b635aa0,b7f3601fd2e3d51f28c2e0ab8b1406eca54f182b449f477284a04590432a2b91,extrasensory-robust-gated-fold0-seed13-credible,0.95,0.950014602130374,61807,0.3971364585959341,0.5949333013215374,0.7149632043206329,641405,mean_binary_certainty,0.2075315532869711
V3-1,B5,0,13,natural_missingness,fb82651717076e658cf67e62ccd41ca247d29c994518945706edefcf0b635aa0,b7f3601fd2e3d51f28c2e0ab8b1406eca54f182b449f477284a04590432a2b91,extrasensory-robust-gated-fold0-seed13-credible,1.0,1.0,65059,0.4095980501483045,0.5838538793222415,0.7068602015312997,673892,mean_binary_certainty,0.0230937079959635
V3-1,B5,0,13,natural_missingness,fb82651717076e658cf67e62ccd41ca247d29c994518945706edefcf0b635aa0,b7f3601fd2e3d51f28c2e0ab8b1406eca54f182b449f477284a04590432a2b91,extrasensory-robust-gated-fold0-seed13-credible,0.05,0.0500007685331775,3253,0.0832883574680177,0.4861893278662752,0.9706373836237766,42012,mean_normalized_threshold_margin,0.985405557823768
V3-1,B5,0,13,natural_missingness,fb82651717076e658cf67e62ccd41ca247d29c994518945706edefcf0b635aa0,b7f3601fd2e3d51f28c2e0ab8b1406eca54f182b449f477284a04590432a2b91,extrasensory-robust-gated-fold0-seed13-credible,0.1,0.1000015370663551,6506,0.1042886048325912,0.4288336959728777,0.9622287061833008,84501,mean_normalized_threshold_margin,0.971558791944016
V3-1,B5,0,13,natural_missingness,fb82651717076e658cf67e62ccd41ca247d29c994518945706edefcf0b635aa0,b7f3601fd2e3d51f28c2e0ab8b1406eca54f182b449f477284a04590432a2b91,extrasensory-robust-gated-fold0-seed13-credible,0.15,0.1500023055995327,9759,0.1493032135420881,0.5019426777053312,0.9452599845190728,125393,mean_normalized_threshold_margin,0.9444430925847516
V3-1,B5,0,13,natural_missingness,fb82651717076e658cf67e62ccd41ca247d29c994518945706edefcf0b635aa0,b7f3601fd2e3d51f28c2e0ab8b1406eca54f182b449f477284a04590432a2b91,extrasensory-robust-gated-fold0-seed13-credible,0.2,0.2000030741327103,13012,0.1788545350661322,0.5673385943013459,0.924642984836057,163377,mean_normalized_threshold_margin,0.879429383317282
V3-1,B5,0,13,natural_missingness,fb82651717076e658cf67e62ccd41ca247d29c994518945706edefcf0b635aa0,b7f3601fd2e3d51f28c2e0ab8b1406eca54f182b449f477284a04590432a2b91,extrasensory-robust-gated-fold0-seed13-credible,0.25,0.2500038426658879,16265,0.2072904463977829,0.610882582137615,0.9004537245055284,198007,mean_normalized_threshold_margin,0.8278834480905503
V3-1,B5,0,13,natural_missingness,fb82651717076e658cf67e62ccd41ca247d29c994518945706edefcf0b635aa0,b7f3601fd2e3d51f28c2e0ab8b1406eca54f182b449f477284a04590432a2b91,extrasensory-robust-gated-fold0-seed13-credible,0.3,0.3000046111990654,19518,0.2256006840647845,0.634535369009657,0.8802219470812125,230999,mean_normalized_threshold_margin,0.7946168560906576
V3-1,B5,0,13,natural_missingness,fb82651717076e658cf67e62ccd41ca247d29c994518945706edefcf0b635aa0,b7f3601fd2e3d51f28c2e0ab8b1406eca54f182b449f477284a04590432a2b91,extrasensory-robust-gated-fold0-seed13-credible,0.35,0.350005379732243,22771,0.2467378979655904,0.6535875998159206,0.8592933699574514,263712,mean_normalized_threshold_margin,0.768877597809791
V3-1,B5,0,13,natural_missingness,fb82651717076e658cf67e62ccd41ca247d29c994518945706edefcf0b635aa0,b7f3601fd2e3d51f28c2e0ab8b1406eca54f182b449f477284a04590432a2b91,extrasensory-robust-gated-fold0-seed13-credible,0.4,0.4000061482654206,26024,0.2672181431477047,0.6581062459218264,0.8407722249294614,296007,mean_normalized_threshold_margin,0.7471826234531485
V3-1,B5,0,13,natural_missingness,fb82651717076e658cf67e62ccd41ca247d29c994518945706edefcf0b635aa0,b7f3601fd2e3d51f28c2e0ab8b1406eca54f182b449f477284a04590432a2b91,extrasensory-robust-gated-fold0-seed13-credible,0.45,0.4500069167985982,29277,0.2853614190911456,0.6586059278735967,0.8253476746277932,327240,mean_normalized_threshold_margin,0.7273835255614409
V3-1,B5,0,13,natural_missingness,fb82651717076e658cf67e62ccd41ca247d29c994518945706edefcf0b635aa0,b7f3601fd2e3d51f28c2e0ab8b1406eca54f182b449f477284a04590432a2b91,extrasensory-robust-gated-fold0-seed13-credible,0.5,0.5000076853317758,32530,0.2993785890304493,0.6572259662876555,0.8117902296700831,358281,mean_normalized_threshold_margin,0.70814684083845
V3-1,B5,0,13,natural_missingness,fb82651717076e658cf67e62ccd41ca247d29c994518945706edefcf0b635aa0,b7f3601fd2e3d51f28c2e0ab8b1406eca54f182b449f477284a04590432a2b91,extrasensory-robust-gated-fold0-seed13-credible,0.55,0.5500084538649533,35783,0.3122278655973084,0.6500598564844193,0.7993413336154437,389211,mean_normalized_threshold_margin,0.689155212956052
V3-1,B5,0,13,natural_missingness,fb82651717076e658cf67e62ccd41ca247d29c994518945706edefcf0b635aa0,b7f3601fd2e3d51f28c2e0ab8b1406eca54f182b449f477284a04590432a2b91,extrasensory-robust-gated-fold0-seed13-credible,0.6,0.6000092223981309,39036,0.3243891307053196,0.6444452172254748,0.7879030950532055,420075,mean_normalized_threshold_margin,0.6699693323497166
V3-1,B5,0,13,natural_missingness,fb82651717076e658cf67e62ccd41ca247d29c994518945706edefcf0b635aa0,b7f3601fd2e3d51f28c2e0ab8b1406eca54f182b449f477284a04590432a2b91,extrasensory-robust-gated-fold0-seed13-credible,0.65,0.6500099909313085,42289,0.3359781119402285,0.6392075997865397,0.7771566701918718,451067,mean_normalized_threshold_margin,0.6495647370124199
V3-1,B5,0,13,natural_missingness,fb82651717076e658cf67e62ccd41ca247d29c994518945706edefcf0b635aa0,b7f3601fd2e3d51f28c2e0ab8b1406eca54f182b449f477284a04590432a2b91,extrasensory-robust-gated-fold0-seed13-credible,0.7,0.7000107594644861,45542,0.3465495910913034,0.6321522282935972,0.7666485670294032,482049,mean_normalized_threshold_margin,0.6286258186053811
V3-1,B5,0,13,natural_missingness,fb82651717076e658cf67e62ccd41ca247d29c994518945706edefcf0b635aa0,b7f3601fd2e3d51f28c2e0ab8b1406eca54f182b449f477284a04590432a2b91,extrasensory-robust-gated-fold0-seed13-credible,0.75,0.7500115279976637,48795,0.3561766408850025,0.6265451397874191,0.7569495583344095,513287,mean_normalized_threshold_margin,0.6052604427149452
V3-1,B5,0,13,natural_missingness,fb82651717076e658cf67e62ccd41ca247d29c994518945706edefcf0b635aa0,b7f3601fd2e3d51f28c2e0ab8b1406eca54f182b449f477284a04590432a2b91,extrasensory-robust-gated-fold0-seed13-credible,0.8,0.8000122965308413,52048,0.3655715797210525,0.621646469441554,0.747810305373629,544467,mean_normalized_threshold_margin,0.5786131989704805
V3-1,B5,0,13,natural_missingness,fb82651717076e658cf67e62ccd41ca247d29c994518945706edefcf0b635aa0,b7f3601fd2e3d51f28c2e0ab8b1406eca54f182b449f477284a04590432a2b91,extrasensory-robust-gated-fold0-seed13-credible,0.85,0.8500130650640189,55301,0.3749147491373462,0.615168383635272,0.7386768013650818,576689,mean_normalized_threshold_margin,0.5442501174991717
V3-1,B5,0,13,natural_missingness,fb82651717076e658cf67e62ccd41ca247d29c994518945706edefcf0b635aa0,b7f3601fd2e3d51f28c2e0ab8b1406eca54f182b449f477284a04590432a2b91,extrasensory-robust-gated-fold0-seed13-credible,0.9,0.9000138335971964,58554,0.3852241165967052,0.6075801111361445,0.7290582833253085,608924,mean_normalized_threshold_margin,0.502646088155188
V3-1,B5,0,13,natural_missingness,fb82651717076e658cf67e62ccd41ca247d29c994518945706edefcf0b635aa0,b7f3601fd2e3d51f28c2e0ab8b1406eca54f182b449f477284a04590432a2b91,extrasensory-robust-gated-fold0-seed13-credible,0.95,0.950014602130374,61807,0.3962296371055228,0.597816722396882,0.7182874352165757,641745,mean_normalized_threshold_margin,0.4489074076115406
V3-1,B5,0,13,natural_missingness,fb82651717076e658cf67e62ccd41ca247d29c994518945706edefcf0b635aa0,b7f3601fd2e3d51f28c2e0ab8b1406eca54f182b449f477284a04590432a2b91,extrasensory-robust-gated-fold0-seed13-credible,1.0,1.0,65059,0.4095980501483045,0.5838538793222415,0.7068602015312997,673892,mean_normalized_threshold_margin,0.2498959022599013
V3-1,P,0,13,natural_missingness,fb82651717076e658cf67e62ccd41ca247d29c994518945706edefcf0b635aa0,ac6a5cb5e8a6d7a7d0ab18ab352587b8249a5dafe04d9b5b08c92f99f6b260f6,extrasensory-quality-aware-fold0-seed13-credible,0.05,0.0500007685331775,3253,0.1019754637500205,0.4889119894286794,0.9737774063905136,43684,mean_binary_certainty,0.948263066148125
V3-1,P,0,13,natural_missingness,fb82651717076e658cf67e62ccd41ca247d29c994518945706edefcf0b635aa0,ac6a5cb5e8a6d7a7d0ab18ab352587b8249a5dafe04d9b5b08c92f99f6b260f6,extrasensory-quality-aware-fold0-seed13-credible,0.1,0.1000015370663551,6506,0.1340225278172432,0.4444782321654086,0.9552909731502855,85872,mean_binary_certainty,0.9298432126786184
V3-1,P,0,13,natural_missingness,fb82651717076e658cf67e62ccd41ca247d29c994518945706edefcf0b635aa0,ac6a5cb5e8a6d7a7d0ab18ab352587b8249a5dafe04d9b5b08c92f99f6b260f6,extrasensory-quality-aware-fold0-seed13-credible,0.15,0.1500023055995327,9759,0.1884360991055084,0.5342988548085328,0.93672064278577,125512,mean_binary_certainty,0.885461717665266
V3-1,P,0,13,natural_missingness,fb82651717076e658cf67e62ccd41ca247d29c994518945706edefcf0b635aa0,ac6a5cb5e8a6d7a7d0ab18ab352587b8249a5dafe04d9b5b08c92f99f6b260f6,extrasensory-quality-aware-fold0-seed13-credible,0.2,0.2000030741327103,13012,0.2129683926339834,0.547342484167748,0.9225150673942644,163108,mean_binary_certainty,0.7905479064880176
V3-1,P,0,13,natural_missingness,fb82651717076e658cf67e62ccd41ca247d29c994518945706edefcf0b635aa0,ac6a5cb5e8a6d7a7d0ab18ab352587b8249a5dafe04d9b5b08c92f99f6b260f6,extrasensory-quality-aware-fold0-seed13-credible,0.25,0.2500038426658879,16265,0.2276186193255582,0.5786135760861256,0.90651064359517,196811,mean_binary_certainty,0.6991645100530407
V3-1,P,0,13,natural_missingness,fb82651717076e658cf67e62ccd41ca247d29c994518945706edefcf0b635aa0,ac6a5cb5e8a6d7a7d0ab18ab352587b8249a5dafe04d9b5b08c92f99f6b260f6,extrasensory-quality-aware-fold0-seed13-credible,0.3,0.3000046111990654,19518,0.2422590602634337,0.6285347524018049,0.8902668431686755,230022,mean_binary_certainty,0.6441586746702123
V3-1,P,0,13,natural_missingness,fb82651717076e658cf67e62ccd41ca247d29c994518945706edefcf0b635aa0,ac6a5cb5e8a6d7a7d0ab18ab352587b8249a5dafe04d9b5b08c92f99f6b260f6,extrasensory-quality-aware-fold0-seed13-credible,0.35,0.350005379732243,22771,0.2635450073697952,0.6385912896266106,0.8697430389159713,262364,mean_binary_certainty,0.6037512542193717
V3-1,P,0,13,natural_missingness,fb82651717076e658cf67e62ccd41ca247d29c994518945706edefcf0b635aa0,ac6a5cb5e8a6d7a7d0ab18ab352587b8249a5dafe04d9b5b08c92f99f6b260f6,extrasensory-quality-aware-fold0-seed13-credible,0.4,0.4000061482654206,26024,0.2832978464423232,0.6454160758775289,0.850396818032797,294418,mean_binary_certainty,0.5730966501947363
V3-1,P,0,13,natural_missingness,fb82651717076e658cf67e62ccd41ca247d29c994518945706edefcf0b635aa0,ac6a5cb5e8a6d7a7d0ab18ab352587b8249a5dafe04d9b5b08c92f99f6b260f6,extrasensory-quality-aware-fold0-seed13-credible,0.45,0.4500069167985982,29277,0.3026346387970592,0.6393639884400024,0.8317338523677194,325874,mean_binary_certainty,0.5450846531428268
V3-1,P,0,13,natural_missingness,fb82651717076e658cf67e62ccd41ca247d29c994518945706edefcf0b635aa0,ac6a5cb5e8a6d7a7d0ab18ab352587b8249a5dafe04d9b5b08c92f99f6b260f6,extrasensory-quality-aware-fold0-seed13-credible,0.5,0.5000076853317758,32530,0.3176316854510202,0.6318778406533718,0.8162109657552649,357036,mean_binary_certainty,0.5183636269965031
V3-1,P,0,13,natural_missingness,fb82651717076e658cf67e62ccd41ca247d29c994518945706edefcf0b635aa0,ac6a5cb5e8a6d7a7d0ab18ab352587b8249a5dafe04d9b5b08c92f99f6b260f6,extrasensory-quality-aware-fold0-seed13-credible,0.55,0.5500084538649533,35783,0.3297318734515532,0.6279717266510455,0.8030221933362645,388167,mean_binary_certainty,0.4929444444065416
V3-1,P,0,13,natural_missingness,fb82651717076e658cf67e62ccd41ca247d29c994518945706edefcf0b635aa0,ac6a5cb5e8a6d7a7d0ab18ab352587b8249a5dafe04d9b5b08c92f99f6b260f6,extrasensory-quality-aware-fold0-seed13-credible,0.6,0.6000092223981309,39036,0.3403192866329317,0.626650883334505,0.7917918318847545,418915,mean_binary_certainty,0.4665061948608435
V3-1,P,0,13,natural_missingness,fb82651717076e658cf67e62ccd41ca247d29c994518945706edefcf0b635aa0,ac6a5cb5e8a6d7a7d0ab18ab352587b8249a5dafe04d9b5b08c92f99f6b260f6,extrasensory-quality-aware-fold0-seed13-credible,0.65,0.6500099909313085,42289,0.3505401861763866,0.6238910259403876,0.7809071475508014,449980,mean_binary_certainty,0.4401726273378628
V3-1,P,0,13,natural_missingness,fb82651717076e658cf67e62ccd41ca247d29c994518945706edefcf0b635aa0,ac6a5cb5e8a6d7a7d0ab18ab352587b8249a5dafe04d9b5b08c92f99f6b260f6,extrasensory-quality-aware-fold0-seed13-credible,0.7,0.7000107594644861,45542,0.359882394101159,0.6192944665724612,0.7707095176152606,481393,mean_binary_certainty,0.4125228751869804
V3-1,P,0,13,natural_missingness,fb82651717076e658cf67e62ccd41ca247d29c994518945706edefcf0b635aa0,ac6a5cb5e8a6d7a7d0ab18ab352587b8249a5dafe04d9b5b08c92f99f6b260f6,extrasensory-quality-aware-fold0-seed13-credible,0.75,0.7500115279976637,48795,0.3695205164365747,0.6120103537088202,0.7604879565447995,512817,mean_binary_certainty,0.3819181115402001
V3-1,P,0,13,natural_missingness,fb82651717076e658cf67e62ccd41ca247d29c994518945706edefcf0b635aa0,ac6a5cb5e8a6d7a7d0ab18ab352587b8249a5dafe04d9b5b08c92f99f6b260f6,extrasensory-quality-aware-fold0-seed13-credible,0.8,0.8000122965308413,52048,0.3797975217279747,0.604637378730628,0.7499389759651252,545217,mean_binary_certainty,0.3494434274192384
V3-1,P,0,13,natural_missingness,fb82651717076e658cf67e62ccd41ca247d29c994518945706edefcf0b635aa0,ac6a5cb5e8a6d7a7d0ab18ab352587b8249a5dafe04d9b5b08c92f99f6b260f6,extrasensory-quality-aware-fold0-seed13-credible,0.85,0.8500130650640189,55301,0.3899407952487074,0.5977278173374694,0.7400787669567754,577292,mean_binary_certainty,0.3126493247778513
V3-1,P,0,13,natural_missingness,fb82651717076e658cf67e62ccd41ca247d29c994518945706edefcf0b635aa0,ac6a5cb5e8a6d7a7d0ab18ab352587b8249a5dafe04d9b5b08c92f99f6b260f6,extrasensory-quality-aware-fold0-seed13-credible,0.9,0.9000138335971964,58554,0.4000087717598899,0.591429054631391,0.7304754767767293,609615,mean_binary_certainty,0.2700688711604669
V3-1,P,0,13,natural_missingness,fb82651717076e658cf67e62ccd41ca247d29c994518945706edefcf0b635aa0,ac6a5cb5e8a6d7a7d0ab18ab352587b8249a5dafe04d9b5b08c92f99f6b260f6,extrasensory-quality-aware-fold0-seed13-credible,0.95,0.950014602130374,61807,0.4095964986394763,0.584038892632078,0.7220302151121797,642058,mean_binary_certainty,0.2129359220576343
V3-1,P,0,13,natural_missingness,fb82651717076e658cf67e62ccd41ca247d29c994518945706edefcf0b635aa0,ac6a5cb5e8a6d7a7d0ab18ab352587b8249a5dafe04d9b5b08c92f99f6b260f6,extrasensory-quality-aware-fold0-seed13-credible,1.0,1.0,65059,0.4201328185201666,0.5771159058415383,0.7153043383236805,673892,mean_binary_certainty,0.0270934087446573
V3-1,P,0,13,natural_missingness,fb82651717076e658cf67e62ccd41ca247d29c994518945706edefcf0b635aa0,ac6a5cb5e8a6d7a7d0ab18ab352587b8249a5dafe04d9b5b08c92f99f6b260f6,extrasensory-quality-aware-fold0-seed13-credible,0.05,0.0500007685331775,3253,0.1137842750112585,0.5002165258789324,0.9708376258023615,43504,mean_normalized_threshold_margin,0.9856128271940656
V3-1,P,0,13,natural_missingness,fb82651717076e658cf67e62ccd41ca247d29c994518945706edefcf0b635aa0,ac6a5cb5e8a6d7a7d0ab18ab352587b8249a5dafe04d9b5b08c92f99f6b260f6,extrasensory-quality-aware-fold0-seed13-credible,0.1,0.1000015370663551,6506,0.1398141930979285,0.4455014619910578,0.9556229050839974,84842,mean_normalized_threshold_margin,0.9739085672726384
V3-1,P,0,13,natural_missingness,fb82651717076e658cf67e62ccd41ca247d29c994518945706edefcf0b635aa0,ac6a5cb5e8a6d7a7d0ab18ab352587b8249a5dafe04d9b5b08c92f99f6b260f6,extrasensory-quality-aware-fold0-seed13-credible,0.15,0.1500023055995327,9759,0.1806907745940294,0.5820119573498926,0.9415012238237692,125909,mean_normalized_threshold_margin,0.9524866636703092
V3-1,P,0,13,natural_missingness,fb82651717076e658cf67e62ccd41ca247d29c994518945706edefcf0b635aa0,ac6a5cb5e8a6d7a7d0ab18ab352587b8249a5dafe04d9b5b08c92f99f6b260f6,extrasensory-quality-aware-fold0-seed13-credible,0.2,0.2000030741327103,13012,0.2110063597533875,0.549144653285506,0.9247789930682998,163395,mean_normalized_threshold_margin,0.9112903215371484
V3-1,P,0,13,natural_missingness,fb82651717076e658cf67e62ccd41ca247d29c994518945706edefcf0b635aa0,ac6a5cb5e8a6d7a7d0ab18ab352587b8249a5dafe04d9b5b08c92f99f6b260f6,extrasensory-quality-aware-fold0-seed13-credible,0.25,0.2500038426658879,16265,0.2292783364037161,0.5756668856308972,0.9082688019104812,198307,mean_normalized_threshold_margin,0.8494490776131477
V3-1,P,0,13,natural_missingness,fb82651717076e658cf67e62ccd41ca247d29c994518945706edefcf0b635aa0,ac6a5cb5e8a6d7a7d0ab18ab352587b8249a5dafe04d9b5b08c92f99f6b260f6,extrasensory-quality-aware-fold0-seed13-credible,0.3,0.3000046111990654,19518,0.2447873687510954,0.6161863845371068,0.8912983340505317,231027,mean_normalized_threshold_margin,0.8084250718166864
V3-1,P,0,13,natural_missingness,fb82651717076e658cf67e62ccd41ca247d29c994518945706edefcf0b635aa0,ac6a5cb5e8a6d7a7d0ab18ab352587b8249a5dafe04d9b5b08c92f99f6b260f6,extrasensory-quality-aware-fold0-seed13-credible,0.35,0.350005379732243,22771,0.2616458128515551,0.6451309802201434,0.8731358584961111,263796,mean_normalized_threshold_margin,0.7796483893101764
V3-1,P,0,13,natural_missingness,fb82651717076e658cf67e62ccd41ca247d29c994518945706edefcf0b635aa0,ac6a5cb5e8a6d7a7d0ab18ab352587b8249a5dafe04d9b5b08c92f99f6b260f6,extrasensory-quality-aware-fold0-seed13-credible,0.4,0.4000061482654206,26024,0.2801532344257066,0.6502928255889653,0.8542925234162834,295704,mean_normalized_threshold_margin,0.756561440083186
V3-1,P,0,13,natural_missingness,fb82651717076e658cf67e62ccd41ca247d29c994518945706edefcf0b635aa0,ac6a5cb5e8a6d7a7d0ab18ab352587b8249a5dafe04d9b5b08c92f99f6b260f6,extrasensory-quality-aware-fold0-seed13-credible,0.45,0.4500069167985982,29277,0.2990646175527426,0.6514815136154543,0.8358761548958636,327538,mean_normalized_threshold_margin,0.7358328555310185
V3-1,P,0,13,natural_missingness,fb82651717076e658cf67e62ccd41ca247d29c994518945706edefcf0b635aa0,ac6a5cb5e8a6d7a7d0ab18ab352587b8249a5dafe04d9b5b08c92f99f6b260f6,extrasensory-quality-aware-fold0-seed13-credible,0.5,0.5000076853317758,32530,0.316021498448768,0.6447813524449018,0.8195007456529203,358678,mean_normalized_threshold_margin,0.716095205580049
V3-1,P,0,13,natural_missingness,fb82651717076e658cf67e62ccd41ca247d29c994518945706edefcf0b635aa0,ac6a5cb5e8a6d7a7d0ab18ab352587b8249a5dafe04d9b5b08c92f99f6b260f6,extrasensory-quality-aware-fold0-seed13-credible,0.55,0.5500084538649533,35783,0.3284535141955937,0.6385598691385304,0.8068585483527659,389943,mean_normalized_threshold_margin,0.6959831659793541
V3-1,P,0,13,natural_missingness,fb82651717076e658cf67e62ccd41ca247d29c994518945706edefcf0b635aa0,ac6a5cb5e8a6d7a7d0ab18ab352587b8249a5dafe04d9b5b08c92f99f6b260f6,extrasensory-quality-aware-fold0-seed13-credible,0.6,0.6000092223981309,39036,0.3405973886381126,0.6299820479358259,0.7950291999349648,420723,mean_normalized_threshold_margin,0.6754999474889278
V3-1,P,0,13,natural_missingness,fb82651717076e658cf67e62ccd41ca247d29c994518945706edefcf0b635aa0,ac6a5cb5e8a6d7a7d0ab18ab352587b8249a5dafe04d9b5b08c92f99f6b260f6,extrasensory-quality-aware-fold0-seed13-credible,0.65,0.6500099909313085,42289,0.3516807003950717,0.626440034441431,0.7846274458295195,451121,mean_normalized_threshold_margin,0.6553097353188213
V3-1,P,0,13,natural_missingness,fb82651717076e658cf67e62ccd41ca247d29c994518945706edefcf0b635aa0,ac6a5cb5e8a6d7a7d0ab18ab352587b8249a5dafe04d9b5b08c92f99f6b260f6,extrasensory-quality-aware-fold0-seed13-credible,0.7,0.7000107594644861,45542,0.3612422175498918,0.6200773695460717,0.7747634749085257,481750,mean_normalized_threshold_margin,0.6331115599697673
V3-1,P,0,13,natural_missingness,fb82651717076e658cf67e62ccd41ca247d29c994518945706edefcf0b635aa0,ac6a5cb5e8a6d7a7d0ab18ab352587b8249a5dafe04d9b5b08c92f99f6b260f6,extrasensory-quality-aware-fold0-seed13-credible,0.75,0.7500115279976637,48795,0.3712116175375517,0.6138931237624856,0.7644093338585466,512762,mean_normalized_threshold_margin,0.6093591913702597
V3-1,P,0,13,natural_missingness,fb82651717076e658cf67e62ccd41ca247d29c994518945706edefcf0b635aa0,ac6a5cb5e8a6d7a7d0ab18ab352587b8249a5dafe04d9b5b08c92f99f6b260f6,extrasensory-quality-aware-fold0-seed13-credible,0.8,0.8000122965308413,52048,0.3807636002863014,0.6077177177146751,0.754634878803665,543975,mean_normalized_threshold_margin,0.5844545170122263
V3-1,P,0,13,natural_missingness,fb82651717076e658cf67e62ccd41ca247d29c994518945706edefcf0b635aa0,ac6a5cb5e8a6d7a7d0ab18ab352587b8249a5dafe04d9b5b08c92f99f6b260f6,extrasensory-quality-aware-fold0-seed13-credible,0.85,0.8500130650640189,55301,0.3904791140600112,0.5999606000622374,0.7443256497022633,576346,mean_normalized_threshold_margin,0.5553202180795902
V3-1,P,0,13,natural_missingness,fb82651717076e658cf67e62ccd41ca247d29c994518945706edefcf0b635aa0,ac6a5cb5e8a6d7a7d0ab18ab352587b8249a5dafe04d9b5b08c92f99f6b260f6,extrasensory-quality-aware-fold0-seed13-credible,0.9,0.9000138335971964,58554,0.3996926895268848,0.5933786266459632,0.7345519957217171,608893,mean_normalized_threshold_margin,0.5192571007802088
V3-1,P,0,13,natural_missingness,fb82651717076e658cf67e62ccd41ca247d29c994518945706edefcf0b635aa0,ac6a5cb5e8a6d7a7d0ab18ab352587b8249a5dafe04d9b5b08c92f99f6b260f6,extrasensory-quality-aware-fold0-seed13-credible,0.95,0.950014602130374,61807,0.4096432927272495,0.5856162828101447,0.7249041969227936,642003,mean_normalized_threshold_margin,0.4685176323837305
V3-1,P,0,13,natural_missingness,fb82651717076e658cf67e62ccd41ca247d29c994518945706edefcf0b635aa0,ac6a5cb5e8a6d7a7d0ab18ab352587b8249a5dafe04d9b5b08c92f99f6b260f6,extrasensory-quality-aware-fold0-seed13-credible,1.0,1.0,65059,0.4201328185201666,0.5771159058415383,0.7153043383236805,673892,mean_normalized_threshold_margin,0.2446234009703321
V3-1,P2,0,13,natural_missingness,fb82651717076e658cf67e62ccd41ca247d29c994518945706edefcf0b635aa0,0d73ab992cbe5fe6bf4e93419766623e57622e207cab8673bb9ca23ec6927615,extrasensory-p2-fold0-seed13-v2_seed13,0.05,0.0500007685331775,3253,0.1044883847491499,0.426506094714693,0.9593711145870936,40506,mean_binary_certainty,0.9530369242362272
V3-1,P2,0,13,natural_missingness,fb82651717076e658cf67e62ccd41ca247d29c994518945706edefcf0b635aa0,0d73ab992cbe5fe6bf4e93419766623e57622e207cab8673bb9ca23ec6927615,extrasensory-p2-fold0-seed13-v2_seed13,0.1,0.1000015370663551,6506,0.1404890592930159,0.4413127021310625,0.9491932855280312,83378,mean_binary_certainty,0.9285942112305604
V3-1,P2,0,13,natural_missingness,fb82651717076e658cf67e62ccd41ca247d29c994518945706edefcf0b635aa0,0d73ab992cbe5fe6bf4e93419766623e57622e207cab8673bb9ca23ec6927615,extrasensory-p2-fold0-seed13-v2_seed13,0.15,0.1500023055995327,9759,0.1603260063889327,0.4312197389144692,0.9376033513394334,124108,mean_binary_certainty,0.8853910819970705
V3-1,P2,0,13,natural_missingness,fb82651717076e658cf67e62ccd41ca247d29c994518945706edefcf0b635aa0,0d73ab992cbe5fe6bf4e93419766623e57622e207cab8673bb9ca23ec6927615,extrasensory-p2-fold0-seed13-v2_seed13,0.2,0.2000030741327103,13012,0.1900236238159784,0.5310696522641363,0.9217624463998808,162059,mean_binary_certainty,0.7764108315631508
V3-1,P2,0,13,natural_missingness,fb82651717076e658cf67e62ccd41ca247d29c994518945706edefcf0b635aa0,0d73ab992cbe5fe6bf4e93419766623e57622e207cab8673bb9ca23ec6927615,extrasensory-p2-fold0-seed13-v2_seed13,0.25,0.2500038426658879,16265,0.2040961760762532,0.6045906300670824,0.9067051473949324,196235,mean_binary_certainty,0.6924591376609791
V3-1,P2,0,13,natural_missingness,fb82651717076e658cf67e62ccd41ca247d29c994518945706edefcf0b635aa0,0d73ab992cbe5fe6bf4e93419766623e57622e207cab8673bb9ca23ec6927615,extrasensory-p2-fold0-seed13-v2_seed13,0.3,0.3000046111990654,19518,0.226763067776085,0.6335816503961456,0.8850375325736066,230005,mean_binary_certainty,0.6407395598412267
V3-1,P2,0,13,natural_missingness,fb82651717076e658cf67e62ccd41ca247d29c994518945706edefcf0b635aa0,0d73ab992cbe5fe6bf4e93419766623e57622e207cab8673bb9ca23ec6927615,extrasensory-p2-fold0-seed13-v2_seed13,0.35,0.350005379732243,22771,0.248350854900463,0.6460744438843898,0.8639069562341528,263171,mean_binary_certainty,0.6041482556854216
V3-1,P2,0,13,natural_missingness,fb82651717076e658cf67e62ccd41ca247d29c994518945706edefcf0b635aa0,0d73ab992cbe5fe6bf4e93419766623e57622e207cab8673bb9ca23ec6927615,extrasensory-p2-fold0-seed13-v2_seed13,0.4,0.4000061482654206,26024,0.2697030230428198,0.6490074151437452,0.8439733397574881,295881,mean_binary_certainty,0.5736398285575447
V3-1,P2,0,13,natural_missingness,fb82651717076e658cf67e62ccd41ca247d29c994518945706edefcf0b635aa0,0d73ab992cbe5fe6bf4e93419766623e57622e207cab8673bb9ca23ec6927615,extrasensory-p2-fold0-seed13-v2_seed13,0.45,0.4500069167985982,29277,0.2879379976587788,0.6520068185754078,0.8271036951423409,327840,mean_binary_certainty,0.5466001841086692
V3-1,P2,0,13,natural_missingness,fb82651717076e658cf67e62ccd41ca247d29c994518945706edefcf0b635aa0,0d73ab992cbe5fe6bf4e93419766623e57622e207cab8673bb9ca23ec6927615,extrasensory-p2-fold0-seed13-v2_seed13,0.5,0.5000076853317758,32530,0.3043067666756039,0.6484748130922254,0.8119994025022792,358980,mean_binary_certainty,0.5232574078067159
V3-1,P2,0,13,natural_missingness,fb82651717076e658cf67e62ccd41ca247d29c994518945706edefcf0b635aa0,0d73ab992cbe5fe6bf4e93419766623e57622e207cab8673bb9ca23ec6927615,extrasensory-p2-fold0-seed13-v2_seed13,0.55,0.5500084538649533,35783,0.3200472787460044,0.6414075039990778,0.7982076888242725,389025,mean_binary_certainty,0.5012377901462297
V3-1,P2,0,13,natural_missingness,fb82651717076e658cf67e62ccd41ca247d29c994518945706edefcf0b635aa0,0d73ab992cbe5fe6bf4e93419766623e57622e207cab8673bb9ca23ec6927615,extrasensory-p2-fold0-seed13-v2_seed13,0.6,0.6000092223981309,39036,0.3322425320593538,0.6371082480244378,0.7868723060822675,418997,mean_binary_certainty,0.4784530090065436
V3-1,P2,0,13,natural_missingness,fb82651717076e658cf67e62ccd41ca247d29c994518945706edefcf0b635aa0,0d73ab992cbe5fe6bf4e93419766623e57622e207cab8673bb9ca23ec6927615,extrasensory-p2-fold0-seed13-v2_seed13,0.65,0.6500099909313085,42289,0.344034520913229,0.6316955442243877,0.776231276684736,449514,mean_binary_certainty,0.4544016582810005
V3-1,P2,0,13,natural_missingness,fb82651717076e658cf67e62ccd41ca247d29c994518945706edefcf0b635aa0,0d73ab992cbe5fe6bf4e93419766623e57622e207cab8673bb9ca23ec6927615,extrasensory-p2-fold0-seed13-v2_seed13,0.7,0.7000107594644861,45542,0.3542385957429315,0.62609627710494,0.766255444360768,479981,mean_binary_certainty,0.4285179330458299
V3-1,P2,0,13,natural_missingness,fb82651717076e658cf67e62ccd41ca247d29c994518945706edefcf0b635aa0,0d73ab992cbe5fe6bf4e93419766623e57622e207cab8673bb9ca23ec6927615,extrasensory-p2-fold0-seed13-v2_seed13,0.75,0.7500115279976637,48795,0.3639699626215537,0.620994176537805,0.7565269701223181,511178,mean_binary_certainty,0.4000576471777833
V3-1,P2,0,13,natural_missingness,fb82651717076e658cf67e62ccd41ca247d29c994518945706edefcf0b635aa0,0d73ab992cbe5fe6bf4e93419766623e57622e207cab8673bb9ca23ec6927615,extrasensory-p2-fold0-seed13-v2_seed13,0.8,0.8000122965308413,52048,0.3737810642309998,0.6138393561471046,0.7467952019005637,543172,mean_binary_certainty,0.3694438274754567
V3-1,P2,0,13,natural_missingness,fb82651717076e658cf67e62ccd41ca247d29c994518945706edefcf0b635aa0,0d73ab992cbe5fe6bf4e93419766623e57622e207cab8673bb9ca23ec6927615,extrasensory-p2-fold0-seed13-v2_seed13,0.85,0.8500130650640189,55301,0.3829917679829858,0.6075568008439685,0.7380378635218315,575909,mean_binary_certainty,0.3334310902728501
V3-1,P2,0,13,natural_missingness,fb82651717076e658cf67e62ccd41ca247d29c994518945706edefcf0b635aa0,0d73ab992cbe5fe6bf4e93419766623e57622e207cab8673bb9ca23ec6927615,extrasensory-p2-fold0-seed13-v2_seed13,0.9,0.9000138335971964,58554,0.3927000631963255,0.6009921886336468,0.7294068828319751,608857,mean_binary_certainty,0.2904993596732641
V3-1,P2,0,13,natural_missingness,fb82651717076e658cf67e62ccd41ca247d29c994518945706edefcf0b635aa0,0d73ab992cbe5fe6bf4e93419766623e57622e207cab8673bb9ca23ec6927615,extrasensory-p2-fold0-seed13-v2_seed13,0.95,0.950014602130374,61807,0.4022655027633949,0.5931422458339518,0.7215789519264911,641832,mean_binary_certainty,0.2348350774930503
V3-1,P2,0,13,natural_missingness,fb82651717076e658cf67e62ccd41ca247d29c994518945706edefcf0b635aa0,0d73ab992cbe5fe6bf4e93419766623e57622e207cab8673bb9ca23ec6927615,extrasensory-p2-fold0-seed13-v2_seed13,1.0,1.0,65059,0.413312436456162,0.5864481220663477,0.715372390911304,673892,mean_binary_certainty,0.017540671260924
V3-1,P2,0,13,natural_missingness,fb82651717076e658cf67e62ccd41ca247d29c994518945706edefcf0b635aa0,0d73ab992cbe5fe6bf4e93419766623e57622e207cab8673bb9ca23ec6927615,extrasensory-p2-fold0-seed13-v2_seed13,0.05,0.0500007685331775,3253,0.1013992287907794,0.4295866883493229,0.9650087677347362,39975,mean_normalized_threshold_margin,0.9875825734834478
V3-1,P2,0,13,natural_missingness,fb82651717076e658cf67e62ccd41ca247d29c994518945706edefcf0b635aa0,0d73ab992cbe5fe6bf4e93419766623e57622e207cab8673bb9ca23ec6927615,extrasensory-p2-fold0-seed13-v2_seed13,0.1,0.1000015370663551,6506,0.1412277837986356,0.4623253689072122,0.9505483387964874,81767,mean_normalized_threshold_margin,0.9734522379238194
V3-1,P2,0,13,natural_missingness,fb82651717076e658cf67e62ccd41ca247d29c994518945706edefcf0b635aa0,0d73ab992cbe5fe6bf4e93419766623e57622e207cab8673bb9ca23ec6927615,extrasensory-p2-fold0-seed13-v2_seed13,0.15,0.1500023055995327,9759,0.1659426439029159,0.4842072905170654,0.9375454982487468,123775,mean_normalized_threshold_margin,0.9506674642239776
V3-1,P2,0,13,natural_missingness,fb82651717076e658cf67e62ccd41ca247d29c994518945706edefcf0b635aa0,0d73ab992cbe5fe6bf4e93419766623e57622e207cab8673bb9ca23ec6927615,extrasensory-p2-fold0-seed13-v2_seed13,0.2,0.2000030741327103,13012,0.1915788987901123,0.5379660564371481,0.9224846266625882,162799,mean_normalized_threshold_margin,0.8971476448255092
V3-1,P2,0,13,natural_missingness,fb82651717076e658cf67e62ccd41ca247d29c994518945706edefcf0b635aa0,0d73ab992cbe5fe6bf4e93419766623e57622e207cab8673bb9ca23ec6927615,extrasensory-p2-fold0-seed13-v2_seed13,0.25,0.2500038426658879,16265,0.2074925975253443,0.623828281152094,0.90719319476082,196878,mean_normalized_threshold_margin,0.8409688080629406
V3-1,P2,0,13,natural_missingness,fb82651717076e658cf67e62ccd41ca247d29c994518945706edefcf0b635aa0,0d73ab992cbe5fe6bf4e93419766623e57622e207cab8673bb9ca23ec6927615,extrasensory-p2-fold0-seed13-v2_seed13,0.3,0.3000046111990654,19518,0.2266889622360585,0.6431482672770045,0.887099907529004,229954,mean_normalized_threshold_margin,0.8041935828639108
V3-1,P2,0,13,natural_missingness,fb82651717076e658cf67e62ccd41ca247d29c994518945706edefcf0b635aa0,0d73ab992cbe5fe6bf4e93419766623e57622e207cab8673bb9ca23ec6927615,extrasensory-p2-fold0-seed13-v2_seed13,0.35,0.350005379732243,22771,0.2466210968823159,0.6484015041899192,0.867123703376738,262873,mean_normalized_threshold_margin,0.7754618236378369
V3-1,P2,0,13,natural_missingness,fb82651717076e658cf67e62ccd41ca247d29c994518945706edefcf0b635aa0,0d73ab992cbe5fe6bf4e93419766623e57622e207cab8673bb9ca23ec6927615,extrasensory-p2-fold0-seed13-v2_seed13,0.4,0.4000061482654206,26024,0.266451104102017,0.6570876911646456,0.8489272777932572,295010,mean_normalized_threshold_margin,0.7528545139141153
V3-1,P2,0,13,natural_missingness,fb82651717076e658cf67e62ccd41ca247d29c994518945706edefcf0b635aa0,0d73ab992cbe5fe6bf4e93419766623e57622e207cab8673bb9ca23ec6927615,extrasensory-p2-fold0-seed13-v2_seed13,0.45,0.4500069167985982,29277,0.284879837241452,0.6532605397224526,0.8324722337409081,327317,mean_normalized_threshold_margin,0.7334094360897857
V3-1,P2,0,13,natural_missingness,fb82651717076e658cf67e62ccd41ca247d29c994518945706edefcf0b635aa0,0d73ab992cbe5fe6bf4e93419766623e57622e207cab8673bb9ca23ec6927615,extrasensory-p2-fold0-seed13-v2_seed13,0.5,0.5000076853317758,32530,0.302381723437065,0.6477224027240809,0.8171698665147573,358508,mean_normalized_threshold_margin,0.715841421186632
V3-1,P2,0,13,natural_missingness,fb82651717076e658cf67e62ccd41ca247d29c994518945706edefcf0b635aa0,0d73ab992cbe5fe6bf4e93419766623e57622e207cab8673bb9ca23ec6927615,extrasensory-p2-fold0-seed13-v2_seed13,0.55,0.5500084538649533,35783,0.3175218557262422,0.6447113738267025,0.8042615396988348,389371,mean_normalized_threshold_margin,0.6982306520977433
V3-1,P2,0,13,natural_missingness,fb82651717076e658cf67e62ccd41ca247d29c994518945706edefcf0b635aa0,0d73ab992cbe5fe6bf4e93419766623e57622e207cab8673bb9ca23ec6927615,extrasensory-p2-fold0-seed13-v2_seed13,0.6,0.6000092223981309,39036,0.3303856542884371,0.6392322190956781,0.79264523426437,420376,mean_normalized_threshold_margin,0.6805228369904052
V3-1,P2,0,13,natural_missingness,fb82651717076e658cf67e62ccd41ca247d29c994518945706edefcf0b635aa0,0d73ab992cbe5fe6bf4e93419766623e57622e207cab8673bb9ca23ec6927615,extrasensory-p2-fold0-seed13-v2_seed13,0.65,0.6500099909313085,42289,0.3426735937090535,0.6340940892496008,0.7814115848549134,450993,mean_normalized_threshold_margin,0.6626802049366933
V3-1,P2,0,13,natural_missingness,fb82651717076e658cf67e62ccd41ca247d29c994518945706edefcf0b635aa0,0d73ab992cbe5fe6bf4e93419766623e57622e207cab8673bb9ca23ec6927615,extrasensory-p2-fold0-seed13-v2_seed13,0.7,0.7000107594644861,45542,0.3537854477680246,0.626981922345068,0.770829271649254,481980,mean_normalized_threshold_margin,0.6434837873408612
V3-1,P2,0,13,natural_missingness,fb82651717076e658cf67e62ccd41ca247d29c994518945706edefcf0b635aa0,0d73ab992cbe5fe6bf4e93419766623e57622e207cab8673bb9ca23ec6927615,extrasensory-p2-fold0-seed13-v2_seed13,0.75,0.7500115279976637,48795,0.3646895060994922,0.6211141389196001,0.7608812003175367,512898,mean_normalized_threshold_margin,0.6223990269127635
V3-1,P2,0,13,natural_missingness,fb82651717076e658cf67e62ccd41ca247d29c994518945706edefcf0b635aa0,0d73ab992cbe5fe6bf4e93419766623e57622e207cab8673bb9ca23ec6927615,extrasensory-p2-fold0-seed13-v2_seed13,0.8,0.8000122965308413,52048,0.3737943914680632,0.6152195142667648,0.7518003140397422,544668,mean_normalized_threshold_margin,0.5981312049147329
V3-1,P2,0,13,natural_missingness,fb82651717076e658cf67e62ccd41ca247d29c994518945706edefcf0b635aa0,0d73ab992cbe5fe6bf4e93419766623e57622e207cab8673bb9ca23ec6927615,extrasensory-p2-fold0-seed13-v2_seed13,0.85,0.8500130650640189,55301,0.3829488766110364,0.6087384633592433,0.7426233961299394,576838,mean_normalized_threshold_margin,0.5693869830619499
V3-1,P2,0,13,natural_missingness,fb82651717076e658cf67e62ccd41ca247d29c994518945706edefcf0b635aa0,0d73ab992cbe5fe6bf4e93419766623e57622e207cab8673bb9ca23ec6927615,extrasensory-p2-fold0-seed13-v2_seed13,0.9,0.9000138335971964,58554,0.3917894698357609,0.6023697560528429,0.7337397389640894,609236,mean_normalized_threshold_margin,0.5324326062733586
V3-1,P2,0,13,natural_missingness,fb82651717076e658cf67e62ccd41ca247d29c994518945706edefcf0b635aa0,0d73ab992cbe5fe6bf4e93419766623e57622e207cab8673bb9ca23ec6927615,extrasensory-p2-fold0-seed13-v2_seed13,0.95,0.950014602130374,61807,0.4014350827235549,0.5957614951651031,0.7245734582855566,642064,mean_normalized_threshold_margin,0.4776394779920003
V3-1,P2,0,13,natural_missingness,fb82651717076e658cf67e62ccd41ca247d29c994518945706edefcf0b635aa0,0d73ab992cbe5fe6bf4e93419766623e57622e207cab8673bb9ca23ec6927615,extrasensory-p2-fold0-seed13-v2_seed13,1.0,1.0,65059,0.413312436456162,0.5864481220663477,0.715372390911304,673892,mean_normalized_threshold_margin,0.224265218719974
V3-1,P2,0,13,natural_missingness,fb82651717076e658cf67e62ccd41ca247d29c994518945706edefcf0b635aa0,0d73ab992cbe5fe6bf4e93419766623e57622e207cab8673bb9ca23ec6927615,extrasensory-p2-fold0-seed13-v2_seed13,0.05,0.0500007685331775,3253,0.4034083797504982,0.4393597541778474,0.7688342006711736,35124,p2_system_reliability,0.9973007440567015
V3-1,P2,0,13,natural_missingness,fb82651717076e658cf67e62ccd41ca247d29c994518945706edefcf0b635aa0,0d73ab992cbe5fe6bf4e93419766623e57622e207cab8673bb9ca23ec6927615,extrasensory-p2-fold0-seed13-v2_seed13,0.1,0.1000015370663551,6506,0.4163735837486885,0.4660227438227384,0.7511899834437086,66865,p2_system_reliability,0.996352195739746
V3-1,P2,0,13,natural_missingness,fb82651717076e658cf67e62ccd41ca247d29c994518945706edefcf0b635aa0,0d73ab992cbe5fe6bf4e93419766623e57622e207cab8673bb9ca23ec6927615,extrasensory-p2-fold0-seed13-v2_seed13,0.15,0.1500023055995327,9759,0.4214389282191553,0.5097900705348241,0.7388476655445301,99117,p2_system_reliability,0.9955191612243652
V3-1,P2,0,13,natural_missingness,fb82651717076e658cf67e62ccd41ca247d29c994518945706edefcf0b635aa0,0d73ab992cbe5fe6bf4e93419766623e57622e207cab8673bb9ca23ec6927615,extrasensory-p2-fold0-seed13-v2_seed13,0.2,0.2000030741327103,13012,0.4223098819287831,0.5379108683767931,0.7313426880361774,131869,p2_system_reliability,0.99473237991333
V3-1,P2,0,13,natural_missingness,fb82651717076e658cf67e62ccd41ca247d29c994518945706edefcf0b635aa0,0d73ab992cbe5fe6bf4e93419766623e57622e207cab8673bb9ca23ec6927615,extrasensory-p2-fold0-seed13-v2_seed13,0.25,0.2500038426658879,16265,0.4167154147468648,0.5574476625055983,0.731621204870527,165461,p2_system_reliability,0.9939035177230836
V3-1,P2,0,13,natural_missingness,fb82651717076e658cf67e62ccd41ca247d29c994518945706edefcf0b635aa0,0d73ab992cbe5fe6bf4e93419766623e57622e207cab8673bb9ca23ec6927615,extrasensory-p2-fold0-seed13-v2_seed13,0.3,0.3000046111990654,19518,0.4097128283095719,0.564340707774823,0.7329188151738412,199763,p2_system_reliability,0.993061900138855
V3-1,P2,0,13,natural_missingness,fb82651717076e658cf67e62ccd41ca247d29c994518945706edefcf0b635aa0,0d73ab992cbe5fe6bf4e93419766623e57622e207cab8673bb9ca23ec6927615,extrasensory-p2-fold0-seed13-v2_seed13,0.35,0.350005379732243,22771,0.4059535881983956,0.5751349733178716,0.7344689076137839,234924,p2_system_reliability,0.992160439491272
V3-1,P2,0,13,natural_missingness,fb82651717076e658cf67e62ccd41ca247d29c994518945706edefcf0b635aa0,0d73ab992cbe5fe6bf4e93419766623e57622e207cab8673bb9ca23ec6927615,extrasensory-p2-fold0-seed13-v2_seed13,0.4,0.4000061482654206,26024,0.4043230028914749,0.5788595292647029,0.7349143331970402,269826,p2_system_reliability,0.991173505783081
V3-1,P2,0,13,natural_missingness,fb82651717076e658cf67e62ccd41ca247d29c994518945706edefcf0b635aa0,0d73ab992cbe5fe6bf4e93419766623e57622e207cab8673bb9ca23ec6927615,extrasensory-p2-fold0-seed13-v2_seed13,0.45,0.4500069167985982,29277,0.4035813666850678,0.588406868243141,0.734252095327902,304888,p2_system_reliability,0.9901034832000732
V3-1,P2,0,13,natural_missingness,fb82651717076e658cf67e62ccd41ca247d29c994518945706edefcf0b635aa0,0d73ab992cbe5fe6bf4e93419766623e57622e207cab8673bb9ca23ec6927615,extrasensory-p2-fold0-seed13-v2_seed13,0.5,0.5000076853317758,32530,0.4039995331923278,0.5951444232573552,0.7327198417930125,339701,p2_system_reliability,0.9888125061988832
V3-1,P2,0,13,natural_missingness,fb82651717076e658cf67e62ccd41ca247d29c994518945706edefcf0b635aa0,0d73ab992cbe5fe6bf4e93419766623e57622e207cab8673bb9ca23ec6927615,extrasensory-p2-fold0-seed13-v2_seed13,0.55,0.5500084538649533,35783,0.4054206605573229,0.5972084410972704,0.7305627132307426,374267,p2_system_reliability,0.9873774647712708
V3-1,P2,0,13,natural_missingness,fb82651717076e658cf67e62ccd41ca247d29c994518945706edefcf0b635aa0,0d73ab992cbe5fe6bf4e93419766623e57622e207cab8673bb9ca23ec6927615,extrasensory-p2-fold0-seed13-v2_seed13,0.6,0.6000092223981309,39036,0.4070332074064439,0.6000107560220813,0.728635814392436,408525,p2_system_reliability,0.9856704473495485
V3-1,P2,0,13,natural_missingness,fb82651717076e658cf67e62ccd41ca247d29c994518945706edefcf0b635aa0,0d73ab992cbe5fe6bf4e93419766623e57622e207cab8673bb9ca23ec6927615,extrasensory-p2-fold0-seed13-v2_seed13,0.65,0.6500099909313085,42289,0.4079999443371221,0.6009538830369991,0.7271628134956294,442513,p2_system_reliability,0.9837020635604858
V3-1,P2,0,13,natural_missingness,fb82651717076e658cf67e62ccd41ca247d29c994518945706edefcf0b635aa0,0d73ab992cbe5fe6bf4e93419766623e57622e207cab8673bb9ca23ec6927615,extrasensory-p2-fold0-seed13-v2_seed13,0.7,0.7000107594644861,45542,0.4087204130746573,0.6010294062619755,0.7252100488432561,476562,p2_system_reliability,0.9812527894973756
V3-1,P2,0,13,natural_missingness,fb82651717076e658cf67e62ccd41ca247d29c994518945706edefcf0b635aa0,0d73ab992cbe5fe6bf4e93419766623e57622e207cab8673bb9ca23ec6927615,extrasensory-p2-fold0-seed13-v2_seed13,0.75,0.7500115279976637,48795,0.4094523423043905,0.6002594898016116,0.7233421978210517,509420,p2_system_reliability,0.978266179561615
V3-1,P2,0,13,natural_missingness,fb82651717076e658cf67e62ccd41ca247d29c994518945706edefcf0b635aa0,0d73ab992cbe5fe6bf4e93419766623e57622e207cab8673bb9ca23ec6927615,extrasensory-p2-fold0-seed13-v2_seed13,0.8,0.8000122965308413,52048,0.4103260173883554,0.5978167161004211,0.7208866109223407,541983,p2_system_reliability,0.9747037291526794
V3-1,P2,0,13,natural_missingness,fb82651717076e658cf67e62ccd41ca247d29c994518945706edefcf0b635aa0,0d73ab992cbe5fe6bf4e93419766623e57622e207cab8673bb9ca23ec6927615,extrasensory-p2-fold0-seed13-v2_seed13,0.85,0.8500130650640189,55301,0.4105939378571501,0.5961664199914657,0.7197371939340693,574525,p2_system_reliability,0.9699658155441284
V3-1,P2,0,13,natural_missingness,fb82651717076e658cf67e62ccd41ca247d29c994518945706edefcf0b635aa0,0d73ab992cbe5fe6bf4e93419766623e57622e207cab8673bb9ca23ec6927615,extrasensory-p2-fold0-seed13-v2_seed13,0.9,0.9000138335971964,58554,0.4111840375170621,0.5931666357508256,0.7180867597133157,607264,p2_system_reliability,0.9632570743560792
V3-1,P2,0,13,natural_missingness,fb82651717076e658cf67e62ccd41ca247d29c994518945706edefcf0b635aa0,0d73ab992cbe5fe6bf4e93419766623e57622e207cab8673bb9ca23ec6927615,extrasensory-p2-fold0-seed13-v2_seed13,0.95,0.950014602130374,61807,0.4121701785670695,0.5904436066582378,0.716428630942633,639993,p2_system_reliability,0.9521130323410034
V3-1,P2,0,13,natural_missingness,fb82651717076e658cf67e62ccd41ca247d29c994518945706edefcf0b635aa0,0d73ab992cbe5fe6bf4e93419766623e57622e207cab8673bb9ca23ec6927615,extrasensory-p2-fold0-seed13-v2_seed13,1.0,1.0,65059,0.413312436456162,0.5864481220663477,0.715372390911304,673892,p2_system_reliability,0.8367984294891357
V3-1,B4,0,29,natural_missingness,fb82651717076e658cf67e62ccd41ca247d29c994518945706edefcf0b635aa0,6aff1859e866d5ba4bd3897d30ef8baa832982a9c5ee3cbc7b39ec64cebd2db7,extrasensory-gated-fold0-seed29-full,0.05,0.0500007685331775,3253,0.2028189318191355,0.445707576662763,0.9490311024263148,40189,mean_binary_certainty,0.9685784814588856
V3-1,B4,0,29,natural_missingness,fb82651717076e658cf67e62ccd41ca247d29c994518945706edefcf0b635aa0,6aff1859e866d5ba4bd3897d30ef8baa832982a9c5ee3cbc7b39ec64cebd2db7,extrasensory-gated-fold0-seed29-full,0.1,0.1000015370663551,6506,0.2430981646125443,0.4106052949216698,0.9369539357643872,82127,mean_binary_certainty,0.945376406041691
V3-1,B4,0,29,natural_missingness,fb82651717076e658cf67e62ccd41ca247d29c994518945706edefcf0b635aa0,6aff1859e866d5ba4bd3897d30ef8baa832982a9c5ee3cbc7b39ec64cebd2db7,extrasensory-gated-fold0-seed29-full,0.15,0.1500023055995327,9759,0.2293405652351721,0.4631183723676481,0.9324917144546668,123388,mean_binary_certainty,0.921704258822002
V3-1,B4,0,29,natural_missingness,fb82651717076e658cf67e62ccd41ca247d29c994518945706edefcf0b635aa0,6aff1859e866d5ba4bd3897d30ef8baa832982a9c5ee3cbc7b39ec64cebd2db7,extrasensory-gated-fold0-seed29-full,0.2,0.2000030741327103,13012,0.2437185595176736,0.4833390476586616,0.921186857843086,163050,mean_binary_certainty,0.8452844499369004
V3-1,B4,0,29,natural_missingness,fb82651717076e658cf67e62ccd41ca247d29c994518945706edefcf0b635aa0,6aff1859e866d5ba4bd3897d30ef8baa832982a9c5ee3cbc7b39ec64cebd2db7,extrasensory-gated-fold0-seed29-full,0.25,0.2500038426658879,16265,0.2675458259988053,0.5682571473785408,0.8988875628304862,199541,mean_binary_certainty,0.7551026395845112
V3-1,B4,0,29,natural_missingness,fb82651717076e658cf67e62ccd41ca247d29c994518945706edefcf0b635aa0,6aff1859e866d5ba4bd3897d30ef8baa832982a9c5ee3cbc7b39ec64cebd2db7,extrasensory-gated-fold0-seed29-full,0.3,0.3000046111990654,19518,0.2777236157428266,0.6026016071910342,0.880746088133943,232743,mean_binary_certainty,0.696929831168809
V3-1,B4,0,29,natural_missingness,fb82651717076e658cf67e62ccd41ca247d29c994518945706edefcf0b635aa0,6aff1859e866d5ba4bd3897d30ef8baa832982a9c5ee3cbc7b39ec64cebd2db7,extrasensory-gated-fold0-seed29-full,0.35,0.350005379732243,22771,0.2958540685904498,0.6060632122694118,0.8621091105997022,265092,mean_binary_certainty,0.6570347727686264
V3-1,B4,0,29,natural_missingness,fb82651717076e658cf67e62ccd41ca247d29c994518945706edefcf0b635aa0,6aff1859e866d5ba4bd3897d30ef8baa832982a9c5ee3cbc7b39ec64cebd2db7,extrasensory-gated-fold0-seed29-full,0.4,0.4000061482654206,26024,0.3129830738543523,0.6097315212255594,0.8438371172925924,296925,mean_binary_certainty,0.6269293060085948
V3-1,B4,0,29,natural_missingness,fb82651717076e658cf67e62ccd41ca247d29c994518945706edefcf0b635aa0,6aff1859e866d5ba4bd3897d30ef8baa832982a9c5ee3cbc7b39ec64cebd2db7,extrasensory-gated-fold0-seed29-full,0.45,0.4500069167985982,29277,0.3293661849252703,0.606509597650352,0.8258379588034593,328730,mean_binary_certainty,0.601281932568047
V3-1,B4,0,29,natural_missingness,fb82651717076e658cf67e62ccd41ca247d29c994518945706edefcf0b635aa0,6aff1859e866d5ba4bd3897d30ef8baa832982a9c5ee3cbc7b39ec64cebd2db7,extrasensory-gated-fold0-seed29-full,0.5,0.5000076853317758,32530,0.3410848977501845,0.6063942993125855,0.8112908952574182,358840,mean_binary_certainty,0.5765011154027352
V3-1,B4,0,29,natural_missingness,fb82651717076e658cf67e62ccd41ca247d29c994518945706edefcf0b635aa0,6aff1859e866d5ba4bd3897d30ef8baa832982a9c5ee3cbc7b39ec64cebd2db7,extrasensory-gated-fold0-seed29-full,0.55,0.5500084538649533,35783,0.3496545951473659,0.6102733884854026,0.7999417054904966,389563,mean_binary_certainty,0.5493953484666378
V3-1,B4,0,29,natural_missingness,fb82651717076e658cf67e62ccd41ca247d29c994518945706edefcf0b635aa0,6aff1859e866d5ba4bd3897d30ef8baa832982a9c5ee3cbc7b39ec64cebd2db7,extrasensory-gated-fold0-seed29-full,0.6,0.6000092223981309,39036,0.3572182126415515,0.6106606408197662,0.7893905627599277,419476,mean_binary_certainty,0.5237895608672869
V3-1,B4,0,29,natural_missingness,fb82651717076e658cf67e62ccd41ca247d29c994518945706edefcf0b635aa0,6aff1859e866d5ba4bd3897d30ef8baa832982a9c5ee3cbc7b39ec64cebd2db7,extrasensory-gated-fold0-seed29-full,0.65,0.6500099909313085,42289,0.3646978985099614,0.6073301391022693,0.7797349231375641,449631,mean_binary_certainty,0.4967853882471341
V3-1,B4,0,29,natural_missingness,fb82651717076e658cf67e62ccd41ca247d29c994518945706edefcf0b635aa0,6aff1859e866d5ba4bd3897d30ef8baa832982a9c5ee3cbc7b39ec64cebd2db7,extrasensory-gated-fold0-seed29-full,0.7,0.7000107594644861,45542,0.3714753151940405,0.6036996470812311,0.7700539703452022,480444,mean_binary_certainty,0.4660972730577277
V3-1,B4,0,29,natural_missingness,fb82651717076e658cf67e62ccd41ca247d29c994518945706edefcf0b635aa0,6aff1859e866d5ba4bd3897d30ef8baa832982a9c5ee3cbc7b39ec64cebd2db7,extrasensory-gated-fold0-seed29-full,0.75,0.7500115279976637,48795,0.3786045266489385,0.6009169662399441,0.7602030825022665,511746,mean_binary_certainty,0.4324730617613678
V3-1,B4,0,29,natural_missingness,fb82651717076e658cf67e62ccd41ca247d29c994518945706edefcf0b635aa0,6aff1859e866d5ba4bd3897d30ef8baa832982a9c5ee3cbc7b39ec64cebd2db7,extrasensory-gated-fold0-seed29-full,0.8,0.8000122965308413,52048,0.3872610515091125,0.5943523000796195,0.7494838595004033,543729,mean_binary_certainty,0.3971276303087785
V3-1,B4,0,29,natural_missingness,fb82651717076e658cf67e62ccd41ca247d29c994518945706edefcf0b635aa0,6aff1859e866d5ba4bd3897d30ef8baa832982a9c5ee3cbc7b39ec64cebd2db7,extrasensory-gated-fold0-seed29-full,0.85,0.8500130650640189,55301,0.3968726624435827,0.5868697553690999,0.7390987010806027,575934,mean_binary_certainty,0.356762544431514
V3-1,B4,0,29,natural_missingness,fb82651717076e658cf67e62ccd41ca247d29c994518945706edefcf0b635aa0,6aff1859e866d5ba4bd3897d30ef8baa832982a9c5ee3cbc7b39ec64cebd2db7,extrasensory-gated-fold0-seed29-full,0.9,0.9000138335971964,58554,0.4073627573965238,0.5784489972521866,0.7282678154839617,608490,mean_binary_certainty,0.3103529315973764
V3-1,B4,0,29,natural_missingness,fb82651717076e658cf67e62ccd41ca247d29c994518945706edefcf0b635aa0,6aff1859e866d5ba4bd3897d30ef8baa832982a9c5ee3cbc7b39ec64cebd2db7,extrasensory-gated-fold0-seed29-full,0.95,0.950014602130374,61807,0.4181954715951776,0.5701009275155804,0.718158256714689,641314,mean_binary_certainty,0.246163508446213
V3-1,B4,0,29,natural_missingness,fb82651717076e658cf67e62ccd41ca247d29c994518945706edefcf0b635aa0,6aff1859e866d5ba4bd3897d30ef8baa832982a9c5ee3cbc7b39ec64cebd2db7,extrasensory-gated-fold0-seed29-full,1.0,1.0,65059,0.4296380089856975,0.5625090467573239,0.710747379322816,673892,mean_binary_certainty,0.0260781863264415
V3-1,B4,0,29,natural_missingness,fb82651717076e658cf67e62ccd41ca247d29c994518945706edefcf0b635aa0,6aff1859e866d5ba4bd3897d30ef8baa832982a9c5ee3cbc7b39ec64cebd2db7,extrasensory-gated-fold0-seed29-full,0.05,0.0500007685331775,3253,0.1892189670712854,0.4325029068180335,0.959455178967374,39692,mean_normalized_threshold_margin,0.9920573904517794
V3-1,B4,0,29,natural_missingness,fb82651717076e658cf67e62ccd41ca247d29c994518945706edefcf0b635aa0,6aff1859e866d5ba4bd3897d30ef8baa832982a9c5ee3cbc7b39ec64cebd2db7,extrasensory-gated-fold0-seed29-full,0.1,0.1000015370663551,6506,0.2427552258061383,0.4596298676667818,0.9415892090247394,81189,mean_normalized_threshold_margin,0.9808006265237876
V3-1,B4,0,29,natural_missingness,fb82651717076e658cf67e62ccd41ca247d29c994518945706edefcf0b635aa0,6aff1859e866d5ba4bd3897d30ef8baa832982a9c5ee3cbc7b39ec64cebd2db7,extrasensory-gated-fold0-seed29-full,0.15,0.1500023055995327,9759,0.2364596712565345,0.5055068031992166,0.9352671546829034,122454,mean_normalized_threshold_margin,0.958622371352281
V3-1,B4,0,29,natural_missingness,fb82651717076e658cf67e62ccd41ca247d29c994518945706edefcf0b635aa0,6aff1859e866d5ba4bd3897d30ef8baa832982a9c5ee3cbc7b39ec64cebd2db7,extrasensory-gated-fold0-seed29-full,0.2,0.2000030741327103,13012,0.2380016694011083,0.497524708779735,0.9223252001765336,162732,mean_normalized_threshold_margin,0.9288238389040692
V3-1,B4,0,29,natural_missingness,fb82651717076e658cf67e62ccd41ca247d29c994518945706edefcf0b635aa0,6aff1859e866d5ba4bd3897d30ef8baa832982a9c5ee3cbc7b39ec64cebd2db7,extrasensory-gated-fold0-seed29-full,0.25,0.2500038426658879,16265,0.257217654167902,0.60950604453368,0.9038638575449116,198876,mean_normalized_threshold_margin,0.8779118861059635
V3-1,B4,0,29,natural_missingness,fb82651717076e658cf67e62ccd41ca247d29c994518945706edefcf0b635aa0,6aff1859e866d5ba4bd3897d30ef8baa832982a9c5ee3cbc7b39ec64cebd2db7,extrasensory-gated-fold0-seed29-full,0.3,0.3000046111990654,19518,0.2761146355925346,0.6017002648839879,0.8831244179122708,232546,mean_normalized_threshold_margin,0.8402187243819079
V3-1,B4,0,29,natural_missingness,fb82651717076e658cf67e62ccd41ca247d29c994518945706edefcf0b635aa0,6aff1859e866d5ba4bd3897d30ef8baa832982a9c5ee3cbc7b39ec64cebd2db7,extrasensory-gated-fold0-seed29-full,0.35,0.350005379732243,22771,0.2923020577533273,0.5929759583974697,0.865120636515458,265007,mean_normalized_threshold_margin,0.8103601092971355
V3-1,B4,0,29,natural_missingness,fb82651717076e658cf67e62ccd41ca247d29c994518945706edefcf0b635aa0,6aff1859e866d5ba4bd3897d30ef8baa832982a9c5ee3cbc7b39ec64cebd2db7,extrasensory-gated-fold0-seed29-full,0.4,0.4000061482654206,26024,0.3051679635897276,0.6020760796835617,0.8493226058886824,296590,mean_normalized_threshold_margin,0.7869884307591962
V3-1,B4,0,29,natural_missingness,fb82651717076e658cf67e62ccd41ca247d29c994518945706edefcf0b635aa0,6aff1859e866d5ba4bd3897d30ef8baa832982a9c5ee3cbc7b39ec64cebd2db7,extrasensory-gated-fold0-seed29-full,0.45,0.4500069167985982,29277,0.3197738179031963,0.6024478418930477,0.8336449842694884,327874,mean_normalized_threshold_margin,0.7659289408274957
V3-1,B4,0,29,natural_missingness,fb82651717076e658cf67e62ccd41ca247d29c994518945706edefcf0b635aa0,6aff1859e866d5ba4bd3897d30ef8baa832982a9c5ee3cbc7b39ec64cebd2db7,extrasensory-gated-fold0-seed29-full,0.5,0.5000076853317758,32530,0.3326555452123628,0.6058160848114602,0.8191104425426382,359406,mean_normalized_threshold_margin,0.7460397713365536
V3-1,B4,0,29,natural_missingness,fb82651717076e658cf67e62ccd41ca247d29c994518945706edefcf0b635aa0,6aff1859e866d5ba4bd3897d30ef8baa832982a9c5ee3cbc7b39ec64cebd2db7,extrasensory-gated-fold0-seed29-full,0.55,0.5500084538649533,35783,0.343501201445,0.6066938109456165,0.8064879371662897,390391,mean_normalized_threshold_margin,0.7271441868459246
V3-1,B4,0,29,natural_missingness,fb82651717076e658cf67e62ccd41ca247d29c994518945706edefcf0b635aa0,6aff1859e866d5ba4bd3897d30ef8baa832982a9c5ee3cbc7b39ec64cebd2db7,extrasensory-gated-fold0-seed29-full,0.6,0.6000092223981309,39036,0.3538830680147267,0.6077104963126936,0.7948198473549085,420265,mean_normalized_threshold_margin,0.7082320765684036
V3-1,B4,0,29,natural_missingness,fb82651717076e658cf67e62ccd41ca247d29c994518945706edefcf0b635aa0,6aff1859e866d5ba4bd3897d30ef8baa832982a9c5ee3cbc7b39ec64cebd2db7,extrasensory-gated-fold0-seed29-full,0.65,0.6500099909313085,42289,0.3623179808333297,0.6045811184625346,0.7841696136108078,450559,mean_normalized_threshold_margin,0.688331045922226
V3-1,B4,0,29,natural_missingness,fb82651717076e658cf67e62ccd41ca247d29c994518945706edefcf0b635aa0,6aff1859e866d5ba4bd3897d30ef8baa832982a9c5ee3cbc7b39ec64cebd2db7,extrasensory-gated-fold0-seed29-full,0.7,0.7000107594644861,45542,0.3698287737577702,0.6024932326318287,0.7738255238560694,481291,mean_normalized_threshold_margin,0.6665913912610527
V3-1,B4,0,29,natural_missingness,fb82651717076e658cf67e62ccd41ca247d29c994518945706edefcf0b635aa0,6aff1859e866d5ba4bd3897d30ef8baa832982a9c5ee3cbc7b39ec64cebd2db7,extrasensory-gated-fold0-seed29-full,0.75,0.7500115279976637,48795,0.3793949291308865,0.5981794920890751,0.7633589431376141,512428,mean_normalized_threshold_margin,0.641369083569462
V3-1,B4,0,29,natural_missingness,fb82651717076e658cf67e62ccd41ca247d29c994518945706edefcf0b635aa0,6aff1859e866d5ba4bd3897d30ef8baa832982a9c5ee3cbc7b39ec64cebd2db7,extrasensory-gated-fold0-seed29-full,0.8,0.8000122965308413,52048,0.3877915792480317,0.594077147189117,0.7532206951481978,543912,mean_normalized_threshold_margin,0.612725234259284
V3-1,B4,0,29,natural_missingness,fb82651717076e658cf67e62ccd41ca247d29c994518945706edefcf0b635aa0,6aff1859e866d5ba4bd3897d30ef8baa832982a9c5ee3cbc7b39ec64cebd2db7,extrasensory-gated-fold0-seed29-full,0.85,0.8500130650640189,55301,0.3974951942758221,0.5861792761971917,0.7424707775761579,576160,mean_normalized_threshold_margin,0.579239052530864
V3-1,B4,0,29,natural_missingness,fb82651717076e658cf67e62ccd41ca247d29c994518945706edefcf0b635aa0,6aff1859e866d5ba4bd3897d30ef8baa832982a9c5ee3cbc7b39ec64cebd2db7,extrasensory-gated-fold0-seed29-full,0.9,0.9000138335971964,58554,0.4068814065644923,0.5794069376017466,0.7316910117993114,609198,mean_normalized_threshold_margin,0.5377372365777034
V3-1,B4,0,29,natural_missingness,fb82651717076e658cf67e62ccd41ca247d29c994518945706edefcf0b635aa0,6aff1859e866d5ba4bd3897d30ef8baa832982a9c5ee3cbc7b39ec64cebd2db7,extrasensory-gated-fold0-seed29-full,0.95,0.950014602130374,61807,0.4167058060937695,0.571984515821603,0.7212036708265133,641638,mean_normalized_threshold_margin,0.4782329980273542
V3-1,B4,0,29,natural_missingness,fb82651717076e658cf67e62ccd41ca247d29c994518945706edefcf0b635aa0,6aff1859e866d5ba4bd3897d30ef8baa832982a9c5ee3cbc7b39ec64cebd2db7,extrasensory-gated-fold0-seed29-full,1.0,1.0,65059,0.4296380089856975,0.5625090467573239,0.710747379322816,673892,mean_normalized_threshold_margin,0.2346876580166587
V3-1,B5,0,29,natural_missingness,fb82651717076e658cf67e62ccd41ca247d29c994518945706edefcf0b635aa0,f3759846ec2ddecbd4c76cbbc33744c2715edd5e0c914622a5950b4bd5be8e7f,extrasensory-robust-gated-fold0-seed29-full,0.05,0.0500007685331775,3253,0.0422045769779605,0.4931033576341964,0.9853880205272848,41368,mean_binary_certainty,0.9527208126160974
V3-1,B5,0,29,natural_missingness,fb82651717076e658cf67e62ccd41ca247d29c994518945706edefcf0b635aa0,f3759846ec2ddecbd4c76cbbc33744c2715edd5e0c914622a5950b4bd5be8e7f,extrasensory-robust-gated-fold0-seed29-full,0.1,0.1000015370663551,6506,0.1082347830157746,0.5324938368761928,0.9612512613521697,83847,mean_binary_certainty,0.915201172109857
V3-1,B5,0,29,natural_missingness,fb82651717076e658cf67e62ccd41ca247d29c994518945706edefcf0b635aa0,f3759846ec2ddecbd4c76cbbc33744c2715edd5e0c914622a5950b4bd5be8e7f,extrasensory-robust-gated-fold0-seed29-full,0.15,0.1500023055995327,9759,0.1486073817157658,0.5722377760092199,0.9419326544876452,124241,mean_binary_certainty,0.8311539364758969
V3-1,B5,0,29,natural_missingness,fb82651717076e658cf67e62ccd41ca247d29c994518945706edefcf0b635aa0,f3759846ec2ddecbd4c76cbbc33744c2715edd5e0c914622a5950b4bd5be8e7f,extrasensory-robust-gated-fold0-seed29-full,0.2,0.2000030741327103,13012,0.1779845727164721,0.6058634366722615,0.9234493715347952,161062,mean_binary_certainty,0.740682149824587
V3-1,B5,0,29,natural_missingness,fb82651717076e658cf67e62ccd41ca247d29c994518945706edefcf0b635aa0,f3759846ec2ddecbd4c76cbbc33744c2715edd5e0c914622a5950b4bd5be8e7f,extrasensory-robust-gated-fold0-seed29-full,0.25,0.2500038426658879,16265,0.2064011809611792,0.6410294060579476,0.9019558062146944,195707,mean_binary_certainty,0.6800991450949851
V3-1,B5,0,29,natural_missingness,fb82651717076e658cf67e62ccd41ca247d29c994518945706edefcf0b635aa0,f3759846ec2ddecbd4c76cbbc33744c2715edd5e0c914622a5950b4bd5be8e7f,extrasensory-robust-gated-fold0-seed29-full,0.3,0.3000046111990654,19518,0.2341763401584596,0.6447039263833982,0.8800811410060856,229070,mean_binary_certainty,0.6357832993565458
V3-1,B5,0,29,natural_missingness,fb82651717076e658cf67e62ccd41ca247d29c994518945706edefcf0b635aa0,f3759846ec2ddecbd4c76cbbc33744c2715edd5e0c914622a5950b4bd5be8e7f,extrasensory-robust-gated-fold0-seed29-full,0.35,0.350005379732243,22771,0.2595916655333096,0.6373880953578968,0.8603660866242923,261617,mean_binary_certainty,0.6031170573253318
V3-1,B5,0,29,natural_missingness,fb82651717076e658cf67e62ccd41ca247d29c994518945706edefcf0b635aa0,f3759846ec2ddecbd4c76cbbc33744c2715edd5e0c914622a5950b4bd5be8e7f,extrasensory-robust-gated-fold0-seed29-full,0.4,0.4000061482654206,26024,0.2813317270195511,0.6395808227126889,0.8419939802492475,293656,mean_binary_certainty,0.5748152151934013
V3-1,B5,0,29,natural_missingness,fb82651717076e658cf67e62ccd41ca247d29c994518945706edefcf0b635aa0,f3759846ec2ddecbd4c76cbbc33744c2715edd5e0c914622a5950b4bd5be8e7f,extrasensory-robust-gated-fold0-seed29-full,0.45,0.4500069167985982,29277,0.3010526892462068,0.6414316418287901,0.8264024986021609,325049,mean_binary_certainty,0.5503224141560359
V3-1,B5,0,29,natural_missingness,fb82651717076e658cf67e62ccd41ca247d29c994518945706edefcf0b635aa0,f3759846ec2ddecbd4c76cbbc33744c2715edd5e0c914622a5950b4bd5be8e7f,extrasensory-robust-gated-fold0-seed29-full,0.5,0.5000076853317758,32530,0.3178455697737805,0.6404575532517736,0.8127621407796436,355542,mean_binary_certainty,0.5271813944167729
V3-1,B5,0,29,natural_missingness,fb82651717076e658cf67e62ccd41ca247d29c994518945706edefcf0b635aa0,f3759846ec2ddecbd4c76cbbc33744c2715edd5e0c914622a5950b4bd5be8e7f,extrasensory-robust-gated-fold0-seed29-full,0.55,0.5500084538649533,35783,0.3322678388097073,0.6386566047971208,0.8007388040010555,386477,mean_binary_certainty,0.5041207508229533
V3-1,B5,0,29,natural_missingness,fb82651717076e658cf67e62ccd41ca247d29c994518945706edefcf0b635aa0,f3759846ec2ddecbd4c76cbbc33744c2715edd5e0c914622a5950b4bd5be8e7f,extrasensory-robust-gated-fold0-seed29-full,0.6,0.6000092223981309,39036,0.3441606691219949,0.6322902617845086,0.7892301032271309,417546,mean_binary_certainty,0.4802368786022468
V3-1,B5,0,29,natural_missingness,fb82651717076e658cf67e62ccd41ca247d29c994518945706edefcf0b635aa0,f3759846ec2ddecbd4c76cbbc33744c2715edd5e0c914622a5950b4bd5be8e7f,extrasensory-robust-gated-fold0-seed29-full,0.65,0.6500099909313085,42289,0.354282252809835,0.6273063091049652,0.7785516887794021,448881,mean_binary_certainty,0.4558760302231225
V3-1,B5,0,29,natural_missingness,fb82651717076e658cf67e62ccd41ca247d29c994518945706edefcf0b635aa0,f3759846ec2ddecbd4c76cbbc33744c2715edd5e0c914622a5950b4bd5be8e7f,extrasensory-robust-gated-fold0-seed29-full,0.7,0.7000107594644861,45542,0.3632616851413752,0.6211427961385968,0.76809369225781,480794,mean_binary_certainty,0.4296237638851922
V3-1,B5,0,29,natural_missingness,fb82651717076e658cf67e62ccd41ca247d29c994518945706edefcf0b635aa0,f3759846ec2ddecbd4c76cbbc33744c2715edd5e0c914622a5950b4bd5be8e7f,extrasensory-robust-gated-fold0-seed29-full,0.75,0.7500115279976637,48795,0.3715108219370716,0.6180845258745885,0.75924694645973,512885,mean_binary_certainty,0.3998902781730374
V3-1,B5,0,29,natural_missingness,fb82651717076e658cf67e62ccd41ca247d29c994518945706edefcf0b635aa0,f3759846ec2ddecbd4c76cbbc33744c2715edd5e0c914622a5950b4bd5be8e7f,extrasensory-robust-gated-fold0-seed29-full,0.8,0.8000122965308413,52048,0.379767775275096,0.6124680479571407,0.7500302894983712,545016,mean_binary_certainty,0.367155248063463
V3-1,B5,0,29,natural_missingness,fb82651717076e658cf67e62ccd41ca247d29c994518945706edefcf0b635aa0,f3759846ec2ddecbd4c76cbbc33744c2715edd5e0c914622a5950b4bd5be8e7f,extrasensory-robust-gated-fold0-seed29-full,0.85,0.8500130650640189,55301,0.388527143072621,0.6055252936110656,0.7407351700595748,577611,mean_binary_certainty,0.3291033056345863
V3-1,B5,0,29,natural_missingness,fb82651717076e658cf67e62ccd41ca247d29c994518945706edefcf0b635aa0,f3759846ec2ddecbd4c76cbbc33744c2715edd5e0c914622a5950b4bd5be8e7f,extrasensory-robust-gated-fold0-seed29-full,0.9,0.9000138335971964,58554,0.3982943131425607,0.598166776719703,0.7314564392650035,610288,mean_binary_certainty,0.285323211300394
V3-1,B5,0,29,natural_missingness,fb82651717076e658cf67e62ccd41ca247d29c994518945706edefcf0b635aa0,f3759846ec2ddecbd4c76cbbc33744c2715edd5e0c914622a5950b4bd5be8e7f,extrasensory-robust-gated-fold0-seed29-full,0.95,0.950014602130374,61807,0.4080098677358081,0.5897080919405098,0.722509738534655,642588,mean_binary_certainty,0.2300921807046617
V3-1,B5,0,29,natural_missingness,fb82651717076e658cf67e62ccd41ca247d29c994518945706edefcf0b635aa0,f3759846ec2ddecbd4c76cbbc33744c2715edd5e0c914622a5950b4bd5be8e7f,extrasensory-robust-gated-fold0-seed29-full,1.0,1.0,65059,0.4190374965783519,0.5815131154999872,0.71428929856792,673892,mean_binary_certainty,0.0305321258098296
V3-1,B5,0,29,natural_missingness,fb82651717076e658cf67e62ccd41ca247d29c994518945706edefcf0b635aa0,f3759846ec2ddecbd4c76cbbc33744c2715edd5e0c914622a5950b4bd5be8e7f,extrasensory-robust-gated-fold0-seed29-full,0.05,0.0500007685331775,3253,0.0454961662342327,0.4935084459842983,0.9857500782962731,40904,mean_normalized_threshold_margin,0.9870072512413804
V3-1,B5,0,29,natural_missingness,fb82651717076e658cf67e62ccd41ca247d29c994518945706edefcf0b635aa0,f3759846ec2ddecbd4c76cbbc33744c2715edd5e0c914622a5950b4bd5be8e7f,extrasensory-robust-gated-fold0-seed29-full,0.1,0.1000015370663551,6506,0.1074194088128437,0.50433866241119,0.9653538289992434,82576,mean_normalized_threshold_margin,0.9648471699752516
V3-1,B5,0,29,natural_missingness,fb82651717076e658cf67e62ccd41ca247d29c994518945706edefcf0b635aa0,f3759846ec2ddecbd4c76cbbc33744c2715edd5e0c914622a5950b4bd5be8e7f,extrasensory-robust-gated-fold0-seed29-full,0.15,0.1500023055995327,9759,0.1450505266044264,0.526934284822085,0.94436706267923,124131,mean_normalized_threshold_margin,0.9307979113898596
V3-1,B5,0,29,natural_missingness,fb82651717076e658cf67e62ccd41ca247d29c994518945706edefcf0b635aa0,f3759846ec2ddecbd4c76cbbc33744c2715edd5e0c914622a5950b4bd5be8e7f,extrasensory-robust-gated-fold0-seed29-full,0.2,0.2000030741327103,13012,0.176791834227396,0.6282405763096717,0.9251228554185704,160876,mean_normalized_threshold_margin,0.8716086049852999
V3-1,B5,0,29,natural_missingness,fb82651717076e658cf67e62ccd41ca247d29c994518945706edefcf0b635aa0,f3759846ec2ddecbd4c76cbbc33744c2715edd5e0c914622a5950b4bd5be8e7f,extrasensory-robust-gated-fold0-seed29-full,0.25,0.2500038426658879,16265,0.2033332742534169,0.6229295559700282,0.9047480337896884,195324,mean_normalized_threshold_margin,0.8289250583595426
V3-1,B5,0,29,natural_missingness,fb82651717076e658cf67e62ccd41ca247d29c994518945706edefcf0b635aa0,f3759846ec2ddecbd4c76cbbc33744c2715edd5e0c914622a5950b4bd5be8e7f,extrasensory-robust-gated-fold0-seed29-full,0.3,0.3000046111990654,19518,0.2265444760355265,0.6309512279985134,0.8865321089317043,228490,mean_normalized_threshold_margin,0.7959509159286314
V3-1,B5,0,29,natural_missingness,fb82651717076e658cf67e62ccd41ca247d29c994518945706edefcf0b635aa0,f3759846ec2ddecbd4c76cbbc33744c2715edd5e0c914622a5950b4bd5be8e7f,extrasensory-robust-gated-fold0-seed29-full,0.35,0.350005379732243,22771,0.2495151329922692,0.6537148424750133,0.8689968225147526,261307,mean_normalized_threshold_margin,0.7704770663777852
V3-1,B5,0,29,natural_missingness,fb82651717076e658cf67e62ccd41ca247d29c994518945706edefcf0b635aa0,f3759846ec2ddecbd4c76cbbc33744c2715edd5e0c914622a5950b4bd5be8e7f,extrasensory-robust-gated-fold0-seed29-full,0.4,0.4000061482654206,26024,0.2718764119581197,0.6636597745043608,0.8526530714500451,293119,mean_normalized_threshold_margin,0.7496662572954996
V3-1,B5,0,29,natural_missingness,fb82651717076e658cf67e62ccd41ca247d29c994518945706edefcf0b635aa0,f3759846ec2ddecbd4c76cbbc33744c2715edd5e0c914622a5950b4bd5be8e7f,extrasensory-robust-gated-fold0-seed29-full,0.45,0.4500069167985982,29277,0.2920624678219738,0.6580981275644681,0.8360952830027895,324508,mean_normalized_threshold_margin,0.731351736950912
V3-1,B5,0,29,natural_missingness,fb82651717076e658cf67e62ccd41ca247d29c994518945706edefcf0b635aa0,f3759846ec2ddecbd4c76cbbc33744c2715edd5e0c914622a5950b4bd5be8e7f,extrasensory-robust-gated-fold0-seed29-full,0.5,0.5000076853317758,32530,0.310113591543201,0.6518345416510901,0.8208599098607364,355797,mean_normalized_threshold_margin,0.7144901023519104
V3-1,B5,0,29,natural_missingness,fb82651717076e658cf67e62ccd41ca247d29c994518945706edefcf0b635aa0,f3759846ec2ddecbd4c76cbbc33744c2715edd5e0c914622a5950b4bd5be8e7f,extrasensory-robust-gated-fold0-seed29-full,0.55,0.5500084538649533,35783,0.3270776784383926,0.6447199196928677,0.8068382617023824,387162,mean_normalized_threshold_margin,0.6983885478821782
V3-1,B5,0,29,natural_missingness,fb82651717076e658cf67e62ccd41ca247d29c994518945706edefcf0b635aa0,f3759846ec2ddecbd4c76cbbc33744c2715edd5e0c914622a5950b4bd5be8e7f,extrasensory-robust-gated-fold0-seed29-full,0.6,0.6000092223981309,39036,0.340981028691716,0.6384778826017932,0.7945142227964322,418651,mean_normalized_threshold_margin,0.6817523744177357
V3-1,B5,0,29,natural_missingness,fb82651717076e658cf67e62ccd41ca247d29c994518945706edefcf0b635aa0,f3759846ec2ddecbd4c76cbbc33744c2715edd5e0c914622a5950b4bd5be8e7f,extrasensory-robust-gated-fold0-seed29-full,0.65,0.6500099909313085,42289,0.3528440049480522,0.6338516585754949,0.7830425798864592,449558,mean_normalized_threshold_margin,0.6640512179991159
V3-1,B5,0,29,natural_missingness,fb82651717076e658cf67e62ccd41ca247d29c994518945706edefcf0b635aa0,f3759846ec2ddecbd4c76cbbc33744c2715edd5e0c914622a5950b4bd5be8e7f,extrasensory-robust-gated-fold0-seed29-full,0.7,0.7000107594644861,45542,0.3625462414008914,0.6254254747187749,0.7723621363438993,481213,mean_normalized_threshold_margin,0.6447666107523756
V3-1,B5,0,29,natural_missingness,fb82651717076e658cf67e62ccd41ca247d29c994518945706edefcf0b635aa0,f3759846ec2ddecbd4c76cbbc33744c2715edd5e0c914622a5950b4bd5be8e7f,extrasensory-robust-gated-fold0-seed29-full,0.75,0.7500115279976637,48795,0.3712705948909731,0.6201447930592778,0.7626928512113751,513243,mean_normalized_threshold_margin,0.622799659625463
V3-1,B5,0,29,natural_missingness,fb82651717076e658cf67e62ccd41ca247d29c994518945706edefcf0b635aa0,f3759846ec2ddecbd4c76cbbc33744c2715edd5e0c914622a5950b4bd5be8e7f,extrasensory-robust-gated-fold0-seed29-full,0.8,0.8000122965308413,52048,0.3792529916981839,0.61566082322682,0.753624781825928,545056,mean_normalized_threshold_margin,0.5966879865617748
V3-1,B5,0,29,natural_missingness,fb82651717076e658cf67e62ccd41ca247d29c994518945706edefcf0b635aa0,f3759846ec2ddecbd4c76cbbc33744c2715edd5e0c914622a5950b4bd5be8e7f,extrasensory-robust-gated-fold0-seed29-full,0.85,0.8500130650640189,55301,0.3879921136992597,0.6082034851399527,0.7444026520671,577629,mean_normalized_threshold_margin,0.566146922762957
V3-1,B5,0,29,natural_missingness,fb82651717076e658cf67e62ccd41ca247d29c994518945706edefcf0b635aa0,f3759846ec2ddecbd4c76cbbc33744c2715edd5e0c914622a5950b4bd5be8e7f,extrasensory-robust-gated-fold0-seed29-full,0.9,0.9000138335971964,58554,0.3969449625111614,0.6001340346518458,0.7350877949336996,609497,mean_normalized_threshold_margin,0.5270586570841381
V3-1,B5,0,29,natural_missingness,fb82651717076e658cf67e62ccd41ca247d29c994518945706edefcf0b635aa0,f3759846ec2ddecbd4c76cbbc33744c2715edd5e0c914622a5950b4bd5be8e7f,extrasensory-robust-gated-fold0-seed29-full,0.95,0.950014602130374,61807,0.4070190412423937,0.5914994733923784,0.7251583829575549,641985,mean_normalized_threshold_margin,0.4716303247708824
V3-1,B5,0,29,natural_missingness,fb82651717076e658cf67e62ccd41ca247d29c994518945706edefcf0b635aa0,f3759846ec2ddecbd4c76cbbc33744c2715edd5e0c914622a5950b4bd5be8e7f,extrasensory-robust-gated-fold0-seed29-full,1.0,1.0,65059,0.4190374965783519,0.5815131154999872,0.71428929856792,673892,mean_normalized_threshold_margin,0.2072502059132373
V3-1,P,0,29,natural_missingness,fb82651717076e658cf67e62ccd41ca247d29c994518945706edefcf0b635aa0,3bb7fe4a48c97235c8d50ddc0761a0ce6c91bca3decda992aa26691289275106,extrasensory-quality-aware-fold0-seed29-full,0.05,0.0500007685331775,3253,0.0719746238418408,0.4483439567518336,0.9723050025827472,42280,mean_binary_certainty,0.9268222689655538
V3-1,P,0,29,natural_missingness,fb82651717076e658cf67e62ccd41ca247d29c994518945706edefcf0b635aa0,3bb7fe4a48c97235c8d50ddc0761a0ce6c91bca3decda992aa26691289275106,extrasensory-quality-aware-fold0-seed29-full,0.1,0.1000015370663551,6506,0.1069203204446969,0.5091714399281816,0.9534693208814614,83901,mean_binary_certainty,0.8819261346803733
V3-1,P,0,29,natural_missingness,fb82651717076e658cf67e62ccd41ca247d29c994518945706edefcf0b635aa0,3bb7fe4a48c97235c8d50ddc0761a0ce6c91bca3decda992aa26691289275106,extrasensory-quality-aware-fold0-seed29-full,0.15,0.1500023055995327,9759,0.1323559020700528,0.6189462470327289,0.9404240431040516,124189,mean_binary_certainty,0.7956019292726841
V3-1,P,0,29,natural_missingness,fb82651717076e658cf67e62ccd41ca247d29c994518945706edefcf0b635aa0,3bb7fe4a48c97235c8d50ddc0761a0ce6c91bca3decda992aa26691289275106,extrasensory-quality-aware-fold0-seed29-full,0.2,0.2000030741327103,13012,0.1679509941449155,0.6159530560423359,0.9198514148366655,161041,mean_binary_certainty,0.7119054105370015
V3-1,P,0,29,natural_missingness,fb82651717076e658cf67e62ccd41ca247d29c994518945706edefcf0b635aa0,3bb7fe4a48c97235c8d50ddc0761a0ce6c91bca3decda992aa26691289275106,extrasensory-quality-aware-fold0-seed29-full,0.25,0.2500038426658879,16265,0.1966221203564464,0.6352864357090657,0.8987773464426949,196552,mean_binary_certainty,0.6513566956897772
V3-1,P,0,29,natural_missingness,fb82651717076e658cf67e62ccd41ca247d29c994518945706edefcf0b635aa0,3bb7fe4a48c97235c8d50ddc0761a0ce6c91bca3decda992aa26691289275106,extrasensory-quality-aware-fold0-seed29-full,0.3,0.3000046111990654,19518,0.2217244896488762,0.6444804111737535,0.8786150744781821,230056,mean_binary_certainty,0.6099165181146684
V3-1,P,0,29,natural_missingness,fb82651717076e658cf67e62ccd41ca247d29c994518945706edefcf0b635aa0,3bb7fe4a48c97235c8d50ddc0761a0ce6c91bca3decda992aa26691289275106,extrasensory-quality-aware-fold0-seed29-full,0.35,0.350005379732243,22771,0.2431800408942336,0.6437706464475018,0.859437417927984,263428,mean_binary_certainty,0.5789822298759214
V3-1,P,0,29,natural_missingness,fb82651717076e658cf67e62ccd41ca247d29c994518945706edefcf0b635aa0,3bb7fe4a48c97235c8d50ddc0761a0ce6c91bca3decda992aa26691289275106,extrasensory-quality-aware-fold0-seed29-full,0.4,0.4000061482654206,26024,0.2648126707632977,0.6410587863093977,0.8413461240334112,295869,mean_binary_certainty,0.5515374961857116
V3-1,P,0,29,natural_missingness,fb82651717076e658cf67e62ccd41ca247d29c994518945706edefcf0b635aa0,3bb7fe4a48c97235c8d50ddc0761a0ce6c91bca3decda992aa26691289275106,extrasensory-quality-aware-fold0-seed29-full,0.45,0.4500069167985982,29277,0.2825071098435119,0.6399283532796208,0.8256680398910425,327904,mean_binary_certainty,0.5258440048528303
V3-1,P,0,29,natural_missingness,fb82651717076e658cf67e62ccd41ca247d29c994518945706edefcf0b635aa0,3bb7fe4a48c97235c8d50ddc0761a0ce6c91bca3decda992aa26691289275106,extrasensory-quality-aware-fold0-seed29-full,0.5,0.5000076853317758,32530,0.2988153036937601,0.6378392457392454,0.8118603064326034,359020,mean_binary_certainty,0.5003635967022921
V3-1,P,0,29,natural_missingness,fb82651717076e658cf67e62ccd41ca247d29c994518945706edefcf0b635aa0,3bb7fe4a48c97235c8d50ddc0761a0ce6c91bca3decda992aa26691289275106,extrasensory-quality-aware-fold0-seed29-full,0.55,0.5500084538649533,35783,0.3128433816519136,0.6341798807333894,0.7997686402355663,390092,mean_binary_certainty,0.4757323396639995
V3-1,P,0,29,natural_missingness,fb82651717076e658cf67e62ccd41ca247d29c994518945706edefcf0b635aa0,3bb7fe4a48c97235c8d50ddc0761a0ce6c91bca3decda992aa26691289275106,extrasensory-quality-aware-fold0-seed29-full,0.6,0.6000092223981309,39036,0.3269649647099585,0.6287631834440401,0.787856389065763,420710,mean_binary_certainty,0.4508774956191881
V3-1,P,0,29,natural_missingness,fb82651717076e658cf67e62ccd41ca247d29c994518945706edefcf0b635aa0,3bb7fe4a48c97235c8d50ddc0761a0ce6c91bca3decda992aa26691289275106,extrasensory-quality-aware-fold0-seed29-full,0.65,0.6500099909313085,42289,0.3394796011248248,0.6240642155781339,0.7773160677853187,451497,mean_binary_certainty,0.4242646103539705
V3-1,P,0,29,natural_missingness,fb82651717076e658cf67e62ccd41ca247d29c994518945706edefcf0b635aa0,3bb7fe4a48c97235c8d50ddc0761a0ce6c91bca3decda992aa26691289275106,extrasensory-quality-aware-fold0-seed29-full,0.7,0.7000107594644861,45542,0.3510773801183171,0.6197911961165193,0.7665604299462567,482551,mean_binary_certainty,0.3970400800933329
V3-1,P,0,29,natural_missingness,fb82651717076e658cf67e62ccd41ca247d29c994518945706edefcf0b635aa0,3bb7fe4a48c97235c8d50ddc0761a0ce6c91bca3decda992aa26691289275106,extrasensory-quality-aware-fold0-seed29-full,0.75,0.7500115279976637,48795,0.362229592725792,0.6130289400315133,0.7558291842627618,514686,mean_binary_certainty,0.3673562108630128
V3-1,P,0,29,natural_missingness,fb82651717076e658cf67e62ccd41ca247d29c994518945706edefcf0b635aa0,3bb7fe4a48c97235c8d50ddc0761a0ce6c91bca3decda992aa26691289275106,extrasensory-quality-aware-fold0-seed29-full,0.8,0.8000122965308413,52048,0.3729675177567266,0.6064969340593878,0.7461450866511835,546475,mean_binary_certainty,0.3359870649426206
V3-1,P,0,29,natural_missingness,fb82651717076e658cf67e62ccd41ca247d29c994518945706edefcf0b635aa0,3bb7fe4a48c97235c8d50ddc0761a0ce6c91bca3decda992aa26691289275106,extrasensory-quality-aware-fold0-seed29-full,0.85,0.8500130650640189,55301,0.382700652487819,0.599645735331415,0.736511241859597,578638,mean_binary_certainty,0.3003288175498194
V3-1,P,0,29,natural_missingness,fb82651717076e658cf67e62ccd41ca247d29c994518945706edefcf0b635aa0,3bb7fe4a48c97235c8d50ddc0761a0ce6c91bca3decda992aa26691289275106,extrasensory-quality-aware-fold0-seed29-full,0.9,0.9000138335971964,58554,0.3929521283533901,0.5935063754939224,0.7273382591457921,610441,mean_binary_certainty,0.2611030228663965
V3-1,P,0,29,natural_missingness,fb82651717076e658cf67e62ccd41ca247d29c994518945706edefcf0b635aa0,3bb7fe4a48c97235c8d50ddc0761a0ce6c91bca3decda992aa26691289275106,extrasensory-quality-aware-fold0-seed29-full,0.95,0.950014602130374,61807,0.4036205233613828,0.5860883723224677,0.7191230120780647,642504,mean_binary_certainty,0.2082898578497668
V3-1,P,0,29,natural_missingness,fb82651717076e658cf67e62ccd41ca247d29c994518945706edefcf0b635aa0,3bb7fe4a48c97235c8d50ddc0761a0ce6c91bca3decda992aa26691289275106,extrasensory-quality-aware-fold0-seed29-full,1.0,1.0,65059,0.4145834675941433,0.5800163263382215,0.7130357773430712,673892,mean_binary_certainty,0.0229471722470641
V3-1,P,0,29,natural_missingness,fb82651717076e658cf67e62ccd41ca247d29c994518945706edefcf0b635aa0,3bb7fe4a48c97235c8d50ddc0761a0ce6c91bca3decda992aa26691289275106,extrasensory-quality-aware-fold0-seed29-full,0.05,0.0500007685331775,3253,0.0794212575185932,0.4828751523866143,0.9726021965822133,41640,mean_normalized_threshold_margin,0.97464957762718
V3-1,P,0,29,natural_missingness,fb82651717076e658cf67e62ccd41ca247d29c994518945706edefcf0b635aa0,3bb7fe4a48c97235c8d50ddc0761a0ce6c91bca3decda992aa26691289275106,extrasensory-quality-aware-fold0-seed29-full,0.1,0.1000015370663551,6506,0.1037785415383925,0.4806172513082504,0.958752881232561,83960,mean_normalized_threshold_margin,0.9503039671162922
V3-1,P,0,29,natural_missingness,fb82651717076e658cf67e62ccd41ca247d29c994518945706edefcf0b635aa0,3bb7fe4a48c97235c8d50ddc0761a0ce6c91bca3decda992aa26691289275106,extrasensory-quality-aware-fold0-seed29-full,0.15,0.1500023055995327,9759,0.1301898563244412,0.5864118035524425,0.9423653525818988,124187,mean_normalized_threshold_margin,0.9125874876412176
V3-1,P,0,29,natural_missingness,fb82651717076e658cf67e62ccd41ca247d29c994518945706edefcf0b635aa0,3bb7fe4a48c97235c8d50ddc0761a0ce6c91bca3decda992aa26691289275106,extrasensory-quality-aware-fold0-seed29-full,0.2,0.2000030741327103,13012,0.1583019549185427,0.5925292860031042,0.926067254948724,161454,mean_normalized_threshold_margin,0.8587814394830235
V3-1,P,0,29,natural_missingness,fb82651717076e658cf67e62ccd41ca247d29c994518945706edefcf0b635aa0,3bb7fe4a48c97235c8d50ddc0761a0ce6c91bca3decda992aa26691289275106,extrasensory-quality-aware-fold0-seed29-full,0.25,0.2500038426658879,16265,0.1920362994722938,0.6306738406217833,0.902789472254665,196825,mean_normalized_threshold_margin,0.8179512301718165
V3-1,P,0,29,natural_missingness,fb82651717076e658cf67e62ccd41ca247d29c994518945706edefcf0b635aa0,3bb7fe4a48c97235c8d50ddc0761a0ce6c91bca3decda992aa26691289275106,extrasensory-quality-aware-fold0-seed29-full,0.3,0.3000046111990654,19518,0.2172382982065133,0.6412057979967455,0.8826981999984327,230564,mean_normalized_threshold_margin,0.7864932312566069
V3-1,P,0,29,natural_missingness,fb82651717076e658cf67e62ccd41ca247d29c994518945706edefcf0b635aa0,3bb7fe4a48c97235c8d50ddc0761a0ce6c91bca3decda992aa26691289275106,extrasensory-quality-aware-fold0-seed29-full,0.35,0.350005379732243,22771,0.2390072223510893,0.6421916522181623,0.864833398015191,263358,mean_normalized_threshold_margin,0.7612624165022235
V3-1,P,0,29,natural_missingness,fb82651717076e658cf67e62ccd41ca247d29c994518945706edefcf0b635aa0,3bb7fe4a48c97235c8d50ddc0761a0ce6c91bca3decda992aa26691289275106,extrasensory-quality-aware-fold0-seed29-full,0.4,0.4000061482654206,26024,0.2581900680544051,0.6445952699226388,0.8476845847889352,296325,mean_normalized_threshold_margin,0.7393521860423377
V3-1,P,0,29,natural_missingness,fb82651717076e658cf67e62ccd41ca247d29c994518945706edefcf0b635aa0,3bb7fe4a48c97235c8d50ddc0761a0ce6c91bca3decda992aa26691289275106,extrasensory-quality-aware-fold0-seed29-full,0.45,0.4500069167985982,29277,0.2765256989360369,0.6421201099074205,0.8325739421962717,328666,mean_normalized_threshold_margin,0.7189700450484754
V3-1,P,0,29,natural_missingness,fb82651717076e658cf67e62ccd41ca247d29c994518945706edefcf0b635aa0,3bb7fe4a48c97235c8d50ddc0761a0ce6c91bca3decda992aa26691289275106,extrasensory-quality-aware-fold0-seed29-full,0.5,0.5000076853317758,32530,0.2932040282425345,0.6388873362439277,0.8185961807556178,360630,mean_normalized_threshold_margin,0.6995639541626715
V3-1,P,0,29,natural_missingness,fb82651717076e658cf67e62ccd41ca247d29c994518945706edefcf0b635aa0,3bb7fe4a48c97235c8d50ddc0761a0ce6c91bca3decda992aa26691289275106,extrasensory-quality-aware-fold0-seed29-full,0.55,0.5500084538649533,35783,0.30863251810112,0.6345718345201504,0.8051737539575711,392339,mean_normalized_threshold_margin,0.68112533476935
V3-1,P,0,29,natural_missingness,fb82651717076e658cf67e62ccd41ca247d29c994518945706edefcf0b635aa0,3bb7fe4a48c97235c8d50ddc0761a0ce6c91bca3decda992aa26691289275106,extrasensory-quality-aware-fold0-seed29-full,0.6,0.6000092223981309,39036,0.3235034278177278,0.6308770849609512,0.7931448579836627,423176,mean_normalized_threshold_margin,0.6624590624180702
V3-1,P,0,29,natural_missingness,fb82651717076e658cf67e62ccd41ca247d29c994518945706edefcf0b635aa0,3bb7fe4a48c97235c8d50ddc0761a0ce6c91bca3decda992aa26691289275106,extrasensory-quality-aware-fold0-seed29-full,0.65,0.6500099909313085,42289,0.3369816495033407,0.6265000158074921,0.7817912006149622,453724,mean_normalized_threshold_margin,0.6434680934228391
V3-1,P,0,29,natural_missingness,fb82651717076e658cf67e62ccd41ca247d29c994518945706edefcf0b635aa0,3bb7fe4a48c97235c8d50ddc0761a0ce6c91bca3decda992aa26691289275106,extrasensory-quality-aware-fold0-seed29-full,0.7,0.7000107594644861,45542,0.3496902490431902,0.6194787788463615,0.771099122461738,484209,mean_normalized_threshold_margin,0.6227456873917828
V3-1,P,0,29,natural_missingness,fb82651717076e658cf67e62ccd41ca247d29c994518945706edefcf0b635aa0,3bb7fe4a48c97235c8d50ddc0761a0ce6c91bca3decda992aa26691289275106,extrasensory-quality-aware-fold0-seed29-full,0.75,0.7500115279976637,48795,0.3611342662662676,0.614141314796872,0.7610341556322081,514725,mean_normalized_threshold_margin,0.6001540417057752
V3-1,P,0,29,natural_missingness,fb82651717076e658cf67e62ccd41ca247d29c994518945706edefcf0b635aa0,3bb7fe4a48c97235c8d50ddc0761a0ce6c91bca3decda992aa26691289275106,extrasensory-quality-aware-fold0-seed29-full,0.8,0.8000122965308413,52048,0.3712029829996731,0.6086489380686405,0.75107198812567,545693,mean_normalized_threshold_margin,0.5743664814044412
V3-1,P,0,29,natural_missingness,fb82651717076e658cf67e62ccd41ca247d29c994518945706edefcf0b635aa0,3bb7fe4a48c97235c8d50ddc0761a0ce6c91bca3decda992aa26691289275106,extrasensory-quality-aware-fold0-seed29-full,0.85,0.8500130650640189,55301,0.3815354573509078,0.6026732781001057,0.7414227847277578,577732,mean_normalized_threshold_margin,0.5435068173978143
V3-1,P,0,29,natural_missingness,fb82651717076e658cf67e62ccd41ca247d29c994518945706edefcf0b635aa0,3bb7fe4a48c97235c8d50ddc0761a0ce6c91bca3decda992aa26691289275106,extrasensory-quality-aware-fold0-seed29-full,0.9,0.9000138335971964,58554,0.3917935473787143,0.5950135874498913,0.7317229836144549,610229,mean_normalized_threshold_margin,0.5057421852535613
V3-1,P,0,29,natural_missingness,fb82651717076e658cf67e62ccd41ca247d29c994518945706edefcf0b635aa0,3bb7fe4a48c97235c8d50ddc0761a0ce6c91bca3decda992aa26691289275106,extrasensory-quality-aware-fold0-seed29-full,0.95,0.950014602130374,61807,0.4023641385430146,0.5895859994119088,0.7226350507588112,642320,mean_normalized_threshold_margin,0.4518431229896923
V3-1,P,0,29,natural_missingness,fb82651717076e658cf67e62ccd41ca247d29c994518945706edefcf0b635aa0,3bb7fe4a48c97235c8d50ddc0761a0ce6c91bca3decda992aa26691289275106,extrasensory-quality-aware-fold0-seed29-full,1.0,1.0,65059,0.4145834675941434,0.5800163263382215,0.7130357773430712,673892,mean_normalized_threshold_margin,0.2063614965484122
V3-1,P2,0,29,natural_missingness,fb82651717076e658cf67e62ccd41ca247d29c994518945706edefcf0b635aa0,7d8326c7084490bf1a1a9cb0a75ab3e5549a365050be18355173ff12f9c3d0e2,extrasensory-p2-fold0-seed29-v2_multiseed,0.05,0.0500007685331775,3253,0.1755855400469421,0.6272040837794286,0.942396032359039,41463,mean_binary_certainty,0.9433388955812332
V3-1,P2,0,29,natural_missingness,fb82651717076e658cf67e62ccd41ca247d29c994518945706edefcf0b635aa0,7d8326c7084490bf1a1a9cb0a75ab3e5549a365050be18355173ff12f9c3d0e2,extrasensory-p2-fold0-seed29-v2_multiseed,0.1,0.1000015370663551,6506,0.1564567060669881,0.4590561518980565,0.947392031320093,84423,mean_binary_certainty,0.9091684047681596
V3-1,P2,0,29,natural_missingness,fb82651717076e658cf67e62ccd41ca247d29c994518945706edefcf0b635aa0,7d8326c7084490bf1a1a9cb0a75ab3e5549a365050be18355173ff12f9c3d0e2,extrasensory-p2-fold0-seed29-v2_multiseed,0.15,0.1500023055995327,9759,0.1728394403454851,0.5834485668606363,0.9386254646968588,125202,mean_binary_certainty,0.8412179011626166
V3-1,P2,0,29,natural_missingness,fb82651717076e658cf67e62ccd41ca247d29c994518945706edefcf0b635aa0,7d8326c7084490bf1a1a9cb0a75ab3e5549a365050be18355173ff12f9c3d0e2,extrasensory-p2-fold0-seed29-v2_multiseed,0.2,0.2000030741327103,13012,0.2064076896466823,0.5872590896291016,0.9193109119842788,162967,mean_binary_certainty,0.736737223847536
V3-1,P2,0,29,natural_missingness,fb82651717076e658cf67e62ccd41ca247d29c994518945706edefcf0b635aa0,7d8326c7084490bf1a1a9cb0a75ab3e5549a365050be18355173ff12f9c3d0e2,extrasensory-p2-fold0-seed29-v2_multiseed,0.25,0.2500038426658879,16265,0.2357904516031318,0.6174237566011297,0.8979628146962014,197796,mean_binary_certainty,0.6649145989013626
V3-1,P2,0,29,natural_missingness,fb82651717076e658cf67e62ccd41ca247d29c994518945706edefcf0b635aa0,7d8326c7084490bf1a1a9cb0a75ab3e5549a365050be18355173ff12f9c3d0e2,extrasensory-p2-fold0-seed29-v2_multiseed,0.3,0.3000046111990654,19518,0.2633812996456143,0.6301704354333236,0.8745606090840714,232089,mean_binary_certainty,0.6216583851897933
V3-1,P2,0,29,natural_missingness,fb82651717076e658cf67e62ccd41ca247d29c994518945706edefcf0b635aa0,7d8326c7084490bf1a1a9cb0a75ab3e5549a365050be18355173ff12f9c3d0e2,extrasensory-p2-fold0-seed29-v2_multiseed,0.35,0.350005379732243,22771,0.286317798415299,0.6518643755429712,0.854388483335261,264785,mean_binary_certainty,0.5895167979698093
V3-1,P2,0,29,natural_missingness,fb82651717076e658cf67e62ccd41ca247d29c994518945706edefcf0b635aa0,7d8326c7084490bf1a1a9cb0a75ab3e5549a365050be18355173ff12f9c3d0e2,extrasensory-p2-fold0-seed29-v2_multiseed,0.4,0.4000061482654206,26024,0.304797566416547,0.6532459535261832,0.8372004704268143,296534,mean_binary_certainty,0.5631150003289906
V3-1,P2,0,29,natural_missingness,fb82651717076e658cf67e62ccd41ca247d29c994518945706edefcf0b635aa0,7d8326c7084490bf1a1a9cb0a75ab3e5549a365050be18355173ff12f9c3d0e2,extrasensory-p2-fold0-seed29-v2_multiseed,0.45,0.4500069167985982,29277,0.3209351975697322,0.65058589071518,0.8230118216012896,326884,mean_binary_certainty,0.5393859482157632
V3-1,P2,0,29,natural_missingness,fb82651717076e658cf67e62ccd41ca247d29c994518945706edefcf0b635aa0,7d8326c7084490bf1a1a9cb0a75ab3e5549a365050be18355173ff12f9c3d0e2,extrasensory-p2-fold0-seed29-v2_multiseed,0.5,0.5000076853317758,32530,0.3372975321155128,0.6449821756084855,0.8089586267015356,356804,mean_binary_certainty,0.5171224413433528
V3-1,P2,0,29,natural_missingness,fb82651717076e658cf67e62ccd41ca247d29c994518945706edefcf0b635aa0,7d8326c7084490bf1a1a9cb0a75ab3e5549a365050be18355173ff12f9c3d0e2,extrasensory-p2-fold0-seed29-v2_multiseed,0.55,0.5500084538649533,35783,0.3506478373293024,0.6393430341433912,0.7971154489895463,387227,mean_binary_certainty,0.4948407957711503
V3-1,P2,0,29,natural_missingness,fb82651717076e658cf67e62ccd41ca247d29c994518945706edefcf0b635aa0,7d8326c7084490bf1a1a9cb0a75ab3e5549a365050be18355173ff12f9c3d0e2,extrasensory-p2-fold0-seed29-v2_multiseed,0.6,0.6000092223981309,39036,0.3630001840940353,0.6349833024659512,0.7867290969899665,417237,mean_binary_certainty,0.4720862375232983
V3-1,P2,0,29,natural_missingness,fb82651717076e658cf67e62ccd41ca247d29c994518945706edefcf0b635aa0,7d8326c7084490bf1a1a9cb0a75ab3e5549a365050be18355173ff12f9c3d0e2,extrasensory-p2-fold0-seed29-v2_multiseed,0.65,0.6500099909313085,42289,0.3719151590977843,0.6282304848931308,0.7771248889648816,448009,mean_binary_certainty,0.4485045105054165
V3-1,P2,0,29,natural_missingness,fb82651717076e658cf67e62ccd41ca247d29c994518945706edefcf0b635aa0,7d8326c7084490bf1a1a9cb0a75ab3e5549a365050be18355173ff12f9c3d0e2,extrasensory-p2-fold0-seed29-v2_multiseed,0.7,0.7000107594644861,45542,0.3811849813832837,0.6211208795270725,0.7674799416911899,479854,mean_binary_certainty,0.4226790765551808
V3-1,P2,0,29,natural_missingness,fb82651717076e658cf67e62ccd41ca247d29c994518945706edefcf0b635aa0,7d8326c7084490bf1a1a9cb0a75ab3e5549a365050be18355173ff12f9c3d0e2,extrasensory-p2-fold0-seed29-v2_multiseed,0.75,0.7500115279976637,48795,0.3888012916861594,0.6160397090980237,0.7585956416464891,512372,mean_binary_certainty,0.3947558212971191
V3-1,P2,0,29,natural_missingness,fb82651717076e658cf67e62ccd41ca247d29c994518945706edefcf0b635aa0,7d8326c7084490bf1a1a9cb0a75ab3e5549a365050be18355173ff12f9c3d0e2,extrasensory-p2-fold0-seed29-v2_multiseed,0.8,0.8000122965308413,52048,0.3967520747728496,0.6102210185765526,0.7497075337242086,545152,mean_binary_certainty,0.3632095578091298
V3-1,P2,0,29,natural_missingness,fb82651717076e658cf67e62ccd41ca247d29c994518945706edefcf0b635aa0,7d8326c7084490bf1a1a9cb0a75ab3e5549a365050be18355173ff12f9c3d0e2,extrasensory-p2-fold0-seed29-v2_multiseed,0.85,0.8500130650640189,55301,0.4049917351339818,0.6033941486193702,0.7413671875,577811,mean_binary_certainty,0.3275035206311466
V3-1,P2,0,29,natural_missingness,fb82651717076e658cf67e62ccd41ca247d29c994518945706edefcf0b635aa0,7d8326c7084490bf1a1a9cb0a75ab3e5549a365050be18355173ff12f9c3d0e2,extrasensory-p2-fold0-seed29-v2_multiseed,0.9,0.9000138335971964,58554,0.4135652692529754,0.5952796747505011,0.7330795158195148,610679,mean_binary_certainty,0.2827403860609602
V3-1,P2,0,29,natural_missingness,fb82651717076e658cf67e62ccd41ca247d29c994518945706edefcf0b635aa0,7d8326c7084490bf1a1a9cb0a75ab3e5549a365050be18355173ff12f9c3d0e2,extrasensory-p2-fold0-seed29-v2_multiseed,0.95,0.950014602130374,61807,0.4231760839781945,0.5865559747873451,0.7251532632451249,642156,mean_binary_certainty,0.2261735683419758
V3-1,P2,0,29,natural_missingness,fb82651717076e658cf67e62ccd41ca247d29c994518945706edefcf0b635aa0,7d8326c7084490bf1a1a9cb0a75ab3e5549a365050be18355173ff12f9c3d0e2,extrasensory-p2-fold0-seed29-v2_multiseed,1.0,1.0,65059,0.4334111127946805,0.5776016285911816,0.7181435090139885,673892,mean_binary_certainty,0.0244148696101834
V3-1,P2,0,29,natural_missingness,fb82651717076e658cf67e62ccd41ca247d29c994518945706edefcf0b635aa0,7d8326c7084490bf1a1a9cb0a75ab3e5549a365050be18355173ff12f9c3d0e2,extrasensory-p2-fold0-seed29-v2_multiseed,0.05,0.0500007685331775,3253,0.1880258162395006,0.4684212170204411,0.938482848529292,41199,mean_normalized_threshold_margin,0.9852879852942154
V3-1,P2,0,29,natural_missingness,fb82651717076e658cf67e62ccd41ca247d29c994518945706edefcf0b635aa0,7d8326c7084490bf1a1a9cb0a75ab3e5549a365050be18355173ff12f9c3d0e2,extrasensory-p2-fold0-seed29-v2_multiseed,0.1,0.1000015370663551,6506,0.1685731131993126,0.4047139554364071,0.9435460877357338,83112,mean_normalized_threshold_margin,0.967282704133282
V3-1,P2,0,29,natural_missingness,fb82651717076e658cf67e62ccd41ca247d29c994518945706edefcf0b635aa0,7d8326c7084490bf1a1a9cb0a75ab3e5549a365050be18355173ff12f9c3d0e2,extrasensory-p2-fold0-seed29-v2_multiseed,0.15,0.1500023055995327,9759,0.1805836189097223,0.5695546979761473,0.9369163383928816,124710,mean_normalized_threshold_margin,0.9394621354843372
V3-1,P2,0,29,natural_missingness,fb82651717076e658cf67e62ccd41ca247d29c994518945706edefcf0b635aa0,7d8326c7084490bf1a1a9cb0a75ab3e5549a365050be18355173ff12f9c3d0e2,extrasensory-p2-fold0-seed29-v2_multiseed,0.2,0.2000030741327103,13012,0.20512315465414,0.5819340279479782,0.9218483567925948,163470,mean_normalized_threshold_margin,0.8810836084089296
V3-1,P2,0,29,natural_missingness,fb82651717076e658cf67e62ccd41ca247d29c994518945706edefcf0b635aa0,7d8326c7084490bf1a1a9cb0a75ab3e5549a365050be18355173ff12f9c3d0e2,extrasensory-p2-fold0-seed29-v2_multiseed,0.25,0.2500038426658879,16265,0.229175234636032,0.5973801185432535,0.9019496682640776,198455,mean_normalized_threshold_margin,0.8295435577007297
V3-1,P2,0,29,natural_missingness,fb82651717076e658cf67e62ccd41ca247d29c994518945706edefcf0b635aa0,7d8326c7084490bf1a1a9cb0a75ab3e5549a365050be18355173ff12f9c3d0e2,extrasensory-p2-fold0-seed29-v2_multiseed,0.3,0.3000046111990654,19518,0.2519175051808035,0.6317935080170105,0.8820473409160775,231726,mean_normalized_threshold_margin,0.7933663041698381
V3-1,P2,0,29,natural_missingness,fb82651717076e658cf67e62ccd41ca247d29c994518945706edefcf0b635aa0,7d8326c7084490bf1a1a9cb0a75ab3e5549a365050be18355173ff12f9c3d0e2,extrasensory-p2-fold0-seed29-v2_multiseed,0.35,0.350005379732243,22771,0.2739557301847018,0.6426396235223535,0.8624779688467584,264823,mean_normalized_threshold_margin,0.7666032995598079
V3-1,P2,0,29,natural_missingness,fb82651717076e658cf67e62ccd41ca247d29c994518945706edefcf0b635aa0,7d8326c7084490bf1a1a9cb0a75ab3e5549a365050be18355173ff12f9c3d0e2,extrasensory-p2-fold0-seed29-v2_multiseed,0.4,0.4000061482654206,26024,0.2928610337027987,0.6512973349897437,0.846187769502156,296785,mean_normalized_threshold_margin,0.7445488949571484
V3-1,P2,0,29,natural_missingness,fb82651717076e658cf67e62ccd41ca247d29c994518945706edefcf0b635aa0,7d8326c7084490bf1a1a9cb0a75ab3e5549a365050be18355173ff12f9c3d0e2,extrasensory-p2-fold0-seed29-v2_multiseed,0.45,0.4500069167985982,29277,0.3107849775134665,0.6481828884637648,0.8309309610603882,327878,mean_normalized_threshold_margin,0.7252433442703944
V3-1,P2,0,29,natural_missingness,fb82651717076e658cf67e62ccd41ca247d29c994518945706edefcf0b635aa0,7d8326c7084490bf1a1a9cb0a75ab3e5549a365050be18355173ff12f9c3d0e2,extrasensory-p2-fold0-seed29-v2_multiseed,0.5,0.5000076853317758,32530,0.3287022733289845,0.6412441349563723,0.8164205558308092,359083,mean_normalized_threshold_margin,0.7074560146284432
V3-1,P2,0,29,natural_missingness,fb82651717076e658cf67e62ccd41ca247d29c994518945706edefcf0b635aa0,7d8326c7084490bf1a1a9cb0a75ab3e5549a365050be18355173ff12f9c3d0e2,extrasensory-p2-fold0-seed29-v2_multiseed,0.55,0.5500084538649533,35783,0.344512608911784,0.6375023827588494,0.8034601520312566,389506,mean_normalized_threshold_margin,0.6897180288199538
V3-1,P2,0,29,natural_missingness,fb82651717076e658cf67e62ccd41ca247d29c994518945706edefcf0b635aa0,7d8326c7084490bf1a1a9cb0a75ab3e5549a365050be18355173ff12f9c3d0e2,extrasensory-p2-fold0-seed29-v2_multiseed,0.6,0.6000092223981309,39036,0.3576195964462923,0.6351799564240298,0.7922358268668528,419881,mean_normalized_threshold_margin,0.6724261189124043
V3-1,P2,0,29,natural_missingness,fb82651717076e658cf67e62ccd41ca247d29c994518945706edefcf0b635aa0,7d8326c7084490bf1a1a9cb0a75ab3e5549a365050be18355173ff12f9c3d0e2,extrasensory-p2-fold0-seed29-v2_multiseed,0.65,0.6500099909313085,42289,0.3691840708885728,0.6299038630426385,0.7818042267453076,450690,mean_normalized_threshold_margin,0.6534528669285318
V3-1,P2,0,29,natural_missingness,fb82651717076e658cf67e62ccd41ca247d29c994518945706edefcf0b635aa0,7d8326c7084490bf1a1a9cb0a75ab3e5549a365050be18355173ff12f9c3d0e2,extrasensory-p2-fold0-seed29-v2_multiseed,0.7,0.7000107594644861,45542,0.3789720691054886,0.6239797917758412,0.7719909142270751,482017,mean_normalized_threshold_margin,0.63310723097326
V3-1,P2,0,29,natural_missingness,fb82651717076e658cf67e62ccd41ca247d29c994518945706edefcf0b635aa0,7d8326c7084490bf1a1a9cb0a75ab3e5549a365050be18355173ff12f9c3d0e2,extrasensory-p2-fold0-seed29-v2_multiseed,0.75,0.7500115279976637,48795,0.3878498730232358,0.618675144956475,0.7634844273523427,513526,mean_normalized_threshold_margin,0.6111949793534063
V3-1,P2,0,29,natural_missingness,fb82651717076e658cf67e62ccd41ca247d29c994518945706edefcf0b635aa0,7d8326c7084490bf1a1a9cb0a75ab3e5549a365050be18355173ff12f9c3d0e2,extrasensory-p2-fold0-seed29-v2_multiseed,0.8,0.8000122965308413,52048,0.3957449594123587,0.6126316289227595,0.7546998666680307,545526,mean_normalized_threshold_margin,0.5846335450689802
V3-1,P2,0,29,natural_missingness,fb82651717076e658cf67e62ccd41ca247d29c994518945706edefcf0b635aa0,7d8326c7084490bf1a1a9cb0a75ab3e5549a365050be18355173ff12f9c3d0e2,extrasensory-p2-fold0-seed29-v2_multiseed,0.85,0.8500130650640189,55301,0.4037076138858745,0.6053864724007447,0.7466758663382298,577781,mean_normalized_threshold_margin,0.5527750785551586
V3-1,P2,0,29,natural_missingness,fb82651717076e658cf67e62ccd41ca247d29c994518945706edefcf0b635aa0,7d8326c7084490bf1a1a9cb0a75ab3e5549a365050be18355173ff12f9c3d0e2,extrasensory-p2-fold0-seed29-v2_multiseed,0.9,0.9000138335971964,58554,0.4120825382216289,0.5986032903328936,0.7379872075531694,609853,mean_normalized_threshold_margin,0.5127852642667255
V3-1,P2,0,29,natural_missingness,fb82651717076e658cf67e62ccd41ca247d29c994518945706edefcf0b635aa0,7d8326c7084490bf1a1a9cb0a75ab3e5549a365050be18355173ff12f9c3d0e2,extrasensory-p2-fold0-seed29-v2_multiseed,0.95,0.950014602130374,61807,0.4214478698468171,0.5894755155041131,0.7284984903829109,642271,mean_normalized_threshold_margin,0.4586137521935518
V3-1,P2,0,29,natural_missingness,fb82651717076e658cf67e62ccd41ca247d29c994518945706edefcf0b635aa0,7d8326c7084490bf1a1a9cb0a75ab3e5549a365050be18355173ff12f9c3d0e2,extrasensory-p2-fold0-seed29-v2_multiseed,1.0,1.0,65059,0.4334111127946804,0.5776016285911816,0.7181435090139885,673892,mean_normalized_threshold_margin,0.2215251425141885
V3-1,P2,0,29,natural_missingness,fb82651717076e658cf67e62ccd41ca247d29c994518945706edefcf0b635aa0,7d8326c7084490bf1a1a9cb0a75ab3e5549a365050be18355173ff12f9c3d0e2,extrasensory-p2-fold0-seed29-v2_multiseed,0.05,0.0500007685331775,3253,0.5353804605626966,0.544853241876487,0.6208301798917156,33969,p2_system_reliability,0.9952460527420044
V3-1,P2,0,29,natural_missingness,fb82651717076e658cf67e62ccd41ca247d29c994518945706edefcf0b635aa0,7d8326c7084490bf1a1a9cb0a75ab3e5549a365050be18355173ff12f9c3d0e2,extrasensory-p2-fold0-seed29-v2_multiseed,0.1,0.1000015370663551,6506,0.5023103181477803,0.5688487382799082,0.6567674333903006,68991,p2_system_reliability,0.9941715002059937
V3-1,P2,0,29,natural_missingness,fb82651717076e658cf67e62ccd41ca247d29c994518945706edefcf0b635aa0,7d8326c7084490bf1a1a9cb0a75ab3e5549a365050be18355173ff12f9c3d0e2,extrasensory-p2-fold0-seed29-v2_multiseed,0.15,0.1500023055995327,9759,0.4868668892982071,0.5769361751911354,0.670948763777182,103124,p2_system_reliability,0.9931910037994384
V3-1,P2,0,29,natural_missingness,fb82651717076e658cf67e62ccd41ca247d29c994518945706edefcf0b635aa0,7d8326c7084490bf1a1a9cb0a75ab3e5549a365050be18355173ff12f9c3d0e2,extrasensory-p2-fold0-seed29-v2_multiseed,0.2,0.2000030741327103,13012,0.4747618875821082,0.5785833362977962,0.6793853855245776,137127,p2_system_reliability,0.9922913312911988
V3-1,P2,0,29,natural_missingness,fb82651717076e658cf67e62ccd41ca247d29c994518945706edefcf0b635aa0,7d8326c7084490bf1a1a9cb0a75ab3e5549a365050be18355173ff12f9c3d0e2,extrasensory-p2-fold0-seed29-v2_multiseed,0.25,0.2500038426658879,16265,0.4667968164297957,0.5772775206225652,0.6879342249603865,170922,p2_system_reliability,0.9913910627365112
V3-1,P2,0,29,natural_missingness,fb82651717076e658cf67e62ccd41ca247d29c994518945706edefcf0b635aa0,7d8326c7084490bf1a1a9cb0a75ab3e5549a365050be18355173ff12f9c3d0e2,extrasensory-p2-fold0-seed29-v2_multiseed,0.3,0.3000046111990654,19518,0.4622497422613206,0.5754408108479868,0.6915562593796323,204810,p2_system_reliability,0.9905064105987548
V3-1,P2,0,29,natural_missingness,fb82651717076e658cf67e62ccd41ca247d29c994518945706edefcf0b635aa0,7d8326c7084490bf1a1a9cb0a75ab3e5549a365050be18355173ff12f9c3d0e2,extrasensory-p2-fold0-seed29-v2_multiseed,0.35,0.350005379732243,22771,0.4575861304796179,0.574999368959,0.6968676745905636,238568,p2_system_reliability,0.9895945191383362
V3-1,P2,0,29,natural_missingness,fb82651717076e658cf67e62ccd41ca247d29c994518945706edefcf0b635aa0,7d8326c7084490bf1a1a9cb0a75ab3e5549a365050be18355173ff12f9c3d0e2,extrasensory-p2-fold0-seed29-v2_multiseed,0.4,0.4000061482654206,26024,0.4519210205428027,0.5779175136782562,0.7027393972640312,272536,p2_system_reliability,0.9886724948883056
V3-1,P2,0,29,natural_missingness,fb82651717076e658cf67e62ccd41ca247d29c994518945706edefcf0b635aa0,7d8326c7084490bf1a1a9cb0a75ab3e5549a365050be18355173ff12f9c3d0e2,extrasensory-p2-fold0-seed29-v2_multiseed,0.45,0.4500069167985982,29277,0.4478867059679147,0.5795873101855122,0.7076921205338135,306416,p2_system_reliability,0.9876927137374878
V3-1,P2,0,29,natural_missingness,fb82651717076e658cf67e62ccd41ca247d29c994518945706edefcf0b635aa0,7d8326c7084490bf1a1a9cb0a75ab3e5549a365050be18355173ff12f9c3d0e2,extrasensory-p2-fold0-seed29-v2_multiseed,0.5,0.5000076853317758,32530,0.4443025809418612,0.5793657568484716,0.7108329689549628,340437,p2_system_reliability,0.986685276031494
V3-1,P2,0,29,natural_missingness,fb82651717076e658cf67e62ccd41ca247d29c994518945706edefcf0b635aa0,7d8326c7084490bf1a1a9cb0a75ab3e5549a365050be18355173ff12f9c3d0e2,extrasensory-p2-fold0-seed29-v2_multiseed,0.55,0.5500084538649533,35783,0.442196329219532,0.5792642705710265,0.7126079464476369,374142,p2_system_reliability,0.98558247089386
V3-1,P2,0,29,natural_missingness,fb82651717076e658cf67e62ccd41ca247d29c994518945706edefcf0b635aa0,7d8326c7084490bf1a1a9cb0a75ab3e5549a365050be18355173ff12f9c3d0e2,extrasensory-p2-fold0-seed29-v2_multiseed,0.6,0.6000092223981309,39036,0.4413142193914227,0.5796647237156907,0.7141219603169549,407721,p2_system_reliability,0.9843692779541016
V3-1,P2,0,29,natural_missingness,fb82651717076e658cf67e62ccd41ca247d29c994518945706edefcf0b635aa0,7d8326c7084490bf1a1a9cb0a75ab3e5549a365050be18355173ff12f9c3d0e2,extrasensory-p2-fold0-seed29-v2_multiseed,0.65,0.6500099909313085,42289,0.4401782405612693,0.5800395466720332,0.7149923448357084,440963,p2_system_reliability,0.9829427003860474
V3-1,P2,0,29,natural_missingness,fb82651717076e658cf67e62ccd41ca247d29c994518945706edefcf0b635aa0,7d8326c7084490bf1a1a9cb0a75ab3e5549a365050be18355173ff12f9c3d0e2,extrasensory-p2-fold0-seed29-v2_multiseed,0.7,0.7000107594644861,45542,0.4380977706269044,0.5804074085798968,0.7163447442798673,474557,p2_system_reliability,0.9812993407249452
V3-1,P2,0,29,natural_missingness,fb82651717076e658cf67e62ccd41ca247d29c994518945706edefcf0b635aa0,7d8326c7084490bf1a1a9cb0a75ab3e5549a365050be18355173ff12f9c3d0e2,extrasensory-p2-fold0-seed29-v2_multiseed,0.75,0.7500115279976637,48795,0.4367342614131756,0.5807869688392023,0.717427408610589,508112,p2_system_reliability,0.9793846607208252
V3-1,P2,0,29,natural_missingness,fb82651717076e658cf67e62ccd41ca247d29c994518945706edefcf0b635aa0,7d8326c7084490bf1a1a9cb0a75ab3e5549a365050be18355173ff12f9c3d0e2,extrasensory-p2-fold0-seed29-v2_multiseed,0.8,0.8000122965308413,52048,0.4355677954757319,0.5819752843115832,0.718659136754215,541926,p2_system_reliability,0.9769119024276732
V3-1,P2,0,29,natural_missingness,fb82651717076e658cf67e62ccd41ca247d29c994518945706edefcf0b635aa0,7d8326c7084490bf1a1a9cb0a75ab3e5549a365050be18355173ff12f9c3d0e2,extrasensory-p2-fold0-seed29-v2_multiseed,0.85,0.8500130650640189,55301,0.434588936859035,0.5828684653455837,0.719079435783222,575464,p2_system_reliability,0.9736175537109376
V3-1,P2,0,29,natural_missingness,fb82651717076e658cf67e62ccd41ca247d29c994518945706edefcf0b635aa0,7d8326c7084490bf1a1a9cb0a75ab3e5549a365050be18355173ff12f9c3d0e2,extrasensory-p2-fold0-seed29-v2_multiseed,0.9,0.9000138335971964,58554,0.4345794372258859,0.5807993204938053,0.718948857300841,608542,p2_system_reliability,0.9690585136413574
V3-1,P2,0,29,natural_missingness,fb82651717076e658cf67e62ccd41ca247d29c994518945706edefcf0b635aa0,7d8326c7084490bf1a1a9cb0a75ab3e5549a365050be18355173ff12f9c3d0e2,extrasensory-p2-fold0-seed29-v2_multiseed,0.95,0.950014602130374,61807,0.4348193717108646,0.5785616015491228,0.7182717225831193,641510,p2_system_reliability,0.9597870111465454
V3-1,P2,0,29,natural_missingness,fb82651717076e658cf67e62ccd41ca247d29c994518945706edefcf0b635aa0,7d8326c7084490bf1a1a9cb0a75ab3e5549a365050be18355173ff12f9c3d0e2,extrasensory-p2-fold0-seed29-v2_multiseed,1.0,1.0,65059,0.4334111127946805,0.5776016285911816,0.7181435090139885,673892,p2_system_reliability,0.8518236875534058
V3-1,B4,0,47,natural_missingness,fb82651717076e658cf67e62ccd41ca247d29c994518945706edefcf0b635aa0,c1a73508ed2370cb4394bbb925a19e9fd44e4b1ab9d9754a29526fec3f20f561,extrasensory-gated-fold0-seed47-full,0.05,0.0500007685331775,3253,0.2721301441985919,0.3867428096116604,0.9529011319559882,42281,mean_binary_certainty,0.9772920001634392
V3-1,B4,0,47,natural_missingness,fb82651717076e658cf67e62ccd41ca247d29c994518945706edefcf0b635aa0,c1a73508ed2370cb4394bbb925a19e9fd44e4b1ab9d9754a29526fec3f20f561,extrasensory-gated-fold0-seed47-full,0.1,0.1000015370663551,6506,0.258825709162506,0.4420698200764565,0.9413187654968048,82855,mean_binary_certainty,0.9533098927687724
V3-1,B4,0,47,natural_missingness,fb82651717076e658cf67e62ccd41ca247d29c994518945706edefcf0b635aa0,c1a73508ed2370cb4394bbb925a19e9fd44e4b1ab9d9754a29526fec3f20f561,extrasensory-gated-fold0-seed47-full,0.15,0.1500023055995327,9759,0.2668226531821686,0.440685510214537,0.9310723301503676,124132,mean_binary_certainty,0.9296497975574416
V3-1,B4,0,47,natural_missingness,fb82651717076e658cf67e62ccd41ca247d29c994518945706edefcf0b635aa0,c1a73508ed2370cb4394bbb925a19e9fd44e4b1ab9d9754a29526fec3f20f561,extrasensory-gated-fold0-seed47-full,0.2,0.2000030741327103,13012,0.2838520771958307,0.6003871492703977,0.9172672545362048,162498,mean_binary_certainty,0.8556960242722562
V3-1,B4,0,47,natural_missingness,fb82651717076e658cf67e62ccd41ca247d29c994518945706edefcf0b635aa0,c1a73508ed2370cb4394bbb925a19e9fd44e4b1ab9d9754a29526fec3f20f561,extrasensory-gated-fold0-seed47-full,0.25,0.2500038426658879,16265,0.299458712993508,0.6375257343456286,0.8970809271418401,198527,mean_binary_certainty,0.7820033474459877
V3-1,B4,0,47,natural_missingness,fb82651717076e658cf67e62ccd41ca247d29c994518945706edefcf0b635aa0,c1a73508ed2370cb4394bbb925a19e9fd44e4b1ab9d9754a29526fec3f20f561,extrasensory-gated-fold0-seed47-full,0.3,0.3000046111990654,19518,0.3218337421984286,0.6327924768673466,0.8733652409840563,231970,mean_binary_certainty,0.733396852285233
V3-1,B4,0,47,natural_missingness,fb82651717076e658cf67e62ccd41ca247d29c994518945706edefcf0b635aa0,c1a73508ed2370cb4394bbb925a19e9fd44e4b1ab9d9754a29526fec3f20f561,extrasensory-gated-fold0-seed47-full,0.35,0.350005379732243,22771,0.339862528214343,0.6369630835521715,0.8522264334502118,264370,mean_binary_certainty,0.6981044051252556
V3-1,B4,0,47,natural_missingness,fb82651717076e658cf67e62ccd41ca247d29c994518945706edefcf0b635aa0,c1a73508ed2370cb4394bbb925a19e9fd44e4b1ab9d9754a29526fec3f20f561,extrasensory-gated-fold0-seed47-full,0.4,0.4000061482654206,26024,0.3558659475851932,0.6348640222947044,0.833099834428049,296331,mean_binary_certainty,0.6683645310595392
V3-1,B4,0,47,natural_missingness,fb82651717076e658cf67e62ccd41ca247d29c994518945706edefcf0b635aa0,c1a73508ed2370cb4394bbb925a19e9fd44e4b1ab9d9754a29526fec3f20f561,extrasensory-gated-fold0-seed47-full,0.45,0.4500069167985982,29277,0.3706749356773649,0.6264559493268477,0.8157117347501157,328191,mean_binary_certainty,0.6423650835553869
V3-1,B4,0,47,natural_missingness,fb82651717076e658cf67e62ccd41ca247d29c994518945706edefcf0b635aa0,c1a73508ed2370cb4394bbb925a19e9fd44e4b1ab9d9754a29526fec3f20f561,extrasensory-gated-fold0-seed47-full,0.5,0.5000076853317758,32530,0.3847235020594279,0.6170780607269938,0.7997069449005887,359847,mean_binary_certainty,0.6184435756882372
V3-1,B4,0,47,natural_missingness,fb82651717076e658cf67e62ccd41ca247d29c994518945706edefcf0b635aa0,c1a73508ed2370cb4394bbb925a19e9fd44e4b1ab9d9754a29526fec3f20f561,extrasensory-gated-fold0-seed47-full,0.55,0.5500084538649533,35783,0.3969282849506462,0.6126649042097354,0.7855228382782805,390573,mean_binary_certainty,0.5956762054976084
V3-1,B4,0,47,natural_missingness,fb82651717076e658cf67e62ccd41ca247d29c994518945706edefcf0b635aa0,c1a73508ed2370cb4394bbb925a19e9fd44e4b1ab9d9754a29526fec3f20f561,extrasensory-gated-fold0-seed47-full,0.6,0.6000092223981309,39036,0.4070279256868234,0.6034818487103759,0.7726573833578012,421410,mean_binary_certainty,0.5726122045464652
V3-1,B4,0,47,natural_missingness,fb82651717076e658cf67e62ccd41ca247d29c994518945706edefcf0b635aa0,c1a73508ed2370cb4394bbb925a19e9fd44e4b1ab9d9754a29526fec3f20f561,extrasensory-gated-fold0-seed47-full,0.65,0.6500099909313085,42289,0.4154333710411308,0.5960227300682025,0.760748793740844,452423,mean_binary_certainty,0.5497603311062489
V3-1,B4,0,47,natural_missingness,fb82651717076e658cf67e62ccd41ca247d29c994518945706edefcf0b635aa0,c1a73508ed2370cb4394bbb925a19e9fd44e4b1ab9d9754a29526fec3f20f561,extrasensory-gated-fold0-seed47-full,0.7,0.7000107594644861,45542,0.4219166003394026,0.5892416155170501,0.7505086450609993,483081,mean_binary_certainty,0.5245553765331199
V3-1,B4,0,47,natural_missingness,fb82651717076e658cf67e62ccd41ca247d29c994518945706edefcf0b635aa0,c1a73508ed2370cb4394bbb925a19e9fd44e4b1ab9d9754a29526fec3f20f561,extrasensory-gated-fold0-seed47-full,0.75,0.7500115279976637,48795,0.4281886722208854,0.583520704731124,0.7410286074507598,514673,mean_binary_certainty,0.4972852643169375
V3-1,B4,0,47,natural_missingness,fb82651717076e658cf67e62ccd41ca247d29c994518945706edefcf0b635aa0,c1a73508ed2370cb4394bbb925a19e9fd44e4b1ab9d9754a29526fec3f20f561,extrasensory-gated-fold0-seed47-full,0.8,0.8000122965308413,52048,0.4330835391648451,0.5782164477473949,0.732605729877217,546150,mean_binary_certainty,0.4685205814201434
V3-1,B4,0,47,natural_missingness,fb82651717076e658cf67e62ccd41ca247d29c994518945706edefcf0b635aa0,c1a73508ed2370cb4394bbb925a19e9fd44e4b1ab9d9754a29526fec3f20f561,extrasensory-gated-fold0-seed47-full,0.85,0.8500130650640189,55301,0.4386078302178116,0.5729282571733328,0.7241904931980382,578313,mean_binary_certainty,0.4332249517959173
V3-1,B4,0,47,natural_missingness,fb82651717076e658cf67e62ccd41ca247d29c994518945706edefcf0b635aa0,c1a73508ed2370cb4394bbb925a19e9fd44e4b1ab9d9754a29526fec3f20f561,extrasensory-gated-fold0-seed47-full,0.9,0.9000138335971964,58554,0.4453822178156935,0.5667771970188118,0.7157952576186652,610046,mean_binary_certainty,0.3909734661956362
V3-1,B4,0,47,natural_missingness,fb82651717076e658cf67e62ccd41ca247d29c994518945706edefcf0b635aa0,c1a73508ed2370cb4394bbb925a19e9fd44e4b1ab9d9754a29526fec3f20f561,extrasensory-gated-fold0-seed47-full,0.95,0.950014602130374,61807,0.4518243154202377,0.5598960638585954,0.7079296262826159,641818,mean_binary_certainty,0.3294403080153476
V3-1,B4,0,47,natural_missingness,fb82651717076e658cf67e62ccd41ca247d29c994518945706edefcf0b635aa0,c1a73508ed2370cb4394bbb925a19e9fd44e4b1ab9d9754a29526fec3f20f561,extrasensory-gated-fold0-seed47-full,1.0,1.0,65059,0.4604007354127374,0.5515488430091382,0.7008619173262973,673892,mean_binary_certainty,0.0571940453406635
V3-1,B4,0,47,natural_missingness,fb82651717076e658cf67e62ccd41ca247d29c994518945706edefcf0b635aa0,c1a73508ed2370cb4394bbb925a19e9fd44e4b1ab9d9754a29526fec3f20f561,extrasensory-gated-fold0-seed47-full,0.05,0.0500007685331775,3253,0.2593792186734886,0.388014729169159,0.9565867086118758,42164,mean_normalized_threshold_margin,0.9952734400580387
V3-1,B4,0,47,natural_missingness,fb82651717076e658cf67e62ccd41ca247d29c994518945706edefcf0b635aa0,c1a73508ed2370cb4394bbb925a19e9fd44e4b1ab9d9754a29526fec3f20f561,extrasensory-gated-fold0-seed47-full,0.1,0.1000015370663551,6506,0.2521238465131832,0.4415385238141872,0.943331126757738,82207,mean_normalized_threshold_margin,0.9850744673368264
V3-1,B4,0,47,natural_missingness,fb82651717076e658cf67e62ccd41ca247d29c994518945706edefcf0b635aa0,c1a73508ed2370cb4394bbb925a19e9fd44e4b1ab9d9754a29526fec3f20f561,extrasensory-gated-fold0-seed47-full,0.15,0.1500023055995327,9759,0.2630700507914827,0.4941225766640092,0.9330338802004876,122511,mean_normalized_threshold_margin,0.96093062172038
V3-1,B4,0,47,natural_missingness,fb82651717076e658cf67e62ccd41ca247d29c994518945706edefcf0b635aa0,c1a73508ed2370cb4394bbb925a19e9fd44e4b1ab9d9754a29526fec3f20f561,extrasensory-gated-fold0-seed47-full,0.2,0.2000030741327103,13012,0.2772135155615051,0.5411713888962307,0.9200054986306296,162341,mean_normalized_threshold_margin,0.9292226947447232
V3-1,B4,0,47,natural_missingness,fb82651717076e658cf67e62ccd41ca247d29c994518945706edefcf0b635aa0,c1a73508ed2370cb4394bbb925a19e9fd44e4b1ab9d9754a29526fec3f20f561,extrasensory-gated-fold0-seed47-full,0.25,0.2500038426658879,16265,0.2976649156665064,0.6149783217078764,0.898431718061674,198478,mean_normalized_threshold_margin,0.8860593453214197
V3-1,B4,0,47,natural_missingness,fb82651717076e658cf67e62ccd41ca247d29c994518945706edefcf0b635aa0,c1a73508ed2370cb4394bbb925a19e9fd44e4b1ab9d9754a29526fec3f20f561,extrasensory-gated-fold0-seed47-full,0.3,0.3000046111990654,19518,0.3145093647391327,0.6177641014422959,0.8762357268756227,232076,mean_normalized_threshold_margin,0.8538864094567076
V3-1,B4,0,47,natural_missingness,fb82651717076e658cf67e62ccd41ca247d29c994518945706edefcf0b635aa0,c1a73508ed2370cb4394bbb925a19e9fd44e4b1ab9d9754a29526fec3f20f561,extrasensory-gated-fold0-seed47-full,0.35,0.350005379732243,22771,0.3332000065492417,0.609721103481475,0.8552643233336286,263859,mean_normalized_threshold_margin,0.828680673228638
V3-1,B4,0,47,natural_missingness,fb82651717076e658cf67e62ccd41ca247d29c994518945706edefcf0b635aa0,c1a73508ed2370cb4394bbb925a19e9fd44e4b1ab9d9754a29526fec3f20f561,extrasensory-gated-fold0-seed47-full,0.4,0.4000061482654206,26024,0.3491810276770137,0.6092419919819737,0.8363923450246945,296009,mean_normalized_threshold_margin,0.80654215598143
V3-1,B4,0,47,natural_missingness,fb82651717076e658cf67e62ccd41ca247d29c994518945706edefcf0b635aa0,c1a73508ed2370cb4394bbb925a19e9fd44e4b1ab9d9754a29526fec3f20f561,extrasensory-gated-fold0-seed47-full,0.45,0.4500069167985982,29277,0.363083224418919,0.6138306893405885,0.8201011167287071,327538,mean_normalized_threshold_margin,0.786125776449348
V3-1,B4,0,47,natural_missingness,fb82651717076e658cf67e62ccd41ca247d29c994518945706edefcf0b635aa0,c1a73508ed2370cb4394bbb925a19e9fd44e4b1ab9d9754a29526fec3f20f561,extrasensory-gated-fold0-seed47-full,0.5,0.5000076853317758,32530,0.375904603668972,0.61018580887259,0.8043407642018923,359294,mean_normalized_threshold_margin,0.7676310379326595
V3-1,B4,0,47,natural_missingness,fb82651717076e658cf67e62ccd41ca247d29c994518945706edefcf0b635aa0,c1a73508ed2370cb4394bbb925a19e9fd44e4b1ab9d9754a29526fec3f20f561,extrasensory-gated-fold0-seed47-full,0.55,0.5500084538649533,35783,0.3881880234730148,0.606772154030793,0.7905004399677981,390492,mean_normalized_threshold_margin,0.7498502372460928
V3-1,B4,0,47,natural_missingness,fb82651717076e658cf67e62ccd41ca247d29c994518945706edefcf0b635aa0,c1a73508ed2370cb4394bbb925a19e9fd44e4b1ab9d9754a29526fec3f20f561,extrasensory-gated-fold0-seed47-full,0.6,0.6000092223981309,39036,0.4002118358472954,0.5977184557804461,0.7776621574748526,421973,mean_normalized_threshold_margin,0.732967178963573
V3-1,B4,0,47,natural_missingness,fb82651717076e658cf67e62ccd41ca247d29c994518945706edefcf0b635aa0,c1a73508ed2370cb4394bbb925a19e9fd44e4b1ab9d9754a29526fec3f20f561,extrasensory-gated-fold0-seed47-full,0.65,0.6500099909313085,42289,0.4100098776197027,0.594013940579775,0.7664651311192695,453226,mean_normalized_threshold_margin,0.715571364382584
V3-1,B4,0,47,natural_missingness,fb82651717076e658cf67e62ccd41ca247d29c994518945706edefcf0b635aa0,c1a73508ed2370cb4394bbb925a19e9fd44e4b1ab9d9754a29526fec3f20f561,extrasensory-gated-fold0-seed47-full,0.7,0.7000107594644861,45542,0.4189365194206346,0.5864972520458852,0.7561260121935106,484709,mean_normalized_threshold_margin,0.6967005023721102
V3-1,B4,0,47,natural_missingness,fb82651717076e658cf67e62ccd41ca247d29c994518945706edefcf0b635aa0,c1a73508ed2370cb4394bbb925a19e9fd44e4b1ab9d9754a29526fec3f20f561,extrasensory-gated-fold0-seed47-full,0.75,0.7500115279976637,48795,0.4263434315361653,0.5795956479423889,0.7463447855110915,515782,mean_normalized_threshold_margin,0.6755421918229008
V3-1,B4,0,47,natural_missingness,fb82651717076e658cf67e62ccd41ca247d29c994518945706edefcf0b635aa0,c1a73508ed2370cb4394bbb925a19e9fd44e4b1ab9d9754a29526fec3f20f561,extrasensory-gated-fold0-seed47-full,0.8,0.8000122965308413,52048,0.4322338123990293,0.5755756947860229,0.737286265488856,546985,mean_normalized_threshold_margin,0.6514545870232609
V3-1,B4,0,47,natural_missingness,fb82651717076e658cf67e62ccd41ca247d29c994518945706edefcf0b635aa0,c1a73508ed2370cb4394bbb925a19e9fd44e4b1ab9d9754a29526fec3f20f561,extrasensory-gated-fold0-seed47-full,0.85,0.8500130650640189,55301,0.4378071864253173,0.5708634016301569,0.7287612494387139,578669,mean_normalized_threshold_margin,0.6218781251704812
V3-1,B4,0,47,natural_missingness,fb82651717076e658cf67e62ccd41ca247d29c994518945706edefcf0b635aa0,c1a73508ed2370cb4394bbb925a19e9fd44e4b1ab9d9754a29526fec3f20f561,extrasensory-gated-fold0-seed47-full,0.9,0.9000138335971964,58554,0.4440991546068309,0.5658200266225937,0.7198616526750846,610660,mean_normalized_threshold_margin,0.582494927990752
V3-1,B4,0,47,natural_missingness,fb82651717076e658cf67e62ccd41ca247d29c994518945706edefcf0b635aa0,c1a73508ed2370cb4394bbb925a19e9fd44e4b1ab9d9754a29526fec3f20f561,extrasensory-gated-fold0-seed47-full,0.95,0.950014602130374,61807,0.4508760877628416,0.5601896872124887,0.7107680999632489,642205,mean_normalized_threshold_margin,0.5261999388517575
V3-1,B4,0,47,natural_missingness,fb82651717076e658cf67e62ccd41ca247d29c994518945706edefcf0b635aa0,c1a73508ed2370cb4394bbb925a19e9fd44e4b1ab9d9754a29526fec3f20f561,extrasensory-gated-fold0-seed47-full,1.0,1.0,65059,0.4604007354127374,0.5515488430091382,0.7008619173262973,673892,mean_normalized_threshold_margin,0.2321777803154407
V3-1,B5,0,47,natural_missingness,fb82651717076e658cf67e62ccd41ca247d29c994518945706edefcf0b635aa0,9606d3caf6b2767cfbbd3ab0fd901bca65fe14b9c6aad9892d84cc8927c25c1f,extrasensory-robust-gated-fold0-seed47-full,0.05,0.0500007685331775,3253,0.0839263854924187,0.4232401193564604,0.9556959445689832,42343,mean_binary_certainty,0.937500870167913
V3-1,B5,0,47,natural_missingness,fb82651717076e658cf67e62ccd41ca247d29c994518945706edefcf0b635aa0,9606d3caf6b2767cfbbd3ab0fd901bca65fe14b9c6aad9892d84cc8927c25c1f,extrasensory-robust-gated-fold0-seed47-full,0.1,0.1000015370663551,6506,0.1357142125778668,0.417429007324013,0.940422805893658,84769,mean_binary_certainty,0.907724230988308
V3-1,B5,0,47,natural_missingness,fb82651717076e658cf67e62ccd41ca247d29c994518945706edefcf0b635aa0,9606d3caf6b2767cfbbd3ab0fd901bca65fe14b9c6aad9892d84cc8927c25c1f,extrasensory-robust-gated-fold0-seed47-full,0.15,0.1500023055995327,9759,0.1579853767153181,0.4965475776466475,0.9335576114381834,125522,mean_binary_certainty,0.8230371656751291
V3-1,B5,0,47,natural_missingness,fb82651717076e658cf67e62ccd41ca247d29c994518945706edefcf0b635aa0,9606d3caf6b2767cfbbd3ab0fd901bca65fe14b9c6aad9892d84cc8927c25c1f,extrasensory-robust-gated-fold0-seed47-full,0.2,0.2000030741327103,13012,0.1771408213043344,0.5585950632976321,0.9216939543205752,162530,mean_binary_certainty,0.713524614576089
V3-1,B5,0,47,natural_missingness,fb82651717076e658cf67e62ccd41ca247d29c994518945706edefcf0b635aa0,9606d3caf6b2767cfbbd3ab0fd901bca65fe14b9c6aad9892d84cc8927c25c1f,extrasensory-robust-gated-fold0-seed47-full,0.25,0.2500038426658879,16265,0.1958636199287938,0.5912886726095702,0.9051278797875618,196729,mean_binary_certainty,0.6421537821505866
V3-1,B5,0,47,natural_missingness,fb82651717076e658cf67e62ccd41ca247d29c994518945706edefcf0b635aa0,9606d3caf6b2767cfbbd3ab0fd901bca65fe14b9c6aad9892d84cc8927c25c1f,extrasensory-robust-gated-fold0-seed47-full,0.3,0.3000046111990654,19518,0.2177937610878432,0.6263047634919141,0.8866419397261137,229593,mean_binary_certainty,0.5938613762234337
V3-1,B5,0,47,natural_missingness,fb82651717076e658cf67e62ccd41ca247d29c994518945706edefcf0b635aa0,9606d3caf6b2767cfbbd3ab0fd901bca65fe14b9c6aad9892d84cc8927c25c1f,extrasensory-robust-gated-fold0-seed47-full,0.35,0.350005379732243,22771,0.2402730868082899,0.6434904852769994,0.8680016175588805,262055,mean_binary_certainty,0.5587583473487259
V3-1,B5,0,47,natural_missingness,fb82651717076e658cf67e62ccd41ca247d29c994518945706edefcf0b635aa0,9606d3caf6b2767cfbbd3ab0fd901bca65fe14b9c6aad9892d84cc8927c25c1f,extrasensory-robust-gated-fold0-seed47-full,0.4,0.4000061482654206,26024,0.2607352600044485,0.6518508886302238,0.8507761799757503,293498,mean_binary_certainty,0.530211655980556
V3-1,B5,0,47,natural_missingness,fb82651717076e658cf67e62ccd41ca247d29c994518945706edefcf0b635aa0,9606d3caf6b2767cfbbd3ab0fd901bca65fe14b9c6aad9892d84cc8927c25c1f,extrasensory-robust-gated-fold0-seed47-full,0.45,0.4500069167985982,29277,0.2806616741572479,0.6504120347979173,0.8347833063970749,324272,mean_binary_certainty,0.506313043451859
V3-1,B5,0,47,natural_missingness,fb82651717076e658cf67e62ccd41ca247d29c994518945706edefcf0b635aa0,9606d3caf6b2767cfbbd3ab0fd901bca65fe14b9c6aad9892d84cc8927c25c1f,extrasensory-robust-gated-fold0-seed47-full,0.5,0.5000076853317758,32530,0.2967915285478953,0.646737097944466,0.8203397694798005,354733,mean_binary_certainty,0.483776999589967
V3-1,B5,0,47,natural_missingness,fb82651717076e658cf67e62ccd41ca247d29c994518945706edefcf0b635aa0,9606d3caf6b2767cfbbd3ab0fd901bca65fe14b9c6aad9892d84cc8927c25c1f,extrasensory-robust-gated-fold0-seed47-full,0.55,0.5500084538649533,35783,0.3108951561171415,0.6433177981238745,0.807922589334075,385148,mean_binary_certainty,0.4613457945737884
V3-1,B5,0,47,natural_missingness,fb82651717076e658cf67e62ccd41ca247d29c994518945706edefcf0b635aa0,9606d3caf6b2767cfbbd3ab0fd901bca65fe14b9c6aad9892d84cc8927c25c1f,extrasensory-robust-gated-fold0-seed47-full,0.6,0.6000092223981309,39036,0.323657500392747,0.637925145103094,0.796419284400511,416079,mean_binary_certainty,0.4385395603777808
V3-1,B5,0,47,natural_missingness,fb82651717076e658cf67e62ccd41ca247d29c994518945706edefcf0b635aa0,9606d3caf6b2767cfbbd3ab0fd901bca65fe14b9c6aad9892d84cc8927c25c1f,extrasensory-robust-gated-fold0-seed47-full,0.65,0.6500099909313085,42289,0.3356696921580743,0.6309567284461343,0.7860146124818823,446691,mean_binary_certainty,0.4134368797651763
V3-1,B5,0,47,natural_missingness,fb82651717076e658cf67e62ccd41ca247d29c994518945706edefcf0b635aa0,9606d3caf6b2767cfbbd3ab0fd901bca65fe14b9c6aad9892d84cc8927c25c1f,extrasensory-robust-gated-fold0-seed47-full,0.7,0.7000107594644861,45542,0.3459855738641315,0.626000045022813,0.7759765408874627,478172,mean_binary_certainty,0.3871275833170556
V3-1,B5,0,47,natural_missingness,fb82651717076e658cf67e62ccd41ca247d29c994518945706edefcf0b635aa0,9606d3caf6b2767cfbbd3ab0fd901bca65fe14b9c6aad9892d84cc8927c25c1f,extrasensory-robust-gated-fold0-seed47-full,0.75,0.7500115279976637,48795,0.3562965985657988,0.6205227256846296,0.7664973491692089,510601,mean_binary_certainty,0.3569193930808086
V3-1,B5,0,47,natural_missingness,fb82651717076e658cf67e62ccd41ca247d29c994518945706edefcf0b635aa0,9606d3caf6b2767cfbbd3ab0fd901bca65fe14b9c6aad9892d84cc8927c25c1f,extrasensory-robust-gated-fold0-seed47-full,0.8,0.8000122965308413,52048,0.366365750289994,0.6133119764799985,0.7569647379699981,543115,mean_binary_certainty,0.3254577234679081
V3-1,B5,0,47,natural_missingness,fb82651717076e658cf67e62ccd41ca247d29c994518945706edefcf0b635aa0,9606d3caf6b2767cfbbd3ab0fd901bca65fe14b9c6aad9892d84cc8927c25c1f,extrasensory-robust-gated-fold0-seed47-full,0.85,0.8500130650640189,55301,0.3761908339554864,0.6053838067169962,0.7479129148338041,575538,mean_binary_certainty,0.2916712807905584
V3-1,B5,0,47,natural_missingness,fb82651717076e658cf67e62ccd41ca247d29c994518945706edefcf0b635aa0,9606d3caf6b2767cfbbd3ab0fd901bca65fe14b9c6aad9892d84cc8927c25c1f,extrasensory-robust-gated-fold0-seed47-full,0.9,0.9000138335971964,58554,0.3858809776339357,0.5974542329758725,0.7390236271208493,608625,mean_binary_certainty,0.2537772146834975
V3-1,B5,0,47,natural_missingness,fb82651717076e658cf67e62ccd41ca247d29c994518945706edefcf0b635aa0,9606d3caf6b2767cfbbd3ab0fd901bca65fe14b9c6aad9892d84cc8927c25c1f,extrasensory-robust-gated-fold0-seed47-full,0.95,0.950014602130374,61807,0.3958406904266887,0.5891606035750151,0.7306769562370242,641042,mean_binary_certainty,0.2034811078375806
V3-1,B5,0,47,natural_missingness,fb82651717076e658cf67e62ccd41ca247d29c994518945706edefcf0b635aa0,9606d3caf6b2767cfbbd3ab0fd901bca65fe14b9c6aad9892d84cc8927c25c1f,extrasensory-robust-gated-fold0-seed47-full,1.0,1.0,65059,0.4064864670512113,0.5801188166319075,0.72276005095513,673892,mean_binary_certainty,0.0299610795761686
V3-1,B5,0,47,natural_missingness,fb82651717076e658cf67e62ccd41ca247d29c994518945706edefcf0b635aa0,9606d3caf6b2767cfbbd3ab0fd901bca65fe14b9c6aad9892d84cc8927c25c1f,extrasensory-robust-gated-fold0-seed47-full,0.05,0.0500007685331775,3253,0.0927546404557073,0.4253971838024377,0.957527401676338,42055,mean_normalized_threshold_margin,0.981486523040252
V3-1,B5,0,47,natural_missingness,fb82651717076e658cf67e62ccd41ca247d29c994518945706edefcf0b635aa0,9606d3caf6b2767cfbbd3ab0fd901bca65fe14b9c6aad9892d84cc8927c25c1f,extrasensory-robust-gated-fold0-seed47-full,0.1,0.1000015370663551,6506,0.1394687274893543,0.4217131981609186,0.946421667378874,83855,mean_normalized_threshold_margin,0.9599599373000804
V3-1,B5,0,47,natural_missingness,fb82651717076e658cf67e62ccd41ca247d29c994518945706edefcf0b635aa0,9606d3caf6b2767cfbbd3ab0fd901bca65fe14b9c6aad9892d84cc8927c25c1f,extrasensory-robust-gated-fold0-seed47-full,0.15,0.1500023055995327,9759,0.1535001876150004,0.4576951525746224,0.9364466726186388,125417,mean_normalized_threshold_margin,0.9316797071314196
V3-1,B5,0,47,natural_missingness,fb82651717076e658cf67e62ccd41ca247d29c994518945706edefcf0b635aa0,9606d3caf6b2767cfbbd3ab0fd901bca65fe14b9c6aad9892d84cc8927c25c1f,extrasensory-robust-gated-fold0-seed47-full,0.2,0.2000030741327103,13012,0.1781016689734229,0.5464394209357348,0.9236420160551924,163451,mean_normalized_threshold_margin,0.8702805806042969
V3-1,B5,0,47,natural_missingness,fb82651717076e658cf67e62ccd41ca247d29c994518945706edefcf0b635aa0,9606d3caf6b2767cfbbd3ab0fd901bca65fe14b9c6aad9892d84cc8927c25c1f,extrasensory-robust-gated-fold0-seed47-full,0.25,0.2500038426658879,16265,0.1980488706539682,0.5776291858181236,0.9076328174535844,198074,mean_normalized_threshold_margin,0.8154275891898607
V3-1,B5,0,47,natural_missingness,fb82651717076e658cf67e62ccd41ca247d29c994518945706edefcf0b635aa0,9606d3caf6b2767cfbbd3ab0fd901bca65fe14b9c6aad9892d84cc8927c25c1f,extrasensory-robust-gated-fold0-seed47-full,0.3,0.3000046111990654,19518,0.2182906581122572,0.613954532009957,0.8902093812141771,230431,mean_normalized_threshold_margin,0.777689986427917
V3-1,B5,0,47,natural_missingness,fb82651717076e658cf67e62ccd41ca247d29c994518945706edefcf0b635aa0,9606d3caf6b2767cfbbd3ab0fd901bca65fe14b9c6aad9892d84cc8927c25c1f,extrasensory-robust-gated-fold0-seed47-full,0.35,0.350005379732243,22771,0.2383146929537564,0.632246567772179,0.8734675250140023,262881,mean_normalized_threshold_margin,0.7477761716876157
V3-1,B5,0,47,natural_missingness,fb82651717076e658cf67e62ccd41ca247d29c994518945706edefcf0b635aa0,9606d3caf6b2767cfbbd3ab0fd901bca65fe14b9c6aad9892d84cc8927c25c1f,extrasensory-robust-gated-fold0-seed47-full,0.4,0.4000061482654206,26024,0.2591442656070938,0.6484615596619283,0.8578109161914593,294113,mean_normalized_threshold_margin,0.7240163834567295
V3-1,B5,0,47,natural_missingness,fb82651717076e658cf67e62ccd41ca247d29c994518945706edefcf0b635aa0,9606d3caf6b2767cfbbd3ab0fd901bca65fe14b9c6aad9892d84cc8927c25c1f,extrasensory-robust-gated-fold0-seed47-full,0.45,0.4500069167985982,29277,0.2782959232782414,0.6484727746312328,0.8423175795926439,325495,mean_normalized_threshold_margin,0.7048613103839689
V3-1,B5,0,47,natural_missingness,fb82651717076e658cf67e62ccd41ca247d29c994518945706edefcf0b635aa0,9606d3caf6b2767cfbbd3ab0fd901bca65fe14b9c6aad9892d84cc8927c25c1f,extrasensory-robust-gated-fold0-seed47-full,0.5,0.5000076853317758,32530,0.2950132923761492,0.6475011517419754,0.8281226533814612,356492,mean_normalized_threshold_margin,0.6878072684404606
V3-1,B5,0,47,natural_missingness,fb82651717076e658cf67e62ccd41ca247d29c994518945706edefcf0b635aa0,9606d3caf6b2767cfbbd3ab0fd901bca65fe14b9c6aad9892d84cc8927c25c1f,extrasensory-robust-gated-fold0-seed47-full,0.55,0.5500084538649533,35783,0.310167589517297,0.6422191653354745,0.8148236723409751,387167,mean_normalized_threshold_margin,0.6707545233379666
V3-1,B5,0,47,natural_missingness,fb82651717076e658cf67e62ccd41ca247d29c994518945706edefcf0b635aa0,9606d3caf6b2767cfbbd3ab0fd901bca65fe14b9c6aad9892d84cc8927c25c1f,extrasensory-robust-gated-fold0-seed47-full,0.6,0.6000092223981309,39036,0.3221977936662555,0.6387386583611635,0.8034603153423622,417611,mean_normalized_threshold_margin,0.6531814604941274
V3-1,B5,0,47,natural_missingness,fb82651717076e658cf67e62ccd41ca247d29c994518945706edefcf0b635aa0,9606d3caf6b2767cfbbd3ab0fd901bca65fe14b9c6aad9892d84cc8927c25c1f,extrasensory-robust-gated-fold0-seed47-full,0.65,0.6500099909313085,42289,0.3333288495212544,0.6348993666731754,0.7930230140745514,447934,mean_normalized_threshold_margin,0.6346580915875416
V3-1,B5,0,47,natural_missingness,fb82651717076e658cf67e62ccd41ca247d29c994518945706edefcf0b635aa0,9606d3caf6b2767cfbbd3ab0fd901bca65fe14b9c6aad9892d84cc8927c25c1f,extrasensory-robust-gated-fold0-seed47-full,0.7,0.7000107594644861,45542,0.343469240210312,0.6288542155119493,0.7827178004473296,478831,mean_normalized_threshold_margin,0.6151443696745031
V3-1,B5,0,47,natural_missingness,fb82651717076e658cf67e62ccd41ca247d29c994518945706edefcf0b635aa0,9606d3caf6b2767cfbbd3ab0fd901bca65fe14b9c6aad9892d84cc8927c25c1f,extrasensory-robust-gated-fold0-seed47-full,0.75,0.7500115279976637,48795,0.353347490558182,0.6218273537522248,0.7729679455726516,510325,mean_normalized_threshold_margin,0.5932464748992101
V3-1,B5,0,47,natural_missingness,fb82651717076e658cf67e62ccd41ca247d29c994518945706edefcf0b635aa0,9606d3caf6b2767cfbbd3ab0fd901bca65fe14b9c6aad9892d84cc8927c25c1f,extrasensory-robust-gated-fold0-seed47-full,0.8,0.8000122965308413,52048,0.3632832294223889,0.6157618893163571,0.7634634417167547,542359,mean_normalized_threshold_margin,0.5683451161428168
V3-1,B5,0,47,natural_missingness,fb82651717076e658cf67e62ccd41ca247d29c994518945706edefcf0b635aa0,9606d3caf6b2767cfbbd3ab0fd901bca65fe14b9c6aad9892d84cc8927c25c1f,extrasensory-robust-gated-fold0-seed47-full,0.85,0.8500130650640189,55301,0.3733018966569727,0.6073458014291747,0.7535793946695756,574962,mean_normalized_threshold_margin,0.5400042227433001
V3-1,B5,0,47,natural_missingness,fb82651717076e658cf67e62ccd41ca247d29c994518945706edefcf0b635aa0,9606d3caf6b2767cfbbd3ab0fd901bca65fe14b9c6aad9892d84cc8927c25c1f,extrasensory-robust-gated-fold0-seed47-full,0.9,0.9000138335971964,58554,0.3835868154014597,0.600212416785235,0.7437799817988308,607734,mean_normalized_threshold_margin,0.5026554272500614
V3-1,B5,0,47,natural_missingness,fb82651717076e658cf67e62ccd41ca247d29c994518945706edefcf0b635aa0,9606d3caf6b2767cfbbd3ab0fd901bca65fe14b9c6aad9892d84cc8927c25c1f,extrasensory-robust-gated-fold0-seed47-full,0.95,0.950014602130374,61807,0.3941393160061579,0.5919392326041837,0.7335666896117401,641153,mean_normalized_threshold_margin,0.4531034854076078
V3-1,B5,0,47,natural_missingness,fb82651717076e658cf67e62ccd41ca247d29c994518945706edefcf0b635aa0,9606d3caf6b2767cfbbd3ab0fd901bca65fe14b9c6aad9892d84cc8927c25c1f,extrasensory-robust-gated-fold0-seed47-full,1.0,1.0,65059,0.4064864670512113,0.5801188166319075,0.72276005095513,673892,mean_normalized_threshold_margin,0.2263457695179112
V3-1,P,0,47,natural_missingness,fb82651717076e658cf67e62ccd41ca247d29c994518945706edefcf0b635aa0,b8202ffe1c24425ea7ffd596ab96900e6563767adb99193edea3e10dfd84da32,extrasensory-quality-aware-fold0-seed47-full,0.05,0.0500007685331775,3253,0.1024827819175244,0.4707358687653243,0.9457243584487988,43267,mean_binary_certainty,0.9369297457796094
V3-1,P,0,47,natural_missingness,fb82651717076e658cf67e62ccd41ca247d29c994518945706edefcf0b635aa0,b8202ffe1c24425ea7ffd596ab96900e6563767adb99193edea3e10dfd84da32,extrasensory-quality-aware-fold0-seed47-full,0.1,0.1000015370663551,6506,0.1372365619644162,0.4660351550472426,0.9348284851243432,85225,mean_binary_certainty,0.9116110829800425
V3-1,P,0,47,natural_missingness,fb82651717076e658cf67e62ccd41ca247d29c994518945706edefcf0b635aa0,b8202ffe1c24425ea7ffd596ab96900e6563767adb99193edea3e10dfd84da32,extrasensory-quality-aware-fold0-seed47-full,0.15,0.1500023055995327,9759,0.1632334426061827,0.4520519596649386,0.9267880165804832,125725,mean_binary_certainty,0.8309323696925822
V3-1,P,0,47,natural_missingness,fb82651717076e658cf67e62ccd41ca247d29c994518945706edefcf0b635aa0,b8202ffe1c24425ea7ffd596ab96900e6563767adb99193edea3e10dfd84da32,extrasensory-quality-aware-fold0-seed47-full,0.2,0.2000030741327103,13012,0.1819995176973575,0.5961324070721022,0.9153350154191195,163005,mean_binary_certainty,0.722742268056637
V3-1,P,0,47,natural_missingness,fb82651717076e658cf67e62ccd41ca247d29c994518945706edefcf0b635aa0,b8202ffe1c24425ea7ffd596ab96900e6563767adb99193edea3e10dfd84da32,extrasensory-quality-aware-fold0-seed47-full,0.25,0.2500038426658879,16265,0.2054259905883828,0.6065524694011787,0.8958593368426765,197396,mean_binary_certainty,0.6512500048589094
V3-1,P,0,47,natural_missingness,fb82651717076e658cf67e62ccd41ca247d29c994518945706edefcf0b635aa0,b8202ffe1c24425ea7ffd596ab96900e6563767adb99193edea3e10dfd84da32,extrasensory-quality-aware-fold0-seed47-full,0.3,0.3000046111990654,19518,0.2310073090458687,0.630366085090914,0.8754573302100389,230512,mean_binary_certainty,0.60514229923914
V3-1,P,0,47,natural_missingness,fb82651717076e658cf67e62ccd41ca247d29c994518945706edefcf0b635aa0,b8202ffe1c24425ea7ffd596ab96900e6563767adb99193edea3e10dfd84da32,extrasensory-quality-aware-fold0-seed47-full,0.35,0.350005379732243,22771,0.2536341073014351,0.6445004104720641,0.8561132133006223,262997,mean_binary_certainty,0.5693643071839398
V3-1,P,0,47,natural_missingness,fb82651717076e658cf67e62ccd41ca247d29c994518945706edefcf0b635aa0,b8202ffe1c24425ea7ffd596ab96900e6563767adb99193edea3e10dfd84da32,extrasensory-quality-aware-fold0-seed47-full,0.4,0.4000061482654206,26024,0.2723490419596446,0.6405265426564662,0.8384589598102876,295131,mean_binary_certainty,0.5410082514979104
V3-1,P,0,47,natural_missingness,fb82651717076e658cf67e62ccd41ca247d29c994518945706edefcf0b635aa0,b8202ffe1c24425ea7ffd596ab96900e6563767adb99193edea3e10dfd84da32,extrasensory-quality-aware-fold0-seed47-full,0.45,0.4500069167985982,29277,0.2915185580894401,0.6382940081295815,0.8220328432870448,325500,mean_binary_certainty,0.5144819486731029
V3-1,P,0,47,natural_missingness,fb82651717076e658cf67e62ccd41ca247d29c994518945706edefcf0b635aa0,b8202ffe1c24425ea7ffd596ab96900e6563767adb99193edea3e10dfd84da32,extrasensory-quality-aware-fold0-seed47-full,0.5,0.5000076853317758,32530,0.3096723989806844,0.6359404968971593,0.8080595396931287,354947,mean_binary_certainty,0.4903108833609405
V3-1,P,0,47,natural_missingness,fb82651717076e658cf67e62ccd41ca247d29c994518945706edefcf0b635aa0,b8202ffe1c24425ea7ffd596ab96900e6563767adb99193edea3e10dfd84da32,extrasensory-quality-aware-fold0-seed47-full,0.55,0.5500084538649533,35783,0.3242949371528864,0.6300750666844673,0.794912835544585,385509,mean_binary_certainty,0.4671028280476256
V3-1,P,0,47,natural_missingness,fb82651717076e658cf67e62ccd41ca247d29c994518945706edefcf0b635aa0,b8202ffe1c24425ea7ffd596ab96900e6563767adb99193edea3e10dfd84da32,extrasensory-quality-aware-fold0-seed47-full,0.6,0.6000092223981309,39036,0.33841159031002,0.6243039899036247,0.7831730295180129,416254,mean_binary_certainty,0.4429098705998978
V3-1,P,0,47,natural_missingness,fb82651717076e658cf67e62ccd41ca247d29c994518945706edefcf0b635aa0,b8202ffe1c24425ea7ffd596ab96900e6563767adb99193edea3e10dfd84da32,extrasensory-quality-aware-fold0-seed47-full,0.65,0.6500099909313085,42289,0.3510313165841864,0.6186928757121017,0.7714581092336733,447368,mean_binary_certainty,0.4189623878147197
V3-1,P,0,47,natural_missingness,fb82651717076e658cf67e62ccd41ca247d29c994518945706edefcf0b635aa0,b8202ffe1c24425ea7ffd596ab96900e6563767adb99193edea3e10dfd84da32,extrasensory-quality-aware-fold0-seed47-full,0.7,0.7000107594644861,45542,0.3617505376938392,0.614497250874707,0.7614046628918701,479160,mean_binary_certainty,0.3932268361837513
V3-1,P,0,47,natural_missingness,fb82651717076e658cf67e62ccd41ca247d29c994518945706edefcf0b635aa0,b8202ffe1c24425ea7ffd596ab96900e6563767adb99193edea3e10dfd84da32,extrasensory-quality-aware-fold0-seed47-full,0.75,0.7500115279976637,48795,0.3721391515666017,0.608393531687859,0.7508683969667675,511184,mean_binary_certainty,0.3638022805960871
V3-1,P,0,47,natural_missingness,fb82651717076e658cf67e62ccd41ca247d29c994518945706edefcf0b635aa0,b8202ffe1c24425ea7ffd596ab96900e6563767adb99193edea3e10dfd84da32,extrasensory-quality-aware-fold0-seed47-full,0.8,0.8000122965308413,52048,0.3829089109083539,0.6018452022283828,0.7406869156614833,543365,mean_binary_certainty,0.3297737751843572
V3-1,P,0,47,natural_missingness,fb82651717076e658cf67e62ccd41ca247d29c994518945706edefcf0b635aa0,b8202ffe1c24425ea7ffd596ab96900e6563767adb99193edea3e10dfd84da32,extrasensory-quality-aware-fold0-seed47-full,0.85,0.8500130650640189,55301,0.3927628185454792,0.5950238994168281,0.731158700708182,575692,mean_binary_certainty,0.2940632011598263
V3-1,P,0,47,natural_missingness,fb82651717076e658cf67e62ccd41ca247d29c994518945706edefcf0b635aa0,b8202ffe1c24425ea7ffd596ab96900e6563767adb99193edea3e10dfd84da32,extrasensory-quality-aware-fold0-seed47-full,0.9,0.9000138335971964,58554,0.4033993173637729,0.5873253409805643,0.7220056949085542,608365,mean_binary_certainty,0.2502204729149155
V3-1,P,0,47,natural_missingness,fb82651717076e658cf67e62ccd41ca247d29c994518945706edefcf0b635aa0,b8202ffe1c24425ea7ffd596ab96900e6563767adb99193edea3e10dfd84da32,extrasensory-quality-aware-fold0-seed47-full,0.95,0.950014602130374,61807,0.4136266770887268,0.578886258603647,0.7141819672611204,640853,mean_binary_certainty,0.1958338940661212
V3-1,P,0,47,natural_missingness,fb82651717076e658cf67e62ccd41ca247d29c994518945706edefcf0b635aa0,b8202ffe1c24425ea7ffd596ab96900e6563767adb99193edea3e10dfd84da32,extrasensory-quality-aware-fold0-seed47-full,1.0,1.0,65059,0.4243972635014076,0.5732527208852068,0.7084585063564317,673892,mean_binary_certainty,0.0250556521432266
V3-1,P,0,47,natural_missingness,fb82651717076e658cf67e62ccd41ca247d29c994518945706edefcf0b635aa0,b8202ffe1c24425ea7ffd596ab96900e6563767adb99193edea3e10dfd84da32,extrasensory-quality-aware-fold0-seed47-full,0.05,0.0500007685331775,3253,0.0940408306055639,0.4765817287363637,0.9540405666452028,42671,mean_normalized_threshold_margin,0.9798308389975676
V3-1,P,0,47,natural_missingness,fb82651717076e658cf67e62ccd41ca247d29c994518945706edefcf0b635aa0,b8202ffe1c24425ea7ffd596ab96900e6563767adb99193edea3e10dfd84da32,extrasensory-quality-aware-fold0-seed47-full,0.1,0.1000015370663551,6506,0.1264130998067912,0.4195871796712992,0.9424636322888228,83979,mean_normalized_threshold_margin,0.9608294894251376
V3-1,P,0,47,natural_missingness,fb82651717076e658cf67e62ccd41ca247d29c994518945706edefcf0b635aa0,b8202ffe1c24425ea7ffd596ab96900e6563767adb99193edea3e10dfd84da32,extrasensory-quality-aware-fold0-seed47-full,0.15,0.1500023055995327,9759,0.161604116713854,0.442096876658953,0.9284393031666712,125385,mean_normalized_threshold_margin,0.932853648112652
V3-1,P,0,47,natural_missingness,fb82651717076e658cf67e62ccd41ca247d29c994518945706edefcf0b635aa0,b8202ffe1c24425ea7ffd596ab96900e6563767adb99193edea3e10dfd84da32,extrasensory-quality-aware-fold0-seed47-full,0.2,0.2000030741327103,13012,0.1854330598177152,0.5859880547575383,0.9157285369448658,163564,mean_normalized_threshold_margin,0.8685024061859055
V3-1,P,0,47,natural_missingness,fb82651717076e658cf67e62ccd41ca247d29c994518945706edefcf0b635aa0,b8202ffe1c24425ea7ffd596ab96900e6563767adb99193edea3e10dfd84da32,extrasensory-quality-aware-fold0-seed47-full,0.25,0.2500038426658879,16265,0.2074584000519503,0.6183169001818776,0.8981734954898353,197995,mean_normalized_threshold_margin,0.817817374740473
V3-1,P,0,47,natural_missingness,fb82651717076e658cf67e62ccd41ca247d29c994518945706edefcf0b635aa0,b8202ffe1c24425ea7ffd596ab96900e6563767adb99193edea3e10dfd84da32,extrasensory-quality-aware-fold0-seed47-full,0.3,0.3000046111990654,19518,0.2291959545658769,0.636145484545023,0.879479487279386,231231,mean_normalized_threshold_margin,0.7832018351619223
V3-1,P,0,47,natural_missingness,fb82651717076e658cf67e62ccd41ca247d29c994518945706edefcf0b635aa0,b8202ffe1c24425ea7ffd596ab96900e6563767adb99193edea3e10dfd84da32,extrasensory-quality-aware-fold0-seed47-full,0.35,0.350005379732243,22771,0.2518259443347666,0.6358500221815091,0.8606412226364131,263708,mean_normalized_threshold_margin,0.754605861816232
V3-1,P,0,47,natural_missingness,fb82651717076e658cf67e62ccd41ca247d29c994518945706edefcf0b635aa0,b8202ffe1c24425ea7ffd596ab96900e6563767adb99193edea3e10dfd84da32,extrasensory-quality-aware-fold0-seed47-full,0.4,0.4000061482654206,26024,0.27234117472255,0.6362606404012451,0.8430832802380319,295734,mean_normalized_threshold_margin,0.731499698127745
V3-1,P,0,47,natural_missingness,fb82651717076e658cf67e62ccd41ca247d29c994518945706edefcf0b635aa0,b8202ffe1c24425ea7ffd596ab96900e6563767adb99193edea3e10dfd84da32,extrasensory-quality-aware-fold0-seed47-full,0.45,0.4500069167985982,29277,0.2903945084620081,0.6306282020539764,0.8271100433347554,326954,mean_normalized_threshold_margin,0.7105048909739993
V3-1,P,0,47,natural_missingness,fb82651717076e658cf67e62ccd41ca247d29c994518945706edefcf0b635aa0,b8202ffe1c24425ea7ffd596ab96900e6563767adb99193edea3e10dfd84da32,extrasensory-quality-aware-fold0-seed47-full,0.5,0.5000076853317758,32530,0.307731872006847,0.6299653667708152,0.8131776523318702,357752,mean_normalized_threshold_margin,0.6920724279295537
V3-1,P,0,47,natural_missingness,fb82651717076e658cf67e62ccd41ca247d29c994518945706edefcf0b635aa0,b8202ffe1c24425ea7ffd596ab96900e6563767adb99193edea3e10dfd84da32,extrasensory-quality-aware-fold0-seed47-full,0.55,0.5500084538649533,35783,0.3230317187720225,0.6256475871960284,0.7995524875029755,387883,mean_normalized_threshold_margin,0.673948542571283
V3-1,P,0,47,natural_missingness,fb82651717076e658cf67e62ccd41ca247d29c994518945706edefcf0b635aa0,b8202ffe1c24425ea7ffd596ab96900e6563767adb99193edea3e10dfd84da32,extrasensory-quality-aware-fold0-seed47-full,0.6,0.6000092223981309,39036,0.3366289384403904,0.6222340506412889,0.7877776794406585,418219,mean_normalized_threshold_margin,0.6550367019978661
V3-1,P,0,47,natural_missingness,fb82651717076e658cf67e62ccd41ca247d29c994518945706edefcf0b635aa0,b8202ffe1c24425ea7ffd596ab96900e6563767adb99193edea3e10dfd84da32,extrasensory-quality-aware-fold0-seed47-full,0.65,0.6500099909313085,42289,0.3483606083560694,0.6169461615373915,0.7765920541835302,448721,mean_normalized_threshold_margin,0.63594293075667
V3-1,P,0,47,natural_missingness,fb82651717076e658cf67e62ccd41ca247d29c994518945706edefcf0b635aa0,b8202ffe1c24425ea7ffd596ab96900e6563767adb99193edea3e10dfd84da32,extrasensory-quality-aware-fold0-seed47-full,0.7,0.7000107594644861,45542,0.3588960705259298,0.6128604190285779,0.7661453058195004,479875,mean_normalized_threshold_margin,0.6153162620159629
V3-1,P,0,47,natural_missingness,fb82651717076e658cf67e62ccd41ca247d29c994518945706edefcf0b635aa0,b8202ffe1c24425ea7ffd596ab96900e6563767adb99193edea3e10dfd84da32,extrasensory-quality-aware-fold0-seed47-full,0.75,0.7500115279976637,48795,0.3690459758817057,0.6081975882916215,0.7568624173875762,511397,mean_normalized_threshold_margin,0.5919195125059749
V3-1,P,0,47,natural_missingness,fb82651717076e658cf67e62ccd41ca247d29c994518945706edefcf0b635aa0,b8202ffe1c24425ea7ffd596ab96900e6563767adb99193edea3e10dfd84da32,extrasensory-quality-aware-fold0-seed47-full,0.8,0.8000122965308413,52048,0.3794312839608992,0.6046729673495186,0.7475513211556256,543030,mean_normalized_threshold_margin,0.5650093777767062
V3-1,P,0,47,natural_missingness,fb82651717076e658cf67e62ccd41ca247d29c994518945706edefcf0b635aa0,b8202ffe1c24425ea7ffd596ab96900e6563767adb99193edea3e10dfd84da32,extrasensory-quality-aware-fold0-seed47-full,0.85,0.8500130650640189,55301,0.3897235536989488,0.5972830727392079,0.7376728267422038,575152,mean_normalized_threshold_margin,0.5333309159147642
V3-1,P,0,47,natural_missingness,fb82651717076e658cf67e62ccd41ca247d29c994518945706edefcf0b635aa0,b8202ffe1c24425ea7ffd596ab96900e6563767adb99193edea3e10dfd84da32,extrasensory-quality-aware-fold0-seed47-full,0.9,0.9000138335971964,58554,0.4000958696250766,0.590787830058489,0.728194445724609,607805,mean_normalized_threshold_margin,0.4948582032424538
V3-1,P,0,47,natural_missingness,fb82651717076e658cf67e62ccd41ca247d29c994518945706edefcf0b635aa0,b8202ffe1c24425ea7ffd596ab96900e6563767adb99193edea3e10dfd84da32,extrasensory-quality-aware-fold0-seed47-full,0.95,0.950014602130374,61807,0.4111467814565304,0.5823154789011018,0.7180668172769887,640946,mean_normalized_threshold_margin,0.4423085724171116
V3-1,P,0,47,natural_missingness,fb82651717076e658cf67e62ccd41ca247d29c994518945706edefcf0b635aa0,b8202ffe1c24425ea7ffd596ab96900e6563767adb99193edea3e10dfd84da32,extrasensory-quality-aware-fold0-seed47-full,1.0,1.0,65059,0.4243972635014076,0.5732527208852068,0.7084585063564317,673892,mean_normalized_threshold_margin,0.2066435591833837
V3-1,P2,0,47,natural_missingness,fb82651717076e658cf67e62ccd41ca247d29c994518945706edefcf0b635aa0,4713ca0d554d4ba66875cada7f2b9ad8e1a37c83062a6da42fc3f5f33ec0cd2f,extrasensory-p2-fold0-seed47-v2_multiseed,0.05,0.0500007685331775,3253,0.1283918734192015,0.4669467027436116,0.9383417768441864,41069,mean_binary_certainty,0.9396212001801604
V3-1,P2,0,47,natural_missingness,fb82651717076e658cf67e62ccd41ca247d29c994518945706edefcf0b635aa0,4713ca0d554d4ba66875cada7f2b9ad8e1a37c83062a6da42fc3f5f33ec0cd2f,extrasensory-p2-fold0-seed47-v2_multiseed,0.1,0.1000015370663551,6506,0.15564231107868,0.4159587708796797,0.9362255428052506,83718,mean_binary_certainty,0.908600545950944
V3-1,P2,0,47,natural_missingness,fb82651717076e658cf67e62ccd41ca247d29c994518945706edefcf0b635aa0,4713ca0d554d4ba66875cada7f2b9ad8e1a37c83062a6da42fc3f5f33ec0cd2f,extrasensory-p2-fold0-seed47-v2_multiseed,0.15,0.1500023055995327,9759,0.1694730506396526,0.508142137645459,0.930203572912339,125134,mean_binary_certainty,0.8314947200436541
V3-1,P2,0,47,natural_missingness,fb82651717076e658cf67e62ccd41ca247d29c994518945706edefcf0b635aa0,4713ca0d554d4ba66875cada7f2b9ad8e1a37c83062a6da42fc3f5f33ec0cd2f,extrasensory-p2-fold0-seed47-v2_multiseed,0.2,0.2000030741327103,13012,0.184748965506648,0.5764495276606137,0.9221146431325508,162624,mean_binary_certainty,0.7210056529260597
V3-1,P2,0,47,natural_missingness,fb82651717076e658cf67e62ccd41ca247d29c994518945706edefcf0b635aa0,4713ca0d554d4ba66875cada7f2b9ad8e1a37c83062a6da42fc3f5f33ec0cd2f,extrasensory-p2-fold0-seed47-v2_multiseed,0.25,0.2500038426658879,16265,0.2018250756380301,0.6402716473082435,0.9083903648219,197175,mean_binary_certainty,0.6481237864985328
V3-1,P2,0,47,natural_missingness,fb82651717076e658cf67e62ccd41ca247d29c994518945706edefcf0b635aa0,4713ca0d554d4ba66875cada7f2b9ad8e1a37c83062a6da42fc3f5f33ec0cd2f,extrasensory-p2-fold0-seed47-v2_multiseed,0.3,0.3000046111990654,19518,0.2219271260783533,0.6685649194056397,0.8901026975642444,230433,mean_binary_certainty,0.6028354217315954
V3-1,P2,0,47,natural_missingness,fb82651717076e658cf67e62ccd41ca247d29c994518945706edefcf0b635aa0,4713ca0d554d4ba66875cada7f2b9ad8e1a37c83062a6da42fc3f5f33ec0cd2f,extrasensory-p2-fold0-seed47-v2_multiseed,0.35,0.350005379732243,22771,0.2418955538190431,0.6588835213469306,0.8727878553257383,262220,mean_binary_certainty,0.5682146325590403
V3-1,P2,0,47,natural_missingness,fb82651717076e658cf67e62ccd41ca247d29c994518945706edefcf0b635aa0,4713ca0d554d4ba66875cada7f2b9ad8e1a37c83062a6da42fc3f5f33ec0cd2f,extrasensory-p2-fold0-seed47-v2_multiseed,0.4,0.4000061482654206,26024,0.2616028196875394,0.6571673422404546,0.8543800338072984,293920,mean_binary_certainty,0.5411690550017887
V3-1,P2,0,47,natural_missingness,fb82651717076e658cf67e62ccd41ca247d29c994518945706edefcf0b635aa0,4713ca0d554d4ba66875cada7f2b9ad8e1a37c83062a6da42fc3f5f33ec0cd2f,extrasensory-p2-fold0-seed47-v2_multiseed,0.45,0.4500069167985982,29277,0.2819426366378839,0.6472890448204819,0.8366694625167185,324499,mean_binary_certainty,0.5168883862784375
V3-1,P2,0,47,natural_missingness,fb82651717076e658cf67e62ccd41ca247d29c994518945706edefcf0b635aa0,4713ca0d554d4ba66875cada7f2b9ad8e1a37c83062a6da42fc3f5f33ec0cd2f,extrasensory-p2-fold0-seed47-v2_multiseed,0.5,0.5000076853317758,32530,0.2987835126881096,0.6432098854252924,0.8219467846220374,355139,mean_binary_certainty,0.4930544639418319
V3-1,P2,0,47,natural_missingness,fb82651717076e658cf67e62ccd41ca247d29c994518945706edefcf0b635aa0,4713ca0d554d4ba66875cada7f2b9ad8e1a37c83062a6da42fc3f5f33ec0cd2f,extrasensory-p2-fold0-seed47-v2_multiseed,0.55,0.5500084538649533,35783,0.3155145586300903,0.6389675133799683,0.8082473630699696,385778,mean_binary_certainty,0.4699313628138644
V3-1,P2,0,47,natural_missingness,fb82651717076e658cf67e62ccd41ca247d29c994518945706edefcf0b635aa0,4713ca0d554d4ba66875cada7f2b9ad8e1a37c83062a6da42fc3f5f33ec0cd2f,extrasensory-p2-fold0-seed47-v2_multiseed,0.6,0.6000092223981309,39036,0.3303939458070422,0.6313885344823102,0.7961744027548605,416204,mean_binary_certainty,0.4465938073968521
V3-1,P2,0,47,natural_missingness,fb82651717076e658cf67e62ccd41ca247d29c994518945706edefcf0b635aa0,4713ca0d554d4ba66875cada7f2b9ad8e1a37c83062a6da42fc3f5f33ec0cd2f,extrasensory-p2-fold0-seed47-v2_multiseed,0.65,0.6500099909313085,42289,0.3429697816266423,0.625201667646875,0.7847555229818867,447244,mean_binary_certainty,0.4219460551541024
V3-1,P2,0,47,natural_missingness,fb82651717076e658cf67e62ccd41ca247d29c994518945706edefcf0b635aa0,4713ca0d554d4ba66875cada7f2b9ad8e1a37c83062a6da42fc3f5f33ec0cd2f,extrasensory-p2-fold0-seed47-v2_multiseed,0.7,0.7000107594644861,45542,0.3539518977054489,0.6201257463208539,0.7745895855872806,478954,mean_binary_certainty,0.3963412140317791
V3-1,P2,0,47,natural_missingness,fb82651717076e658cf67e62ccd41ca247d29c994518945706edefcf0b635aa0,4713ca0d554d4ba66875cada7f2b9ad8e1a37c83062a6da42fc3f5f33ec0cd2f,extrasensory-p2-fold0-seed47-v2_multiseed,0.75,0.7500115279976637,48795,0.3646250972295869,0.613129794970111,0.7641819172273671,510795,mean_binary_certainty,0.3686606962899518
V3-1,P2,0,47,natural_missingness,fb82651717076e658cf67e62ccd41ca247d29c994518945706edefcf0b635aa0,4713ca0d554d4ba66875cada7f2b9ad8e1a37c83062a6da42fc3f5f33ec0cd2f,extrasensory-p2-fold0-seed47-v2_multiseed,0.8,0.8000122965308413,52048,0.3751683586447783,0.6054973751355324,0.7538499889208952,543171,mean_binary_certainty,0.3379506711772573
V3-1,P2,0,47,natural_missingness,fb82651717076e658cf67e62ccd41ca247d29c994518945706edefcf0b635aa0,4713ca0d554d4ba66875cada7f2b9ad8e1a37c83062a6da42fc3f5f33ec0cd2f,extrasensory-p2-fold0-seed47-v2_multiseed,0.85,0.8500130650640189,55301,0.3857376185485299,0.596983995328,0.7438657021688133,575466,mean_binary_certainty,0.3031094636040442
V3-1,P2,0,47,natural_missingness,fb82651717076e658cf67e62ccd41ca247d29c994518945706edefcf0b635aa0,4713ca0d554d4ba66875cada7f2b9ad8e1a37c83062a6da42fc3f5f33ec0cd2f,extrasensory-p2-fold0-seed47-v2_multiseed,0.9,0.9000138335971964,58554,0.3961952460759259,0.5881490238451433,0.7341747926447937,608051,mean_binary_certainty,0.2627211165653271
V3-1,P2,0,47,natural_missingness,fb82651717076e658cf67e62ccd41ca247d29c994518945706edefcf0b635aa0,4713ca0d554d4ba66875cada7f2b9ad8e1a37c83062a6da42fc3f5f33ec0cd2f,extrasensory-p2-fold0-seed47-v2_multiseed,0.95,0.950014602130374,61807,0.4068570267209815,0.5789186747097698,0.7246799811659009,640596,mean_binary_certainty,0.2101152726671481
V3-1,P2,0,47,natural_missingness,fb82651717076e658cf67e62ccd41ca247d29c994518945706edefcf0b635aa0,4713ca0d554d4ba66875cada7f2b9ad8e1a37c83062a6da42fc3f5f33ec0cd2f,extrasensory-p2-fold0-seed47-v2_multiseed,1.0,1.0,65059,0.4181073355770862,0.5716197763884875,0.7167951290389538,673892,mean_binary_certainty,0.0268310751088106
V3-1,P2,0,47,natural_missingness,fb82651717076e658cf67e62ccd41ca247d29c994518945706edefcf0b635aa0,4713ca0d554d4ba66875cada7f2b9ad8e1a37c83062a6da42fc3f5f33ec0cd2f,extrasensory-p2-fold0-seed47-v2_multiseed,0.05,0.0500007685331775,3253,0.1362355961259392,0.4169944448106526,0.9396851359640156,40642,mean_normalized_threshold_margin,0.9829150623870296
V3-1,P2,0,47,natural_missingness,fb82651717076e658cf67e62ccd41ca247d29c994518945706edefcf0b635aa0,4713ca0d554d4ba66875cada7f2b9ad8e1a37c83062a6da42fc3f5f33ec0cd2f,extrasensory-p2-fold0-seed47-v2_multiseed,0.1,0.1000015370663551,6506,0.1445286415448372,0.4200748859777845,0.9422524596174608,82691,mean_normalized_threshold_margin,0.9619841836330248
V3-1,P2,0,47,natural_missingness,fb82651717076e658cf67e62ccd41ca247d29c994518945706edefcf0b635aa0,4713ca0d554d4ba66875cada7f2b9ad8e1a37c83062a6da42fc3f5f33ec0cd2f,extrasensory-p2-fold0-seed47-v2_multiseed,0.15,0.1500023055995327,9759,0.1663868924785674,0.4817114023738326,0.9329806725351628,124547,mean_normalized_threshold_margin,0.934627510276097
V3-1,P2,0,47,natural_missingness,fb82651717076e658cf67e62ccd41ca247d29c994518945706edefcf0b635aa0,4713ca0d554d4ba66875cada7f2b9ad8e1a37c83062a6da42fc3f5f33ec0cd2f,extrasensory-p2-fold0-seed47-v2_multiseed,0.2,0.2000030741327103,13012,0.1867555730177403,0.5526127356404037,0.9220554333853884,163562,mean_normalized_threshold_margin,0.8773270655908535
V3-1,P2,0,47,natural_missingness,fb82651717076e658cf67e62ccd41ca247d29c994518945706edefcf0b635aa0,4713ca0d554d4ba66875cada7f2b9ad8e1a37c83062a6da42fc3f5f33ec0cd2f,extrasensory-p2-fold0-seed47-v2_multiseed,0.25,0.2500038426658879,16265,0.2013017811648447,0.6168845111508332,0.9102949280901672,198392,mean_normalized_threshold_margin,0.8200165742905927
V3-1,P2,0,47,natural_missingness,fb82651717076e658cf67e62ccd41ca247d29c994518945706edefcf0b635aa0,4713ca0d554d4ba66875cada7f2b9ad8e1a37c83062a6da42fc3f5f33ec0cd2f,extrasensory-p2-fold0-seed47-v2_multiseed,0.3,0.3000046111990654,19518,0.2202519851666358,0.6591919524987984,0.8941205625425934,231220,mean_normalized_threshold_margin,0.7820533681748706
V3-1,P2,0,47,natural_missingness,fb82651717076e658cf67e62ccd41ca247d29c994518945706edefcf0b635aa0,4713ca0d554d4ba66875cada7f2b9ad8e1a37c83062a6da42fc3f5f33ec0cd2f,extrasensory-p2-fold0-seed47-v2_multiseed,0.35,0.350005379732243,22771,0.2390399147603287,0.674175112351379,0.8776319048798613,263060,mean_normalized_threshold_margin,0.7540865211506997
V3-1,P2,0,47,natural_missingness,fb82651717076e658cf67e62ccd41ca247d29c994518945706edefcf0b635aa0,4713ca0d554d4ba66875cada7f2b9ad8e1a37c83062a6da42fc3f5f33ec0cd2f,extrasensory-p2-fold0-seed47-v2_multiseed,0.4,0.4000061482654206,26024,0.2585130409271204,0.6725695824762047,0.8612617968343613,294667,mean_normalized_threshold_margin,0.7305226216022725
V3-1,P2,0,47,natural_missingness,fb82651717076e658cf67e62ccd41ca247d29c994518945706edefcf0b635aa0,4713ca0d554d4ba66875cada7f2b9ad8e1a37c83062a6da42fc3f5f33ec0cd2f,extrasensory-p2-fold0-seed47-v2_multiseed,0.45,0.4500069167985982,29277,0.2785255648063052,0.6618272823919447,0.8443473327678888,326470,mean_normalized_threshold_margin,0.7101938260885192
V3-1,P2,0,47,natural_missingness,fb82651717076e658cf67e62ccd41ca247d29c994518945706edefcf0b635aa0,4713ca0d554d4ba66875cada7f2b9ad8e1a37c83062a6da42fc3f5f33ec0cd2f,extrasensory-p2-fold0-seed47-v2_multiseed,0.5,0.5000076853317758,32530,0.2973763955885792,0.65269461301007,0.8289631003916719,356677,mean_normalized_threshold_margin,0.6915431252590004
V3-1,P2,0,47,natural_missingness,fb82651717076e658cf67e62ccd41ca247d29c994518945706edefcf0b635aa0,4713ca0d554d4ba66875cada7f2b9ad8e1a37c83062a6da42fc3f5f33ec0cd2f,extrasensory-p2-fold0-seed47-v2_multiseed,0.55,0.5500084538649533,35783,0.3144311498619879,0.6440969829545388,0.8147140778499491,387090,mean_normalized_threshold_margin,0.6739595828767811
V3-1,P2,0,47,natural_missingness,fb82651717076e658cf67e62ccd41ca247d29c994518945706edefcf0b635aa0,4713ca0d554d4ba66875cada7f2b9ad8e1a37c83062a6da42fc3f5f33ec0cd2f,extrasensory-p2-fold0-seed47-v2_multiseed,0.6,0.6000092223981309,39036,0.32927257269109,0.6382403507490018,0.8028036433221228,417303,mean_normalized_threshold_margin,0.6566084479525834
V3-1,P2,0,47,natural_missingness,fb82651717076e658cf67e62ccd41ca247d29c994518945706edefcf0b635aa0,4713ca0d554d4ba66875cada7f2b9ad8e1a37c83062a6da42fc3f5f33ec0cd2f,extrasensory-p2-fold0-seed47-v2_multiseed,0.65,0.6500099909313085,42289,0.3409085804933155,0.6311174653164063,0.791989632087698,447746,mean_normalized_threshold_margin,0.6383320251097306
V3-1,P2,0,47,natural_missingness,fb82651717076e658cf67e62ccd41ca247d29c994518945706edefcf0b635aa0,4713ca0d554d4ba66875cada7f2b9ad8e1a37c83062a6da42fc3f5f33ec0cd2f,extrasensory-p2-fold0-seed47-v2_multiseed,0.7,0.7000107594644861,45542,0.3513401194382723,0.6245066787951032,0.7816297189500047,479021,mean_normalized_threshold_margin,0.6182093774509515
V3-1,P2,0,47,natural_missingness,fb82651717076e658cf67e62ccd41ca247d29c994518945706edefcf0b635aa0,4713ca0d554d4ba66875cada7f2b9ad8e1a37c83062a6da42fc3f5f33ec0cd2f,extrasensory-p2-fold0-seed47-v2_multiseed,0.75,0.7500115279976637,48795,0.3616627593596349,0.6164193852017128,0.7709586609734275,510033,mean_normalized_threshold_margin,0.5950269259668912
V3-1,P2,0,47,natural_missingness,fb82651717076e658cf67e62ccd41ca247d29c994518945706edefcf0b635aa0,4713ca0d554d4ba66875cada7f2b9ad8e1a37c83062a6da42fc3f5f33ec0cd2f,extrasensory-p2-fold0-seed47-v2_multiseed,0.8,0.8000122965308413,52048,0.3713167510596438,0.6087612956073875,0.7607827256753789,541704,mean_normalized_threshold_margin,0.5682986395387085
V3-1,P2,0,47,natural_missingness,fb82651717076e658cf67e62ccd41ca247d29c994518945706edefcf0b635aa0,4713ca0d554d4ba66875cada7f2b9ad8e1a37c83062a6da42fc3f5f33ec0cd2f,extrasensory-p2-fold0-seed47-v2_multiseed,0.85,0.8500130650640189,55301,0.3811379936501202,0.6011780416160146,0.7506778583567935,574260,mean_normalized_threshold_margin,0.5368608618802736
V3-1,P2,0,47,natural_missingness,fb82651717076e658cf67e62ccd41ca247d29c994518945706edefcf0b635aa0,4713ca0d554d4ba66875cada7f2b9ad8e1a37c83062a6da42fc3f5f33ec0cd2f,extrasensory-p2-fold0-seed47-v2_multiseed,0.9,0.9000138335971964,58554,0.3921462469756999,0.5915898735300019,0.7397279621726182,607361,mean_normalized_threshold_margin,0.495752189298825
V3-1,P2,0,47,natural_missingness,fb82651717076e658cf67e62ccd41ca247d29c994518945706edefcf0b635aa0,4713ca0d554d4ba66875cada7f2b9ad8e1a37c83062a6da42fc3f5f33ec0cd2f,extrasensory-p2-fold0-seed47-v2_multiseed,0.95,0.950014602130374,61807,0.40410402312811,0.5825423451439005,0.7286520767210802,640595,mean_normalized_threshold_margin,0.4412733263802518
V3-1,P2,0,47,natural_missingness,fb82651717076e658cf67e62ccd41ca247d29c994518945706edefcf0b635aa0,4713ca0d554d4ba66875cada7f2b9ad8e1a37c83062a6da42fc3f5f33ec0cd2f,extrasensory-p2-fold0-seed47-v2_multiseed,1.0,1.0,65059,0.4181073355770862,0.5716197763884875,0.7167951290389538,673892,mean_normalized_threshold_margin,0.2123741619449605
V3-1,P2,0,47,natural_missingness,fb82651717076e658cf67e62ccd41ca247d29c994518945706edefcf0b635aa0,4713ca0d554d4ba66875cada7f2b9ad8e1a37c83062a6da42fc3f5f33ec0cd2f,extrasensory-p2-fold0-seed47-v2_multiseed,0.05,0.0500007685331775,3253,0.4768268975826918,0.5467316817574984,0.6042272639131278,32767,p2_system_reliability,0.9956885576248168
V3-1,P2,0,47,natural_missingness,fb82651717076e658cf67e62ccd41ca247d29c994518945706edefcf0b635aa0,4713ca0d554d4ba66875cada7f2b9ad8e1a37c83062a6da42fc3f5f33ec0cd2f,extrasensory-p2-fold0-seed47-v2_multiseed,0.1,0.1000015370663551,6506,0.4644613090023653,0.5585424248611104,0.628962939894114,66291,p2_system_reliability,0.9947141408920288
V3-1,P2,0,47,natural_missingness,fb82651717076e658cf67e62ccd41ca247d29c994518945706edefcf0b635aa0,4713ca0d554d4ba66875cada7f2b9ad8e1a37c83062a6da42fc3f5f33ec0cd2f,extrasensory-p2-fold0-seed47-v2_multiseed,0.15,0.1500023055995327,9759,0.4481398941983128,0.5740797668912191,0.6557317295425551,100151,p2_system_reliability,0.9939663410186768
V3-1,P2,0,47,natural_missingness,fb82651717076e658cf67e62ccd41ca247d29c994518945706edefcf0b635aa0,4713ca0d554d4ba66875cada7f2b9ad8e1a37c83062a6da42fc3f5f33ec0cd2f,extrasensory-p2-fold0-seed47-v2_multiseed,0.2,0.2000030741327103,13012,0.4369785860698295,0.580564003942555,0.6742414155311941,134890,p2_system_reliability,0.9933104515075684
V3-1,P2,0,47,natural_missingness,fb82651717076e658cf67e62ccd41ca247d29c994518945706edefcf0b635aa0,4713ca0d554d4ba66875cada7f2b9ad8e1a37c83062a6da42fc3f5f33ec0cd2f,extrasensory-p2-fold0-seed47-v2_multiseed,0.25,0.2500038426658879,16265,0.4272697933945921,0.579501516688193,0.6884160646674874,169903,p2_system_reliability,0.9926761388778688
V3-1,P2,0,47,natural_missingness,fb82651717076e658cf67e62ccd41ca247d29c994518945706edefcf0b635aa0,4713ca0d554d4ba66875cada7f2b9ad8e1a37c83062a6da42fc3f5f33ec0cd2f,extrasensory-p2-fold0-seed47-v2_multiseed,0.3,0.3000046111990654,19518,0.4193054602152747,0.5808941196130634,0.699741246789455,204872,p2_system_reliability,0.9920637607574464
V3-1,P2,0,47,natural_missingness,fb82651717076e658cf67e62ccd41ca247d29c994518945706edefcf0b635aa0,4713ca0d554d4ba66875cada7f2b9ad8e1a37c83062a6da42fc3f5f33ec0cd2f,extrasensory-p2-fold0-seed47-v2_multiseed,0.35,0.350005379732243,22771,0.4150738983802355,0.5795241236056826,0.7050490462552028,239440,p2_system_reliability,0.9914196133613586
V3-1,P2,0,47,natural_missingness,fb82651717076e658cf67e62ccd41ca247d29c994518945706edefcf0b635aa0,4713ca0d554d4ba66875cada7f2b9ad8e1a37c83062a6da42fc3f5f33ec0cd2f,extrasensory-p2-fold0-seed47-v2_multiseed,0.4,0.4000061482654206,26024,0.4120588754843905,0.5780372810753477,0.7095320892317872,273905,p2_system_reliability,0.9906931519508362
V3-1,P2,0,47,natural_missingness,fb82651717076e658cf67e62ccd41ca247d29c994518945706edefcf0b635aa0,4713ca0d554d4ba66875cada7f2b9ad8e1a37c83062a6da42fc3f5f33ec0cd2f,extrasensory-p2-fold0-seed47-v2_multiseed,0.45,0.4500069167985982,29277,0.4121631824277422,0.5756651947674686,0.7107123232928718,307151,p2_system_reliability,0.9898720383644104
V3-1,P2,0,47,natural_missingness,fb82651717076e658cf67e62ccd41ca247d29c994518945706edefcf0b635aa0,4713ca0d554d4ba66875cada7f2b9ad8e1a37c83062a6da42fc3f5f33ec0cd2f,extrasensory-p2-fold0-seed47-v2_multiseed,0.5,0.5000076853317758,32530,0.412871690390941,0.5766399377836773,0.7114796933963586,340157,p2_system_reliability,0.9889090061187744
V3-1,P2,0,47,natural_missingness,fb82651717076e658cf67e62ccd41ca247d29c994518945706edefcf0b635aa0,4713ca0d554d4ba66875cada7f2b9ad8e1a37c83062a6da42fc3f5f33ec0cd2f,extrasensory-p2-fold0-seed47-v2_multiseed,0.55,0.5500084538649533,35783,0.4142828846294457,0.5755797830945719,0.7119196362655099,372961,p2_system_reliability,0.9878247380256652
V3-1,P2,0,47,natural_missingness,fb82651717076e658cf67e62ccd41ca247d29c994518945706edefcf0b635aa0,4713ca0d554d4ba66875cada7f2b9ad8e1a37c83062a6da42fc3f5f33ec0cd2f,extrasensory-p2-fold0-seed47-v2_multiseed,0.6,0.6000092223981309,39036,0.4165035847503516,0.5744254418978857,0.7115839353758471,405415,p2_system_reliability,0.9864811897277832
V3-1,P2,0,47,natural_missingness,fb82651717076e658cf67e62ccd41ca247d29c994518945706edefcf0b635aa0,4713ca0d554d4ba66875cada7f2b9ad8e1a37c83062a6da42fc3f5f33ec0cd2f,extrasensory-p2-fold0-seed47-v2_multiseed,0.65,0.6500099909313085,42289,0.4181223548998322,0.5737666476985993,0.7117785417043604,437594,p2_system_reliability,0.9848722219467164
V3-1,P2,0,47,natural_missingness,fb82651717076e658cf67e62ccd41ca247d29c994518945706edefcf0b635aa0,4713ca0d554d4ba66875cada7f2b9ad8e1a37c83062a6da42fc3f5f33ec0cd2f,extrasensory-p2-fold0-seed47-v2_multiseed,0.7,0.7000107594644861,45542,0.4190814117046746,0.5727675801479511,0.7119593038136678,470111,p2_system_reliability,0.982997179031372
V3-1,P2,0,47,natural_missingness,fb82651717076e658cf67e62ccd41ca247d29c994518945706edefcf0b635aa0,4713ca0d554d4ba66875cada7f2b9ad8e1a37c83062a6da42fc3f5f33ec0cd2f,extrasensory-p2-fold0-seed47-v2_multiseed,0.75,0.7500115279976637,48795,0.4197826113787505,0.5727066183136402,0.7115653167449537,502815,p2_system_reliability,0.9806127548217772
V3-1,P2,0,47,natural_missingness,fb82651717076e658cf67e62ccd41ca247d29c994518945706edefcf0b635aa0,4713ca0d554d4ba66875cada7f2b9ad8e1a37c83062a6da42fc3f5f33ec0cd2f,extrasensory-p2-fold0-seed47-v2_multiseed,0.8,0.8000122965308413,52048,0.419793107733506,0.5733749006031575,0.7118701007838746,535604,p2_system_reliability,0.9775732755661012
V3-1,P2,0,47,natural_missingness,fb82651717076e658cf67e62ccd41ca247d29c994518945706edefcf0b635aa0,4713ca0d554d4ba66875cada7f2b9ad8e1a37c83062a6da42fc3f5f33ec0cd2f,extrasensory-p2-fold0-seed47-v2_multiseed,0.85,0.8500130650640189,55301,0.4190429302425533,0.5734864772007026,0.7128422671367688,569463,p2_system_reliability,0.9738026261329652
V3-1,P2,0,47,natural_missingness,fb82651717076e658cf67e62ccd41ca247d29c994518945706edefcf0b635aa0,4713ca0d554d4ba66875cada7f2b9ad8e1a37c83062a6da42fc3f5f33ec0cd2f,extrasensory-p2-fold0-seed47-v2_multiseed,0.9,0.9000138335971964,58554,0.4176185337861211,0.5745028582752746,0.7148735782972983,603672,p2_system_reliability,0.9685654044151306
V3-1,P2,0,47,natural_missingness,fb82651717076e658cf67e62ccd41ca247d29c994518945706edefcf0b635aa0,4713ca0d554d4ba66875cada7f2b9ad8e1a37c83062a6da42fc3f5f33ec0cd2f,extrasensory-p2-fold0-seed47-v2_multiseed,0.95,0.950014602130374,61807,0.4172111513328521,0.5739443682162044,0.716200425342962,638546,p2_system_reliability,0.9591469168663024
V3-1,P2,0,47,natural_missingness,fb82651717076e658cf67e62ccd41ca247d29c994518945706edefcf0b635aa0,4713ca0d554d4ba66875cada7f2b9ad8e1a37c83062a6da42fc3f5f33ec0cd2f,extrasensory-p2-fold0-seed47-v2_multiseed,1.0,1.0,65059,0.4181073355770862,0.5716197763884875,0.7167951290389538,673892,p2_system_reliability,0.8240059614181519
V3-1,B4,1,13,natural_missingness,fb82651717076e658cf67e62ccd41ca247d29c994518945706edefcf0b635aa0,32515811a9626aabab78e96992fa0df72dc8098e68baea75892416dd6a500cdf,extrasensory-gated-fold1-seed13-credible,0.05,0.0500121159904149,3715,0.5160307350876098,0.3469153649457601,0.8745572111329772,34852,mean_binary_certainty,0.9649916733461018
V3-1,B4,1,13,natural_missingness,fb82651717076e658cf67e62ccd41ca247d29c994518945706edefcf0b635aa0,32515811a9626aabab78e96992fa0df72dc8098e68baea75892416dd6a500cdf,extrasensory-gated-fold1-seed13-credible,0.1,0.1000107697692577,7429,0.4133468844518767,0.4243614180047012,0.8936955816680389,73961,mean_binary_certainty,0.9391160894299868
V3-1,B4,1,13,natural_missingness,fb82651717076e658cf67e62ccd41ca247d29c994518945706edefcf0b635aa0,32515811a9626aabab78e96992fa0df72dc8098e68baea75892416dd6a500cdf,extrasensory-gated-fold1-seed13-credible,0.15,0.1500094235481004,11143,0.3687600321197473,0.4970356604080633,0.9073341424585848,114497,mean_binary_certainty,0.9113423051942108
V3-1,B4,1,13,natural_missingness,fb82651717076e658cf67e62ccd41ca247d29c994518945706edefcf0b635aa0,32515811a9626aabab78e96992fa0df72dc8098e68baea75892416dd6a500cdf,extrasensory-gated-fold1-seed13-credible,0.2,0.2000080773269432,14857,0.3635777328231348,0.5048143507591768,0.8977041937361189,153109,mean_binary_certainty,0.8586077800614348
V3-1,B4,1,13,natural_missingness,fb82651717076e658cf67e62ccd41ca247d29c994518945706edefcf0b635aa0,32515811a9626aabab78e96992fa0df72dc8098e68baea75892416dd6a500cdf,extrasensory-gated-fold1-seed13-credible,0.25,0.2500067311057861,18571,0.3580411729479818,0.5811112601248117,0.8799867313189654,189657,mean_binary_certainty,0.8059678838185754
V3-1,B4,1,13,natural_missingness,fb82651717076e658cf67e62ccd41ca247d29c994518945706edefcf0b635aa0,32515811a9626aabab78e96992fa0df72dc8098e68baea75892416dd6a500cdf,extrasensory-gated-fold1-seed13-credible,0.3,0.3000053848846288,22285,0.3631752554847399,0.6424095474718589,0.8619129972063323,225256,mean_binary_certainty,0.7569011181830033
V3-1,B4,1,13,natural_missingness,fb82651717076e658cf67e62ccd41ca247d29c994518945706edefcf0b635aa0,32515811a9626aabab78e96992fa0df72dc8098e68baea75892416dd6a500cdf,extrasensory-gated-fold1-seed13-credible,0.35,0.3500040386634716,25999,0.3720680239868766,0.6597055931373956,0.8441411350536362,262789,mean_binary_certainty,0.7147599868519574
V3-1,B4,1,13,natural_missingness,fb82651717076e658cf67e62ccd41ca247d29c994518945706edefcf0b635aa0,32515811a9626aabab78e96992fa0df72dc8098e68baea75892416dd6a500cdf,extrasensory-gated-fold1-seed13-credible,0.4,0.4000026924423144,29713,0.3795342788169779,0.6617495233488859,0.8264877390440784,300787,mean_binary_certainty,0.6774840623029612
V3-1,B4,1,13,natural_missingness,fb82651717076e658cf67e62ccd41ca247d29c994518945706edefcf0b635aa0,32515811a9626aabab78e96992fa0df72dc8098e68baea75892416dd6a500cdf,extrasensory-gated-fold1-seed13-credible,0.45,0.4500013462211572,33427,0.3885352140994292,0.6613598897022374,0.8086696902705289,339117,mean_binary_certainty,0.6452670510417261
V3-1,B4,1,13,natural_missingness,fb82651717076e658cf67e62ccd41ca247d29c994518945706edefcf0b635aa0,32515811a9626aabab78e96992fa0df72dc8098e68baea75892416dd6a500cdf,extrasensory-gated-fold1-seed13-credible,0.5,0.5,37141,0.39529703030165,0.6572071629229906,0.7938435528431818,377192,mean_binary_certainty,0.6160851073313038
V3-1,B4,1,13,natural_missingness,fb82651717076e658cf67e62ccd41ca247d29c994518945706edefcf0b635aa0,32515811a9626aabab78e96992fa0df72dc8098e68baea75892416dd6a500cdf,extrasensory-gated-fold1-seed13-credible,0.55,0.5500121159904149,40856,0.4003057307898652,0.6531404125945361,0.7811239972711661,415441,mean_binary_certainty,0.5905469853967916
V3-1,B4,1,13,natural_missingness,fb82651717076e658cf67e62ccd41ca247d29c994518945706edefcf0b635aa0,32515811a9626aabab78e96992fa0df72dc8098e68baea75892416dd6a500cdf,extrasensory-gated-fold1-seed13-credible,0.6,0.6000107697692577,44570,0.4056205677714751,0.648916398603432,0.7694431701131318,453536,mean_binary_certainty,0.5650996397207193
V3-1,B4,1,13,natural_missingness,fb82651717076e658cf67e62ccd41ca247d29c994518945706edefcf0b635aa0,32515811a9626aabab78e96992fa0df72dc8098e68baea75892416dd6a500cdf,extrasensory-gated-fold1-seed13-credible,0.65,0.6500094235481004,48284,0.4114260572269312,0.6433332490888016,0.758321911494778,491505,mean_binary_certainty,0.5395141117952043
V3-1,B4,1,13,natural_missingness,fb82651717076e658cf67e62ccd41ca247d29c994518945706edefcf0b635aa0,32515811a9626aabab78e96992fa0df72dc8098e68baea75892416dd6a500cdf,extrasensory-gated-fold1-seed13-credible,0.7,0.7000080773269433,51998,0.4163305496527749,0.6374100740475366,0.7477969040803055,529198,mean_binary_certainty,0.5137586591285982
V3-1,B4,1,13,natural_missingness,fb82651717076e658cf67e62ccd41ca247d29c994518945706edefcf0b635aa0,32515811a9626aabab78e96992fa0df72dc8098e68baea75892416dd6a500cdf,extrasensory-gated-fold1-seed13-credible,0.75,0.7500067311057861,55712,0.4213993666852646,0.6319772346927675,0.7381830254949586,566755,mean_binary_certainty,0.4870073363376435
V3-1,B4,1,13,natural_missingness,fb82651717076e658cf67e62ccd41ca247d29c994518945706edefcf0b635aa0,32515811a9626aabab78e96992fa0df72dc8098e68baea75892416dd6a500cdf,extrasensory-gated-fold1-seed13-credible,0.8,0.8000053848846288,59426,0.4268477931846309,0.6256228382698755,0.7289098376507377,604603,mean_binary_certainty,0.4576304013996094
V3-1,B4,1,13,natural_missingness,fb82651717076e658cf67e62ccd41ca247d29c994518945706edefcf0b635aa0,32515811a9626aabab78e96992fa0df72dc8098e68baea75892416dd6a500cdf,extrasensory-gated-fold1-seed13-credible,0.85,0.8500040386634716,63140,0.433378650819231,0.6173463863831244,0.7192485196527268,642886,mean_binary_certainty,0.4216528904404151
V3-1,B4,1,13,natural_missingness,fb82651717076e658cf67e62ccd41ca247d29c994518945706edefcf0b635aa0,32515811a9626aabab78e96992fa0df72dc8098e68baea75892416dd6a500cdf,extrasensory-gated-fold1-seed13-credible,0.9,0.9000026924423145,66854,0.4403058145622448,0.6083509874506684,0.7097172970557338,681100,mean_binary_certainty,0.3743617948877075
V3-1,B4,1,13,natural_missingness,fb82651717076e658cf67e62ccd41ca247d29c994518945706edefcf0b635aa0,32515811a9626aabab78e96992fa0df72dc8098e68baea75892416dd6a500cdf,extrasensory-gated-fold1-seed13-credible,0.95,0.9500013462211572,70568,0.448168786218981,0.599304262724136,0.7002056420297306,719933,mean_binary_certainty,0.3058957111267235
V3-1,B4,1,13,natural_missingness,fb82651717076e658cf67e62ccd41ca247d29c994518945706edefcf0b635aa0,32515811a9626aabab78e96992fa0df72dc8098e68baea75892416dd6a500cdf,extrasensory-gated-fold1-seed13-credible,1.0,1.0,74282,0.4571947146893528,0.5901233373877424,0.6906209701803033,756803,mean_binary_certainty,0.0287037588570656
V3-1,B4,1,13,natural_missingness,fb82651717076e658cf67e62ccd41ca247d29c994518945706edefcf0b635aa0,32515811a9626aabab78e96992fa0df72dc8098e68baea75892416dd6a500cdf,extrasensory-gated-fold1-seed13-credible,0.05,0.0500121159904149,3715,0.3590656392800398,0.3522299634755698,0.919073980875692,35411,mean_normalized_threshold_margin,0.987235857782594
V3-1,B4,1,13,natural_missingness,fb82651717076e658cf67e62ccd41ca247d29c994518945706edefcf0b635aa0,32515811a9626aabab78e96992fa0df72dc8098e68baea75892416dd6a500cdf,extrasensory-gated-fold1-seed13-credible,0.1,0.1000107697692577,7429,0.3583832284694886,0.4458711403376379,0.9130842875915148,75272,mean_normalized_threshold_margin,0.9716768698988746
V3-1,B4,1,13,natural_missingness,fb82651717076e658cf67e62ccd41ca247d29c994518945706edefcf0b635aa0,32515811a9626aabab78e96992fa0df72dc8098e68baea75892416dd6a500cdf,extrasensory-gated-fold1-seed13-credible,0.15,0.1500094235481004,11143,0.3564014062355443,0.4857101938540107,0.9096373410171802,115404,mean_normalized_threshold_margin,0.9512698250725904
V3-1,B4,1,13,natural_missingness,fb82651717076e658cf67e62ccd41ca247d29c994518945706edefcf0b635aa0,32515811a9626aabab78e96992fa0df72dc8098e68baea75892416dd6a500cdf,extrasensory-gated-fold1-seed13-credible,0.2,0.2000080773269432,14857,0.3510437012830126,0.4794382010763011,0.9000705384434516,153384,mean_normalized_threshold_margin,0.9265295788305784
V3-1,B4,1,13,natural_missingness,fb82651717076e658cf67e62ccd41ca247d29c994518945706edefcf0b635aa0,32515811a9626aabab78e96992fa0df72dc8098e68baea75892416dd6a500cdf,extrasensory-gated-fold1-seed13-credible,0.25,0.2500067311057861,18571,0.3559156215542853,0.6285521381974597,0.8818738243241953,191284,mean_normalized_threshold_margin,0.892588227560601
V3-1,B4,1,13,natural_missingness,fb82651717076e658cf67e62ccd41ca247d29c994518945706edefcf0b635aa0,32515811a9626aabab78e96992fa0df72dc8098e68baea75892416dd6a500cdf,extrasensory-gated-fold1-seed13-credible,0.3,0.3000053848846288,22285,0.3699449363032348,0.6306993002906169,0.8611600717970279,229011,mean_normalized_threshold_margin,0.8658023395253245
V3-1,B4,1,13,natural_missingness,fb82651717076e658cf67e62ccd41ca247d29c994518945706edefcf0b635aa0,32515811a9626aabab78e96992fa0df72dc8098e68baea75892416dd6a500cdf,extrasensory-gated-fold1-seed13-credible,0.35,0.3500040386634716,25999,0.3783749840320265,0.6529257838504842,0.843255745079927,265881,mean_normalized_threshold_margin,0.8408390804284438
V3-1,B4,1,13,natural_missingness,fb82651717076e658cf67e62ccd41ca247d29c994518945706edefcf0b635aa0,32515811a9626aabab78e96992fa0df72dc8098e68baea75892416dd6a500cdf,extrasensory-gated-fold1-seed13-credible,0.4,0.4000026924423144,29713,0.3848183499454691,0.6571922863761603,0.8260918575669143,302691,mean_normalized_threshold_margin,0.8176629779627989
V3-1,B4,1,13,natural_missingness,fb82651717076e658cf67e62ccd41ca247d29c994518945706edefcf0b635aa0,32515811a9626aabab78e96992fa0df72dc8098e68baea75892416dd6a500cdf,extrasensory-gated-fold1-seed13-credible,0.45,0.4500013462211572,33427,0.3900968724948283,0.6601635192521901,0.810728864283348,340404,mean_normalized_threshold_margin,0.7960623992075057
V3-1,B4,1,13,natural_missingness,fb82651717076e658cf67e62ccd41ca247d29c994518945706edefcf0b635aa0,32515811a9626aabab78e96992fa0df72dc8098e68baea75892416dd6a500cdf,extrasensory-gated-fold1-seed13-credible,0.5,0.5,37141,0.396213682064539,0.6598105560182979,0.7960550347010836,378760,mean_normalized_threshold_margin,0.775263229860409
V3-1,B4,1,13,natural_missingness,fb82651717076e658cf67e62ccd41ca247d29c994518945706edefcf0b635aa0,32515811a9626aabab78e96992fa0df72dc8098e68baea75892416dd6a500cdf,extrasensory-gated-fold1-seed13-credible,0.55,0.5500121159904149,40856,0.4029662162634201,0.6567370464592575,0.7827703577638833,417167,mean_normalized_threshold_margin,0.7546106454582907
V3-1,B4,1,13,natural_missingness,fb82651717076e658cf67e62ccd41ca247d29c994518945706edefcf0b635aa0,32515811a9626aabab78e96992fa0df72dc8098e68baea75892416dd6a500cdf,extrasensory-gated-fold1-seed13-credible,0.6,0.6000107697692577,44570,0.4092356017616649,0.6526054892563129,0.7705960354969229,455699,mean_normalized_threshold_margin,0.7346512879258974
V3-1,B4,1,13,natural_missingness,fb82651717076e658cf67e62ccd41ca247d29c994518945706edefcf0b635aa0,32515811a9626aabab78e96992fa0df72dc8098e68baea75892416dd6a500cdf,extrasensory-gated-fold1-seed13-credible,0.65,0.6500094235481004,48284,0.4139988344210953,0.6482951542667453,0.7597475958226557,493639,mean_normalized_threshold_margin,0.7137408059313232
V3-1,B4,1,13,natural_missingness,fb82651717076e658cf67e62ccd41ca247d29c994518945706edefcf0b635aa0,32515811a9626aabab78e96992fa0df72dc8098e68baea75892416dd6a500cdf,extrasensory-gated-fold1-seed13-credible,0.7,0.7000080773269433,51998,0.4192849494036411,0.6420202582759126,0.7494502755951683,531216,mean_normalized_threshold_margin,0.6924535241682382
V3-1,B4,1,13,natural_missingness,fb82651717076e658cf67e62ccd41ca247d29c994518945706edefcf0b635aa0,32515811a9626aabab78e96992fa0df72dc8098e68baea75892416dd6a500cdf,extrasensory-gated-fold1-seed13-credible,0.75,0.7500067311057861,55712,0.424418295394332,0.6350679750104324,0.7396246582663569,569214,mean_normalized_threshold_margin,0.6680086627367825
V3-1,B4,1,13,natural_missingness,fb82651717076e658cf67e62ccd41ca247d29c994518945706edefcf0b635aa0,32515811a9626aabab78e96992fa0df72dc8098e68baea75892416dd6a500cdf,extrasensory-gated-fold1-seed13-credible,0.8,0.8000053848846288,59426,0.4299928026705217,0.6284455242506315,0.7300353833842713,607740,mean_normalized_threshold_margin,0.6407202608751508
V3-1,B4,1,13,natural_missingness,fb82651717076e658cf67e62ccd41ca247d29c994518945706edefcf0b635aa0,32515811a9626aabab78e96992fa0df72dc8098e68baea75892416dd6a500cdf,extrasensory-gated-fold1-seed13-credible,0.85,0.8500040386634716,63140,0.4355178688944465,0.6211254762283762,0.7209345986833738,645678,mean_normalized_threshold_margin,0.6086835763544111
V3-1,B4,1,13,natural_missingness,fb82651717076e658cf67e62ccd41ca247d29c994518945706edefcf0b635aa0,32515811a9626aabab78e96992fa0df72dc8098e68baea75892416dd6a500cdf,extrasensory-gated-fold1-seed13-credible,0.9,0.9000026924423145,66854,0.441936902597545,0.6116608881340226,0.7110908783774111,683442,mean_normalized_threshold_margin,0.5690140157997774
V3-1,B4,1,13,natural_missingness,fb82651717076e658cf67e62ccd41ca247d29c994518945706edefcf0b635aa0,32515811a9626aabab78e96992fa0df72dc8098e68baea75892416dd6a500cdf,extrasensory-gated-fold1-seed13-credible,0.95,0.9500013462211572,70568,0.4489886958775949,0.6018834407897493,0.7010381506092312,720518,mean_normalized_threshold_margin,0.5100963478537147
V3-1,B4,1,13,natural_missingness,fb82651717076e658cf67e62ccd41ca247d29c994518945706edefcf0b635aa0,32515811a9626aabab78e96992fa0df72dc8098e68baea75892416dd6a500cdf,extrasensory-gated-fold1-seed13-credible,1.0,1.0,74282,0.4571947146893528,0.5901233373877424,0.6906209701803033,756803,mean_normalized_threshold_margin,0.2202548317559752
V3-1,B5,1,13,natural_missingness,fb82651717076e658cf67e62ccd41ca247d29c994518945706edefcf0b635aa0,1613adb978b3181f218132267af6b11581fc7f36b55b0e8b5716cb6eed33a755,extrasensory-robust-gated-fold1-seed13-credible,0.05,0.0500121159904149,3715,0.4803724004507305,0.5597402028982124,0.8830449198346733,42155,mean_binary_certainty,0.953316242608205
V3-1,B5,1,13,natural_missingness,fb82651717076e658cf67e62ccd41ca247d29c994518945706edefcf0b635aa0,1613adb978b3181f218132267af6b11581fc7f36b55b0e8b5716cb6eed33a755,extrasensory-robust-gated-fold1-seed13-credible,0.1,0.1000107697692577,7429,0.3953804687634769,0.5129343216693198,0.8961819060550965,81230,mean_binary_certainty,0.9307484008828582
V3-1,B5,1,13,natural_missingness,fb82651717076e658cf67e62ccd41ca247d29c994518945706edefcf0b635aa0,1613adb978b3181f218132267af6b11581fc7f36b55b0e8b5716cb6eed33a755,extrasensory-robust-gated-fold1-seed13-credible,0.15,0.1500094235481004,11143,0.3636881929443875,0.5283094062539772,0.8982833480121757,119941,mean_binary_certainty,0.8840692344597099
V3-1,B5,1,13,natural_missingness,fb82651717076e658cf67e62ccd41ca247d29c994518945706edefcf0b635aa0,1613adb978b3181f218132267af6b11581fc7f36b55b0e8b5716cb6eed33a755,extrasensory-robust-gated-fold1-seed13-credible,0.2,0.2000080773269432,14857,0.3560860184619397,0.5972961172004998,0.8893276451715263,158431,mean_binary_certainty,0.8091319491206735
V3-1,B5,1,13,natural_missingness,fb82651717076e658cf67e62ccd41ca247d29c994518945706edefcf0b635aa0,1613adb978b3181f218132267af6b11581fc7f36b55b0e8b5716cb6eed33a755,extrasensory-robust-gated-fold1-seed13-credible,0.25,0.2500067311057861,18571,0.3514217134543088,0.6528503514184824,0.8734111025545953,198591,mean_binary_certainty,0.7452297295389928
V3-1,B5,1,13,natural_missingness,fb82651717076e658cf67e62ccd41ca247d29c994518945706edefcf0b635aa0,1613adb978b3181f218132267af6b11581fc7f36b55b0e8b5716cb6eed33a755,extrasensory-robust-gated-fold1-seed13-credible,0.3,0.3000053848846288,22285,0.3559709189831205,0.6799628771708828,0.8565475469412477,236413,mean_binary_certainty,0.6968070844397931
V3-1,B5,1,13,natural_missingness,fb82651717076e658cf67e62ccd41ca247d29c994518945706edefcf0b635aa0,1613adb978b3181f218132267af6b11581fc7f36b55b0e8b5716cb6eed33a755,extrasensory-robust-gated-fold1-seed13-credible,0.35,0.3500040386634716,25999,0.3654627466876022,0.6894038513651114,0.83761772343572,273451,mean_binary_certainty,0.6573628270427487
V3-1,B5,1,13,natural_missingness,fb82651717076e658cf67e62ccd41ca247d29c994518945706edefcf0b635aa0,1613adb978b3181f218132267af6b11581fc7f36b55b0e8b5716cb6eed33a755,extrasensory-robust-gated-fold1-seed13-credible,0.4,0.4000026924423144,29713,0.3736129372484108,0.6842315879981609,0.81916238840697,309660,mean_binary_certainty,0.6247156579383359
V3-1,B5,1,13,natural_missingness,fb82651717076e658cf67e62ccd41ca247d29c994518945706edefcf0b635aa0,1613adb978b3181f218132267af6b11581fc7f36b55b0e8b5716cb6eed33a755,extrasensory-robust-gated-fold1-seed13-credible,0.45,0.4500013462211572,33427,0.3797187476288451,0.6785275455381714,0.8027157143920269,345335,mean_binary_certainty,0.5959994615243245
V3-1,B5,1,13,natural_missingness,fb82651717076e658cf67e62ccd41ca247d29c994518945706edefcf0b635aa0,1613adb978b3181f218132267af6b11581fc7f36b55b0e8b5716cb6eed33a755,extrasensory-robust-gated-fold1-seed13-credible,0.5,0.5,37141,0.3850056716594472,0.6709395590916387,0.7875806081348999,381759,mean_binary_certainty,0.5703105425422861
V3-1,B5,1,13,natural_missingness,fb82651717076e658cf67e62ccd41ca247d29c994518945706edefcf0b635aa0,1613adb978b3181f218132267af6b11581fc7f36b55b0e8b5716cb6eed33a755,extrasensory-robust-gated-fold1-seed13-credible,0.55,0.5500121159904149,40856,0.3909418024906721,0.6635775460432732,0.7739447489522754,418499,mean_binary_certainty,0.544426284175426
V3-1,B5,1,13,natural_missingness,fb82651717076e658cf67e62ccd41ca247d29c994518945706edefcf0b635aa0,1613adb978b3181f218132267af6b11581fc7f36b55b0e8b5716cb6eed33a755,extrasensory-robust-gated-fold1-seed13-credible,0.6,0.6000107697692577,44570,0.3962117805119985,0.6567386581596563,0.7613421612549393,455350,mean_binary_certainty,0.5189636275927221
V3-1,B5,1,13,natural_missingness,fb82651717076e658cf67e62ccd41ca247d29c994518945706edefcf0b635aa0,1613adb978b3181f218132267af6b11581fc7f36b55b0e8b5716cb6eed33a755,extrasensory-robust-gated-fold1-seed13-credible,0.65,0.6500094235481004,48284,0.4018385667589284,0.6502384265866125,0.7497536464398856,493265,mean_binary_certainty,0.4940782424668429
V3-1,B5,1,13,natural_missingness,fb82651717076e658cf67e62ccd41ca247d29c994518945706edefcf0b635aa0,1613adb978b3181f218132267af6b11581fc7f36b55b0e8b5716cb6eed33a755,extrasensory-robust-gated-fold1-seed13-credible,0.7,0.7000080773269433,51998,0.4068326313036856,0.6431931273829066,0.7387927644514353,531057,mean_binary_certainty,0.4669498649962434
V3-1,B5,1,13,natural_missingness,fb82651717076e658cf67e62ccd41ca247d29c994518945706edefcf0b635aa0,1613adb978b3181f218132267af6b11581fc7f36b55b0e8b5716cb6eed33a755,extrasensory-robust-gated-fold1-seed13-credible,0.75,0.7500067311057861,55712,0.4128150336610513,0.6341527356663629,0.7268618090275084,569139,mean_binary_certainty,0.4381074357223391
V3-1,B5,1,13,natural_missingness,fb82651717076e658cf67e62ccd41ca247d29c994518945706edefcf0b635aa0,1613adb978b3181f218132267af6b11581fc7f36b55b0e8b5716cb6eed33a755,extrasensory-robust-gated-fold1-seed13-credible,0.8,0.8000053848846288,59426,0.4188728206800691,0.6255084394094309,0.7158905539008169,606883,mean_binary_certainty,0.4073265005840437
V3-1,B5,1,13,natural_missingness,fb82651717076e658cf67e62ccd41ca247d29c994518945706edefcf0b635aa0,1613adb978b3181f218132267af6b11581fc7f36b55b0e8b5716cb6eed33a755,extrasensory-robust-gated-fold1-seed13-credible,0.85,0.8500040386634716,63140,0.4255798477296977,0.6168277364174274,0.7057882151530095,644565,mean_binary_certainty,0.3728066897096267
V3-1,B5,1,13,natural_missingness,fb82651717076e658cf67e62ccd41ca247d29c994518945706edefcf0b635aa0,1613adb978b3181f218132267af6b11581fc7f36b55b0e8b5716cb6eed33a755,extrasensory-robust-gated-fold1-seed13-credible,0.9,0.9000026924423145,66854,0.4335183291559797,0.6080081255866089,0.6957883145371644,681933,mean_binary_certainty,0.3300365982775068
V3-1,B5,1,13,natural_missingness,fb82651717076e658cf67e62ccd41ca247d29c994518945706edefcf0b635aa0,1613adb978b3181f218132267af6b11581fc7f36b55b0e8b5716cb6eed33a755,extrasensory-robust-gated-fold1-seed13-credible,0.95,0.9500013462211572,70568,0.4419631065778006,0.5979869033213102,0.6857408891937532,719428,mean_binary_certainty,0.2708334308882961
V3-1,B5,1,13,natural_missingness,fb82651717076e658cf67e62ccd41ca247d29c994518945706edefcf0b635aa0,1613adb978b3181f218132267af6b11581fc7f36b55b0e8b5716cb6eed33a755,extrasensory-robust-gated-fold1-seed13-credible,1.0,1.0,74282,0.4516496028747547,0.5881439424721536,0.6756911185680002,756803,mean_binary_certainty,0.0526919064174319
V3-1,B5,1,13,natural_missingness,fb82651717076e658cf67e62ccd41ca247d29c994518945706edefcf0b635aa0,1613adb978b3181f218132267af6b11581fc7f36b55b0e8b5716cb6eed33a755,extrasensory-robust-gated-fold1-seed13-credible,0.05,0.0500121159904149,3715,0.4317922989429118,0.5142273605661463,0.9012531328320802,40476,mean_normalized_threshold_margin,0.9830353556001704
V3-1,B5,1,13,natural_missingness,fb82651717076e658cf67e62ccd41ca247d29c994518945706edefcf0b635aa0,1613adb978b3181f218132267af6b11581fc7f36b55b0e8b5716cb6eed33a755,extrasensory-robust-gated-fold1-seed13-credible,0.1,0.1000107697692577,7429,0.3908349216999696,0.4887591238706205,0.9000689179875948,79442,mean_normalized_threshold_margin,0.9667624014439918
V3-1,B5,1,13,natural_missingness,fb82651717076e658cf67e62ccd41ca247d29c994518945706edefcf0b635aa0,1613adb978b3181f218132267af6b11581fc7f36b55b0e8b5716cb6eed33a755,extrasensory-robust-gated-fold1-seed13-credible,0.15,0.1500094235481004,11143,0.3675004332550826,0.5803771624305095,0.8979384771479961,119111,mean_normalized_threshold_margin,0.9415362337886372
V3-1,B5,1,13,natural_missingness,fb82651717076e658cf67e62ccd41ca247d29c994518945706edefcf0b635aa0,1613adb978b3181f218132267af6b11581fc7f36b55b0e8b5716cb6eed33a755,extrasensory-robust-gated-fold1-seed13-credible,0.2,0.2000080773269432,14857,0.3570719742695819,0.6044211979997853,0.8886607559496034,158249,mean_normalized_threshold_margin,0.9005163903368513
V3-1,B5,1,13,natural_missingness,fb82651717076e658cf67e62ccd41ca247d29c994518945706edefcf0b635aa0,1613adb978b3181f218132267af6b11581fc7f36b55b0e8b5716cb6eed33a755,extrasensory-robust-gated-fold1-seed13-credible,0.25,0.2500067311057861,18571,0.3539880848169088,0.6440801870977727,0.871896722939424,198125,mean_normalized_threshold_margin,0.8630490477995777
V3-1,B5,1,13,natural_missingness,fb82651717076e658cf67e62ccd41ca247d29c994518945706edefcf0b635aa0,1613adb978b3181f218132267af6b11581fc7f36b55b0e8b5716cb6eed33a755,extrasensory-robust-gated-fold1-seed13-credible,0.3,0.3000053848846288,22285,0.360557484053836,0.6678941982620151,0.853157016346054,237556,mean_normalized_threshold_margin,0.8339455328428245
V3-1,B5,1,13,natural_missingness,fb82651717076e658cf67e62ccd41ca247d29c994518945706edefcf0b635aa0,1613adb978b3181f218132267af6b11581fc7f36b55b0e8b5716cb6eed33a755,extrasensory-robust-gated-fold1-seed13-credible,0.35,0.3500040386634716,25999,0.3696638020278158,0.6811415457205231,0.835507397374453,275929,mean_normalized_threshold_margin,0.8089635098906673
V3-1,B5,1,13,natural_missingness,fb82651717076e658cf67e62ccd41ca247d29c994518945706edefcf0b635aa0,1613adb978b3181f218132267af6b11581fc7f36b55b0e8b5716cb6eed33a755,extrasensory-robust-gated-fold1-seed13-credible,0.4,0.4000026924423144,29713,0.3790123454956098,0.679785012339307,0.8172580376478428,313568,mean_normalized_threshold_margin,0.7865619944735625
V3-1,B5,1,13,natural_missingness,fb82651717076e658cf67e62ccd41ca247d29c994518945706edefcf0b635aa0,1613adb978b3181f218132267af6b11581fc7f36b55b0e8b5716cb6eed33a755,extrasensory-robust-gated-fold1-seed13-credible,0.45,0.4500013462211572,33427,0.3850704695999882,0.6757796664510456,0.8007165547513477,350581,mean_normalized_threshold_margin,0.76611107770531
V3-1,B5,1,13,natural_missingness,fb82651717076e658cf67e62ccd41ca247d29c994518945706edefcf0b635aa0,1613adb978b3181f218132267af6b11581fc7f36b55b0e8b5716cb6eed33a755,extrasensory-robust-gated-fold1-seed13-credible,0.5,0.5,37141,0.3906943937975625,0.6694730286903341,0.7859877255878958,387354,mean_normalized_threshold_margin,0.7466537770300687
V3-1,B5,1,13,natural_missingness,fb82651717076e658cf67e62ccd41ca247d29c994518945706edefcf0b635aa0,1613adb978b3181f218132267af6b11581fc7f36b55b0e8b5716cb6eed33a755,extrasensory-robust-gated-fold1-seed13-credible,0.55,0.5500121159904149,40856,0.395412143255191,0.6650049462781396,0.7720012803443941,424579,mean_normalized_threshold_margin,0.726904615125449
V3-1,B5,1,13,natural_missingness,fb82651717076e658cf67e62ccd41ca247d29c994518945706edefcf0b635aa0,1613adb978b3181f218132267af6b11581fc7f36b55b0e8b5716cb6eed33a755,extrasensory-robust-gated-fold1-seed13-credible,0.6,0.6000107697692577,44570,0.4006778543794482,0.6602413757004849,0.7603138879142884,461445,mean_normalized_threshold_margin,0.7067294254430597
V3-1,B5,1,13,natural_missingness,fb82651717076e658cf67e62ccd41ca247d29c994518945706edefcf0b635aa0,1613adb978b3181f218132267af6b11581fc7f36b55b0e8b5716cb6eed33a755,extrasensory-robust-gated-fold1-seed13-credible,0.65,0.6500094235481004,48284,0.404635208979142,0.6545579282548233,0.7492385062030016,498352,mean_normalized_threshold_margin,0.6860597049913312
V3-1,B5,1,13,natural_missingness,fb82651717076e658cf67e62ccd41ca247d29c994518945706edefcf0b635aa0,1613adb978b3181f218132267af6b11581fc7f36b55b0e8b5716cb6eed33a755,extrasensory-robust-gated-fold1-seed13-credible,0.7,0.7000080773269433,51998,0.4095290533934371,0.6467172082011561,0.7381687622818812,535076,mean_normalized_threshold_margin,0.6646594566634912
V3-1,B5,1,13,natural_missingness,fb82651717076e658cf67e62ccd41ca247d29c994518945706edefcf0b635aa0,1613adb978b3181f218132267af6b11581fc7f36b55b0e8b5716cb6eed33a755,extrasensory-robust-gated-fold1-seed13-credible,0.75,0.7500067311057861,55712,0.4158446194366199,0.6387550394420388,0.7272350607513905,572020,mean_normalized_threshold_margin,0.6406780217160055
V3-1,B5,1,13,natural_missingness,fb82651717076e658cf67e62ccd41ca247d29c994518945706edefcf0b635aa0,1613adb978b3181f218132267af6b11581fc7f36b55b0e8b5716cb6eed33a755,extrasensory-robust-gated-fold1-seed13-credible,0.8,0.8000053848846288,59426,0.421440162066673,0.6307087931083909,0.7170256712894659,608839,mean_normalized_threshold_margin,0.6145541424832327
V3-1,B5,1,13,natural_missingness,fb82651717076e658cf67e62ccd41ca247d29c994518945706edefcf0b635aa0,1613adb978b3181f218132267af6b11581fc7f36b55b0e8b5716cb6eed33a755,extrasensory-robust-gated-fold1-seed13-credible,0.85,0.8500040386634716,63140,0.4276454314214322,0.6221518487862354,0.7069593710645686,646083,mean_normalized_threshold_margin,0.583965121294762
V3-1,B5,1,13,natural_missingness,fb82651717076e658cf67e62ccd41ca247d29c994518945706edefcf0b635aa0,1613adb978b3181f218132267af6b11581fc7f36b55b0e8b5716cb6eed33a755,extrasensory-robust-gated-fold1-seed13-credible,0.9,0.9000026924423145,66854,0.4348976508243013,0.6117107973779785,0.6968475654966086,683753,mean_normalized_threshold_margin,0.5457585412004156
V3-1,B5,1,13,natural_missingness,fb82651717076e658cf67e62ccd41ca247d29c994518945706edefcf0b635aa0,1613adb978b3181f218132267af6b11581fc7f36b55b0e8b5716cb6eed33a755,extrasensory-robust-gated-fold1-seed13-credible,0.95,0.9500013462211572,70568,0.4425699416708443,0.6002295691900508,0.686163485937325,720911,mean_normalized_threshold_margin,0.4923085879344188
V3-1,B5,1,13,natural_missingness,fb82651717076e658cf67e62ccd41ca247d29c994518945706edefcf0b635aa0,1613adb978b3181f218132267af6b11581fc7f36b55b0e8b5716cb6eed33a755,extrasensory-robust-gated-fold1-seed13-credible,1.0,1.0,74282,0.4516496028747547,0.5881439424721536,0.6756911185680002,756803,mean_normalized_threshold_margin,0.2328078818292989
V3-1,P,1,13,natural_missingness,fb82651717076e658cf67e62ccd41ca247d29c994518945706edefcf0b635aa0,8c70bea82a13d88364b059a89e49a0691a5059891df43afb668292aee628934a,extrasensory-quality-aware-fold1-seed13-credible,0.05,0.0500121159904149,3715,0.5935391052422878,0.5288339887116908,0.9105721685895928,40222,mean_binary_certainty,0.9544606750567836
V3-1,P,1,13,natural_missingness,fb82651717076e658cf67e62ccd41ca247d29c994518945706edefcf0b635aa0,8c70bea82a13d88364b059a89e49a0691a5059891df43afb668292aee628934a,extrasensory-quality-aware-fold1-seed13-credible,0.1,0.1000107697692577,7429,0.469417088499495,0.5115243250447374,0.9224284483360892,79379,mean_binary_certainty,0.9269717574838772
V3-1,P,1,13,natural_missingness,fb82651717076e658cf67e62ccd41ca247d29c994518945706edefcf0b635aa0,8c70bea82a13d88364b059a89e49a0691a5059891df43afb668292aee628934a,extrasensory-quality-aware-fold1-seed13-credible,0.15,0.1500094235481004,11143,0.4102396958374803,0.5145078361281262,0.9246813792268338,120646,mean_binary_certainty,0.8820981969984127
V3-1,P,1,13,natural_missingness,fb82651717076e658cf67e62ccd41ca247d29c994518945706edefcf0b635aa0,8c70bea82a13d88364b059a89e49a0691a5059891df43afb668292aee628934a,extrasensory-quality-aware-fold1-seed13-credible,0.2,0.2000080773269432,14857,0.386654832150939,0.5873888462061204,0.9122498960306824,159890,mean_binary_certainty,0.8070544856790998
V3-1,P,1,13,natural_missingness,fb82651717076e658cf67e62ccd41ca247d29c994518945706edefcf0b635aa0,8c70bea82a13d88364b059a89e49a0691a5059891df43afb668292aee628934a,extrasensory-quality-aware-fold1-seed13-credible,0.25,0.2500067311057861,18571,0.3826178048845534,0.6761443125726504,0.8937821872159951,197531,mean_binary_certainty,0.7387685826826315
V3-1,P,1,13,natural_missingness,fb82651717076e658cf67e62ccd41ca247d29c994518945706edefcf0b635aa0,8c70bea82a13d88364b059a89e49a0691a5059891df43afb668292aee628934a,extrasensory-quality-aware-fold1-seed13-credible,0.3,0.3000053848846288,22285,0.3771277894002701,0.6997655297333375,0.8751125112511251,236158,mean_binary_certainty,0.6938386821591666
V3-1,P,1,13,natural_missingness,fb82651717076e658cf67e62ccd41ca247d29c994518945706edefcf0b635aa0,8c70bea82a13d88364b059a89e49a0691a5059891df43afb668292aee628934a,extrasensory-quality-aware-fold1-seed13-credible,0.35,0.3500040386634716,25999,0.3777963611496072,0.7058602609285473,0.8562860731270198,272638,mean_binary_certainty,0.6534042339370114
V3-1,P,1,13,natural_missingness,fb82651717076e658cf67e62ccd41ca247d29c994518945706edefcf0b635aa0,8c70bea82a13d88364b059a89e49a0691a5059891df43afb668292aee628934a,extrasensory-quality-aware-fold1-seed13-credible,0.4,0.4000026924423144,29713,0.3804768386482451,0.7026594261079581,0.837592151561286,308124,mean_binary_certainty,0.6179620960322685
V3-1,P,1,13,natural_missingness,fb82651717076e658cf67e62ccd41ca247d29c994518945706edefcf0b635aa0,8c70bea82a13d88364b059a89e49a0691a5059891df43afb668292aee628934a,extrasensory-quality-aware-fold1-seed13-credible,0.45,0.4500013462211572,33427,0.3845731908555239,0.6966497319481377,0.8190598621191781,345292,mean_binary_certainty,0.587045892830971
V3-1,P,1,13,natural_missingness,fb82651717076e658cf67e62ccd41ca247d29c994518945706edefcf0b635aa0,8c70bea82a13d88364b059a89e49a0691a5059891df43afb668292aee628934a,extrasensory-quality-aware-fold1-seed13-credible,0.5,0.5,37141,0.3901291770347531,0.687442907502147,0.8021080069094633,382838,mean_binary_certainty,0.5590490815041489
V3-1,P,1,13,natural_missingness,fb82651717076e658cf67e62ccd41ca247d29c994518945706edefcf0b635aa0,8c70bea82a13d88364b059a89e49a0691a5059891df43afb668292aee628934a,extrasensory-quality-aware-fold1-seed13-credible,0.55,0.5500121159904149,40856,0.3961682984327222,0.6796632468587508,0.7876613992276529,419848,mean_binary_certainty,0.5325978617018996
V3-1,P,1,13,natural_missingness,fb82651717076e658cf67e62ccd41ca247d29c994518945706edefcf0b635aa0,8c70bea82a13d88364b059a89e49a0691a5059891df43afb668292aee628934a,extrasensory-quality-aware-fold1-seed13-credible,0.6,0.6000107697692577,44570,0.4023965251295524,0.6705208563660957,0.7735911621494267,457131,mean_binary_certainty,0.5070208027943255
V3-1,P,1,13,natural_missingness,fb82651717076e658cf67e62ccd41ca247d29c994518945706edefcf0b635aa0,8c70bea82a13d88364b059a89e49a0691a5059891df43afb668292aee628934a,extrasensory-quality-aware-fold1-seed13-credible,0.65,0.6500094235481004,48284,0.4099074567250741,0.6597168725021518,0.7601711245500709,494613,mean_binary_certainty,0.4810956784670178
V3-1,P,1,13,natural_missingness,fb82651717076e658cf67e62ccd41ca247d29c994518945706edefcf0b635aa0,8c70bea82a13d88364b059a89e49a0691a5059891df43afb668292aee628934a,extrasensory-quality-aware-fold1-seed13-credible,0.7,0.7000080773269433,51998,0.4172193482881963,0.6506191849688429,0.7479098905556348,531919,mean_binary_certainty,0.453465616554451
V3-1,P,1,13,natural_missingness,fb82651717076e658cf67e62ccd41ca247d29c994518945706edefcf0b635aa0,8c70bea82a13d88364b059a89e49a0691a5059891df43afb668292aee628934a,extrasensory-quality-aware-fold1-seed13-credible,0.75,0.7500067311057861,55712,0.4250483545443846,0.6405678624327968,0.7359282192087863,569320,mean_binary_certainty,0.4255891151297771
V3-1,P,1,13,natural_missingness,fb82651717076e658cf67e62ccd41ca247d29c994518945706edefcf0b635aa0,8c70bea82a13d88364b059a89e49a0691a5059891df43afb668292aee628934a,extrasensory-quality-aware-fold1-seed13-credible,0.8,0.8000053848846288,59426,0.4322073220068599,0.631095356810206,0.7247971032997109,607230,mean_binary_certainty,0.3954111862582671
V3-1,P,1,13,natural_missingness,fb82651717076e658cf67e62ccd41ca247d29c994518945706edefcf0b635aa0,8c70bea82a13d88364b059a89e49a0691a5059891df43afb668292aee628934a,extrasensory-quality-aware-fold1-seed13-credible,0.85,0.8500040386634716,63140,0.4403996268501404,0.6223324714571447,0.7148216599227571,644921,mean_binary_certainty,0.3625531621647213
V3-1,P,1,13,natural_missingness,fb82651717076e658cf67e62ccd41ca247d29c994518945706edefcf0b635aa0,8c70bea82a13d88364b059a89e49a0691a5059891df43afb668292aee628934a,extrasensory-quality-aware-fold1-seed13-credible,0.9,0.9000026924423145,66854,0.4481137634046229,0.6135046855144012,0.7060384832232229,681902,mean_binary_certainty,0.3230198448229174
V3-1,P,1,13,natural_missingness,fb82651717076e658cf67e62ccd41ca247d29c994518945706edefcf0b635aa0,8c70bea82a13d88364b059a89e49a0691a5059891df43afb668292aee628934a,extrasensory-quality-aware-fold1-seed13-credible,0.95,0.9500013462211572,70568,0.4558605090400056,0.6054239801363175,0.6975892784179129,719785,mean_binary_certainty,0.267831986313399
V3-1,P,1,13,natural_missingness,fb82651717076e658cf67e62ccd41ca247d29c994518945706edefcf0b635aa0,8c70bea82a13d88364b059a89e49a0691a5059891df43afb668292aee628934a,extrasensory-quality-aware-fold1-seed13-credible,1.0,1.0,74282,0.4651606099772748,0.5954338887771936,0.6889931751572642,756803,mean_binary_certainty,0.0592630710121262
V3-1,P,1,13,natural_missingness,fb82651717076e658cf67e62ccd41ca247d29c994518945706edefcf0b635aa0,8c70bea82a13d88364b059a89e49a0691a5059891df43afb668292aee628934a,extrasensory-quality-aware-fold1-seed13-credible,0.05,0.0500121159904149,3715,0.6012590030458707,0.6394319944286609,0.9095638441172372,39778,mean_normalized_threshold_margin,0.9851545185090328
V3-1,P,1,13,natural_missingness,fb82651717076e658cf67e62ccd41ca247d29c994518945706edefcf0b635aa0,8c70bea82a13d88364b059a89e49a0691a5059891df43afb668292aee628934a,extrasensory-quality-aware-fold1-seed13-credible,0.1,0.1000107697692577,7429,0.4771692002786045,0.5082448742825731,0.9235854648246934,80672,mean_normalized_threshold_margin,0.9673690558213413
V3-1,P,1,13,natural_missingness,fb82651717076e658cf67e62ccd41ca247d29c994518945706edefcf0b635aa0,8c70bea82a13d88364b059a89e49a0691a5059891df43afb668292aee628934a,extrasensory-quality-aware-fold1-seed13-credible,0.15,0.1500094235481004,11143,0.4096959908770293,0.5573143414816712,0.9239767854166352,120302,mean_normalized_threshold_margin,0.9405819608729592
V3-1,P,1,13,natural_missingness,fb82651717076e658cf67e62ccd41ca247d29c994518945706edefcf0b635aa0,8c70bea82a13d88364b059a89e49a0691a5059891df43afb668292aee628934a,extrasensory-quality-aware-fold1-seed13-credible,0.2,0.2000080773269432,14857,0.3844307974409633,0.6233832847189268,0.9130022289535348,160128,mean_normalized_threshold_margin,0.901921848323236
V3-1,P,1,13,natural_missingness,fb82651717076e658cf67e62ccd41ca247d29c994518945706edefcf0b635aa0,8c70bea82a13d88364b059a89e49a0691a5059891df43afb668292aee628934a,extrasensory-quality-aware-fold1-seed13-credible,0.25,0.2500067311057861,18571,0.3838295930412289,0.6689366046156591,0.8929664179104477,198587,mean_normalized_threshold_margin,0.8627283532957034
V3-1,P,1,13,natural_missingness,fb82651717076e658cf67e62ccd41ca247d29c994518945706edefcf0b635aa0,8c70bea82a13d88364b059a89e49a0691a5059891df43afb668292aee628934a,extrasensory-quality-aware-fold1-seed13-credible,0.3,0.3000053848846288,22285,0.3819459823653383,0.6925774484963866,0.8714498193923083,238683,mean_normalized_threshold_margin,0.8310294074860096
V3-1,P,1,13,natural_missingness,fb82651717076e658cf67e62ccd41ca247d29c994518945706edefcf0b635aa0,8c70bea82a13d88364b059a89e49a0691a5059891df43afb668292aee628934a,extrasensory-quality-aware-fold1-seed13-credible,0.35,0.3500040386634716,25999,0.3835502918775357,0.6986150444722052,0.8511476039565927,277560,mean_normalized_threshold_margin,0.803278111726444
V3-1,P,1,13,natural_missingness,fb82651717076e658cf67e62ccd41ca247d29c994518945706edefcf0b635aa0,8c70bea82a13d88364b059a89e49a0691a5059891df43afb668292aee628934a,extrasensory-quality-aware-fold1-seed13-credible,0.4,0.4000026924423144,29713,0.3876729061455264,0.6970123785050277,0.8319567649522226,314935,mean_normalized_threshold_margin,0.7797478877562898
V3-1,P,1,13,natural_missingness,fb82651717076e658cf67e62ccd41ca247d29c994518945706edefcf0b635aa0,8c70bea82a13d88364b059a89e49a0691a5059891df43afb668292aee628934a,extrasensory-quality-aware-fold1-seed13-credible,0.45,0.4500013462211572,33427,0.3907826543418551,0.6937877819695715,0.815755136342526,351440,mean_normalized_threshold_margin,0.757680320691764
V3-1,P,1,13,natural_missingness,fb82651717076e658cf67e62ccd41ca247d29c994518945706edefcf0b635aa0,8c70bea82a13d88364b059a89e49a0691a5059891df43afb668292aee628934a,extrasensory-quality-aware-fold1-seed13-credible,0.5,0.5,37141,0.3955203985805469,0.6879859065141607,0.8002757662830429,388210,mean_normalized_threshold_margin,0.7375856047832634
V3-1,P,1,13,natural_missingness,fb82651717076e658cf67e62ccd41ca247d29c994518945706edefcf0b635aa0,8c70bea82a13d88364b059a89e49a0691a5059891df43afb668292aee628934a,extrasensory-quality-aware-fold1-seed13-credible,0.55,0.5500121159904149,40856,0.4004196942380282,0.6803799250518862,0.7865086515582046,424255,mean_normalized_threshold_margin,0.7177029165908488
V3-1,P,1,13,natural_missingness,fb82651717076e658cf67e62ccd41ca247d29c994518945706edefcf0b635aa0,8c70bea82a13d88364b059a89e49a0691a5059891df43afb668292aee628934a,extrasensory-quality-aware-fold1-seed13-credible,0.6,0.6000107697692577,44570,0.4056607331242811,0.6730216300071568,0.7738456755156714,461520,mean_normalized_threshold_margin,0.6975964222981202
V3-1,P,1,13,natural_missingness,fb82651717076e658cf67e62ccd41ca247d29c994518945706edefcf0b635aa0,8c70bea82a13d88364b059a89e49a0691a5059891df43afb668292aee628934a,extrasensory-quality-aware-fold1-seed13-credible,0.65,0.6500094235481004,48284,0.4138506481537203,0.6647057452981476,0.7619276937226405,498047,mean_normalized_threshold_margin,0.6775164096902329
V3-1,P,1,13,natural_missingness,fb82651717076e658cf67e62ccd41ca247d29c994518945706edefcf0b635aa0,8c70bea82a13d88364b059a89e49a0691a5059891df43afb668292aee628934a,extrasensory-quality-aware-fold1-seed13-credible,0.7,0.7000080773269433,51998,0.4206571323048729,0.6565929096479686,0.750172588534246,535274,mean_normalized_threshold_margin,0.6565642781639649
V3-1,P,1,13,natural_missingness,fb82651717076e658cf67e62ccd41ca247d29c994518945706edefcf0b635aa0,8c70bea82a13d88364b059a89e49a0691a5059891df43afb668292aee628934a,extrasensory-quality-aware-fold1-seed13-credible,0.75,0.7500067311057861,55712,0.4272124911436813,0.6478629316939487,0.7391447458649917,572589,mean_normalized_threshold_margin,0.6339667137010246
V3-1,P,1,13,natural_missingness,fb82651717076e658cf67e62ccd41ca247d29c994518945706edefcf0b635aa0,8c70bea82a13d88364b059a89e49a0691a5059891df43afb668292aee628934a,extrasensory-quality-aware-fold1-seed13-credible,0.8,0.8000053848846288,59426,0.4341131294745925,0.6382107240614933,0.728855041374941,609332,mean_normalized_threshold_margin,0.6082982312677084
V3-1,P,1,13,natural_missingness,fb82651717076e658cf67e62ccd41ca247d29c994518945706edefcf0b635aa0,8c70bea82a13d88364b059a89e49a0691a5059891df43afb668292aee628934a,extrasensory-quality-aware-fold1-seed13-credible,0.85,0.8500040386634716,63140,0.4413818721283613,0.6290366655012019,0.7187850667989438,646634,mean_normalized_threshold_margin,0.5778767618907047
V3-1,P,1,13,natural_missingness,fb82651717076e658cf67e62ccd41ca247d29c994518945706edefcf0b635aa0,8c70bea82a13d88364b059a89e49a0691a5059891df43afb668292aee628934a,extrasensory-quality-aware-fold1-seed13-credible,0.9,0.9000026924423145,66854,0.4483018401496561,0.6188625058383772,0.7090453093846585,683634,mean_normalized_threshold_margin,0.5420163598309117
V3-1,P,1,13,natural_missingness,fb82651717076e658cf67e62ccd41ca247d29c994518945706edefcf0b635aa0,8c70bea82a13d88364b059a89e49a0691a5059891df43afb668292aee628934a,extrasensory-quality-aware-fold1-seed13-credible,0.95,0.9500013462211572,70568,0.4558953512960775,0.6087452249224492,0.6997145137939899,720279,mean_normalized_threshold_margin,0.4902226856978101
V3-1,P,1,13,natural_missingness,fb82651717076e658cf67e62ccd41ca247d29c994518945706edefcf0b635aa0,8c70bea82a13d88364b059a89e49a0691a5059891df43afb668292aee628934a,extrasensory-quality-aware-fold1-seed13-credible,1.0,1.0,74282,0.4651606099772748,0.5954338887771936,0.6889931751572642,756803,mean_normalized_threshold_margin,0.2575961491367469
V3-1,P2,1,13,natural_missingness,fb82651717076e658cf67e62ccd41ca247d29c994518945706edefcf0b635aa0,55799d64eb4b670d768a32f8b9fd53879e682405ee16749e6da649f3ba29497d,extrasensory-p2-fold1-seed13-v2_seed13,0.05,0.0500121159904149,3715,0.4177091896202738,0.4507216178371386,0.889377426446513,39466,mean_binary_certainty,0.9400786823982652
V3-1,P2,1,13,natural_missingness,fb82651717076e658cf67e62ccd41ca247d29c994518945706edefcf0b635aa0,55799d64eb4b670d768a32f8b9fd53879e682405ee16749e6da649f3ba29497d,extrasensory-p2-fold1-seed13-v2_seed13,0.1,0.1000107697692577,7429,0.3806631174480379,0.304966964438113,0.903491732600559,75688,mean_binary_certainty,0.9205942245613976
V3-1,P2,1,13,natural_missingness,fb82651717076e658cf67e62ccd41ca247d29c994518945706edefcf0b635aa0,55799d64eb4b670d768a32f8b9fd53879e682405ee16749e6da649f3ba29497d,extrasensory-p2-fold1-seed13-v2_seed13,0.15,0.1500094235481004,11143,0.3472288151305926,0.4956259316535311,0.911944334720914,116190,mean_binary_certainty,0.8771928253817333
V3-1,P2,1,13,natural_missingness,fb82651717076e658cf67e62ccd41ca247d29c994518945706edefcf0b635aa0,55799d64eb4b670d768a32f8b9fd53879e682405ee16749e6da649f3ba29497d,extrasensory-p2-fold1-seed13-v2_seed13,0.2,0.2000080773269432,14857,0.3344396829613473,0.58816800492057,0.905754527162978,154849,mean_binary_certainty,0.7916887984727355
V3-1,P2,1,13,natural_missingness,fb82651717076e658cf67e62ccd41ca247d29c994518945706edefcf0b635aa0,55799d64eb4b670d768a32f8b9fd53879e682405ee16749e6da649f3ba29497d,extrasensory-p2-fold1-seed13-v2_seed13,0.25,0.2500067311057861,18571,0.3257410285125021,0.6559989091544491,0.8928353185608588,193209,mean_binary_certainty,0.7191275591173472
V3-1,P2,1,13,natural_missingness,fb82651717076e658cf67e62ccd41ca247d29c994518945706edefcf0b635aa0,55799d64eb4b670d768a32f8b9fd53879e682405ee16749e6da649f3ba29497d,extrasensory-p2-fold1-seed13-v2_seed13,0.3,0.3000053848846288,22285,0.3244560989744253,0.6694257998585278,0.8771329146834127,230743,mean_binary_certainty,0.6655767384284037
V3-1,P2,1,13,natural_missingness,fb82651717076e658cf67e62ccd41ca247d29c994518945706edefcf0b635aa0,55799d64eb4b670d768a32f8b9fd53879e682405ee16749e6da649f3ba29497d,extrasensory-p2-fold1-seed13-v2_seed13,0.35,0.3500040386634716,25999,0.3289651272217206,0.6803940876507923,0.8602288419806668,265449,mean_binary_certainty,0.6185340126615165
V3-1,P2,1,13,natural_missingness,fb82651717076e658cf67e62ccd41ca247d29c994518945706edefcf0b635aa0,55799d64eb4b670d768a32f8b9fd53879e682405ee16749e6da649f3ba29497d,extrasensory-p2-fold1-seed13-v2_seed13,0.4,0.4000026924423144,29713,0.3373828286406769,0.6821533092082976,0.8413390463304017,302189,mean_binary_certainty,0.58141434719537
V3-1,P2,1,13,natural_missingness,fb82651717076e658cf67e62ccd41ca247d29c994518945706edefcf0b635aa0,55799d64eb4b670d768a32f8b9fd53879e682405ee16749e6da649f3ba29497d,extrasensory-p2-fold1-seed13-v2_seed13,0.45,0.4500013462211572,33427,0.3500602874735919,0.6773360855861764,0.8205705030144875,340253,mean_binary_certainty,0.5506025940935488
V3-1,P2,1,13,natural_missingness,fb82651717076e658cf67e62ccd41ca247d29c994518945706edefcf0b635aa0,55799d64eb4b670d768a32f8b9fd53879e682405ee16749e6da649f3ba29497d,extrasensory-p2-fold1-seed13-v2_seed13,0.5,0.5,37141,0.3623572783635048,0.6719199036653013,0.8023820093994458,378265,mean_binary_certainty,0.5236786704702504
V3-1,P2,1,13,natural_missingness,fb82651717076e658cf67e62ccd41ca247d29c994518945706edefcf0b635aa0,55799d64eb4b670d768a32f8b9fd53879e682405ee16749e6da649f3ba29497d,extrasensory-p2-fold1-seed13-v2_seed13,0.55,0.5500121159904149,40856,0.3723403693260679,0.6662923379311574,0.785537542463315,416621,mean_binary_certainty,0.4996024273403121
V3-1,P2,1,13,natural_missingness,fb82651717076e658cf67e62ccd41ca247d29c994518945706edefcf0b635aa0,55799d64eb4b670d768a32f8b9fd53879e682405ee16749e6da649f3ba29497d,extrasensory-p2-fold1-seed13-v2_seed13,0.6,0.6000107697692577,44570,0.3802667849024632,0.6595204859955651,0.7710726738458111,454973,mean_binary_certainty,0.4772084151665967
V3-1,P2,1,13,natural_missingness,fb82651717076e658cf67e62ccd41ca247d29c994518945706edefcf0b635aa0,55799d64eb4b670d768a32f8b9fd53879e682405ee16749e6da649f3ba29497d,extrasensory-p2-fold1-seed13-v2_seed13,0.65,0.6500094235481004,48284,0.3886563253362496,0.6529812006644711,0.7582907228662751,492832,mean_binary_certainty,0.4548530646759149
V3-1,P2,1,13,natural_missingness,fb82651717076e658cf67e62ccd41ca247d29c994518945706edefcf0b635aa0,55799d64eb4b670d768a32f8b9fd53879e682405ee16749e6da649f3ba29497d,extrasensory-p2-fold1-seed13-v2_seed13,0.7,0.7000080773269433,51998,0.3964689824667435,0.6461266475979774,0.7461578875821604,531102,mean_binary_certainty,0.4325902975148643
V3-1,P2,1,13,natural_missingness,fb82651717076e658cf67e62ccd41ca247d29c994518945706edefcf0b635aa0,55799d64eb4b670d768a32f8b9fd53879e682405ee16749e6da649f3ba29497d,extrasensory-p2-fold1-seed13-v2_seed13,0.75,0.7500067311057861,55712,0.4040544532606107,0.6382356897611017,0.734571644925972,569085,mean_binary_certainty,0.4095244126039182
V3-1,P2,1,13,natural_missingness,fb82651717076e658cf67e62ccd41ca247d29c994518945706edefcf0b635aa0,55799d64eb4b670d768a32f8b9fd53879e682405ee16749e6da649f3ba29497d,extrasensory-p2-fold1-seed13-v2_seed13,0.8,0.8000053848846288,59426,0.4120522731931179,0.6304241479931196,0.723476395814403,606582,mean_binary_certainty,0.3837633548688054
V3-1,P2,1,13,natural_missingness,fb82651717076e658cf67e62ccd41ca247d29c994518945706edefcf0b635aa0,55799d64eb4b670d768a32f8b9fd53879e682405ee16749e6da649f3ba29497d,extrasensory-p2-fold1-seed13-v2_seed13,0.85,0.8500040386634716,63140,0.4198633690777267,0.6223262578088845,0.7127189738604907,644654,mean_binary_certainty,0.353325124624648
V3-1,P2,1,13,natural_missingness,fb82651717076e658cf67e62ccd41ca247d29c994518945706edefcf0b635aa0,55799d64eb4b670d768a32f8b9fd53879e682405ee16749e6da649f3ba29497d,extrasensory-p2-fold1-seed13-v2_seed13,0.9,0.9000026924423145,66854,0.4274191991979487,0.6134265626980799,0.7027311611917277,682914,mean_binary_certainty,0.3179682894790453
V3-1,P2,1,13,natural_missingness,fb82651717076e658cf67e62ccd41ca247d29c994518945706edefcf0b635aa0,55799d64eb4b670d768a32f8b9fd53879e682405ee16749e6da649f3ba29497d,extrasensory-p2-fold1-seed13-v2_seed13,0.95,0.9500013462211572,70568,0.4352436532448133,0.6045718491004408,0.6931790053702688,720849,mean_binary_certainty,0.2689232375318959
V3-1,P2,1,13,natural_missingness,fb82651717076e658cf67e62ccd41ca247d29c994518945706edefcf0b635aa0,55799d64eb4b670d768a32f8b9fd53879e682405ee16749e6da649f3ba29497d,extrasensory-p2-fold1-seed13-v2_seed13,1.0,1.0,74282,0.4434743201797353,0.5955340123603474,0.6842692412750847,756803,mean_binary_certainty,0.0420572040274948
V3-1,P2,1,13,natural_missingness,fb82651717076e658cf67e62ccd41ca247d29c994518945706edefcf0b635aa0,55799d64eb4b670d768a32f8b9fd53879e682405ee16749e6da649f3ba29497d,extrasensory-p2-fold1-seed13-v2_seed13,0.05,0.0500121159904149,3715,0.4112601804813939,0.4512164245826209,0.8901001630561379,39585,mean_normalized_threshold_margin,0.9802676402708712
V3-1,P2,1,13,natural_missingness,fb82651717076e658cf67e62ccd41ca247d29c994518945706edefcf0b635aa0,55799d64eb4b670d768a32f8b9fd53879e682405ee16749e6da649f3ba29497d,extrasensory-p2-fold1-seed13-v2_seed13,0.1,0.1000107697692577,7429,0.3583965214859258,0.4502451366589606,0.9074412651979156,78067,mean_normalized_threshold_margin,0.9581908296607544
V3-1,P2,1,13,natural_missingness,fb82651717076e658cf67e62ccd41ca247d29c994518945706edefcf0b635aa0,55799d64eb4b670d768a32f8b9fd53879e682405ee16749e6da649f3ba29497d,extrasensory-p2-fold1-seed13-v2_seed13,0.15,0.1500094235481004,11143,0.3426591015196183,0.3948600741888999,0.910626255249224,115432,mean_normalized_threshold_margin,0.9374782505919422
V3-1,P2,1,13,natural_missingness,fb82651717076e658cf67e62ccd41ca247d29c994518945706edefcf0b635aa0,55799d64eb4b670d768a32f8b9fd53879e682405ee16749e6da649f3ba29497d,extrasensory-p2-fold1-seed13-v2_seed13,0.2,0.2000080773269432,14857,0.3417426703876718,0.52733496371298,0.9060439996823128,154782,mean_normalized_threshold_margin,0.8934236932161512
V3-1,P2,1,13,natural_missingness,fb82651717076e658cf67e62ccd41ca247d29c994518945706edefcf0b635aa0,55799d64eb4b670d768a32f8b9fd53879e682405ee16749e6da649f3ba29497d,extrasensory-p2-fold1-seed13-v2_seed13,0.25,0.2500067311057861,18571,0.3355644388694922,0.6441089004105085,0.8927401244339727,194610,mean_normalized_threshold_margin,0.8426667040579782
V3-1,P2,1,13,natural_missingness,fb82651717076e658cf67e62ccd41ca247d29c994518945706edefcf0b635aa0,55799d64eb4b670d768a32f8b9fd53879e682405ee16749e6da649f3ba29497d,extrasensory-p2-fold1-seed13-v2_seed13,0.3,0.3000053848846288,22285,0.3376657353078144,0.6781640467977194,0.8744149826733637,234046,mean_normalized_threshold_margin,0.8071905757875729
V3-1,P2,1,13,natural_missingness,fb82651717076e658cf67e62ccd41ca247d29c994518945706edefcf0b635aa0,55799d64eb4b670d768a32f8b9fd53879e682405ee16749e6da649f3ba29497d,extrasensory-p2-fold1-seed13-v2_seed13,0.35,0.3500040386634716,25999,0.3429141010570954,0.6880567507280945,0.8546165894805362,272080,mean_normalized_threshold_margin,0.7781484216813244
V3-1,P2,1,13,natural_missingness,fb82651717076e658cf67e62ccd41ca247d29c994518945706edefcf0b635aa0,55799d64eb4b670d768a32f8b9fd53879e682405ee16749e6da649f3ba29497d,extrasensory-p2-fold1-seed13-v2_seed13,0.4,0.4000026924423144,29713,0.3477049500166317,0.6894345218844183,0.8365077830416707,308389,mean_normalized_threshold_margin,0.7535638192035294
V3-1,P2,1,13,natural_missingness,fb82651717076e658cf67e62ccd41ca247d29c994518945706edefcf0b635aa0,55799d64eb4b670d768a32f8b9fd53879e682405ee16749e6da649f3ba29497d,extrasensory-p2-fold1-seed13-v2_seed13,0.45,0.4500013462211572,33427,0.3550658185351819,0.6856412197135792,0.8183560987299305,344804,mean_normalized_threshold_margin,0.7323383322317276
V3-1,P2,1,13,natural_missingness,fb82651717076e658cf67e62ccd41ca247d29c994518945706edefcf0b635aa0,55799d64eb4b670d768a32f8b9fd53879e682405ee16749e6da649f3ba29497d,extrasensory-p2-fold1-seed13-v2_seed13,0.5,0.5,37141,0.362897633868124,0.6795756117798376,0.8020929516774392,381143,mean_normalized_threshold_margin,0.7127853225249575
V3-1,P2,1,13,natural_missingness,fb82651717076e658cf67e62ccd41ca247d29c994518945706edefcf0b635aa0,55799d64eb4b670d768a32f8b9fd53879e682405ee16749e6da649f3ba29497d,extrasensory-p2-fold1-seed13-v2_seed13,0.55,0.5500121159904149,40856,0.3723896576423462,0.6737515277299505,0.7856316336393296,419386,mean_normalized_threshold_margin,0.694655656277155
V3-1,P2,1,13,natural_missingness,fb82651717076e658cf67e62ccd41ca247d29c994518945706edefcf0b635aa0,55799d64eb4b670d768a32f8b9fd53879e682405ee16749e6da649f3ba29497d,extrasensory-p2-fold1-seed13-v2_seed13,0.6,0.6000107697692577,44570,0.3823004147958604,0.6664612298153758,0.7710033085263307,458271,mean_normalized_threshold_margin,0.6773489762587839
V3-1,P2,1,13,natural_missingness,fb82651717076e658cf67e62ccd41ca247d29c994518945706edefcf0b635aa0,55799d64eb4b670d768a32f8b9fd53879e682405ee16749e6da649f3ba29497d,extrasensory-p2-fold1-seed13-v2_seed13,0.65,0.6500094235481004,48284,0.3914815758824469,0.6590276645394209,0.7578849113441667,496548,mean_normalized_threshold_margin,0.6596888152278182
V3-1,P2,1,13,natural_missingness,fb82651717076e658cf67e62ccd41ca247d29c994518945706edefcf0b635aa0,55799d64eb4b670d768a32f8b9fd53879e682405ee16749e6da649f3ba29497d,extrasensory-p2-fold1-seed13-v2_seed13,0.7,0.7000080773269433,51998,0.3994280321819646,0.6516768197625645,0.7460843168142037,534324,mean_normalized_threshold_margin,0.6414649259053682
V3-1,P2,1,13,natural_missingness,fb82651717076e658cf67e62ccd41ca247d29c994518945706edefcf0b635aa0,55799d64eb4b670d768a32f8b9fd53879e682405ee16749e6da649f3ba29497d,extrasensory-p2-fold1-seed13-v2_seed13,0.75,0.7500067311057861,55712,0.4070830022913162,0.6432596718217893,0.7350399270518347,571959,mean_normalized_threshold_margin,0.6221252597281837
V3-1,P2,1,13,natural_missingness,fb82651717076e658cf67e62ccd41ca247d29c994518945706edefcf0b635aa0,55799d64eb4b670d768a32f8b9fd53879e682405ee16749e6da649f3ba29497d,extrasensory-p2-fold1-seed13-v2_seed13,0.8,0.8000053848846288,59426,0.4143983725612752,0.6345549533467915,0.7243916633896972,609536,mean_normalized_threshold_margin,0.5994365118079497
V3-1,P2,1,13,natural_missingness,fb82651717076e658cf67e62ccd41ca247d29c994518945706edefcf0b635aa0,55799d64eb4b670d768a32f8b9fd53879e682405ee16749e6da649f3ba29497d,extrasensory-p2-fold1-seed13-v2_seed13,0.85,0.8500040386634716,63140,0.4212984421275761,0.6258415754603033,0.7147100897704353,647444,mean_normalized_threshold_margin,0.5726798053602971
V3-1,P2,1,13,natural_missingness,fb82651717076e658cf67e62ccd41ca247d29c994518945706edefcf0b635aa0,55799d64eb4b670d768a32f8b9fd53879e682405ee16749e6da649f3ba29497d,extrasensory-p2-fold1-seed13-v2_seed13,0.9,0.9000026924423145,66854,0.4287923312168371,0.616363579942105,0.7045010113687938,685254,mean_normalized_threshold_margin,0.5380375385415038
V3-1,P2,1,13,natural_missingness,fb82651717076e658cf67e62ccd41ca247d29c994518945706edefcf0b635aa0,55799d64eb4b670d768a32f8b9fd53879e682405ee16749e6da649f3ba29497d,extrasensory-p2-fold1-seed13-v2_seed13,0.95,0.9500013462211572,70568,0.4362364963451484,0.6068034740336006,0.6943839686621455,722368,mean_normalized_threshold_margin,0.4864146813686532
V3-1,P2,1,13,natural_missingness,fb82651717076e658cf67e62ccd41ca247d29c994518945706edefcf0b635aa0,55799d64eb4b670d768a32f8b9fd53879e682405ee16749e6da649f3ba29497d,extrasensory-p2-fold1-seed13-v2_seed13,1.0,1.0,74282,0.4434743201797353,0.5955340123603474,0.6842692412750847,756803,mean_normalized_threshold_margin,0.2712706663657137
V3-1,P2,1,13,natural_missingness,fb82651717076e658cf67e62ccd41ca247d29c994518945706edefcf0b635aa0,55799d64eb4b670d768a32f8b9fd53879e682405ee16749e6da649f3ba29497d,extrasensory-p2-fold1-seed13-v2_seed13,0.05,0.0500121159904149,3715,0.4272627227016416,0.5365020036095315,0.7428068438136106,34399,p2_system_reliability,0.9942522048950196
V3-1,P2,1,13,natural_missingness,fb82651717076e658cf67e62ccd41ca247d29c994518945706edefcf0b635aa0,55799d64eb4b670d768a32f8b9fd53879e682405ee16749e6da649f3ba29497d,extrasensory-p2-fold1-seed13-v2_seed13,0.1,0.1000107697692577,7429,0.410906092904438,0.5407790196986764,0.7297591805600959,69869,p2_system_reliability,0.9927303791046144
V3-1,P2,1,13,natural_missingness,fb82651717076e658cf67e62ccd41ca247d29c994518945706edefcf0b635aa0,55799d64eb4b670d768a32f8b9fd53879e682405ee16749e6da649f3ba29497d,extrasensory-p2-fold1-seed13-v2_seed13,0.15,0.1500094235481004,11143,0.411290576163361,0.551385331647931,0.7195528324196496,106320,p2_system_reliability,0.9914065599441528
V3-1,P2,1,13,natural_missingness,fb82651717076e658cf67e62ccd41ca247d29c994518945706edefcf0b635aa0,55799d64eb4b670d768a32f8b9fd53879e682405ee16749e6da649f3ba29497d,extrasensory-p2-fold1-seed13-v2_seed13,0.2,0.2000080773269432,14857,0.41861660886534,0.5716618107040656,0.7134973741035963,143112,p2_system_reliability,0.990103244781494
V3-1,P2,1,13,natural_missingness,fb82651717076e658cf67e62ccd41ca247d29c994518945706edefcf0b635aa0,55799d64eb4b670d768a32f8b9fd53879e682405ee16749e6da649f3ba29497d,extrasensory-p2-fold1-seed13-v2_seed13,0.25,0.2500067311057861,18571,0.4261795891904286,0.5788398086481763,0.70873919028255,180943,p2_system_reliability,0.9887686967849731
V3-1,P2,1,13,natural_missingness,fb82651717076e658cf67e62ccd41ca247d29c994518945706edefcf0b635aa0,55799d64eb4b670d768a32f8b9fd53879e682405ee16749e6da649f3ba29497d,extrasensory-p2-fold1-seed13-v2_seed13,0.3,0.3000053848846288,22285,0.4282521682328649,0.5805307286191489,0.7084955782842705,219218,p2_system_reliability,0.987467885017395
V3-1,P2,1,13,natural_missingness,fb82651717076e658cf67e62ccd41ca247d29c994518945706edefcf0b635aa0,55799d64eb4b670d768a32f8b9fd53879e682405ee16749e6da649f3ba29497d,extrasensory-p2-fold1-seed13-v2_seed13,0.35,0.3500040386634716,25999,0.4296612039046377,0.587124400063183,0.7070197189750856,257515,p2_system_reliability,0.986109495162964
V3-1,P2,1,13,natural_missingness,fb82651717076e658cf67e62ccd41ca247d29c994518945706edefcf0b635aa0,55799d64eb4b670d768a32f8b9fd53879e682405ee16749e6da649f3ba29497d,extrasensory-p2-fold1-seed13-v2_seed13,0.4,0.4000026924423144,29713,0.4334490475092549,0.5925700634637668,0.7045301226493282,296608,p2_system_reliability,0.984694004058838
V3-1,P2,1,13,natural_missingness,fb82651717076e658cf67e62ccd41ca247d29c994518945706edefcf0b635aa0,55799d64eb4b670d768a32f8b9fd53879e682405ee16749e6da649f3ba29497d,extrasensory-p2-fold1-seed13-v2_seed13,0.45,0.4500013462211572,33427,0.4360792771138863,0.5950499140372253,0.6997649722941792,334223,p2_system_reliability,0.9830319881439208
V3-1,P2,1,13,natural_missingness,fb82651717076e658cf67e62ccd41ca247d29c994518945706edefcf0b635aa0,55799d64eb4b670d768a32f8b9fd53879e682405ee16749e6da649f3ba29497d,extrasensory-p2-fold1-seed13-v2_seed13,0.5,0.5,37141,0.4365834532056634,0.5960307942549,0.6950114198902451,371109,p2_system_reliability,0.9811189770698548
V3-1,P2,1,13,natural_missingness,fb82651717076e658cf67e62ccd41ca247d29c994518945706edefcf0b635aa0,55799d64eb4b670d768a32f8b9fd53879e682405ee16749e6da649f3ba29497d,extrasensory-p2-fold1-seed13-v2_seed13,0.55,0.5500121159904149,40856,0.4374916684263428,0.5949431020001641,0.6899661781285231,407818,p2_system_reliability,0.9789540767669678
V3-1,P2,1,13,natural_missingness,fb82651717076e658cf67e62ccd41ca247d29c994518945706edefcf0b635aa0,55799d64eb4b670d768a32f8b9fd53879e682405ee16749e6da649f3ba29497d,extrasensory-p2-fold1-seed13-v2_seed13,0.6,0.6000107697692577,44570,0.4403343174881449,0.5947471143726674,0.685326157718849,443651,p2_system_reliability,0.9764406681060792
V3-1,P2,1,13,natural_missingness,fb82651717076e658cf67e62ccd41ca247d29c994518945706edefcf0b635aa0,55799d64eb4b670d768a32f8b9fd53879e682405ee16749e6da649f3ba29497d,extrasensory-p2-fold1-seed13-v2_seed13,0.65,0.6500094235481004,48284,0.4429837696901175,0.5944146911014151,0.6815077705022021,480268,p2_system_reliability,0.973726451396942
V3-1,P2,1,13,natural_missingness,fb82651717076e658cf67e62ccd41ca247d29c994518945706edefcf0b635aa0,55799d64eb4b670d768a32f8b9fd53879e682405ee16749e6da649f3ba29497d,extrasensory-p2-fold1-seed13-v2_seed13,0.7,0.7000080773269433,51998,0.4441632190727723,0.5963755192212529,0.6793790417264578,517488,p2_system_reliability,0.9703469276428224
V3-1,P2,1,13,natural_missingness,fb82651717076e658cf67e62ccd41ca247d29c994518945706edefcf0b635aa0,55799d64eb4b670d768a32f8b9fd53879e682405ee16749e6da649f3ba29497d,extrasensory-p2-fold1-seed13-v2_seed13,0.75,0.7500067311057861,55712,0.4449247871972157,0.5964499797262393,0.6774089232128017,555003,p2_system_reliability,0.9661962985992432
V3-1,P2,1,13,natural_missingness,fb82651717076e658cf67e62ccd41ca247d29c994518945706edefcf0b635aa0,55799d64eb4b670d768a32f8b9fd53879e682405ee16749e6da649f3ba29497d,extrasensory-p2-fold1-seed13-v2_seed13,0.8,0.8000053848846288,59426,0.4455577009433985,0.5961787017343892,0.6752137309500675,592442,p2_system_reliability,0.9605535268783568
V3-1,P2,1,13,natural_missingness,fb82651717076e658cf67e62ccd41ca247d29c994518945706edefcf0b635aa0,55799d64eb4b670d768a32f8b9fd53879e682405ee16749e6da649f3ba29497d,extrasensory-p2-fold1-seed13-v2_seed13,0.85,0.8500040386634716,63140,0.445359342784016,0.5970134683366496,0.6742020828160016,630579,p2_system_reliability,0.951343834400177
V3-1,P2,1,13,natural_missingness,fb82651717076e658cf67e62ccd41ca247d29c994518945706edefcf0b635aa0,55799d64eb4b670d768a32f8b9fd53879e682405ee16749e6da649f3ba29497d,extrasensory-p2-fold1-seed13-v2_seed13,0.9,0.9000026924423145,66854,0.4439888600741893,0.5977309237943221,0.675319339765938,669157,p2_system_reliability,0.92915016412735
V3-1,P2,1,13,natural_missingness,fb82651717076e658cf67e62ccd41ca247d29c994518945706edefcf0b635aa0,55799d64eb4b670d768a32f8b9fd53879e682405ee16749e6da649f3ba29497d,extrasensory-p2-fold1-seed13-v2_seed13,0.95,0.9500013462211572,70568,0.4435466095239855,0.5970213304590675,0.6790936009792453,712136,p2_system_reliability,0.8906126618385315
V3-1,P2,1,13,natural_missingness,fb82651717076e658cf67e62ccd41ca247d29c994518945706edefcf0b635aa0,55799d64eb4b670d768a32f8b9fd53879e682405ee16749e6da649f3ba29497d,extrasensory-p2-fold1-seed13-v2_seed13,1.0,1.0,74282,0.4434743201797353,0.5955340123603474,0.6842692412750847,756803,p2_system_reliability,0.7833995223045349
V3-1,B4,1,29,natural_missingness,fb82651717076e658cf67e62ccd41ca247d29c994518945706edefcf0b635aa0,772071e551f5016f67e736813527df63eb3ba349af2e750375b002213783e955,extrasensory-gated-fold1-seed29-full,0.05,0.0500121159904149,3715,0.5149218930502623,0.5869105171641015,0.8804332601895514,41470,mean_binary_certainty,0.9646982722928116
V3-1,B4,1,29,natural_missingness,fb82651717076e658cf67e62ccd41ca247d29c994518945706edefcf0b635aa0,772071e551f5016f67e736813527df63eb3ba349af2e750375b002213783e955,extrasensory-gated-fold1-seed29-full,0.1,0.1000107697692577,7429,0.428898828547515,0.3236514468874094,0.885689415860917,79041,mean_binary_certainty,0.9348786882992264
V3-1,B4,1,29,natural_missingness,fb82651717076e658cf67e62ccd41ca247d29c994518945706edefcf0b635aa0,772071e551f5016f67e736813527df63eb3ba349af2e750375b002213783e955,extrasensory-gated-fold1-seed29-full,0.15,0.1500094235481004,11143,0.4123616711380453,0.5179799178481186,0.8845504864933058,116004,mean_binary_certainty,0.9013053233730624
V3-1,B4,1,29,natural_missingness,fb82651717076e658cf67e62ccd41ca247d29c994518945706edefcf0b635aa0,772071e551f5016f67e736813527df63eb3ba349af2e750375b002213783e955,extrasensory-gated-fold1-seed29-full,0.2,0.2000080773269432,14857,0.4008729932057001,0.5144201114718449,0.8789614720419222,154611,mean_binary_certainty,0.8304882493991563
V3-1,B4,1,29,natural_missingness,fb82651717076e658cf67e62ccd41ca247d29c994518945706edefcf0b635aa0,772071e551f5016f67e736813527df63eb3ba349af2e750375b002213783e955,extrasensory-gated-fold1-seed29-full,0.25,0.2500067311057861,18571,0.3893377937394653,0.6350156783485554,0.8674542461508666,193113,mean_binary_certainty,0.7670296532332008
V3-1,B4,1,29,natural_missingness,fb82651717076e658cf67e62ccd41ca247d29c994518945706edefcf0b635aa0,772071e551f5016f67e736813527df63eb3ba349af2e750375b002213783e955,extrasensory-gated-fold1-seed29-full,0.3,0.3000053848846288,22285,0.3918309943999222,0.6422948953056777,0.8509574398321201,230027,mean_binary_certainty,0.7117290674920621
V3-1,B4,1,29,natural_missingness,fb82651717076e658cf67e62ccd41ca247d29c994518945706edefcf0b635aa0,772071e551f5016f67e736813527df63eb3ba349af2e750375b002213783e955,extrasensory-gated-fold1-seed29-full,0.35,0.3500040386634716,25999,0.3901387724631824,0.6531361975274848,0.8365401084784471,265569,mean_binary_certainty,0.6647626385454599
V3-1,B4,1,29,natural_missingness,fb82651717076e658cf67e62ccd41ca247d29c994518945706edefcf0b635aa0,772071e551f5016f67e736813527df63eb3ba349af2e750375b002213783e955,extrasensory-gated-fold1-seed29-full,0.4,0.4000026924423144,29713,0.3863543972694673,0.6614704720317225,0.8223229282205673,301195,mean_binary_certainty,0.6278737831685872
V3-1,B4,1,29,natural_missingness,fb82651717076e658cf67e62ccd41ca247d29c994518945706edefcf0b635aa0,772071e551f5016f67e736813527df63eb3ba349af2e750375b002213783e955,extrasensory-gated-fold1-seed29-full,0.45,0.4500013462211572,33427,0.3883924526590566,0.662266932936246,0.8060724389369247,338175,mean_binary_certainty,0.5954786040711408
V3-1,B4,1,29,natural_missingness,fb82651717076e658cf67e62ccd41ca247d29c994518945706edefcf0b635aa0,772071e551f5016f67e736813527df63eb3ba349af2e750375b002213783e955,extrasensory-gated-fold1-seed29-full,0.5,0.5,37141,0.3942993935132105,0.6603677381728102,0.7895135330019829,376233,mean_binary_certainty,0.5690640072783446
V3-1,B4,1,29,natural_missingness,fb82651717076e658cf67e62ccd41ca247d29c994518945706edefcf0b635aa0,772071e551f5016f67e736813527df63eb3ba349af2e750375b002213783e955,extrasensory-gated-fold1-seed29-full,0.55,0.5500121159904149,40856,0.4003911842488983,0.6559963385014644,0.7742086730651113,414730,mean_binary_certainty,0.5439665424397018
V3-1,B4,1,29,natural_missingness,fb82651717076e658cf67e62ccd41ca247d29c994518945706edefcf0b635aa0,772071e551f5016f67e736813527df63eb3ba349af2e750375b002213783e955,extrasensory-gated-fold1-seed29-full,0.6,0.6000107697692577,44570,0.4054272827670972,0.6502551627004048,0.7606196385298435,452541,mean_binary_certainty,0.5196004878728752
V3-1,B4,1,29,natural_missingness,fb82651717076e658cf67e62ccd41ca247d29c994518945706edefcf0b635aa0,772071e551f5016f67e736813527df63eb3ba349af2e750375b002213783e955,extrasensory-gated-fold1-seed29-full,0.65,0.6500094235481004,48284,0.4105274530101241,0.6441969756486157,0.7481400993004552,490653,mean_binary_certainty,0.4944106197113265
V3-1,B4,1,29,natural_missingness,fb82651717076e658cf67e62ccd41ca247d29c994518945706edefcf0b635aa0,772071e551f5016f67e736813527df63eb3ba349af2e750375b002213783e955,extrasensory-gated-fold1-seed29-full,0.7,0.7000080773269433,51998,0.4161337342985252,0.6370457110646394,0.7355832096733909,528915,mean_binary_certainty,0.4682958163995764
V3-1,B4,1,29,natural_missingness,fb82651717076e658cf67e62ccd41ca247d29c994518945706edefcf0b635aa0,772071e551f5016f67e736813527df63eb3ba349af2e750375b002213783e955,extrasensory-gated-fold1-seed29-full,0.75,0.7500067311057861,55712,0.4223836853675081,0.630210590282747,0.7245642813204839,567193,mean_binary_certainty,0.4390893127281852
V3-1,B4,1,29,natural_missingness,fb82651717076e658cf67e62ccd41ca247d29c994518945706edefcf0b635aa0,772071e551f5016f67e736813527df63eb3ba349af2e750375b002213783e955,extrasensory-gated-fold1-seed29-full,0.8,0.8000053848846288,59426,0.4295683964039301,0.6214393007330241,0.7129057667592554,606036,mean_binary_certainty,0.408183412674123
V3-1,B4,1,29,natural_missingness,fb82651717076e658cf67e62ccd41ca247d29c994518945706edefcf0b635aa0,772071e551f5016f67e736813527df63eb3ba349af2e750375b002213783e955,extrasensory-gated-fold1-seed29-full,0.85,0.8500040386634716,63140,0.4377461345663632,0.6124749804682784,0.7017496667443764,644262,mean_binary_certainty,0.3735051727447724
V3-1,B4,1,29,natural_missingness,fb82651717076e658cf67e62ccd41ca247d29c994518945706edefcf0b635aa0,772071e551f5016f67e736813527df63eb3ba349af2e750375b002213783e955,extrasensory-gated-fold1-seed29-full,0.9,0.9000026924423145,66854,0.4454153301464564,0.6035456425664116,0.6910356685321286,682468,mean_binary_certainty,0.3312696607200328
V3-1,B4,1,29,natural_missingness,fb82651717076e658cf67e62ccd41ca247d29c994518945706edefcf0b635aa0,772071e551f5016f67e736813527df63eb3ba349af2e750375b002213783e955,extrasensory-gated-fold1-seed29-full,0.95,0.9500013462211572,70568,0.4533725260653657,0.5945976163731616,0.6807725010396607,720041,mean_binary_certainty,0.2683897674057764
V3-1,B4,1,29,natural_missingness,fb82651717076e658cf67e62ccd41ca247d29c994518945706edefcf0b635aa0,772071e551f5016f67e736813527df63eb3ba349af2e750375b002213783e955,extrasensory-gated-fold1-seed29-full,1.0,1.0,74282,0.4620715006860804,0.5849053009577665,0.6706448085248751,756803,mean_binary_certainty,0.0238217597170554
V3-1,B4,1,29,natural_missingness,fb82651717076e658cf67e62ccd41ca247d29c994518945706edefcf0b635aa0,772071e551f5016f67e736813527df63eb3ba349af2e750375b002213783e955,extrasensory-gated-fold1-seed29-full,0.05,0.0500121159904149,3715,0.5021661394498759,0.6045153261923267,0.8951825628210468,40446,mean_normalized_threshold_margin,0.9887518317537622
V3-1,B4,1,29,natural_missingness,fb82651717076e658cf67e62ccd41ca247d29c994518945706edefcf0b635aa0,772071e551f5016f67e736813527df63eb3ba349af2e750375b002213783e955,extrasensory-gated-fold1-seed29-full,0.1,0.1000107697692577,7429,0.4347901740992584,0.418317866112355,0.8969300752051569,80103,mean_normalized_threshold_margin,0.9702421753486864
V3-1,B4,1,29,natural_missingness,fb82651717076e658cf67e62ccd41ca247d29c994518945706edefcf0b635aa0,772071e551f5016f67e736813527df63eb3ba349af2e750375b002213783e955,extrasensory-gated-fold1-seed29-full,0.15,0.1500094235481004,11143,0.4110280152499033,0.4906844037495875,0.887308654405865,115551,mean_normalized_threshold_margin,0.9445630143684414
V3-1,B4,1,29,natural_missingness,fb82651717076e658cf67e62ccd41ca247d29c994518945706edefcf0b635aa0,772071e551f5016f67e736813527df63eb3ba349af2e750375b002213783e955,extrasensory-gated-fold1-seed29-full,0.2,0.2000080773269432,14857,0.3945203460981438,0.5372906553796308,0.8816816531827564,154053,mean_normalized_threshold_margin,0.9092249115310556
V3-1,B4,1,29,natural_missingness,fb82651717076e658cf67e62ccd41ca247d29c994518945706edefcf0b635aa0,772071e551f5016f67e736813527df63eb3ba349af2e750375b002213783e955,extrasensory-gated-fold1-seed29-full,0.25,0.2500067311057861,18571,0.3897421976481237,0.6365231133791511,0.8683656093970966,192586,mean_normalized_threshold_margin,0.8738747272196759
V3-1,B4,1,29,natural_missingness,fb82651717076e658cf67e62ccd41ca247d29c994518945706edefcf0b635aa0,772071e551f5016f67e736813527df63eb3ba349af2e750375b002213783e955,extrasensory-gated-fold1-seed29-full,0.3,0.3000053848846288,22285,0.3822181821519063,0.6620184169992271,0.8551291076962915,230966,mean_normalized_threshold_margin,0.8404390640344898
V3-1,B4,1,29,natural_missingness,fb82651717076e658cf67e62ccd41ca247d29c994518945706edefcf0b635aa0,772071e551f5016f67e736813527df63eb3ba349af2e750375b002213783e955,extrasensory-gated-fold1-seed29-full,0.35,0.3500040386634716,25999,0.3828053004055828,0.6673335984703319,0.8373917238197109,269269,mean_normalized_threshold_margin,0.809866600007475
V3-1,B4,1,29,natural_missingness,fb82651717076e658cf67e62ccd41ca247d29c994518945706edefcf0b635aa0,772071e551f5016f67e736813527df63eb3ba349af2e750375b002213783e955,extrasensory-gated-fold1-seed29-full,0.4,0.4000026924423144,29713,0.3868282134131741,0.6731184289097919,0.819517778680353,307380,mean_normalized_threshold_margin,0.7836971781728412
V3-1,B4,1,29,natural_missingness,fb82651717076e658cf67e62ccd41ca247d29c994518945706edefcf0b635aa0,772071e551f5016f67e736813527df63eb3ba349af2e750375b002213783e955,extrasensory-gated-fold1-seed29-full,0.45,0.4500013462211572,33427,0.3915031097891686,0.6747501110051639,0.8022159566500727,344392,mean_normalized_threshold_margin,0.7618053595115394
V3-1,B4,1,29,natural_missingness,fb82651717076e658cf67e62ccd41ca247d29c994518945706edefcf0b635aa0,772071e551f5016f67e736813527df63eb3ba349af2e750375b002213783e955,extrasensory-gated-fold1-seed29-full,0.5,0.5,37141,0.395115590987434,0.672699674660789,0.7872028703842129,380656,mean_normalized_threshold_margin,0.7427566211054898
V3-1,B4,1,29,natural_missingness,fb82651717076e658cf67e62ccd41ca247d29c994518945706edefcf0b635aa0,772071e551f5016f67e736813527df63eb3ba349af2e750375b002213783e955,extrasensory-gated-fold1-seed29-full,0.55,0.5500121159904149,40856,0.3991831717873569,0.6682598700464953,0.7737054150638473,416897,mean_normalized_threshold_margin,0.7239165145583227
V3-1,B4,1,29,natural_missingness,fb82651717076e658cf67e62ccd41ca247d29c994518945706edefcf0b635aa0,772071e551f5016f67e736813527df63eb3ba349af2e750375b002213783e955,extrasensory-gated-fold1-seed29-full,0.6,0.6000107697692577,44570,0.4047650197764622,0.6623226166849314,0.7609900659487436,454167,mean_normalized_threshold_margin,0.705396727516534
V3-1,B4,1,29,natural_missingness,fb82651717076e658cf67e62ccd41ca247d29c994518945706edefcf0b635aa0,772071e551f5016f67e736813527df63eb3ba349af2e750375b002213783e955,extrasensory-gated-fold1-seed29-full,0.65,0.6500094235481004,48284,0.4103926958426263,0.6551252527271597,0.7490638435578568,491939,mean_normalized_threshold_margin,0.6867198280905906
V3-1,B4,1,29,natural_missingness,fb82651717076e658cf67e62ccd41ca247d29c994518945706edefcf0b635aa0,772071e551f5016f67e736813527df63eb3ba349af2e750375b002213783e955,extrasensory-gated-fold1-seed29-full,0.7,0.7000080773269433,51998,0.4170260039443538,0.6471514330805083,0.7372375264881526,530491,mean_normalized_threshold_margin,0.6672623511844307
V3-1,B4,1,29,natural_missingness,fb82651717076e658cf67e62ccd41ca247d29c994518945706edefcf0b635aa0,772071e551f5016f67e736813527df63eb3ba349af2e750375b002213783e955,extrasensory-gated-fold1-seed29-full,0.75,0.7500067311057861,55712,0.4239890240968992,0.6393283916118501,0.7258842817223,569467,mean_normalized_threshold_margin,0.6453222293789769
V3-1,B4,1,29,natural_missingness,fb82651717076e658cf67e62ccd41ca247d29c994518945706edefcf0b635aa0,772071e551f5016f67e736813527df63eb3ba349af2e750375b002213783e955,extrasensory-gated-fold1-seed29-full,0.8,0.8000053848846288,59426,0.4307240501510518,0.6298115552337784,0.7147557485995507,607986,mean_normalized_threshold_margin,0.6206770159041735
V3-1,B4,1,29,natural_missingness,fb82651717076e658cf67e62ccd41ca247d29c994518945706edefcf0b635aa0,772071e551f5016f67e736813527df63eb3ba349af2e750375b002213783e955,extrasensory-gated-fold1-seed29-full,0.85,0.8500040386634716,63140,0.4395629695160635,0.6192932448503594,0.7034777017943772,646437,mean_normalized_threshold_margin,0.5894108256084306
V3-1,B4,1,29,natural_missingness,fb82651717076e658cf67e62ccd41ca247d29c994518945706edefcf0b635aa0,772071e551f5016f67e736813527df63eb3ba349af2e750375b002213783e955,extrasensory-gated-fold1-seed29-full,0.9,0.9000026924423145,66854,0.4471228236491544,0.6075695253378808,0.6927025143527173,683689,mean_normalized_threshold_margin,0.5479560115928285
V3-1,B4,1,29,natural_missingness,fb82651717076e658cf67e62ccd41ca247d29c994518945706edefcf0b635aa0,772071e551f5016f67e736813527df63eb3ba349af2e750375b002213783e955,extrasensory-gated-fold1-seed29-full,0.95,0.9500013462211572,70568,0.4544007554383298,0.5966526227909502,0.6820005040110882,720499,mean_normalized_threshold_margin,0.4880806965370209
V3-1,B4,1,29,natural_missingness,fb82651717076e658cf67e62ccd41ca247d29c994518945706edefcf0b635aa0,772071e551f5016f67e736813527df63eb3ba349af2e750375b002213783e955,extrasensory-gated-fold1-seed29-full,1.0,1.0,74282,0.4620715006860803,0.5849053009577665,0.6706448085248751,756803,mean_normalized_threshold_margin,0.2535013954099987
V3-1,B5,1,29,natural_missingness,fb82651717076e658cf67e62ccd41ca247d29c994518945706edefcf0b635aa0,434854c101af42966c780b74fe570860d41ca706dae5d22b9a048d435db891a3,extrasensory-robust-gated-fold1-seed29-full,0.05,0.0500121159904149,3715,0.4069052346476667,0.4687897955915805,0.8639118457300275,39292,mean_binary_certainty,0.9346465360490122
V3-1,B5,1,29,natural_missingness,fb82651717076e658cf67e62ccd41ca247d29c994518945706edefcf0b635aa0,434854c101af42966c780b74fe570860d41ca706dae5d22b9a048d435db891a3,extrasensory-robust-gated-fold1-seed29-full,0.1,0.1000107697692577,7429,0.3365933379914281,0.5407328767750539,0.8906488410956913,76563,mean_binary_certainty,0.9032211749065642
V3-1,B5,1,29,natural_missingness,fb82651717076e658cf67e62ccd41ca247d29c994518945706edefcf0b635aa0,434854c101af42966c780b74fe570860d41ca706dae5d22b9a048d435db891a3,extrasensory-robust-gated-fold1-seed29-full,0.15,0.1500094235481004,11143,0.3197857815053534,0.5822395003850052,0.8925669671194617,115942,mean_binary_certainty,0.8479690275325195
V3-1,B5,1,29,natural_missingness,fb82651717076e658cf67e62ccd41ca247d29c994518945706edefcf0b635aa0,434854c101af42966c780b74fe570860d41ca706dae5d22b9a048d435db891a3,extrasensory-robust-gated-fold1-seed29-full,0.2,0.2000080773269432,14857,0.3168785655728772,0.6474856321789204,0.8847466901400074,155598,mean_binary_certainty,0.7822878023514559
V3-1,B5,1,29,natural_missingness,fb82651717076e658cf67e62ccd41ca247d29c994518945706edefcf0b635aa0,434854c101af42966c780b74fe570860d41ca706dae5d22b9a048d435db891a3,extrasensory-robust-gated-fold1-seed29-full,0.25,0.2500067311057861,18571,0.3211255135193819,0.6729151371654939,0.8697441368667721,195077,mean_binary_certainty,0.7291572459789114
V3-1,B5,1,29,natural_missingness,fb82651717076e658cf67e62ccd41ca247d29c994518945706edefcf0b635aa0,434854c101af42966c780b74fe570860d41ca706dae5d22b9a048d435db891a3,extrasensory-robust-gated-fold1-seed29-full,0.3,0.3000053848846288,22285,0.3315056716277024,0.6796576268041622,0.8504276242032096,233867,mean_binary_certainty,0.6832578653943444
V3-1,B5,1,29,natural_missingness,fb82651717076e658cf67e62ccd41ca247d29c994518945706edefcf0b635aa0,434854c101af42966c780b74fe570860d41ca706dae5d22b9a048d435db891a3,extrasensory-robust-gated-fold1-seed29-full,0.35,0.3500040386634716,25999,0.3455434844984688,0.682266974162445,0.8309033014915368,270562,mean_binary_certainty,0.6437696902226965
V3-1,B5,1,29,natural_missingness,fb82651717076e658cf67e62ccd41ca247d29c994518945706edefcf0b635aa0,434854c101af42966c780b74fe570860d41ca706dae5d22b9a048d435db891a3,extrasensory-robust-gated-fold1-seed29-full,0.4,0.4000026924423144,29713,0.3568459909473696,0.6817318199284362,0.812847498014297,306404,mean_binary_certainty,0.6097875135709886
V3-1,B5,1,29,natural_missingness,fb82651717076e658cf67e62ccd41ca247d29c994518945706edefcf0b635aa0,434854c101af42966c780b74fe570860d41ca706dae5d22b9a048d435db891a3,extrasensory-robust-gated-fold1-seed29-full,0.45,0.4500013462211572,33427,0.3659788852868127,0.6778647656367401,0.7966206815629348,342281,mean_binary_certainty,0.5806873107119346
V3-1,B5,1,29,natural_missingness,fb82651717076e658cf67e62ccd41ca247d29c994518945706edefcf0b635aa0,434854c101af42966c780b74fe570860d41ca706dae5d22b9a048d435db891a3,extrasensory-robust-gated-fold1-seed29-full,0.5,0.5,37141,0.3745679492191947,0.6703813125610982,0.7808114418260733,379768,mean_binary_certainty,0.5541762506444254
V3-1,B5,1,29,natural_missingness,fb82651717076e658cf67e62ccd41ca247d29c994518945706edefcf0b635aa0,434854c101af42966c780b74fe570860d41ca706dae5d22b9a048d435db891a3,extrasensory-robust-gated-fold1-seed29-full,0.55,0.5500121159904149,40856,0.3825702261360968,0.6632258911834982,0.7662129925846478,417508,mean_binary_certainty,0.5282380851893589
V3-1,B5,1,29,natural_missingness,fb82651717076e658cf67e62ccd41ca247d29c994518945706edefcf0b635aa0,434854c101af42966c780b74fe570860d41ca706dae5d22b9a048d435db891a3,extrasensory-robust-gated-fold1-seed29-full,0.6,0.6000107697692577,44570,0.3911549750786283,0.6559241260431381,0.7522668613733614,455690,mean_binary_certainty,0.5037670560750172
V3-1,B5,1,29,natural_missingness,fb82651717076e658cf67e62ccd41ca247d29c994518945706edefcf0b635aa0,434854c101af42966c780b74fe570860d41ca706dae5d22b9a048d435db891a3,extrasensory-robust-gated-fold1-seed29-full,0.65,0.6500094235481004,48284,0.399036204643218,0.6496745391205037,0.7395729754699697,494286,mean_binary_certainty,0.4793339160553175
V3-1,B5,1,29,natural_missingness,fb82651717076e658cf67e62ccd41ca247d29c994518945706edefcf0b635aa0,434854c101af42966c780b74fe570860d41ca706dae5d22b9a048d435db891a3,extrasensory-robust-gated-fold1-seed29-full,0.7,0.7000080773269433,51998,0.4068817180281894,0.6439126555893065,0.7278475958152738,532460,mean_binary_certainty,0.453566749828829
V3-1,B5,1,29,natural_missingness,fb82651717076e658cf67e62ccd41ca247d29c994518945706edefcf0b635aa0,434854c101af42966c780b74fe570860d41ca706dae5d22b9a048d435db891a3,extrasensory-robust-gated-fold1-seed29-full,0.75,0.7500067311057861,55712,0.4134141839366612,0.6370263115363439,0.717368732561089,570805,mean_binary_certainty,0.4265716226941402
V3-1,B5,1,29,natural_missingness,fb82651717076e658cf67e62ccd41ca247d29c994518945706edefcf0b635aa0,434854c101af42966c780b74fe570860d41ca706dae5d22b9a048d435db891a3,extrasensory-robust-gated-fold1-seed29-full,0.8,0.8000053848846288,59426,0.4200044755213918,0.6299769002333656,0.7075172719781961,608354,mean_binary_certainty,0.3974548922358664
V3-1,B5,1,29,natural_missingness,fb82651717076e658cf67e62ccd41ca247d29c994518945706edefcf0b635aa0,434854c101af42966c780b74fe570860d41ca706dae5d22b9a048d435db891a3,extrasensory-robust-gated-fold1-seed29-full,0.85,0.8500040386634716,63140,0.4270204822041027,0.6230214212891219,0.6983339135920394,646150,mean_binary_certainty,0.3633638478856785
V3-1,B5,1,29,natural_missingness,fb82651717076e658cf67e62ccd41ca247d29c994518945706edefcf0b635aa0,434854c101af42966c780b74fe570860d41ca706dae5d22b9a048d435db891a3,extrasensory-robust-gated-fold1-seed29-full,0.9,0.9000026924423145,66854,0.4345213278318012,0.6145303830960458,0.6883637810008796,683787,mean_binary_certainty,0.3235070369488768
V3-1,B5,1,29,natural_missingness,fb82651717076e658cf67e62ccd41ca247d29c994518945706edefcf0b635aa0,434854c101af42966c780b74fe570860d41ca706dae5d22b9a048d435db891a3,extrasensory-robust-gated-fold1-seed29-full,0.95,0.9500013462211572,70568,0.4429102999321282,0.6047360227545742,0.67868239827651,720413,mean_binary_certainty,0.267594624925196
V3-1,B5,1,29,natural_missingness,fb82651717076e658cf67e62ccd41ca247d29c994518945706edefcf0b635aa0,434854c101af42966c780b74fe570860d41ca706dae5d22b9a048d435db891a3,extrasensory-robust-gated-fold1-seed29-full,1.0,1.0,74282,0.4517656387037135,0.5947752929962123,0.6695460581763798,756803,mean_binary_certainty,0.0281303621877239
V3-1,B5,1,29,natural_missingness,fb82651717076e658cf67e62ccd41ca247d29c994518945706edefcf0b635aa0,434854c101af42966c780b74fe570860d41ca706dae5d22b9a048d435db891a3,extrasensory-robust-gated-fold1-seed29-full,0.05,0.0500121159904149,3715,0.4044619661005213,0.4414162528739425,0.8834343733057322,38607,mean_normalized_threshold_margin,0.9742235717567485
V3-1,B5,1,29,natural_missingness,fb82651717076e658cf67e62ccd41ca247d29c994518945706edefcf0b635aa0,434854c101af42966c780b74fe570860d41ca706dae5d22b9a048d435db891a3,extrasensory-robust-gated-fold1-seed29-full,0.1,0.1000107697692577,7429,0.3388301228041554,0.5436596786393589,0.8971025171733498,76770,mean_normalized_threshold_margin,0.9518049022698762
V3-1,B5,1,29,natural_missingness,fb82651717076e658cf67e62ccd41ca247d29c994518945706edefcf0b635aa0,434854c101af42966c780b74fe570860d41ca706dae5d22b9a048d435db891a3,extrasensory-robust-gated-fold1-seed29-full,0.15,0.1500094235481004,11143,0.3250351095360443,0.6078797595420294,0.8922369360082467,114754,mean_normalized_threshold_margin,0.9280218201250288
V3-1,B5,1,29,natural_missingness,fb82651717076e658cf67e62ccd41ca247d29c994518945706edefcf0b635aa0,434854c101af42966c780b74fe570860d41ca706dae5d22b9a048d435db891a3,extrasensory-robust-gated-fold1-seed29-full,0.2,0.2000080773269432,14857,0.3177810863083148,0.6342217096732672,0.8846874668489728,155223,mean_normalized_threshold_margin,0.8916194121734063
V3-1,B5,1,29,natural_missingness,fb82651717076e658cf67e62ccd41ca247d29c994518945706edefcf0b635aa0,434854c101af42966c780b74fe570860d41ca706dae5d22b9a048d435db891a3,extrasensory-robust-gated-fold1-seed29-full,0.25,0.2500067311057861,18571,0.3221483343791864,0.6786329959782439,0.8688238237765671,195166,mean_normalized_threshold_margin,0.8547963037314127
V3-1,B5,1,29,natural_missingness,fb82651717076e658cf67e62ccd41ca247d29c994518945706edefcf0b635aa0,434854c101af42966c780b74fe570860d41ca706dae5d22b9a048d435db891a3,extrasensory-robust-gated-fold1-seed29-full,0.3,0.3000053848846288,22285,0.3339883383030889,0.6975711379955144,0.8498061248714094,234404,mean_normalized_threshold_margin,0.8220117954306486
V3-1,B5,1,29,natural_missingness,fb82651717076e658cf67e62ccd41ca247d29c994518945706edefcf0b635aa0,434854c101af42966c780b74fe570860d41ca706dae5d22b9a048d435db891a3,extrasensory-robust-gated-fold1-seed29-full,0.35,0.3500040386634716,25999,0.348948475174054,0.6969000359029446,0.8301879048641845,272848,mean_normalized_threshold_margin,0.7945863371042913
V3-1,B5,1,29,natural_missingness,fb82651717076e658cf67e62ccd41ca247d29c994518945706edefcf0b635aa0,434854c101af42966c780b74fe570860d41ca706dae5d22b9a048d435db891a3,extrasensory-robust-gated-fold1-seed29-full,0.4,0.4000026924423144,29713,0.3601804622763205,0.6928963426665585,0.8124380035322866,310356,mean_normalized_threshold_margin,0.7706907749601325
V3-1,B5,1,29,natural_missingness,fb82651717076e658cf67e62ccd41ca247d29c994518945706edefcf0b635aa0,434854c101af42966c780b74fe570860d41ca706dae5d22b9a048d435db891a3,extrasensory-robust-gated-fold1-seed29-full,0.45,0.4500013462211572,33427,0.3705465082611214,0.6856784418342282,0.7957869845591465,347359,mean_normalized_threshold_margin,0.7494288572481586
V3-1,B5,1,29,natural_missingness,fb82651717076e658cf67e62ccd41ca247d29c994518945706edefcf0b635aa0,434854c101af42966c780b74fe570860d41ca706dae5d22b9a048d435db891a3,extrasensory-robust-gated-fold1-seed29-full,0.5,0.5,37141,0.380604423185185,0.6763711614352135,0.7798574896712019,384380,mean_normalized_threshold_margin,0.7286990066874436
V3-1,B5,1,29,natural_missingness,fb82651717076e658cf67e62ccd41ca247d29c994518945706edefcf0b635aa0,434854c101af42966c780b74fe570860d41ca706dae5d22b9a048d435db891a3,extrasensory-robust-gated-fold1-seed29-full,0.55,0.5500121159904149,40856,0.3880440708680613,0.6693158327668465,0.7656796267216205,421448,mean_normalized_threshold_margin,0.7089473930787242
V3-1,B5,1,29,natural_missingness,fb82651717076e658cf67e62ccd41ca247d29c994518945706edefcf0b635aa0,434854c101af42966c780b74fe570860d41ca706dae5d22b9a048d435db891a3,extrasensory-robust-gated-fold1-seed29-full,0.6,0.6000107697692577,44570,0.3954676888609069,0.6625213929237949,0.7526673373824695,458743,mean_normalized_threshold_margin,0.6902806912930531
V3-1,B5,1,29,natural_missingness,fb82651717076e658cf67e62ccd41ca247d29c994518945706edefcf0b635aa0,434854c101af42966c780b74fe570860d41ca706dae5d22b9a048d435db891a3,extrasensory-robust-gated-fold1-seed29-full,0.65,0.6500094235481004,48284,0.4032268579108905,0.6554813066310814,0.7402737339232903,497021,mean_normalized_threshold_margin,0.6705997633533297
V3-1,B5,1,29,natural_missingness,fb82651717076e658cf67e62ccd41ca247d29c994518945706edefcf0b635aa0,434854c101af42966c780b74fe570860d41ca706dae5d22b9a048d435db891a3,extrasensory-robust-gated-fold1-seed29-full,0.7,0.7000080773269433,51998,0.4096217556683102,0.6488274396356567,0.729437813134252,534921,mean_normalized_threshold_margin,0.6510180472298898
V3-1,B5,1,29,natural_missingness,fb82651717076e658cf67e62ccd41ca247d29c994518945706edefcf0b635aa0,434854c101af42966c780b74fe570860d41ca706dae5d22b9a048d435db891a3,extrasensory-robust-gated-fold1-seed29-full,0.75,0.7500067311057861,55712,0.4169675761663412,0.641804003867401,0.7194274136949296,572621,mean_normalized_threshold_margin,0.6297187903150001
V3-1,B5,1,29,natural_missingness,fb82651717076e658cf67e62ccd41ca247d29c994518945706edefcf0b635aa0,434854c101af42966c780b74fe570860d41ca706dae5d22b9a048d435db891a3,extrasensory-robust-gated-fold1-seed29-full,0.8,0.8000053848846288,59426,0.423715559288849,0.6352517875141094,0.7101925261844303,610254,mean_normalized_threshold_margin,0.6046478473758843
V3-1,B5,1,29,natural_missingness,fb82651717076e658cf67e62ccd41ca247d29c994518945706edefcf0b635aa0,434854c101af42966c780b74fe570860d41ca706dae5d22b9a048d435db891a3,extrasensory-robust-gated-fold1-seed29-full,0.85,0.8500040386634716,63140,0.4300810476489053,0.6271154801790307,0.7006106999786387,647139,mean_normalized_threshold_margin,0.5748498319528501
V3-1,B5,1,29,natural_missingness,fb82651717076e658cf67e62ccd41ca247d29c994518945706edefcf0b635aa0,434854c101af42966c780b74fe570860d41ca706dae5d22b9a048d435db891a3,extrasensory-robust-gated-fold1-seed29-full,0.9,0.9000026924423145,66854,0.4370240251741253,0.6187458798605133,0.6904469860213271,685173,mean_normalized_threshold_margin,0.5386437263058832
V3-1,B5,1,29,natural_missingness,fb82651717076e658cf67e62ccd41ca247d29c994518945706edefcf0b635aa0,434854c101af42966c780b74fe570860d41ca706dae5d22b9a048d435db891a3,extrasensory-robust-gated-fold1-seed29-full,0.95,0.9500013462211572,70568,0.4442018240418798,0.6081904574640479,0.680301834138102,721968,mean_normalized_threshold_margin,0.4831509029491785
V3-1,B5,1,29,natural_missingness,fb82651717076e658cf67e62ccd41ca247d29c994518945706edefcf0b635aa0,434854c101af42966c780b74fe570860d41ca706dae5d22b9a048d435db891a3,extrasensory-robust-gated-fold1-seed29-full,1.0,1.0,74282,0.4517656387037134,0.5947752929962123,0.6695460581763798,756803,mean_normalized_threshold_margin,0.2396074404123218
V3-1,P,1,29,natural_missingness,fb82651717076e658cf67e62ccd41ca247d29c994518945706edefcf0b635aa0,f673ac114890904d1a9add7fc832f66a2a1fba0d46a35b95dd265edef5748b0b,extrasensory-quality-aware-fold1-seed29-full,0.05,0.0500121159904149,3715,0.4411764050372819,0.5668948096883286,0.8855218855218855,39417,mean_binary_certainty,0.947429887576354
V3-1,P,1,29,natural_missingness,fb82651717076e658cf67e62ccd41ca247d29c994518945706edefcf0b635aa0,f673ac114890904d1a9add7fc832f66a2a1fba0d46a35b95dd265edef5748b0b,extrasensory-quality-aware-fold1-seed29-full,0.1,0.1000107697692577,7429,0.3459111610631744,0.5022288066596742,0.8961342086068563,79347,mean_binary_certainty,0.9278152193999288
V3-1,P,1,29,natural_missingness,fb82651717076e658cf67e62ccd41ca247d29c994518945706edefcf0b635aa0,f673ac114890904d1a9add7fc832f66a2a1fba0d46a35b95dd265edef5748b0b,extrasensory-quality-aware-fold1-seed29-full,0.15,0.1500094235481004,11143,0.3190641422060078,0.4673779857743365,0.8964696171185472,119418,mean_binary_certainty,0.8891893718804613
V3-1,P,1,29,natural_missingness,fb82651717076e658cf67e62ccd41ca247d29c994518945706edefcf0b635aa0,f673ac114890904d1a9add7fc832f66a2a1fba0d46a35b95dd265edef5748b0b,extrasensory-quality-aware-fold1-seed29-full,0.2,0.2000080773269432,14857,0.3163903395455845,0.5361304515060902,0.8888196226053181,157985,mean_binary_certainty,0.822498050447803
V3-1,P,1,29,natural_missingness,fb82651717076e658cf67e62ccd41ca247d29c994518945706edefcf0b635aa0,f673ac114890904d1a9add7fc832f66a2a1fba0d46a35b95dd265edef5748b0b,extrasensory-quality-aware-fold1-seed29-full,0.25,0.2500067311057861,18571,0.314448744032372,0.6648586068203202,0.8749249707262834,194041,mean_binary_certainty,0.7549093776014809
V3-1,P,1,29,natural_missingness,fb82651717076e658cf67e62ccd41ca247d29c994518945706edefcf0b635aa0,f673ac114890904d1a9add7fc832f66a2a1fba0d46a35b95dd265edef5748b0b,extrasensory-quality-aware-fold1-seed29-full,0.3,0.3000053848846288,22285,0.314336976450279,0.6969931987075488,0.861132466490624,229738,mean_binary_certainty,0.7033111949865318
V3-1,P,1,29,natural_missingness,fb82651717076e658cf67e62ccd41ca247d29c994518945706edefcf0b635aa0,f673ac114890904d1a9add7fc832f66a2a1fba0d46a35b95dd265edef5748b0b,extrasensory-quality-aware-fold1-seed29-full,0.35,0.3500040386634716,25999,0.3200144968202688,0.7025572786702092,0.8451961304483708,266111,mean_binary_certainty,0.6573477368309844
V3-1,P,1,29,natural_missingness,fb82651717076e658cf67e62ccd41ca247d29c994518945706edefcf0b635aa0,f673ac114890904d1a9add7fc832f66a2a1fba0d46a35b95dd265edef5748b0b,extrasensory-quality-aware-fold1-seed29-full,0.4,0.4000026924423144,29713,0.3300142317271884,0.6949662933994116,0.8271970350161504,302962,mean_binary_certainty,0.6172262143875298
V3-1,P,1,29,natural_missingness,fb82651717076e658cf67e62ccd41ca247d29c994518945706edefcf0b635aa0,f673ac114890904d1a9add7fc832f66a2a1fba0d46a35b95dd265edef5748b0b,extrasensory-quality-aware-fold1-seed29-full,0.45,0.4500013462211572,33427,0.3397562446656081,0.6856188498069251,0.8089699944124746,340857,mean_binary_certainty,0.5813204166908907
V3-1,P,1,29,natural_missingness,fb82651717076e658cf67e62ccd41ca247d29c994518945706edefcf0b635aa0,f673ac114890904d1a9add7fc832f66a2a1fba0d46a35b95dd265edef5748b0b,extrasensory-quality-aware-fold1-seed29-full,0.5,0.5,37141,0.3478304263167552,0.6775689175630937,0.79251340800467,378520,mean_binary_certainty,0.5506496833281191
V3-1,P,1,29,natural_missingness,fb82651717076e658cf67e62ccd41ca247d29c994518945706edefcf0b635aa0,f673ac114890904d1a9add7fc832f66a2a1fba0d46a35b95dd265edef5748b0b,extrasensory-quality-aware-fold1-seed29-full,0.55,0.5500121159904149,40856,0.3572131668737582,0.6693361429798443,0.7767232862137103,416113,mean_binary_certainty,0.5227378812966776
V3-1,P,1,29,natural_missingness,fb82651717076e658cf67e62ccd41ca247d29c994518945706edefcf0b635aa0,f673ac114890904d1a9add7fc832f66a2a1fba0d46a35b95dd265edef5748b0b,extrasensory-quality-aware-fold1-seed29-full,0.6,0.6000107697692577,44570,0.3647669487598581,0.6611814977779982,0.7627099409895597,453757,mean_binary_certainty,0.4954625588982809
V3-1,P,1,29,natural_missingness,fb82651717076e658cf67e62ccd41ca247d29c994518945706edefcf0b635aa0,f673ac114890904d1a9add7fc832f66a2a1fba0d46a35b95dd265edef5748b0b,extrasensory-quality-aware-fold1-seed29-full,0.65,0.6500094235481004,48284,0.3727119934194123,0.6530026795872562,0.7494594431358338,491727,mean_binary_certainty,0.4680234809444316
V3-1,P,1,29,natural_missingness,fb82651717076e658cf67e62ccd41ca247d29c994518945706edefcf0b635aa0,f673ac114890904d1a9add7fc832f66a2a1fba0d46a35b95dd265edef5748b0b,extrasensory-quality-aware-fold1-seed29-full,0.7,0.7000080773269433,51998,0.3807535902684063,0.6446027217886444,0.7370907082947795,530045,mean_binary_certainty,0.4414719348900546
V3-1,P,1,29,natural_missingness,fb82651717076e658cf67e62ccd41ca247d29c994518945706edefcf0b635aa0,f673ac114890904d1a9add7fc832f66a2a1fba0d46a35b95dd265edef5748b0b,extrasensory-quality-aware-fold1-seed29-full,0.75,0.7500067311057861,55712,0.3886120156086874,0.6358122336311935,0.7258132305180708,568165,mean_binary_certainty,0.4117139837965032
V3-1,P,1,29,natural_missingness,fb82651717076e658cf67e62ccd41ca247d29c994518945706edefcf0b635aa0,f673ac114890904d1a9add7fc832f66a2a1fba0d46a35b95dd265edef5748b0b,extrasensory-quality-aware-fold1-seed29-full,0.8,0.8000053848846288,59426,0.3962667989688136,0.6277689164149759,0.7147384279702842,606513,mean_binary_certainty,0.3805591045938639
V3-1,P,1,29,natural_missingness,fb82651717076e658cf67e62ccd41ca247d29c994518945706edefcf0b635aa0,f673ac114890904d1a9add7fc832f66a2a1fba0d46a35b95dd265edef5748b0b,extrasensory-quality-aware-fold1-seed29-full,0.85,0.8500040386634716,63140,0.4041054395399056,0.6186344819280105,0.7041001854722537,644730,mean_binary_certainty,0.3468648572467298
V3-1,P,1,29,natural_missingness,fb82651717076e658cf67e62ccd41ca247d29c994518945706edefcf0b635aa0,f673ac114890904d1a9add7fc832f66a2a1fba0d46a35b95dd265edef5748b0b,extrasensory-quality-aware-fold1-seed29-full,0.9,0.9000026924423145,66854,0.4121155625189888,0.6094654377347001,0.693716121260791,682382,mean_binary_certainty,0.3065692989308619
V3-1,P,1,29,natural_missingness,fb82651717076e658cf67e62ccd41ca247d29c994518945706edefcf0b635aa0,f673ac114890904d1a9add7fc832f66a2a1fba0d46a35b95dd265edef5748b0b,extrasensory-quality-aware-fold1-seed29-full,0.95,0.9500013462211572,70568,0.4202109287069621,0.6008702709661887,0.684095105561542,720052,mean_binary_certainty,0.2504871471337228
V3-1,P,1,29,natural_missingness,fb82651717076e658cf67e62ccd41ca247d29c994518945706edefcf0b635aa0,f673ac114890904d1a9add7fc832f66a2a1fba0d46a35b95dd265edef5748b0b,extrasensory-quality-aware-fold1-seed29-full,1.0,1.0,74282,0.4299147502523923,0.5904309096842162,0.6743575304597113,756803,mean_binary_certainty,0.0297405275032841
V3-1,P,1,29,natural_missingness,fb82651717076e658cf67e62ccd41ca247d29c994518945706edefcf0b635aa0,f673ac114890904d1a9add7fc832f66a2a1fba0d46a35b95dd265edef5748b0b,extrasensory-quality-aware-fold1-seed29-full,0.05,0.0500121159904149,3715,0.442025930740818,0.6829882610622191,0.8922677188086416,39672,mean_normalized_threshold_margin,0.9789679890584378
V3-1,P,1,29,natural_missingness,fb82651717076e658cf67e62ccd41ca247d29c994518945706edefcf0b635aa0,f673ac114890904d1a9add7fc832f66a2a1fba0d46a35b95dd265edef5748b0b,extrasensory-quality-aware-fold1-seed29-full,0.1,0.1000107697692577,7429,0.3376433262994498,0.5252467091182992,0.9060937210594554,80884,mean_normalized_threshold_margin,0.959040918207946
V3-1,P,1,29,natural_missingness,fb82651717076e658cf67e62ccd41ca247d29c994518945706edefcf0b635aa0,f673ac114890904d1a9add7fc832f66a2a1fba0d46a35b95dd265edef5748b0b,extrasensory-quality-aware-fold1-seed29-full,0.15,0.1500094235481004,11143,0.3202037571420662,0.5543571558948402,0.8996228061972007,119689,mean_normalized_threshold_margin,0.94031636216639
V3-1,P,1,29,natural_missingness,fb82651717076e658cf67e62ccd41ca247d29c994518945706edefcf0b635aa0,f673ac114890904d1a9add7fc832f66a2a1fba0d46a35b95dd265edef5748b0b,extrasensory-quality-aware-fold1-seed29-full,0.2,0.2000080773269432,14857,0.3181183884965617,0.5933469986482647,0.8903654485049833,158626,mean_normalized_threshold_margin,0.9034004890965178
V3-1,P,1,29,natural_missingness,fb82651717076e658cf67e62ccd41ca247d29c994518945706edefcf0b635aa0,f673ac114890904d1a9add7fc832f66a2a1fba0d46a35b95dd265edef5748b0b,extrasensory-quality-aware-fold1-seed29-full,0.25,0.2500067311057861,18571,0.316477909354661,0.692584251069286,0.8742982388679535,196401,mean_normalized_threshold_margin,0.8640525719581812
V3-1,P,1,29,natural_missingness,fb82651717076e658cf67e62ccd41ca247d29c994518945706edefcf0b635aa0,f673ac114890904d1a9add7fc832f66a2a1fba0d46a35b95dd265edef5748b0b,extrasensory-quality-aware-fold1-seed29-full,0.3,0.3000053848846288,22285,0.3168624051528775,0.7020045686424926,0.8583673402494387,231964,mean_normalized_threshold_margin,0.8341732596174697
V3-1,P,1,29,natural_missingness,fb82651717076e658cf67e62ccd41ca247d29c994518945706edefcf0b635aa0,f673ac114890904d1a9add7fc832f66a2a1fba0d46a35b95dd265edef5748b0b,extrasensory-quality-aware-fold1-seed29-full,0.35,0.3500040386634716,25999,0.3216774045995345,0.7010139061102271,0.8424489795918367,267511,mean_normalized_threshold_margin,0.8053347540067464
V3-1,P,1,29,natural_missingness,fb82651717076e658cf67e62ccd41ca247d29c994518945706edefcf0b635aa0,f673ac114890904d1a9add7fc832f66a2a1fba0d46a35b95dd265edef5748b0b,extrasensory-quality-aware-fold1-seed29-full,0.4,0.4000026924423144,29713,0.33258940552169,0.697135390842232,0.8252992620416216,305158,mean_normalized_threshold_margin,0.7793878218680104
V3-1,P,1,29,natural_missingness,fb82651717076e658cf67e62ccd41ca247d29c994518945706edefcf0b635aa0,f673ac114890904d1a9add7fc832f66a2a1fba0d46a35b95dd265edef5748b0b,extrasensory-quality-aware-fold1-seed29-full,0.45,0.4500013462211572,33427,0.3421660155808186,0.6920502907446908,0.8086631983714092,342971,mean_normalized_threshold_margin,0.7544440823141477
V3-1,P,1,29,natural_missingness,fb82651717076e658cf67e62ccd41ca247d29c994518945706edefcf0b635aa0,f673ac114890904d1a9add7fc832f66a2a1fba0d46a35b95dd265edef5748b0b,extrasensory-quality-aware-fold1-seed29-full,0.5,0.5,37141,0.3515919358318418,0.6851353912721734,0.7930824715390632,380867,mean_normalized_threshold_margin,0.7310696621509395
V3-1,P,1,29,natural_missingness,fb82651717076e658cf67e62ccd41ca247d29c994518945706edefcf0b635aa0,f673ac114890904d1a9add7fc832f66a2a1fba0d46a35b95dd265edef5748b0b,extrasensory-quality-aware-fold1-seed29-full,0.55,0.5500121159904149,40856,0.3594504728128073,0.6793587475589676,0.7789851024208566,418618,mean_normalized_threshold_margin,0.7098712688014044
V3-1,P,1,29,natural_missingness,fb82651717076e658cf67e62ccd41ca247d29c994518945706edefcf0b635aa0,f673ac114890904d1a9add7fc832f66a2a1fba0d46a35b95dd265edef5748b0b,extrasensory-quality-aware-fold1-seed29-full,0.6,0.6000107697692577,44570,0.3679463599588401,0.6716791582668971,0.7647159362822178,456221,mean_normalized_threshold_margin,0.6894590685519749
V3-1,P,1,29,natural_missingness,fb82651717076e658cf67e62ccd41ca247d29c994518945706edefcf0b635aa0,f673ac114890904d1a9add7fc832f66a2a1fba0d46a35b95dd265edef5748b0b,extrasensory-quality-aware-fold1-seed29-full,0.65,0.6500094235481004,48284,0.3760635276140754,0.6619701266131257,0.7508154949965882,494286,mean_normalized_threshold_margin,0.668765934010775
V3-1,P,1,29,natural_missingness,fb82651717076e658cf67e62ccd41ca247d29c994518945706edefcf0b635aa0,f673ac114890904d1a9add7fc832f66a2a1fba0d46a35b95dd265edef5748b0b,extrasensory-quality-aware-fold1-seed29-full,0.7,0.7000080773269433,51998,0.3838570023804157,0.6527976435588101,0.7381427766929226,532712,mean_normalized_threshold_margin,0.6472372884623336
V3-1,P,1,29,natural_missingness,fb82651717076e658cf67e62ccd41ca247d29c994518945706edefcf0b635aa0,f673ac114890904d1a9add7fc832f66a2a1fba0d46a35b95dd265edef5748b0b,extrasensory-quality-aware-fold1-seed29-full,0.75,0.7500067311057861,55712,0.3913096965625396,0.6425235672613053,0.7263347755967663,570894,mean_normalized_threshold_margin,0.6246424241833329
V3-1,P,1,29,natural_missingness,fb82651717076e658cf67e62ccd41ca247d29c994518945706edefcf0b635aa0,f673ac114890904d1a9add7fc832f66a2a1fba0d46a35b95dd265edef5748b0b,extrasensory-quality-aware-fold1-seed29-full,0.8,0.8000053848846288,59426,0.3984399387006202,0.6337077237796463,0.715832093341082,608839,mean_normalized_threshold_margin,0.5998847864927692
V3-1,P,1,29,natural_missingness,fb82651717076e658cf67e62ccd41ca247d29c994518945706edefcf0b635aa0,f673ac114890904d1a9add7fc832f66a2a1fba0d46a35b95dd265edef5748b0b,extrasensory-quality-aware-fold1-seed29-full,0.85,0.8500040386634716,63140,0.4053836670697935,0.6241297495611741,0.7055120191513455,646249,mean_normalized_threshold_margin,0.571074071025719
V3-1,P,1,29,natural_missingness,fb82651717076e658cf67e62ccd41ca247d29c994518945706edefcf0b635aa0,f673ac114890904d1a9add7fc832f66a2a1fba0d46a35b95dd265edef5748b0b,extrasensory-quality-aware-fold1-seed29-full,0.9,0.9000026924423145,66854,0.4124906495202629,0.6140226782288714,0.6953516679008878,683512,mean_normalized_threshold_margin,0.5336327916773327
V3-1,P,1,29,natural_missingness,fb82651717076e658cf67e62ccd41ca247d29c994518945706edefcf0b635aa0,f673ac114890904d1a9add7fc832f66a2a1fba0d46a35b95dd265edef5748b0b,extrasensory-quality-aware-fold1-seed29-full,0.95,0.9500013462211572,70568,0.4205019854769051,0.6031703221089911,0.6852836641090028,720873,mean_normalized_threshold_margin,0.4803874327827707
V3-1,P,1,29,natural_missingness,fb82651717076e658cf67e62ccd41ca247d29c994518945706edefcf0b635aa0,f673ac114890904d1a9add7fc832f66a2a1fba0d46a35b95dd265edef5748b0b,extrasensory-quality-aware-fold1-seed29-full,1.0,1.0,74282,0.4299147502523923,0.5904309096842162,0.6743575304597113,756803,mean_normalized_threshold_margin,0.2071084260000631
V3-1,P2,1,29,natural_missingness,fb82651717076e658cf67e62ccd41ca247d29c994518945706edefcf0b635aa0,f52c8661a0b6d6269cb249637d65fbdd91d0f67599b6461a875df807a2fb997e,extrasensory-p2-fold1-seed29-v2_multiseed,0.05,0.0500121159904149,3715,0.4869518259406057,0.5096489912592166,0.8865777080062794,37985,mean_binary_certainty,0.9413269272955744
V3-1,P2,1,29,natural_missingness,fb82651717076e658cf67e62ccd41ca247d29c994518945706edefcf0b635aa0,f52c8661a0b6d6269cb249637d65fbdd91d0f67599b6461a875df807a2fb997e,extrasensory-p2-fold1-seed29-v2_multiseed,0.1,0.1000107697692577,7429,0.395827016613142,0.4426009002002213,0.8915063281878703,75416,mean_binary_certainty,0.9140281275847212
V3-1,P2,1,29,natural_missingness,fb82651717076e658cf67e62ccd41ca247d29c994518945706edefcf0b635aa0,f52c8661a0b6d6269cb249637d65fbdd91d0f67599b6461a875df807a2fb997e,extrasensory-p2-fold1-seed29-v2_multiseed,0.15,0.1500094235481004,11143,0.3522261339627509,0.4816918217914417,0.895279607081379,116879,mean_binary_certainty,0.8614616447902647
V3-1,P2,1,29,natural_missingness,fb82651717076e658cf67e62ccd41ca247d29c994518945706edefcf0b635aa0,f52c8661a0b6d6269cb249637d65fbdd91d0f67599b6461a875df807a2fb997e,extrasensory-p2-fold1-seed29-v2_multiseed,0.2,0.2000080773269432,14857,0.3365986767522422,0.6074376734105684,0.8908495024580236,156496,mean_binary_certainty,0.789287249807584
V3-1,P2,1,29,natural_missingness,fb82651717076e658cf67e62ccd41ca247d29c994518945706edefcf0b635aa0,f52c8661a0b6d6269cb249637d65fbdd91d0f67599b6461a875df807a2fb997e,extrasensory-p2-fold1-seed29-v2_multiseed,0.25,0.2500067311057861,18571,0.332912074103587,0.6848583255949645,0.8768792145491344,193270,mean_binary_certainty,0.7255662272532457
V3-1,P2,1,29,natural_missingness,fb82651717076e658cf67e62ccd41ca247d29c994518945706edefcf0b635aa0,f52c8661a0b6d6269cb249637d65fbdd91d0f67599b6461a875df807a2fb997e,extrasensory-p2-fold1-seed29-v2_multiseed,0.3,0.3000053848846288,22285,0.3383858809368267,0.6996038350903349,0.857611776993087,228916,mean_binary_certainty,0.6782197170301814
V3-1,P2,1,29,natural_missingness,fb82651717076e658cf67e62ccd41ca247d29c994518945706edefcf0b635aa0,f52c8661a0b6d6269cb249637d65fbdd91d0f67599b6461a875df807a2fb997e,extrasensory-p2-fold1-seed29-v2_multiseed,0.35,0.3500040386634716,25999,0.3462668703715197,0.6980191129115013,0.8376825438177529,265212,mean_binary_certainty,0.6376008304174616
V3-1,P2,1,29,natural_missingness,fb82651717076e658cf67e62ccd41ca247d29c994518945706edefcf0b635aa0,f52c8661a0b6d6269cb249637d65fbdd91d0f67599b6461a875df807a2fb997e,extrasensory-p2-fold1-seed29-v2_multiseed,0.4,0.4000026924423144,29713,0.3565764909017931,0.6921868709571785,0.8179077227697312,302108,mean_binary_certainty,0.6024220247521186
V3-1,P2,1,29,natural_missingness,fb82651717076e658cf67e62ccd41ca247d29c994518945706edefcf0b635aa0,f52c8661a0b6d6269cb249637d65fbdd91d0f67599b6461a875df807a2fb997e,extrasensory-p2-fold1-seed29-v2_multiseed,0.45,0.4500013462211572,33427,0.3644894362348341,0.6836481582845783,0.7990010612282563,339529,mean_binary_certainty,0.573295980438183
V3-1,P2,1,29,natural_missingness,fb82651717076e658cf67e62ccd41ca247d29c994518945706edefcf0b635aa0,f52c8661a0b6d6269cb249637d65fbdd91d0f67599b6461a875df807a2fb997e,extrasensory-p2-fold1-seed29-v2_multiseed,0.5,0.5,37141,0.3701041538923598,0.6741195217003391,0.7819963930055673,376805,mean_binary_certainty,0.5457039577441215
V3-1,P2,1,29,natural_missingness,fb82651717076e658cf67e62ccd41ca247d29c994518945706edefcf0b635aa0,f52c8661a0b6d6269cb249637d65fbdd91d0f67599b6461a875df807a2fb997e,extrasensory-p2-fold1-seed29-v2_multiseed,0.55,0.5500121159904149,40856,0.3754641214377606,0.6645842749071573,0.7665456349869029,414757,mean_binary_certainty,0.5190000126309785
V3-1,P2,1,29,natural_missingness,fb82651717076e658cf67e62ccd41ca247d29c994518945706edefcf0b635aa0,f52c8661a0b6d6269cb249637d65fbdd91d0f67599b6461a875df807a2fb997e,extrasensory-p2-fold1-seed29-v2_multiseed,0.6,0.6000107697692577,44570,0.3815973810922032,0.656577793992379,0.7532283278378414,452911,mean_binary_certainty,0.4933411034634219
V3-1,P2,1,29,natural_missingness,fb82651717076e658cf67e62ccd41ca247d29c994518945706edefcf0b635aa0,f52c8661a0b6d6269cb249637d65fbdd91d0f67599b6461a875df807a2fb997e,extrasensory-p2-fold1-seed29-v2_multiseed,0.65,0.6500094235481004,48284,0.3872363724342541,0.6486660488673479,0.7409653635255069,491305,mean_binary_certainty,0.4673952380399283
V3-1,P2,1,29,natural_missingness,fb82651717076e658cf67e62ccd41ca247d29c994518945706edefcf0b635aa0,f52c8661a0b6d6269cb249637d65fbdd91d0f67599b6461a875df807a2fb997e,extrasensory-p2-fold1-seed29-v2_multiseed,0.7,0.7000080773269433,51998,0.3935919286121059,0.6409508637091664,0.7295934977603646,529236,mean_binary_certainty,0.4421518216445551
V3-1,P2,1,29,natural_missingness,fb82651717076e658cf67e62ccd41ca247d29c994518945706edefcf0b635aa0,f52c8661a0b6d6269cb249637d65fbdd91d0f67599b6461a875df807a2fb997e,extrasensory-p2-fold1-seed29-v2_multiseed,0.75,0.7500067311057861,55712,0.4012434751049299,0.6327295191418282,0.7191765074720452,567324,mean_binary_certainty,0.414636301384553
V3-1,P2,1,29,natural_missingness,fb82651717076e658cf67e62ccd41ca247d29c994518945706edefcf0b635aa0,f52c8661a0b6d6269cb249637d65fbdd91d0f67599b6461a875df807a2fb997e,extrasensory-p2-fold1-seed29-v2_multiseed,0.8,0.8000053848846288,59426,0.408515527258834,0.6247662530691298,0.7094921559955252,605251,mean_binary_certainty,0.3843454667914241
V3-1,P2,1,29,natural_missingness,fb82651717076e658cf67e62ccd41ca247d29c994518945706edefcf0b635aa0,f52c8661a0b6d6269cb249637d65fbdd91d0f67599b6461a875df807a2fb997e,extrasensory-p2-fold1-seed29-v2_multiseed,0.85,0.8500040386634716,63140,0.4159840006505248,0.6166427970457231,0.6993926293516813,643768,mean_binary_certainty,0.3525578233496793
V3-1,P2,1,29,natural_missingness,fb82651717076e658cf67e62ccd41ca247d29c994518945706edefcf0b635aa0,f52c8661a0b6d6269cb249637d65fbdd91d0f67599b6461a875df807a2fb997e,extrasensory-p2-fold1-seed29-v2_multiseed,0.9,0.9000026924423145,66854,0.4233878717354515,0.6078180676252258,0.6890421885318779,682236,mean_binary_certainty,0.313714727905902
V3-1,P2,1,29,natural_missingness,fb82651717076e658cf67e62ccd41ca247d29c994518945706edefcf0b635aa0,f52c8661a0b6d6269cb249637d65fbdd91d0f67599b6461a875df807a2fb997e,extrasensory-p2-fold1-seed29-v2_multiseed,0.95,0.9500013462211572,70568,0.4312683866456365,0.5992173801823808,0.679425065033936,720799,mean_binary_certainty,0.2551477881671081
V3-1,P2,1,29,natural_missingness,fb82651717076e658cf67e62ccd41ca247d29c994518945706edefcf0b635aa0,f52c8661a0b6d6269cb249637d65fbdd91d0f67599b6461a875df807a2fb997e,extrasensory-p2-fold1-seed29-v2_multiseed,1.0,1.0,74282,0.4418665989971377,0.5897960850388606,0.6703722119619264,756803,mean_binary_certainty,0.028949374138106
V3-1,P2,1,29,natural_missingness,fb82651717076e658cf67e62ccd41ca247d29c994518945706edefcf0b635aa0,f52c8661a0b6d6269cb249637d65fbdd91d0f67599b6461a875df807a2fb997e,extrasensory-p2-fold1-seed29-v2_multiseed,0.05,0.0500121159904149,3715,0.4878560119933816,0.3598592815611239,0.8875177513344107,37398,mean_normalized_threshold_margin,0.9798453067515004
V3-1,P2,1,29,natural_missingness,fb82651717076e658cf67e62ccd41ca247d29c994518945706edefcf0b635aa0,f52c8661a0b6d6269cb249637d65fbdd91d0f67599b6461a875df807a2fb997e,extrasensory-p2-fold1-seed29-v2_multiseed,0.1,0.1000107697692577,7429,0.3887703492633658,0.5016887986123366,0.9018792039387004,78051,mean_normalized_threshold_margin,0.9550989287033186
V3-1,P2,1,29,natural_missingness,fb82651717076e658cf67e62ccd41ca247d29c994518945706edefcf0b635aa0,f52c8661a0b6d6269cb249637d65fbdd91d0f67599b6461a875df807a2fb997e,extrasensory-p2-fold1-seed29-v2_multiseed,0.15,0.1500094235481004,11143,0.3543134013007196,0.4814463618732382,0.899210071202655,116780,mean_normalized_threshold_margin,0.9320968031792992
V3-1,P2,1,29,natural_missingness,fb82651717076e658cf67e62ccd41ca247d29c994518945706edefcf0b635aa0,f52c8661a0b6d6269cb249637d65fbdd91d0f67599b6461a875df807a2fb997e,extrasensory-p2-fold1-seed29-v2_multiseed,0.2,0.2000080773269432,14857,0.337846891292557,0.5658949926917495,0.8920822634219887,156017,mean_normalized_threshold_margin,0.8878938382242324
V3-1,P2,1,29,natural_missingness,fb82651717076e658cf67e62ccd41ca247d29c994518945706edefcf0b635aa0,f52c8661a0b6d6269cb249637d65fbdd91d0f67599b6461a875df807a2fb997e,extrasensory-p2-fold1-seed29-v2_multiseed,0.25,0.2500067311057861,18571,0.336451733092031,0.673054463846981,0.8760765918179022,193551,mean_normalized_threshold_margin,0.8499511275888701
V3-1,P2,1,29,natural_missingness,fb82651717076e658cf67e62ccd41ca247d29c994518945706edefcf0b635aa0,f52c8661a0b6d6269cb249637d65fbdd91d0f67599b6461a875df807a2fb997e,extrasensory-p2-fold1-seed29-v2_multiseed,0.3,0.3000053848846288,22285,0.3439295052503652,0.6859756325760092,0.8556711098090913,230877,mean_normalized_threshold_margin,0.8195069077287492
V3-1,P2,1,29,natural_missingness,fb82651717076e658cf67e62ccd41ca247d29c994518945706edefcf0b635aa0,f52c8661a0b6d6269cb249637d65fbdd91d0f67599b6461a875df807a2fb997e,extrasensory-p2-fold1-seed29-v2_multiseed,0.35,0.3500040386634716,25999,0.3512384394535501,0.6891763948112409,0.8354333661131824,268297,mean_normalized_threshold_margin,0.7927503487653345
V3-1,P2,1,29,natural_missingness,fb82651717076e658cf67e62ccd41ca247d29c994518945706edefcf0b635aa0,f52c8661a0b6d6269cb249637d65fbdd91d0f67599b6461a875df807a2fb997e,extrasensory-p2-fold1-seed29-v2_multiseed,0.4,0.4000026924423144,29713,0.3597592658085987,0.6892781956287458,0.8166768007923424,305082,mean_normalized_threshold_margin,0.7687443403637634
V3-1,P2,1,29,natural_missingness,fb82651717076e658cf67e62ccd41ca247d29c994518945706edefcf0b635aa0,f52c8661a0b6d6269cb249637d65fbdd91d0f67599b6461a875df807a2fb997e,extrasensory-p2-fold1-seed29-v2_multiseed,0.45,0.4500013462211572,33427,0.3669302007034053,0.6868706358543831,0.7991826809416056,342237,mean_normalized_threshold_margin,0.7465358842341913
V3-1,P2,1,29,natural_missingness,fb82651717076e658cf67e62ccd41ca247d29c994518945706edefcf0b635aa0,f52c8661a0b6d6269cb249637d65fbdd91d0f67599b6461a875df807a2fb997e,extrasensory-p2-fold1-seed29-v2_multiseed,0.5,0.5,37141,0.3723109940071834,0.6810413879778886,0.7837015478237862,380398,mean_normalized_threshold_margin,0.7258145105873993
V3-1,P2,1,29,natural_missingness,fb82651717076e658cf67e62ccd41ca247d29c994518945706edefcf0b635aa0,f52c8661a0b6d6269cb249637d65fbdd91d0f67599b6461a875df807a2fb997e,extrasensory-p2-fold1-seed29-v2_multiseed,0.55,0.5500121159904149,40856,0.3792901317684699,0.6740590500351843,0.7688574186124206,418105,mean_normalized_threshold_margin,0.7064220562794639
V3-1,P2,1,29,natural_missingness,fb82651717076e658cf67e62ccd41ca247d29c994518945706edefcf0b635aa0,f52c8661a0b6d6269cb249637d65fbdd91d0f67599b6461a875df807a2fb997e,extrasensory-p2-fold1-seed29-v2_multiseed,0.6,0.6000107697692577,44570,0.3859682273763813,0.6640562215175436,0.755245588936576,455981,mean_normalized_threshold_margin,0.6866972273107296
V3-1,P2,1,29,natural_missingness,fb82651717076e658cf67e62ccd41ca247d29c994518945706edefcf0b635aa0,f52c8661a0b6d6269cb249637d65fbdd91d0f67599b6461a875df807a2fb997e,extrasensory-p2-fold1-seed29-v2_multiseed,0.65,0.6500094235481004,48284,0.3918298590878608,0.6557469914259586,0.7434509736153767,494141,mean_normalized_threshold_margin,0.6679632947683137
V3-1,P2,1,29,natural_missingness,fb82651717076e658cf67e62ccd41ca247d29c994518945706edefcf0b635aa0,f52c8661a0b6d6269cb249637d65fbdd91d0f67599b6461a875df807a2fb997e,extrasensory-p2-fold1-seed29-v2_multiseed,0.7,0.7000080773269433,51998,0.3980420646186817,0.6464555231624437,0.7316134534017981,532522,mean_normalized_threshold_margin,0.6484704874995503
V3-1,P2,1,29,natural_missingness,fb82651717076e658cf67e62ccd41ca247d29c994518945706edefcf0b635aa0,f52c8661a0b6d6269cb249637d65fbdd91d0f67599b6461a875df807a2fb997e,extrasensory-p2-fold1-seed29-v2_multiseed,0.75,0.7500067311057861,55712,0.4046623058749081,0.638130342388516,0.7204125250195067,570676,mean_normalized_threshold_margin,0.6278387506667549
V3-1,P2,1,29,natural_missingness,fb82651717076e658cf67e62ccd41ca247d29c994518945706edefcf0b635aa0,f52c8661a0b6d6269cb249637d65fbdd91d0f67599b6461a875df807a2fb997e,extrasensory-p2-fold1-seed29-v2_multiseed,0.8,0.8000053848846288,59426,0.4115027569687756,0.6290954930275224,0.7096688237533308,609320,mean_normalized_threshold_margin,0.603751000838909
V3-1,P2,1,29,natural_missingness,fb82651717076e658cf67e62ccd41ca247d29c994518945706edefcf0b635aa0,f52c8661a0b6d6269cb249637d65fbdd91d0f67599b6461a875df807a2fb997e,extrasensory-p2-fold1-seed29-v2_multiseed,0.85,0.8500040386634716,63140,0.4183013396195073,0.6205913092944216,0.7001196882732355,646639,mean_normalized_threshold_margin,0.5759281586842516
V3-1,P2,1,29,natural_missingness,fb82651717076e658cf67e62ccd41ca247d29c994518945706edefcf0b635aa0,f52c8661a0b6d6269cb249637d65fbdd91d0f67599b6461a875df807a2fb997e,extrasensory-p2-fold1-seed29-v2_multiseed,0.9,0.9000026924423145,66854,0.4251532306903279,0.6116102991877672,0.6909261081244132,683732,mean_normalized_threshold_margin,0.5402665145753058
V3-1,P2,1,29,natural_missingness,fb82651717076e658cf67e62ccd41ca247d29c994518945706edefcf0b635aa0,f52c8661a0b6d6269cb249637d65fbdd91d0f67599b6461a875df807a2fb997e,extrasensory-p2-fold1-seed29-v2_multiseed,0.95,0.9500013462211572,70568,0.4329935083854802,0.6016380786036202,0.6805196608214614,721196,mean_normalized_threshold_margin,0.4862581696902446
V3-1,P2,1,29,natural_missingness,fb82651717076e658cf67e62ccd41ca247d29c994518945706edefcf0b635aa0,f52c8661a0b6d6269cb249637d65fbdd91d0f67599b6461a875df807a2fb997e,extrasensory-p2-fold1-seed29-v2_multiseed,1.0,1.0,74282,0.4418665989971376,0.5897960850388606,0.6703722119619264,756803,mean_normalized_threshold_margin,0.2286064047576541
V3-1,P2,1,29,natural_missingness,fb82651717076e658cf67e62ccd41ca247d29c994518945706edefcf0b635aa0,f52c8661a0b6d6269cb249637d65fbdd91d0f67599b6461a875df807a2fb997e,extrasensory-p2-fold1-seed29-v2_multiseed,0.05,0.0500121159904149,3715,0.4234913346576884,0.5579437364179516,0.5635913166588014,37767,p2_system_reliability,0.9955055713653564
V3-1,P2,1,29,natural_missingness,fb82651717076e658cf67e62ccd41ca247d29c994518945706edefcf0b635aa0,f52c8661a0b6d6269cb249637d65fbdd91d0f67599b6461a875df807a2fb997e,extrasensory-p2-fold1-seed29-v2_multiseed,0.1,0.1000107697692577,7429,0.4012484632735569,0.5958801540679395,0.6032861787189175,75258,p2_system_reliability,0.9938597679138184
V3-1,P2,1,29,natural_missingness,fb82651717076e658cf67e62ccd41ca247d29c994518945706edefcf0b635aa0,f52c8661a0b6d6269cb249637d65fbdd91d0f67599b6461a875df807a2fb997e,extrasensory-p2-fold1-seed29-v2_multiseed,0.15,0.1500094235481004,11143,0.4059055119271894,0.6007510050384021,0.6164891153311718,112866,p2_system_reliability,0.992363691329956
V3-1,P2,1,29,natural_missingness,fb82651717076e658cf67e62ccd41ca247d29c994518945706edefcf0b635aa0,f52c8661a0b6d6269cb249637d65fbdd91d0f67599b6461a875df807a2fb997e,extrasensory-p2-fold1-seed29-v2_multiseed,0.2,0.2000080773269432,14857,0.4186477600409339,0.6020752014478149,0.6177782928666627,148260,p2_system_reliability,0.9908709526062012
V3-1,P2,1,29,natural_missingness,fb82651717076e658cf67e62ccd41ca247d29c994518945706edefcf0b635aa0,f52c8661a0b6d6269cb249637d65fbdd91d0f67599b6461a875df807a2fb997e,extrasensory-p2-fold1-seed29-v2_multiseed,0.25,0.2500067311057861,18571,0.4253729556855048,0.6008531218833598,0.62,183865,p2_system_reliability,0.9893977046012878
V3-1,P2,1,29,natural_missingness,fb82651717076e658cf67e62ccd41ca247d29c994518945706edefcf0b635aa0,f52c8661a0b6d6269cb249637d65fbdd91d0f67599b6461a875df807a2fb997e,extrasensory-p2-fold1-seed29-v2_multiseed,0.3,0.3000053848846288,22285,0.4257559381764599,0.6036930961590864,0.6262174707046112,220351,p2_system_reliability,0.9878327250480652
V3-1,P2,1,29,natural_missingness,fb82651717076e658cf67e62ccd41ca247d29c994518945706edefcf0b635aa0,f52c8661a0b6d6269cb249637d65fbdd91d0f67599b6461a875df807a2fb997e,extrasensory-p2-fold1-seed29-v2_multiseed,0.35,0.3500040386634716,25999,0.4248819568054035,0.6051885598628829,0.6336167408669378,256704,p2_system_reliability,0.9862452745437622
V3-1,P2,1,29,natural_missingness,fb82651717076e658cf67e62ccd41ca247d29c994518945706edefcf0b635aa0,f52c8661a0b6d6269cb249637d65fbdd91d0f67599b6461a875df807a2fb997e,extrasensory-p2-fold1-seed29-v2_multiseed,0.4,0.4000026924423144,29713,0.4257367672543036,0.6052519161653901,0.6401014132380495,293037,p2_system_reliability,0.984643816947937
V3-1,P2,1,29,natural_missingness,fb82651717076e658cf67e62ccd41ca247d29c994518945706edefcf0b635aa0,f52c8661a0b6d6269cb249637d65fbdd91d0f67599b6461a875df807a2fb997e,extrasensory-p2-fold1-seed29-v2_multiseed,0.45,0.4500013462211572,33427,0.4290082478361149,0.6057039242445615,0.6464527234722734,329625,p2_system_reliability,0.98301899433136
V3-1,P2,1,29,natural_missingness,fb82651717076e658cf67e62ccd41ca247d29c994518945706edefcf0b635aa0,f52c8661a0b6d6269cb249637d65fbdd91d0f67599b6461a875df807a2fb997e,extrasensory-p2-fold1-seed29-v2_multiseed,0.5,0.5,37141,0.431813888698537,0.6068438725445572,0.651831395028992,366008,p2_system_reliability,0.9811591506004332
V3-1,P2,1,29,natural_missingness,fb82651717076e658cf67e62ccd41ca247d29c994518945706edefcf0b635aa0,f52c8661a0b6d6269cb249637d65fbdd91d0f67599b6461a875df807a2fb997e,extrasensory-p2-fold1-seed29-v2_multiseed,0.55,0.5500121159904149,40856,0.4317620227393412,0.6065226449065854,0.6557437243528356,402753,p2_system_reliability,0.9789415597915648
V3-1,P2,1,29,natural_missingness,fb82651717076e658cf67e62ccd41ca247d29c994518945706edefcf0b635aa0,f52c8661a0b6d6269cb249637d65fbdd91d0f67599b6461a875df807a2fb997e,extrasensory-p2-fold1-seed29-v2_multiseed,0.6,0.6000107697692577,44570,0.4324226375494804,0.60609880525366,0.6572794515605268,440293,p2_system_reliability,0.9762032628059388
V3-1,P2,1,29,natural_missingness,fb82651717076e658cf67e62ccd41ca247d29c994518945706edefcf0b635aa0,f52c8661a0b6d6269cb249637d65fbdd91d0f67599b6461a875df807a2fb997e,extrasensory-p2-fold1-seed29-v2_multiseed,0.65,0.6500094235481004,48284,0.4320095588660242,0.6047747148488312,0.6592687085361373,478261,p2_system_reliability,0.9728968739509584
V3-1,P2,1,29,natural_missingness,fb82651717076e658cf67e62ccd41ca247d29c994518945706edefcf0b635aa0,f52c8661a0b6d6269cb249637d65fbdd91d0f67599b6461a875df807a2fb997e,extrasensory-p2-fold1-seed29-v2_multiseed,0.7,0.7000080773269433,51998,0.4321722788442282,0.6036705680627649,0.6604357344847508,516846,p2_system_reliability,0.968725085258484
V3-1,P2,1,29,natural_missingness,fb82651717076e658cf67e62ccd41ca247d29c994518945706edefcf0b635aa0,f52c8661a0b6d6269cb249637d65fbdd91d0f67599b6461a875df807a2fb997e,extrasensory-p2-fold1-seed29-v2_multiseed,0.75,0.7500067311057861,55712,0.4324028390787811,0.602543464662808,0.6616160725931828,554901,p2_system_reliability,0.9632661938667296
V3-1,P2,1,29,natural_missingness,fb82651717076e658cf67e62ccd41ca247d29c994518945706edefcf0b635aa0,f52c8661a0b6d6269cb249637d65fbdd91d0f67599b6461a875df807a2fb997e,extrasensory-p2-fold1-seed29-v2_multiseed,0.8,0.8000053848846288,59426,0.4340483506962455,0.6008922155069878,0.6623702535803443,592545,p2_system_reliability,0.9556609392166138
V3-1,P2,1,29,natural_missingness,fb82651717076e658cf67e62ccd41ca247d29c994518945706edefcf0b635aa0,f52c8661a0b6d6269cb249637d65fbdd91d0f67599b6461a875df807a2fb997e,extrasensory-p2-fold1-seed29-v2_multiseed,0.85,0.8500040386634716,63140,0.4364308349115131,0.5986531875157215,0.6636341901509903,630296,p2_system_reliability,0.9465326070785522
V3-1,P2,1,29,natural_missingness,fb82651717076e658cf67e62ccd41ca247d29c994518945706edefcf0b635aa0,f52c8661a0b6d6269cb249637d65fbdd91d0f67599b6461a875df807a2fb997e,extrasensory-p2-fold1-seed29-v2_multiseed,0.9,0.9000026924423145,66854,0.4393995882770329,0.5958707690423277,0.6649412655874302,669391,p2_system_reliability,0.9351643323898317
V3-1,P2,1,29,natural_missingness,fb82651717076e658cf67e62ccd41ca247d29c994518945706edefcf0b635aa0,f52c8661a0b6d6269cb249637d65fbdd91d0f67599b6461a875df807a2fb997e,extrasensory-p2-fold1-seed29-v2_multiseed,0.95,0.9500013462211572,70568,0.4440411819000993,0.5927995278331463,0.6659324087787801,710407,p2_system_reliability,0.9118347764015198
V3-1,P2,1,29,natural_missingness,fb82651717076e658cf67e62ccd41ca247d29c994518945706edefcf0b635aa0,f52c8661a0b6d6269cb249637d65fbdd91d0f67599b6461a875df807a2fb997e,extrasensory-p2-fold1-seed29-v2_multiseed,1.0,1.0,74282,0.4418665989971377,0.5897960850388606,0.6703722119619264,756803,p2_system_reliability,0.7879309058189392
V3-1,B4,1,47,natural_missingness,fb82651717076e658cf67e62ccd41ca247d29c994518945706edefcf0b635aa0,e796845594bd671634cd72e8f3077be19c72bc80716631345b80e9d083312d6b,extrasensory-gated-fold1-seed47-full,0.05,0.0500121159904149,3715,0.3093623760068567,0.6176043397348391,0.91947046203757,34828,mean_binary_certainty,0.9339288976315264
V3-1,B4,1,47,natural_missingness,fb82651717076e658cf67e62ccd41ca247d29c994518945706edefcf0b635aa0,e796845594bd671634cd72e8f3077be19c72bc80716631345b80e9d083312d6b,extrasensory-gated-fold1-seed47-full,0.1,0.1000107697692577,7429,0.3133225615274286,0.4643695560113268,0.9183628481152178,72092,mean_binary_certainty,0.9074243066038276
V3-1,B4,1,47,natural_missingness,fb82651717076e658cf67e62ccd41ca247d29c994518945706edefcf0b635aa0,e796845594bd671634cd72e8f3077be19c72bc80716631345b80e9d083312d6b,extrasensory-gated-fold1-seed47-full,0.15,0.1500094235481004,11143,0.2895432420574373,0.4380533147841661,0.9211779390689288,114185,mean_binary_certainty,0.8639845983185911
V3-1,B4,1,47,natural_missingness,fb82651717076e658cf67e62ccd41ca247d29c994518945706edefcf0b635aa0,e796845594bd671634cd72e8f3077be19c72bc80716631345b80e9d083312d6b,extrasensory-gated-fold1-seed47-full,0.2,0.2000080773269432,14857,0.2837606695329873,0.5139511552755724,0.9144498563756712,155588,mean_binary_certainty,0.7949168350759415
V3-1,B4,1,47,natural_missingness,fb82651717076e658cf67e62ccd41ca247d29c994518945706edefcf0b635aa0,e796845594bd671634cd72e8f3077be19c72bc80716631345b80e9d083312d6b,extrasensory-gated-fold1-seed47-full,0.25,0.2500067311057861,18571,0.2874533397871006,0.542804151988406,0.9019546405433552,194308,mean_binary_certainty,0.7144233952433825
V3-1,B4,1,47,natural_missingness,fb82651717076e658cf67e62ccd41ca247d29c994518945706edefcf0b635aa0,e796845594bd671634cd72e8f3077be19c72bc80716631345b80e9d083312d6b,extrasensory-gated-fold1-seed47-full,0.3,0.3000053848846288,22285,0.2929241752008972,0.6255662804375225,0.8844399470693547,233307,mean_binary_certainty,0.64350989483443
V3-1,B4,1,47,natural_missingness,fb82651717076e658cf67e62ccd41ca247d29c994518945706edefcf0b635aa0,e796845594bd671634cd72e8f3077be19c72bc80716631345b80e9d083312d6b,extrasensory-gated-fold1-seed47-full,0.35,0.3500040386634716,25999,0.3041994792578417,0.6593742613790519,0.8625177360335101,271040,mean_binary_certainty,0.5933532644741513
V3-1,B4,1,47,natural_missingness,fb82651717076e658cf67e62ccd41ca247d29c994518945706edefcf0b635aa0,e796845594bd671634cd72e8f3077be19c72bc80716631345b80e9d083312d6b,extrasensory-gated-fold1-seed47-full,0.4,0.4000026924423144,29713,0.3148357751086683,0.6678884621085357,0.8425980885007207,307674,mean_binary_certainty,0.5555220409936805
V3-1,B4,1,47,natural_missingness,fb82651717076e658cf67e62ccd41ca247d29c994518945706edefcf0b635aa0,e796845594bd671634cd72e8f3077be19c72bc80716631345b80e9d083312d6b,extrasensory-gated-fold1-seed47-full,0.45,0.4500013462211572,33427,0.3249314106795304,0.6705171628293585,0.8233063340530705,344161,mean_binary_certainty,0.5269646430449543
V3-1,B4,1,47,natural_missingness,fb82651717076e658cf67e62ccd41ca247d29c994518945706edefcf0b635aa0,e796845594bd671634cd72e8f3077be19c72bc80716631345b80e9d083312d6b,extrasensory-gated-fold1-seed47-full,0.5,0.5,37141,0.3317973123632861,0.6684745871719021,0.8073691952826743,380585,mean_binary_certainty,0.5032521284661904
V3-1,B4,1,47,natural_missingness,fb82651717076e658cf67e62ccd41ca247d29c994518945706edefcf0b635aa0,e796845594bd671634cd72e8f3077be19c72bc80716631345b80e9d083312d6b,extrasensory-gated-fold1-seed47-full,0.55,0.5500121159904149,40856,0.3399617641776818,0.6617044365025535,0.7915480802776299,418113,mean_binary_certainty,0.4806904819144155
V3-1,B4,1,47,natural_missingness,fb82651717076e658cf67e62ccd41ca247d29c994518945706edefcf0b635aa0,e796845594bd671634cd72e8f3077be19c72bc80716631345b80e9d083312d6b,extrasensory-gated-fold1-seed47-full,0.6,0.6000107697692577,44570,0.3489313868605234,0.6537669958251419,0.7766044073489745,455370,mean_binary_certainty,0.4574924465991407
V3-1,B4,1,47,natural_missingness,fb82651717076e658cf67e62ccd41ca247d29c994518945706edefcf0b635aa0,e796845594bd671634cd72e8f3077be19c72bc80716631345b80e9d083312d6b,extrasensory-gated-fold1-seed47-full,0.65,0.6500094235481004,48284,0.3593151156500496,0.6435580958889714,0.7622143171944846,492903,mean_binary_certainty,0.4331976834481786
V3-1,B4,1,47,natural_missingness,fb82651717076e658cf67e62ccd41ca247d29c994518945706edefcf0b635aa0,e796845594bd671634cd72e8f3077be19c72bc80716631345b80e9d083312d6b,extrasensory-gated-fold1-seed47-full,0.7,0.7000080773269433,51998,0.3697976087744765,0.6333167501401948,0.7492159104232619,530491,mean_binary_certainty,0.4083761205876055
V3-1,B4,1,47,natural_missingness,fb82651717076e658cf67e62ccd41ca247d29c994518945706edefcf0b635aa0,e796845594bd671634cd72e8f3077be19c72bc80716631345b80e9d083312d6b,extrasensory-gated-fold1-seed47-full,0.75,0.7500067311057861,55712,0.3796784389762881,0.6229653556454015,0.7363555300460196,569205,mean_binary_certainty,0.3818263712635978
V3-1,B4,1,47,natural_missingness,fb82651717076e658cf67e62ccd41ca247d29c994518945706edefcf0b635aa0,e796845594bd671634cd72e8f3077be19c72bc80716631345b80e9d083312d6b,extrasensory-gated-fold1-seed47-full,0.8,0.8000053848846288,59426,0.3887250068364342,0.6144040124628456,0.7250673681919722,607516,mean_binary_certainty,0.3521414517647265
V3-1,B4,1,47,natural_missingness,fb82651717076e658cf67e62ccd41ca247d29c994518945706edefcf0b635aa0,e796845594bd671634cd72e8f3077be19c72bc80716631345b80e9d083312d6b,extrasensory-gated-fold1-seed47-full,0.85,0.8500040386634716,63140,0.3982415180050433,0.6044175115260745,0.7133934934462363,646174,mean_binary_certainty,0.3192053639667978
V3-1,B4,1,47,natural_missingness,fb82651717076e658cf67e62ccd41ca247d29c994518945706edefcf0b635aa0,e796845594bd671634cd72e8f3077be19c72bc80716631345b80e9d083312d6b,extrasensory-gated-fold1-seed47-full,0.9,0.9000026924423145,66854,0.4071938664017941,0.595220195711984,0.7029068877767891,684306,mean_binary_certainty,0.2825124910919702
V3-1,B4,1,47,natural_missingness,fb82651717076e658cf67e62ccd41ca247d29c994518945706edefcf0b635aa0,e796845594bd671634cd72e8f3077be19c72bc80716631345b80e9d083312d6b,extrasensory-gated-fold1-seed47-full,0.95,0.9500013462211572,70568,0.4164613378006919,0.5860553575256088,0.6927205277056139,722173,mean_binary_certainty,0.232819202657517
V3-1,B4,1,47,natural_missingness,fb82651717076e658cf67e62ccd41ca247d29c994518945706edefcf0b635aa0,e796845594bd671634cd72e8f3077be19c72bc80716631345b80e9d083312d6b,extrasensory-gated-fold1-seed47-full,1.0,1.0,74282,0.4252988201720863,0.5787134943015004,0.6841533990332676,756803,mean_binary_certainty,0.0301906139806862
V3-1,B4,1,47,natural_missingness,fb82651717076e658cf67e62ccd41ca247d29c994518945706edefcf0b635aa0,e796845594bd671634cd72e8f3077be19c72bc80716631345b80e9d083312d6b,extrasensory-gated-fold1-seed47-full,0.05,0.0500121159904149,3715,0.2564342612656439,0.420937151636131,0.9417328619312182,38239,mean_normalized_threshold_margin,0.9721359753194272
V3-1,B4,1,47,natural_missingness,fb82651717076e658cf67e62ccd41ca247d29c994518945706edefcf0b635aa0,e796845594bd671634cd72e8f3077be19c72bc80716631345b80e9d083312d6b,extrasensory-gated-fold1-seed47-full,0.1,0.1000107697692577,7429,0.2525178425274823,0.3775366431054986,0.936268778540072,79744,mean_normalized_threshold_margin,0.9517595577048464
V3-1,B4,1,47,natural_missingness,fb82651717076e658cf67e62ccd41ca247d29c994518945706edefcf0b635aa0,e796845594bd671634cd72e8f3077be19c72bc80716631345b80e9d083312d6b,extrasensory-gated-fold1-seed47-full,0.15,0.1500094235481004,11143,0.2789034047035553,0.4471468675299329,0.9241794860090382,115382,mean_normalized_threshold_margin,0.9348091001055208
V3-1,B4,1,47,natural_missingness,fb82651717076e658cf67e62ccd41ca247d29c994518945706edefcf0b635aa0,e796845594bd671634cd72e8f3077be19c72bc80716631345b80e9d083312d6b,extrasensory-gated-fold1-seed47-full,0.2,0.2000080773269432,14857,0.2843119668374463,0.5135371706169269,0.9156555529121208,154763,mean_normalized_threshold_margin,0.9013734681523572
V3-1,B4,1,47,natural_missingness,fb82651717076e658cf67e62ccd41ca247d29c994518945706edefcf0b635aa0,e796845594bd671634cd72e8f3077be19c72bc80716631345b80e9d083312d6b,extrasensory-gated-fold1-seed47-full,0.25,0.2500067311057861,18571,0.2866006078602786,0.538340535062805,0.903758120665552,194385,mean_normalized_threshold_margin,0.8489992342935859
V3-1,B4,1,47,natural_missingness,fb82651717076e658cf67e62ccd41ca247d29c994518945706edefcf0b635aa0,e796845594bd671634cd72e8f3077be19c72bc80716631345b80e9d083312d6b,extrasensory-gated-fold1-seed47-full,0.3,0.3000053848846288,22285,0.2935571441400741,0.5512763906817794,0.8852222592675872,232958,mean_normalized_threshold_margin,0.8046576093569395
V3-1,B4,1,47,natural_missingness,fb82651717076e658cf67e62ccd41ca247d29c994518945706edefcf0b635aa0,e796845594bd671634cd72e8f3077be19c72bc80716631345b80e9d083312d6b,extrasensory-gated-fold1-seed47-full,0.35,0.3500040386634716,25999,0.3043980437574779,0.6142961165257321,0.8656335092614381,271632,mean_normalized_threshold_margin,0.7662627984665972
V3-1,B4,1,47,natural_missingness,fb82651717076e658cf67e62ccd41ca247d29c994518945706edefcf0b635aa0,e796845594bd671634cd72e8f3077be19c72bc80716631345b80e9d083312d6b,extrasensory-gated-fold1-seed47-full,0.4,0.4000026924423144,29713,0.3170110757234732,0.6632306365545492,0.8444695326658546,310542,mean_normalized_threshold_margin,0.7366075877030741
V3-1,B4,1,47,natural_missingness,fb82651717076e658cf67e62ccd41ca247d29c994518945706edefcf0b635aa0,e796845594bd671634cd72e8f3077be19c72bc80716631345b80e9d083312d6b,extrasensory-gated-fold1-seed47-full,0.45,0.4500013462211572,33427,0.3284825480804283,0.6709238430322968,0.8236048132540738,348481,mean_normalized_threshold_margin,0.7133736150253
V3-1,B4,1,47,natural_missingness,fb82651717076e658cf67e62ccd41ca247d29c994518945706edefcf0b635aa0,e796845594bd671634cd72e8f3077be19c72bc80716631345b80e9d083312d6b,extrasensory-gated-fold1-seed47-full,0.5,0.5,37141,0.3390342460131985,0.6712019067903134,0.8055699463050204,386818,mean_normalized_threshold_margin,0.6935469007283239
V3-1,B4,1,47,natural_missingness,fb82651717076e658cf67e62ccd41ca247d29c994518945706edefcf0b635aa0,e796845594bd671634cd72e8f3077be19c72bc80716631345b80e9d083312d6b,extrasensory-gated-fold1-seed47-full,0.55,0.5500121159904149,40856,0.3464629797966988,0.6694979370691276,0.7902440757451948,424116,mean_normalized_threshold_margin,0.6763383925493068
V3-1,B4,1,47,natural_missingness,fb82651717076e658cf67e62ccd41ca247d29c994518945706edefcf0b635aa0,e796845594bd671634cd72e8f3077be19c72bc80716631345b80e9d083312d6b,extrasensory-gated-fold1-seed47-full,0.6,0.6000107697692577,44570,0.3531088190133225,0.6640325894726068,0.7769358850494378,460254,mean_normalized_threshold_margin,0.6597970323243143
V3-1,B4,1,47,natural_missingness,fb82651717076e658cf67e62ccd41ca247d29c994518945706edefcf0b635aa0,e796845594bd671634cd72e8f3077be19c72bc80716631345b80e9d083312d6b,extrasensory-gated-fold1-seed47-full,0.65,0.6500094235481004,48284,0.3606145986137386,0.6562475430194661,0.7640429693469026,497111,mean_normalized_threshold_margin,0.6419592530654293
V3-1,B4,1,47,natural_missingness,fb82651717076e658cf67e62ccd41ca247d29c994518945706edefcf0b635aa0,e796845594bd671634cd72e8f3077be19c72bc80716631345b80e9d083312d6b,extrasensory-gated-fold1-seed47-full,0.7,0.7000080773269433,51998,0.3691913197049081,0.6473637929144632,0.7515950371075709,533910,mean_normalized_threshold_margin,0.6229748712678121
V3-1,B4,1,47,natural_missingness,fb82651717076e658cf67e62ccd41ca247d29c994518945706edefcf0b635aa0,e796845594bd671634cd72e8f3077be19c72bc80716631345b80e9d083312d6b,extrasensory-gated-fold1-seed47-full,0.75,0.7500067311057861,55712,0.3781921749615797,0.6362991944764038,0.7398266893111702,571179,mean_normalized_threshold_margin,0.6028067683618894
V3-1,B4,1,47,natural_missingness,fb82651717076e658cf67e62ccd41ca247d29c994518945706edefcf0b635aa0,e796845594bd671634cd72e8f3077be19c72bc80716631345b80e9d083312d6b,extrasensory-gated-fold1-seed47-full,0.8,0.8000053848846288,59426,0.3871732432711715,0.6238334113015719,0.7284483436068789,608783,mean_normalized_threshold_margin,0.5806419680754048
V3-1,B4,1,47,natural_missingness,fb82651717076e658cf67e62ccd41ca247d29c994518945706edefcf0b635aa0,e796845594bd671634cd72e8f3077be19c72bc80716631345b80e9d083312d6b,extrasensory-gated-fold1-seed47-full,0.85,0.8500040386634716,63140,0.3969839626233093,0.6117384916330835,0.7170612157914366,647364,mean_normalized_threshold_margin,0.5543876556764537
V3-1,B4,1,47,natural_missingness,fb82651717076e658cf67e62ccd41ca247d29c994518945706edefcf0b635aa0,e796845594bd671634cd72e8f3077be19c72bc80716631345b80e9d083312d6b,extrasensory-gated-fold1-seed47-full,0.9,0.9000026924423145,66854,0.4071415069070211,0.5995119898081707,0.7054327970750566,685282,mean_normalized_threshold_margin,0.5202682033774643
V3-1,B4,1,47,natural_missingness,fb82651717076e658cf67e62ccd41ca247d29c994518945706edefcf0b635aa0,e796845594bd671634cd72e8f3077be19c72bc80716631345b80e9d083312d6b,extrasensory-gated-fold1-seed47-full,0.95,0.9500013462211572,70568,0.4159760540758208,0.589014954082899,0.6947735636340431,721690,mean_normalized_threshold_margin,0.4722782276339059
V3-1,B4,1,47,natural_missingness,fb82651717076e658cf67e62ccd41ca247d29c994518945706edefcf0b635aa0,e796845594bd671634cd72e8f3077be19c72bc80716631345b80e9d083312d6b,extrasensory-gated-fold1-seed47-full,1.0,1.0,74282,0.4252988201720863,0.5787134943015004,0.6841533990332676,756803,mean_normalized_threshold_margin,0.2722652958719542
V3-1,B5,1,47,natural_missingness,fb82651717076e658cf67e62ccd41ca247d29c994518945706edefcf0b635aa0,47e0d511c5222682a208fe9860381486ffd20cf8fb866f5c617d67270439bcd5,extrasensory-robust-gated-fold1-seed47-full,0.05,0.0500121159904149,3715,0.3601331665190873,0.6946329805380769,0.897514844952716,35256,mean_binary_certainty,0.9308475932446412
V3-1,B5,1,47,natural_missingness,fb82651717076e658cf67e62ccd41ca247d29c994518945706edefcf0b635aa0,47e0d511c5222682a208fe9860381486ffd20cf8fb866f5c617d67270439bcd5,extrasensory-robust-gated-fold1-seed47-full,0.1,0.1000107697692577,7429,0.3229887000681418,0.4088386388353631,0.905804417957495,75978,mean_binary_certainty,0.895242404224555
V3-1,B5,1,47,natural_missingness,fb82651717076e658cf67e62ccd41ca247d29c994518945706edefcf0b635aa0,47e0d511c5222682a208fe9860381486ffd20cf8fb866f5c617d67270439bcd5,extrasensory-robust-gated-fold1-seed47-full,0.15,0.1500094235481004,11143,0.3116395808353316,0.5832239264683744,0.9040508339952344,116298,mean_binary_certainty,0.8323051945624961
V3-1,B5,1,47,natural_missingness,fb82651717076e658cf67e62ccd41ca247d29c994518945706edefcf0b635aa0,47e0d511c5222682a208fe9860381486ffd20cf8fb866f5c617d67270439bcd5,extrasensory-robust-gated-fold1-seed47-full,0.2,0.2000080773269432,14857,0.3138474998026762,0.625609528426364,0.8912896209933326,156745,mean_binary_certainty,0.7549060677201742
V3-1,B5,1,47,natural_missingness,fb82651717076e658cf67e62ccd41ca247d29c994518945706edefcf0b635aa0,47e0d511c5222682a208fe9860381486ffd20cf8fb866f5c617d67270439bcd5,extrasensory-robust-gated-fold1-seed47-full,0.25,0.2500067311057861,18571,0.3241286754572346,0.6805539249455493,0.872570976565106,197079,mean_binary_certainty,0.6974021948008307
V3-1,B5,1,47,natural_missingness,fb82651717076e658cf67e62ccd41ca247d29c994518945706edefcf0b635aa0,47e0d511c5222682a208fe9860381486ffd20cf8fb866f5c617d67270439bcd5,extrasensory-robust-gated-fold1-seed47-full,0.3,0.3000053848846288,22285,0.3418912772208069,0.6862229581485614,0.849088,236079,mean_binary_certainty,0.6490439832108387
V3-1,B5,1,47,natural_missingness,fb82651717076e658cf67e62ccd41ca247d29c994518945706edefcf0b635aa0,47e0d511c5222682a208fe9860381486ffd20cf8fb866f5c617d67270439bcd5,extrasensory-robust-gated-fold1-seed47-full,0.35,0.3500040386634716,25999,0.3565091985166086,0.6853062384545155,0.8282256490337693,272784,mean_binary_certainty,0.6097461975970833
V3-1,B5,1,47,natural_missingness,fb82651717076e658cf67e62ccd41ca247d29c994518945706edefcf0b635aa0,47e0d511c5222682a208fe9860381486ffd20cf8fb866f5c617d67270439bcd5,extrasensory-robust-gated-fold1-seed47-full,0.4,0.4000026924423144,29713,0.3645136404338576,0.6799987576391722,0.8096128600797563,309387,mean_binary_certainty,0.5789585410785223
V3-1,B5,1,47,natural_missingness,fb82651717076e658cf67e62ccd41ca247d29c994518945706edefcf0b635aa0,47e0d511c5222682a208fe9860381486ffd20cf8fb866f5c617d67270439bcd5,extrasensory-robust-gated-fold1-seed47-full,0.45,0.4500013462211572,33427,0.372051736064582,0.6738294369307388,0.7935681350602429,345358,mean_binary_certainty,0.551574475200144
V3-1,B5,1,47,natural_missingness,fb82651717076e658cf67e62ccd41ca247d29c994518945706edefcf0b635aa0,47e0d511c5222682a208fe9860381486ffd20cf8fb866f5c617d67270439bcd5,extrasensory-robust-gated-fold1-seed47-full,0.5,0.5,37141,0.3769745928998714,0.6665058475236678,0.7787250002534186,381838,mean_binary_certainty,0.5267781886088019
V3-1,B5,1,47,natural_missingness,fb82651717076e658cf67e62ccd41ca247d29c994518945706edefcf0b635aa0,47e0d511c5222682a208fe9860381486ffd20cf8fb866f5c617d67270439bcd5,extrasensory-robust-gated-fold1-seed47-full,0.55,0.5500121159904149,40856,0.3820537404050023,0.65928886736492,0.7650791145850255,418368,mean_binary_certainty,0.5036369908131443
V3-1,B5,1,47,natural_missingness,fb82651717076e658cf67e62ccd41ca247d29c994518945706edefcf0b635aa0,47e0d511c5222682a208fe9860381486ffd20cf8fb866f5c617d67270439bcd5,extrasensory-robust-gated-fold1-seed47-full,0.6,0.6000107697692577,44570,0.3889549321416863,0.6531616056617282,0.7523467060702602,454785,mean_binary_certainty,0.4801185577343606
V3-1,B5,1,47,natural_missingness,fb82651717076e658cf67e62ccd41ca247d29c994518945706edefcf0b635aa0,47e0d511c5222682a208fe9860381486ffd20cf8fb866f5c617d67270439bcd5,extrasensory-robust-gated-fold1-seed47-full,0.65,0.6500094235481004,48284,0.3959018073606068,0.6448257808705418,0.7401667522819774,491607,mean_binary_certainty,0.4563545738049398
V3-1,B5,1,47,natural_missingness,fb82651717076e658cf67e62ccd41ca247d29c994518945706edefcf0b635aa0,47e0d511c5222682a208fe9860381486ffd20cf8fb866f5c617d67270439bcd5,extrasensory-robust-gated-fold1-seed47-full,0.7,0.7000080773269433,51998,0.4033124439789485,0.6369459490134122,0.7287002333769312,528978,mean_binary_certainty,0.4304717119667515
V3-1,B5,1,47,natural_missingness,fb82651717076e658cf67e62ccd41ca247d29c994518945706edefcf0b635aa0,47e0d511c5222682a208fe9860381486ffd20cf8fb866f5c617d67270439bcd5,extrasensory-robust-gated-fold1-seed47-full,0.75,0.7500067311057861,55712,0.410567055109978,0.6279271817902733,0.7176389121039184,567155,mean_binary_certainty,0.4056245602753566
V3-1,B5,1,47,natural_missingness,fb82651717076e658cf67e62ccd41ca247d29c994518945706edefcf0b635aa0,47e0d511c5222682a208fe9860381486ffd20cf8fb866f5c617d67270439bcd5,extrasensory-robust-gated-fold1-seed47-full,0.8,0.8000053848846288,59426,0.4175334970103738,0.6194325562641302,0.7067609686691486,605471,mean_binary_certainty,0.3788900842018717
V3-1,B5,1,47,natural_missingness,fb82651717076e658cf67e62ccd41ca247d29c994518945706edefcf0b635aa0,47e0d511c5222682a208fe9860381486ffd20cf8fb866f5c617d67270439bcd5,extrasensory-robust-gated-fold1-seed47-full,0.85,0.8500040386634716,63140,0.4246095598285602,0.6112536352505663,0.6972881974242511,643841,mean_binary_certainty,0.3493728235871748
V3-1,B5,1,47,natural_missingness,fb82651717076e658cf67e62ccd41ca247d29c994518945706edefcf0b635aa0,47e0d511c5222682a208fe9860381486ffd20cf8fb866f5c617d67270439bcd5,extrasensory-robust-gated-fold1-seed47-full,0.9,0.9000026924423145,66854,0.4314387523785643,0.6031186064922281,0.6881729510619432,681709,mean_binary_certainty,0.3137870707031719
V3-1,B5,1,47,natural_missingness,fb82651717076e658cf67e62ccd41ca247d29c994518945706edefcf0b635aa0,47e0d511c5222682a208fe9860381486ffd20cf8fb866f5c617d67270439bcd5,extrasensory-robust-gated-fold1-seed47-full,0.95,0.9500013462211572,70568,0.4393603026200524,0.5949684058168546,0.6790124112439391,719431,mean_binary_certainty,0.2647491270113503
V3-1,B5,1,47,natural_missingness,fb82651717076e658cf67e62ccd41ca247d29c994518945706edefcf0b635aa0,47e0d511c5222682a208fe9860381486ffd20cf8fb866f5c617d67270439bcd5,extrasensory-robust-gated-fold1-seed47-full,1.0,1.0,74282,0.4498734830860189,0.5858490228914591,0.6700034838577082,756803,mean_binary_certainty,0.0441819145966426
V3-1,B5,1,47,natural_missingness,fb82651717076e658cf67e62ccd41ca247d29c994518945706edefcf0b635aa0,47e0d511c5222682a208fe9860381486ffd20cf8fb866f5c617d67270439bcd5,extrasensory-robust-gated-fold1-seed47-full,0.05,0.0500121159904149,3715,0.2627083609895353,0.5782862258990027,0.9296356820148034,38037,mean_normalized_threshold_margin,0.9652146304325844
V3-1,B5,1,47,natural_missingness,fb82651717076e658cf67e62ccd41ca247d29c994518945706edefcf0b635aa0,47e0d511c5222682a208fe9860381486ffd20cf8fb866f5c617d67270439bcd5,extrasensory-robust-gated-fold1-seed47-full,0.1,0.1000107697692577,7429,0.3059238522726584,0.5563179875627657,0.912730554719863,78696,mean_normalized_threshold_margin,0.9426730142488128
V3-1,B5,1,47,natural_missingness,fb82651717076e658cf67e62ccd41ca247d29c994518945706edefcf0b635aa0,47e0d511c5222682a208fe9860381486ffd20cf8fb866f5c617d67270439bcd5,extrasensory-robust-gated-fold1-seed47-full,0.15,0.1500094235481004,11143,0.3105025530200346,0.5252969884887743,0.9061959047455672,116954,mean_normalized_threshold_margin,0.915667480492615
V3-1,B5,1,47,natural_missingness,fb82651717076e658cf67e62ccd41ca247d29c994518945706edefcf0b635aa0,47e0d511c5222682a208fe9860381486ffd20cf8fb866f5c617d67270439bcd5,extrasensory-robust-gated-fold1-seed47-full,0.2,0.2000080773269432,14857,0.3147988208481387,0.6233385764475184,0.8932438918741732,157060,mean_normalized_threshold_margin,0.8668454771425004
V3-1,B5,1,47,natural_missingness,fb82651717076e658cf67e62ccd41ca247d29c994518945706edefcf0b635aa0,47e0d511c5222682a208fe9860381486ffd20cf8fb866f5c617d67270439bcd5,extrasensory-robust-gated-fold1-seed47-full,0.25,0.2500067311057861,18571,0.3252371798518578,0.6801984845121862,0.8731460346981523,197150,mean_normalized_threshold_margin,0.8293557173353059
V3-1,B5,1,47,natural_missingness,fb82651717076e658cf67e62ccd41ca247d29c994518945706edefcf0b635aa0,47e0d511c5222682a208fe9860381486ffd20cf8fb866f5c617d67270439bcd5,extrasensory-robust-gated-fold1-seed47-full,0.3,0.3000053848846288,22285,0.3421434719617764,0.6918344948607736,0.8502719185187514,236321,mean_normalized_threshold_margin,0.7991608488199632
V3-1,B5,1,47,natural_missingness,fb82651717076e658cf67e62ccd41ca247d29c994518945706edefcf0b635aa0,47e0d511c5222682a208fe9860381486ffd20cf8fb866f5c617d67270439bcd5,extrasensory-robust-gated-fold1-seed47-full,0.35,0.3500040386634716,25999,0.3562567424541707,0.6903045801674695,0.8279393857394128,275661,mean_normalized_threshold_margin,0.7724588257242748
V3-1,B5,1,47,natural_missingness,fb82651717076e658cf67e62ccd41ca247d29c994518945706edefcf0b635aa0,47e0d511c5222682a208fe9860381486ffd20cf8fb866f5c617d67270439bcd5,extrasensory-robust-gated-fold1-seed47-full,0.4,0.4000026924423144,29713,0.3656082990507062,0.6871595532377293,0.8095010342807265,313290,mean_normalized_threshold_margin,0.7497884366566103
V3-1,B5,1,47,natural_missingness,fb82651717076e658cf67e62ccd41ca247d29c994518945706edefcf0b635aa0,47e0d511c5222682a208fe9860381486ffd20cf8fb866f5c617d67270439bcd5,extrasensory-robust-gated-fold1-seed47-full,0.45,0.4500013462211572,33427,0.3742147681600864,0.6793644135274856,0.7923814017834641,350400,mean_normalized_threshold_margin,0.7301661795170759
V3-1,B5,1,47,natural_missingness,fb82651717076e658cf67e62ccd41ca247d29c994518945706edefcf0b635aa0,47e0d511c5222682a208fe9860381486ffd20cf8fb866f5c617d67270439bcd5,extrasensory-robust-gated-fold1-seed47-full,0.5,0.5,37141,0.3818748581052349,0.6736940051131887,0.7782094356411092,387411,mean_normalized_threshold_margin,0.7119352226931387
V3-1,B5,1,47,natural_missingness,fb82651717076e658cf67e62ccd41ca247d29c994518945706edefcf0b635aa0,47e0d511c5222682a208fe9860381486ffd20cf8fb866f5c617d67270439bcd5,extrasensory-robust-gated-fold1-seed47-full,0.55,0.5500121159904149,40856,0.3896732424861588,0.6638882682503752,0.764811506124213,424041,mean_normalized_threshold_margin,0.6943493256358567
V3-1,B5,1,47,natural_missingness,fb82651717076e658cf67e62ccd41ca247d29c994518945706edefcf0b635aa0,47e0d511c5222682a208fe9860381486ffd20cf8fb866f5c617d67270439bcd5,extrasensory-robust-gated-fold1-seed47-full,0.6,0.6000107697692577,44570,0.3971318412496846,0.6560748090292012,0.7518844452824311,461453,mean_normalized_threshold_margin,0.6767224902263839
V3-1,B5,1,47,natural_missingness,fb82651717076e658cf67e62ccd41ca247d29c994518945706edefcf0b635aa0,47e0d511c5222682a208fe9860381486ffd20cf8fb866f5c617d67270439bcd5,extrasensory-robust-gated-fold1-seed47-full,0.65,0.6500094235481004,48284,0.4036575047750222,0.649488288256952,0.7405978052365885,498349,mean_normalized_threshold_margin,0.65830574640622
V3-1,B5,1,47,natural_missingness,fb82651717076e658cf67e62ccd41ca247d29c994518945706edefcf0b635aa0,47e0d511c5222682a208fe9860381486ffd20cf8fb866f5c617d67270439bcd5,extrasensory-robust-gated-fold1-seed47-full,0.7,0.7000080773269433,51998,0.4091986501678267,0.6419376993125757,0.730005200575955,535165,mean_normalized_threshold_margin,0.6395303884385195
V3-1,B5,1,47,natural_missingness,fb82651717076e658cf67e62ccd41ca247d29c994518945706edefcf0b635aa0,47e0d511c5222682a208fe9860381486ffd20cf8fb866f5c617d67270439bcd5,extrasensory-robust-gated-fold1-seed47-full,0.75,0.7500067311057861,55712,0.4153874874300796,0.6340257562684005,0.7194371268582624,572216,mean_normalized_threshold_margin,0.6187996080045272
V3-1,B5,1,47,natural_missingness,fb82651717076e658cf67e62ccd41ca247d29c994518945706edefcf0b635aa0,47e0d511c5222682a208fe9860381486ffd20cf8fb866f5c617d67270439bcd5,extrasensory-robust-gated-fold1-seed47-full,0.8,0.8000053848846288,59426,0.4212015310781136,0.6253779610524143,0.7093638588340517,609362,mean_normalized_threshold_margin,0.5964256383110593
V3-1,B5,1,47,natural_missingness,fb82651717076e658cf67e62ccd41ca247d29c994518945706edefcf0b635aa0,47e0d511c5222682a208fe9860381486ffd20cf8fb866f5c617d67270439bcd5,extrasensory-robust-gated-fold1-seed47-full,0.85,0.8500040386634716,63140,0.4276130524516523,0.616381099949354,0.6995670843614714,646739,mean_normalized_threshold_margin,0.5699280116168938
V3-1,B5,1,47,natural_missingness,fb82651717076e658cf67e62ccd41ca247d29c994518945706edefcf0b635aa0,47e0d511c5222682a208fe9860381486ffd20cf8fb866f5c617d67270439bcd5,extrasensory-robust-gated-fold1-seed47-full,0.9,0.9000026924423145,66854,0.4341222470765803,0.6079559926179775,0.69048231956266,683783,mean_normalized_threshold_margin,0.5351092664521294
V3-1,B5,1,47,natural_missingness,fb82651717076e658cf67e62ccd41ca247d29c994518945706edefcf0b635aa0,47e0d511c5222682a208fe9860381486ffd20cf8fb866f5c617d67270439bcd5,extrasensory-robust-gated-fold1-seed47-full,0.95,0.9500013462211572,70568,0.4409450209375913,0.5978496056571068,0.6805030520665198,720825,mean_normalized_threshold_margin,0.4852422973209
V3-1,B5,1,47,natural_missingness,fb82651717076e658cf67e62ccd41ca247d29c994518945706edefcf0b635aa0,47e0d511c5222682a208fe9860381486ffd20cf8fb866f5c617d67270439bcd5,extrasensory-robust-gated-fold1-seed47-full,1.0,1.0,74282,0.4498734830860189,0.5858490228914591,0.6700034838577082,756803,mean_normalized_threshold_margin,0.2234767761291275
V3-1,P,1,47,natural_missingness,fb82651717076e658cf67e62ccd41ca247d29c994518945706edefcf0b635aa0,e2d043052922556014816cef0a67fe23437ed34c6916db15ec97f966e1e32080,extrasensory-quality-aware-fold1-seed47-full,0.05,0.0500121159904149,3715,0.32370144312479,0.7154292544896512,0.8904548366431775,32156,mean_binary_certainty,0.910255022108292
V3-1,P,1,47,natural_missingness,fb82651717076e658cf67e62ccd41ca247d29c994518945706edefcf0b635aa0,e2d043052922556014816cef0a67fe23437ed34c6916db15ec97f966e1e32080,extrasensory-quality-aware-fold1-seed47-full,0.1,0.1000107697692577,7429,0.2901859293289262,0.403090439422026,0.9029037889405228,73570,mean_binary_certainty,0.8650685519664854
V3-1,P,1,47,natural_missingness,fb82651717076e658cf67e62ccd41ca247d29c994518945706edefcf0b635aa0,e2d043052922556014816cef0a67fe23437ed34c6916db15ec97f966e1e32080,extrasensory-quality-aware-fold1-seed47-full,0.15,0.1500094235481004,11143,0.2819319545881455,0.5022468726194741,0.8969415098407614,117593,mean_binary_certainty,0.7968475207999359
V3-1,P,1,47,natural_missingness,fb82651717076e658cf67e62ccd41ca247d29c994518945706edefcf0b635aa0,e2d043052922556014816cef0a67fe23437ed34c6916db15ec97f966e1e32080,extrasensory-quality-aware-fold1-seed47-full,0.2,0.2000080773269432,14857,0.2725969174184163,0.5322523105211777,0.8954685417528379,159221,mean_binary_certainty,0.7190577218163257
V3-1,P,1,47,natural_missingness,fb82651717076e658cf67e62ccd41ca247d29c994518945706edefcf0b635aa0,e2d043052922556014816cef0a67fe23437ed34c6916db15ec97f966e1e32080,extrasensory-quality-aware-fold1-seed47-full,0.25,0.2500067311057861,18571,0.2707272833263319,0.6493578542596546,0.8895133041587956,195231,mean_binary_certainty,0.6494465537580334
V3-1,P,1,47,natural_missingness,fb82651717076e658cf67e62ccd41ca247d29c994518945706edefcf0b635aa0,e2d043052922556014816cef0a67fe23437ed34c6916db15ec97f966e1e32080,extrasensory-quality-aware-fold1-seed47-full,0.3,0.3000053848846288,22285,0.2685959347820751,0.6877831073167633,0.8793852211532894,227288,mean_binary_certainty,0.5991088110737244
V3-1,P,1,47,natural_missingness,fb82651717076e658cf67e62ccd41ca247d29c994518945706edefcf0b635aa0,e2d043052922556014816cef0a67fe23437ed34c6916db15ec97f966e1e32080,extrasensory-quality-aware-fold1-seed47-full,0.35,0.3500040386634716,25999,0.2860710358611379,0.6992425651167758,0.8611543337943753,263914,mean_binary_certainty,0.5532707436323472
V3-1,P,1,47,natural_missingness,fb82651717076e658cf67e62ccd41ca247d29c994518945706edefcf0b635aa0,e2d043052922556014816cef0a67fe23437ed34c6916db15ec97f966e1e32080,extrasensory-quality-aware-fold1-seed47-full,0.4,0.4000026924423144,29713,0.3050611251450476,0.691710474585898,0.8413226822825499,302199,mean_binary_certainty,0.5150574699897993
V3-1,P,1,47,natural_missingness,fb82651717076e658cf67e62ccd41ca247d29c994518945706edefcf0b635aa0,e2d043052922556014816cef0a67fe23437ed34c6916db15ec97f966e1e32080,extrasensory-quality-aware-fold1-seed47-full,0.45,0.4500013462211572,33427,0.3228899252687197,0.6823701635224141,0.8224240239415423,340022,mean_binary_certainty,0.483257167705574
V3-1,P,1,47,natural_missingness,fb82651717076e658cf67e62ccd41ca247d29c994518945706edefcf0b635aa0,e2d043052922556014816cef0a67fe23437ed34c6916db15ec97f966e1e32080,extrasensory-quality-aware-fold1-seed47-full,0.5,0.5,37141,0.3367903211903109,0.6732394326136275,0.8060022997715838,378099,mean_binary_certainty,0.4565683605725178
V3-1,P,1,47,natural_missingness,fb82651717076e658cf67e62ccd41ca247d29c994518945706edefcf0b635aa0,e2d043052922556014816cef0a67fe23437ed34c6916db15ec97f966e1e32080,extrasensory-quality-aware-fold1-seed47-full,0.55,0.5500121159904149,40856,0.3495568412563434,0.6644651766523869,0.7907895801888365,416678,mean_binary_certainty,0.4313604264231027
V3-1,P,1,47,natural_missingness,fb82651717076e658cf67e62ccd41ca247d29c994518945706edefcf0b635aa0,e2d043052922556014816cef0a67fe23437ed34c6916db15ec97f966e1e32080,extrasensory-quality-aware-fold1-seed47-full,0.6,0.6000107697692577,44570,0.3610290643132749,0.6568641343058398,0.7773517516676296,455215,mean_binary_certainty,0.406922530377777
V3-1,P,1,47,natural_missingness,fb82651717076e658cf67e62ccd41ca247d29c994518945706edefcf0b635aa0,e2d043052922556014816cef0a67fe23437ed34c6916db15ec97f966e1e32080,extrasensory-quality-aware-fold1-seed47-full,0.65,0.6500094235481004,48284,0.3724257448236164,0.6475110445352397,0.7639484630212032,493272,mean_binary_certainty,0.3833653848973044
V3-1,P,1,47,natural_missingness,fb82651717076e658cf67e62ccd41ca247d29c994518945706edefcf0b635aa0,e2d043052922556014816cef0a67fe23437ed34c6916db15ec97f966e1e32080,extrasensory-quality-aware-fold1-seed47-full,0.7,0.7000080773269433,51998,0.3831315752945541,0.6388659731145812,0.7518566366733906,531421,mean_binary_certainty,0.3595575384463437
V3-1,P,1,47,natural_missingness,fb82651717076e658cf67e62ccd41ca247d29c994518945706edefcf0b635aa0,e2d043052922556014816cef0a67fe23437ed34c6916db15ec97f966e1e32080,extrasensory-quality-aware-fold1-seed47-full,0.75,0.7500067311057861,55712,0.3929928780898649,0.6310191766251582,0.7406711807443286,569366,mean_binary_certainty,0.3348959455525169
V3-1,P,1,47,natural_missingness,fb82651717076e658cf67e62ccd41ca247d29c994518945706edefcf0b635aa0,e2d043052922556014816cef0a67fe23437ed34c6916db15ec97f966e1e32080,extrasensory-quality-aware-fold1-seed47-full,0.8,0.8000053848846288,59426,0.4027365958424799,0.6220105589382761,0.7296872674351299,606990,mean_binary_certainty,0.3094902298473385
V3-1,P,1,47,natural_missingness,fb82651717076e658cf67e62ccd41ca247d29c994518945706edefcf0b635aa0,e2d043052922556014816cef0a67fe23437ed34c6916db15ec97f966e1e32080,extrasensory-quality-aware-fold1-seed47-full,0.85,0.8500040386634716,63140,0.411921699567813,0.6135261723044549,0.7199679334806156,645133,mean_binary_certainty,0.280811437817012
V3-1,P,1,47,natural_missingness,fb82651717076e658cf67e62ccd41ca247d29c994518945706edefcf0b635aa0,e2d043052922556014816cef0a67fe23437ed34c6916db15ec97f966e1e32080,extrasensory-quality-aware-fold1-seed47-full,0.9,0.9000026924423145,66854,0.4209627761763617,0.6043806375342348,0.7107003486666648,682990,mean_binary_certainty,0.2477469749261902
V3-1,P,1,47,natural_missingness,fb82651717076e658cf67e62ccd41ca247d29c994518945706edefcf0b635aa0,e2d043052922556014816cef0a67fe23437ed34c6916db15ec97f966e1e32080,extrasensory-quality-aware-fold1-seed47-full,0.95,0.9500013462211572,70568,0.4305498644655154,0.5960496841323665,0.701591823751504,720272,mean_binary_certainty,0.2026964541261416
V3-1,P,1,47,natural_missingness,fb82651717076e658cf67e62ccd41ca247d29c994518945706edefcf0b635aa0,e2d043052922556014816cef0a67fe23437ed34c6916db15ec97f966e1e32080,extrasensory-quality-aware-fold1-seed47-full,1.0,1.0,74282,0.4409813275176679,0.588163298796243,0.6934107776026145,756803,mean_binary_certainty,0.0310972744264256
V3-1,P,1,47,natural_missingness,fb82651717076e658cf67e62ccd41ca247d29c994518945706edefcf0b635aa0,e2d043052922556014816cef0a67fe23437ed34c6916db15ec97f966e1e32080,extrasensory-quality-aware-fold1-seed47-full,0.05,0.0500121159904149,3715,0.3256296506176988,0.5252980776214927,0.9127567363859054,39251,mean_normalized_threshold_margin,0.9646840685657057
V3-1,P,1,47,natural_missingness,fb82651717076e658cf67e62ccd41ca247d29c994518945706edefcf0b635aa0,e2d043052922556014816cef0a67fe23437ed34c6916db15ec97f966e1e32080,extrasensory-quality-aware-fold1-seed47-full,0.1,0.1000107697692577,7429,0.2854533397782808,0.3321378730916057,0.909812588800433,80165,mean_normalized_threshold_margin,0.9417980608114304
V3-1,P,1,47,natural_missingness,fb82651717076e658cf67e62ccd41ca247d29c994518945706edefcf0b635aa0,e2d043052922556014816cef0a67fe23437ed34c6916db15ec97f966e1e32080,extrasensory-quality-aware-fold1-seed47-full,0.15,0.1500094235481004,11143,0.2791505887066932,0.4063364426124438,0.8990175007675775,117670,mean_normalized_threshold_margin,0.9169577951977456
V3-1,P,1,47,natural_missingness,fb82651717076e658cf67e62ccd41ca247d29c994518945706edefcf0b635aa0,e2d043052922556014816cef0a67fe23437ed34c6916db15ec97f966e1e32080,extrasensory-quality-aware-fold1-seed47-full,0.2,0.2000080773269432,14857,0.2757121901432901,0.4943320288845177,0.8966850514584637,158920,mean_normalized_threshold_margin,0.8709712375156535
V3-1,P,1,47,natural_missingness,fb82651717076e658cf67e62ccd41ca247d29c994518945706edefcf0b635aa0,e2d043052922556014816cef0a67fe23437ed34c6916db15ec97f966e1e32080,extrasensory-quality-aware-fold1-seed47-full,0.25,0.2500067311057861,18571,0.2778542574460779,0.5388528648136924,0.8906803423848878,198267,mean_normalized_threshold_margin,0.8213201302756562
V3-1,P,1,47,natural_missingness,fb82651717076e658cf67e62ccd41ca247d29c994518945706edefcf0b635aa0,e2d043052922556014816cef0a67fe23437ed34c6916db15ec97f966e1e32080,extrasensory-quality-aware-fold1-seed47-full,0.3,0.3000053848846288,22285,0.2851856745392933,0.580973700317355,0.8781839096649999,236652,mean_normalized_threshold_margin,0.7784841415474407
V3-1,P,1,47,natural_missingness,fb82651717076e658cf67e62ccd41ca247d29c994518945706edefcf0b635aa0,e2d043052922556014816cef0a67fe23437ed34c6916db15ec97f966e1e32080,extrasensory-quality-aware-fold1-seed47-full,0.35,0.3500040386634716,25999,0.2960778802801861,0.605738174082831,0.8623581241508036,272675,mean_normalized_threshold_margin,0.7422727603990886
V3-1,P,1,47,natural_missingness,fb82651717076e658cf67e62ccd41ca247d29c994518945706edefcf0b635aa0,e2d043052922556014816cef0a67fe23437ed34c6916db15ec97f966e1e32080,extrasensory-quality-aware-fold1-seed47-full,0.4,0.4000026924423144,29713,0.3063970282478654,0.6741186501912118,0.8462133870650678,307509,mean_normalized_threshold_margin,0.7119913080105431
V3-1,P,1,47,natural_missingness,fb82651717076e658cf67e62ccd41ca247d29c994518945706edefcf0b635aa0,e2d043052922556014816cef0a67fe23437ed34c6916db15ec97f966e1e32080,extrasensory-quality-aware-fold1-seed47-full,0.45,0.4500013462211572,33427,0.3187335888902672,0.6879410748266711,0.8298336879393122,342185,mean_normalized_threshold_margin,0.6867919421807638
V3-1,P,1,47,natural_missingness,fb82651717076e658cf67e62ccd41ca247d29c994518945706edefcf0b635aa0,e2d043052922556014816cef0a67fe23437ed34c6916db15ec97f966e1e32080,extrasensory-quality-aware-fold1-seed47-full,0.5,0.5,37141,0.3315407045988097,0.6848495842071219,0.8132268729715909,379600,mean_normalized_threshold_margin,0.6640503704254329
V3-1,P,1,47,natural_missingness,fb82651717076e658cf67e62ccd41ca247d29c994518945706edefcf0b635aa0,e2d043052922556014816cef0a67fe23437ed34c6916db15ec97f966e1e32080,extrasensory-quality-aware-fold1-seed47-full,0.55,0.5500121159904149,40856,0.3441021815549386,0.6789792467148426,0.7975590784502555,417372,mean_normalized_threshold_margin,0.6439482848983047
V3-1,P,1,47,natural_missingness,fb82651717076e658cf67e62ccd41ca247d29c994518945706edefcf0b635aa0,e2d043052922556014816cef0a67fe23437ed34c6916db15ec97f966e1e32080,extrasensory-quality-aware-fold1-seed47-full,0.6,0.6000107697692577,44570,0.356033655111847,0.6692198927831112,0.7826771921756976,455600,mean_normalized_threshold_margin,0.6244368146777327
V3-1,P,1,47,natural_missingness,fb82651717076e658cf67e62ccd41ca247d29c994518945706edefcf0b635aa0,e2d043052922556014816cef0a67fe23437ed34c6916db15ec97f966e1e32080,extrasensory-quality-aware-fold1-seed47-full,0.65,0.6500094235481004,48284,0.3680505180521439,0.6584142317103113,0.768600607318543,494304,mean_normalized_threshold_margin,0.604875822639823
V3-1,P,1,47,natural_missingness,fb82651717076e658cf67e62ccd41ca247d29c994518945706edefcf0b635aa0,e2d043052922556014816cef0a67fe23437ed34c6916db15ec97f966e1e32080,extrasensory-quality-aware-fold1-seed47-full,0.7,0.7000080773269433,51998,0.379752674869306,0.6487240781937451,0.7567777627058991,532767,mean_normalized_threshold_margin,0.5840517897240634
V3-1,P,1,47,natural_missingness,fb82651717076e658cf67e62ccd41ca247d29c994518945706edefcf0b635aa0,e2d043052922556014816cef0a67fe23437ed34c6916db15ec97f966e1e32080,extrasensory-quality-aware-fold1-seed47-full,0.75,0.7500067311057861,55712,0.3905724832533347,0.6396078766021358,0.7452173376226962,571683,mean_normalized_threshold_margin,0.5621376056011288
V3-1,P,1,47,natural_missingness,fb82651717076e658cf67e62ccd41ca247d29c994518945706edefcf0b635aa0,e2d043052922556014816cef0a67fe23437ed34c6916db15ec97f966e1e32080,extrasensory-quality-aware-fold1-seed47-full,0.8,0.8000053848846288,59426,0.4014231709389501,0.6293934679470484,0.7347066368458708,610032,mean_normalized_threshold_margin,0.5383978110353503
V3-1,P,1,47,natural_missingness,fb82651717076e658cf67e62ccd41ca247d29c994518945706edefcf0b635aa0,e2d043052922556014816cef0a67fe23437ed34c6916db15ec97f966e1e32080,extrasensory-quality-aware-fold1-seed47-full,0.85,0.8500040386634716,63140,0.4111336881415583,0.6191300030294591,0.7245236915764297,647766,mean_normalized_threshold_margin,0.5109888819901348
V3-1,P,1,47,natural_missingness,fb82651717076e658cf67e62ccd41ca247d29c994518945706edefcf0b635aa0,e2d043052922556014816cef0a67fe23437ed34c6916db15ec97f966e1e32080,extrasensory-quality-aware-fold1-seed47-full,0.9,0.9000026924423145,66854,0.4216771761554141,0.6099558761257681,0.7144856099780033,684658,mean_normalized_threshold_margin,0.4772583661252987
V3-1,P,1,47,natural_missingness,fb82651717076e658cf67e62ccd41ca247d29c994518945706edefcf0b635aa0,e2d043052922556014816cef0a67fe23437ed34c6916db15ec97f966e1e32080,extrasensory-quality-aware-fold1-seed47-full,0.95,0.9500013462211572,70568,0.4316087071650723,0.599172559193969,0.7040567368118402,721057,mean_normalized_threshold_margin,0.4299446411736289
V3-1,P,1,47,natural_missingness,fb82651717076e658cf67e62ccd41ca247d29c994518945706edefcf0b635aa0,e2d043052922556014816cef0a67fe23437ed34c6916db15ec97f966e1e32080,extrasensory-quality-aware-fold1-seed47-full,1.0,1.0,74282,0.4409813275176678,0.588163298796243,0.6934107776026145,756803,mean_normalized_threshold_margin,0.2374343647166838
V3-1,P2,1,47,natural_missingness,fb82651717076e658cf67e62ccd41ca247d29c994518945706edefcf0b635aa0,fb9bacb9054577d3496b06c24fdfc18f5eb1bd887eab1bbeda4472dcd3d24c72,extrasensory-p2-fold1-seed47-v2_multiseed,0.05,0.0500121159904149,3715,0.3398605260708616,0.7390466668376149,0.9138704190505644,34816,mean_binary_certainty,0.9081007654970764
V3-1,P2,1,47,natural_missingness,fb82651717076e658cf67e62ccd41ca247d29c994518945706edefcf0b635aa0,fb9bacb9054577d3496b06c24fdfc18f5eb1bd887eab1bbeda4472dcd3d24c72,extrasensory-p2-fold1-seed47-v2_multiseed,0.1,0.1000107697692577,7429,0.2875378479352252,0.5325772803528955,0.923164296362905,73704,mean_binary_certainty,0.8626276332290207
V3-1,P2,1,47,natural_missingness,fb82651717076e658cf67e62ccd41ca247d29c994518945706edefcf0b635aa0,fb9bacb9054577d3496b06c24fdfc18f5eb1bd887eab1bbeda4472dcd3d24c72,extrasensory-p2-fold1-seed47-v2_multiseed,0.15,0.1500094235481004,11143,0.2640020278871877,0.3979864936182802,0.921876875075003,116294,mean_binary_certainty,0.7929255563459814
V3-1,P2,1,47,natural_missingness,fb82651717076e658cf67e62ccd41ca247d29c994518945706edefcf0b635aa0,fb9bacb9054577d3496b06c24fdfc18f5eb1bd887eab1bbeda4472dcd3d24c72,extrasensory-p2-fold1-seed47-v2_multiseed,0.2,0.2000080773269432,14857,0.2545826976778888,0.6072322286268956,0.9163990354162268,158571,mean_binary_certainty,0.7072350901302293
V3-1,P2,1,47,natural_missingness,fb82651717076e658cf67e62ccd41ca247d29c994518945706edefcf0b635aa0,fb9bacb9054577d3496b06c24fdfc18f5eb1bd887eab1bbeda4472dcd3d24c72,extrasensory-p2-fold1-seed47-v2_multiseed,0.25,0.2500067311057861,18571,0.2580779805784641,0.6407477466821141,0.9028270469847244,198254,mean_binary_certainty,0.6266930804643429
V3-1,P2,1,47,natural_missingness,fb82651717076e658cf67e62ccd41ca247d29c994518945706edefcf0b635aa0,fb9bacb9054577d3496b06c24fdfc18f5eb1bd887eab1bbeda4472dcd3d24c72,extrasensory-p2-fold1-seed47-v2_multiseed,0.3,0.3000053848846288,22285,0.2730245049834306,0.6725222936828428,0.8829650704312464,236810,mean_binary_certainty,0.5664523424254214
V3-1,P2,1,47,natural_missingness,fb82651717076e658cf67e62ccd41ca247d29c994518945706edefcf0b635aa0,fb9bacb9054577d3496b06c24fdfc18f5eb1bd887eab1bbeda4472dcd3d24c72,extrasensory-p2-fold1-seed47-v2_multiseed,0.35,0.3500040386634716,25999,0.2917836026825828,0.6816568129287787,0.8612403205901897,274243,mean_binary_certainty,0.5233317117859999
V3-1,P2,1,47,natural_missingness,fb82651717076e658cf67e62ccd41ca247d29c994518945706edefcf0b635aa0,fb9bacb9054577d3496b06c24fdfc18f5eb1bd887eab1bbeda4472dcd3d24c72,extrasensory-p2-fold1-seed47-v2_multiseed,0.4,0.4000026924423144,29713,0.3062071964038632,0.6832567135280393,0.841838378802342,310031,mean_binary_certainty,0.4915634124161493
V3-1,P2,1,47,natural_missingness,fb82651717076e658cf67e62ccd41ca247d29c994518945706edefcf0b635aa0,fb9bacb9054577d3496b06c24fdfc18f5eb1bd887eab1bbeda4472dcd3d24c72,extrasensory-p2-fold1-seed47-v2_multiseed,0.45,0.4500013462211572,33427,0.3169347684849508,0.6778055108036265,0.8250534232279225,345070,mean_binary_certainty,0.4665230185182693
V3-1,P2,1,47,natural_missingness,fb82651717076e658cf67e62ccd41ca247d29c994518945706edefcf0b635aa0,fb9bacb9054577d3496b06c24fdfc18f5eb1bd887eab1bbeda4472dcd3d24c72,extrasensory-p2-fold1-seed47-v2_multiseed,0.5,0.5,37141,0.3259756883806031,0.6748231718233281,0.8099294502366798,380857,mean_binary_certainty,0.4443358137671785
V3-1,P2,1,47,natural_missingness,fb82651717076e658cf67e62ccd41ca247d29c994518945706edefcf0b635aa0,fb9bacb9054577d3496b06c24fdfc18f5eb1bd887eab1bbeda4472dcd3d24c72,extrasensory-p2-fold1-seed47-v2_multiseed,0.55,0.5500121159904149,40856,0.3369178572335694,0.6696638600026928,0.7953758511520972,417894,mean_binary_certainty,0.4233177390665888
V3-1,P2,1,47,natural_missingness,fb82651717076e658cf67e62ccd41ca247d29c994518945706edefcf0b635aa0,fb9bacb9054577d3496b06c24fdfc18f5eb1bd887eab1bbeda4472dcd3d24c72,extrasensory-p2-fold1-seed47-v2_multiseed,0.6,0.6000107697692577,44570,0.3475148243597526,0.6606424889552044,0.7810459756327433,454894,mean_binary_certainty,0.4021939102727541
V3-1,P2,1,47,natural_missingness,fb82651717076e658cf67e62ccd41ca247d29c994518945706edefcf0b635aa0,fb9bacb9054577d3496b06c24fdfc18f5eb1bd887eab1bbeda4472dcd3d24c72,extrasensory-p2-fold1-seed47-v2_multiseed,0.65,0.6500094235481004,48284,0.3580197885764855,0.651040313155962,0.7673766638076178,493520,mean_binary_certainty,0.3815961789430473
V3-1,P2,1,47,natural_missingness,fb82651717076e658cf67e62ccd41ca247d29c994518945706edefcf0b635aa0,fb9bacb9054577d3496b06c24fdfc18f5eb1bd887eab1bbeda4472dcd3d24c72,extrasensory-p2-fold1-seed47-v2_multiseed,0.7,0.7000080773269433,51998,0.3682647759125825,0.6427500286066145,0.7548933273145716,531647,mean_binary_certainty,0.3605699403278974
V3-1,P2,1,47,natural_missingness,fb82651717076e658cf67e62ccd41ca247d29c994518945706edefcf0b635aa0,fb9bacb9054577d3496b06c24fdfc18f5eb1bd887eab1bbeda4472dcd3d24c72,extrasensory-p2-fold1-seed47-v2_multiseed,0.75,0.7500067311057861,55712,0.3785602656136817,0.6348943352200502,0.7439192417140364,569743,mean_binary_certainty,0.3379864723963052
V3-1,P2,1,47,natural_missingness,fb82651717076e658cf67e62ccd41ca247d29c994518945706edefcf0b635aa0,fb9bacb9054577d3496b06c24fdfc18f5eb1bd887eab1bbeda4472dcd3d24c72,extrasensory-p2-fold1-seed47-v2_multiseed,0.8,0.8000053848846288,59426,0.3889496735144158,0.6251319616552522,0.7326366789198177,608220,mean_binary_certainty,0.3129431128098975
V3-1,P2,1,47,natural_missingness,fb82651717076e658cf67e62ccd41ca247d29c994518945706edefcf0b635aa0,fb9bacb9054577d3496b06c24fdfc18f5eb1bd887eab1bbeda4472dcd3d24c72,extrasensory-p2-fold1-seed47-v2_multiseed,0.85,0.8500040386634716,63140,0.3988824640481914,0.6151374738644027,0.7218882861750476,646414,mean_binary_certainty,0.2860737035209918
V3-1,P2,1,47,natural_missingness,fb82651717076e658cf67e62ccd41ca247d29c994518945706edefcf0b635aa0,fb9bacb9054577d3496b06c24fdfc18f5eb1bd887eab1bbeda4472dcd3d24c72,extrasensory-p2-fold1-seed47-v2_multiseed,0.9,0.9000026924423145,66854,0.4091792604421189,0.6060675568203665,0.7120716793800702,684305,mean_binary_certainty,0.2540231332153119
V3-1,P2,1,47,natural_missingness,fb82651717076e658cf67e62ccd41ca247d29c994518945706edefcf0b635aa0,fb9bacb9054577d3496b06c24fdfc18f5eb1bd887eab1bbeda4472dcd3d24c72,extrasensory-p2-fold1-seed47-v2_multiseed,0.95,0.9500013462211572,70568,0.4187257041857277,0.596805764884867,0.702372378271023,721733,mean_binary_certainty,0.2111279704972281
V3-1,P2,1,47,natural_missingness,fb82651717076e658cf67e62ccd41ca247d29c994518945706edefcf0b635aa0,fb9bacb9054577d3496b06c24fdfc18f5eb1bd887eab1bbeda4472dcd3d24c72,extrasensory-p2-fold1-seed47-v2_multiseed,1.0,1.0,74282,0.4277175798563684,0.5900286318594605,0.6948837546397196,756803,mean_binary_certainty,0.0329562464654046
V3-1,P2,1,47,natural_missingness,fb82651717076e658cf67e62ccd41ca247d29c994518945706edefcf0b635aa0,fb9bacb9054577d3496b06c24fdfc18f5eb1bd887eab1bbeda4472dcd3d24c72,extrasensory-p2-fold1-seed47-v2_multiseed,0.05,0.0500121159904149,3715,0.3173957144656428,0.6288697333820451,0.932137573964497,37979,mean_normalized_threshold_margin,0.9632233103416968
V3-1,P2,1,47,natural_missingness,fb82651717076e658cf67e62ccd41ca247d29c994518945706edefcf0b635aa0,fb9bacb9054577d3496b06c24fdfc18f5eb1bd887eab1bbeda4472dcd3d24c72,extrasensory-p2-fold1-seed47-v2_multiseed,0.1,0.1000107697692577,7429,0.2833756349638349,0.5356963450476118,0.9272001089275178,76325,mean_normalized_threshold_margin,0.9385584411447842
V3-1,P2,1,47,natural_missingness,fb82651717076e658cf67e62ccd41ca247d29c994518945706edefcf0b635aa0,fb9bacb9054577d3496b06c24fdfc18f5eb1bd887eab1bbeda4472dcd3d24c72,extrasensory-p2-fold1-seed47-v2_multiseed,0.15,0.1500094235481004,11143,0.2628642198362483,0.5338422834253986,0.9236671079552292,115232,mean_normalized_threshold_margin,0.9136811044375324
V3-1,P2,1,47,natural_missingness,fb82651717076e658cf67e62ccd41ca247d29c994518945706edefcf0b635aa0,fb9bacb9054577d3496b06c24fdfc18f5eb1bd887eab1bbeda4472dcd3d24c72,extrasensory-p2-fold1-seed47-v2_multiseed,0.2,0.2000080773269432,14857,0.2570537872013478,0.5306081746711612,0.916516210498333,158107,mean_normalized_threshold_margin,0.864053521325145
V3-1,P2,1,47,natural_missingness,fb82651717076e658cf67e62ccd41ca247d29c994518945706edefcf0b635aa0,fb9bacb9054577d3496b06c24fdfc18f5eb1bd887eab1bbeda4472dcd3d24c72,extrasensory-p2-fold1-seed47-v2_multiseed,0.25,0.2500067311057861,18571,0.2608356739541684,0.5367330979352505,0.905105428443248,198086,mean_normalized_threshold_margin,0.8038409210644877
V3-1,P2,1,47,natural_missingness,fb82651717076e658cf67e62ccd41ca247d29c994518945706edefcf0b635aa0,fb9bacb9054577d3496b06c24fdfc18f5eb1bd887eab1bbeda4472dcd3d24c72,extrasensory-p2-fold1-seed47-v2_multiseed,0.3,0.3000053848846288,22285,0.2749078944941653,0.6338224784706894,0.8859684440021575,237646,mean_normalized_threshold_margin,0.7543276083595355
V3-1,P2,1,47,natural_missingness,fb82651717076e658cf67e62ccd41ca247d29c994518945706edefcf0b635aa0,fb9bacb9054577d3496b06c24fdfc18f5eb1bd887eab1bbeda4472dcd3d24c72,extrasensory-p2-fold1-seed47-v2_multiseed,0.35,0.3500040386634716,25999,0.2937265645301833,0.6745122643933771,0.8656058751529988,275663,mean_normalized_threshold_margin,0.7170805651377627
V3-1,P2,1,47,natural_missingness,fb82651717076e658cf67e62ccd41ca247d29c994518945706edefcf0b635aa0,fb9bacb9054577d3496b06c24fdfc18f5eb1bd887eab1bbeda4472dcd3d24c72,extrasensory-p2-fold1-seed47-v2_multiseed,0.4,0.4000026924423144,29713,0.3109316906784826,0.6921433330050389,0.8456585021611926,313140,mean_normalized_threshold_margin,0.6893907583144103
V3-1,P2,1,47,natural_missingness,fb82651717076e658cf67e62ccd41ca247d29c994518945706edefcf0b635aa0,fb9bacb9054577d3496b06c24fdfc18f5eb1bd887eab1bbeda4472dcd3d24c72,extrasensory-p2-fold1-seed47-v2_multiseed,0.45,0.4500013462211572,33427,0.3240297794268387,0.6952066269779018,0.8278423550450512,350845,mean_normalized_threshold_margin,0.6683985250739118
V3-1,P2,1,47,natural_missingness,fb82651717076e658cf67e62ccd41ca247d29c994518945706edefcf0b635aa0,fb9bacb9054577d3496b06c24fdfc18f5eb1bd887eab1bbeda4472dcd3d24c72,extrasensory-p2-fold1-seed47-v2_multiseed,0.5,0.5,37141,0.3353015428622639,0.6888836416894911,0.8115947611710324,387852,mean_normalized_threshold_margin,0.6505995460754779
V3-1,P2,1,47,natural_missingness,fb82651717076e658cf67e62ccd41ca247d29c994518945706edefcf0b635aa0,fb9bacb9054577d3496b06c24fdfc18f5eb1bd887eab1bbeda4472dcd3d24c72,extrasensory-p2-fold1-seed47-v2_multiseed,0.55,0.5500121159904149,40856,0.3444985006313969,0.6832229990729679,0.7962340282447882,424379,mean_normalized_threshold_margin,0.6342621062054656
V3-1,P2,1,47,natural_missingness,fb82651717076e658cf67e62ccd41ca247d29c994518945706edefcf0b635aa0,fb9bacb9054577d3496b06c24fdfc18f5eb1bd887eab1bbeda4472dcd3d24c72,extrasensory-p2-fold1-seed47-v2_multiseed,0.6,0.6000107697692577,44570,0.3521661496281116,0.6768865092963995,0.7827100789450997,460141,mean_normalized_threshold_margin,0.6185725771689019
V3-1,P2,1,47,natural_missingness,fb82651717076e658cf67e62ccd41ca247d29c994518945706edefcf0b635aa0,fb9bacb9054577d3496b06c24fdfc18f5eb1bd887eab1bbeda4472dcd3d24c72,extrasensory-p2-fold1-seed47-v2_multiseed,0.65,0.6500094235481004,48284,0.3612917322614822,0.6658279519328334,0.769201900947027,496224,mean_normalized_threshold_margin,0.6021601703666912
V3-1,P2,1,47,natural_missingness,fb82651717076e658cf67e62ccd41ca247d29c994518945706edefcf0b635aa0,fb9bacb9054577d3496b06c24fdfc18f5eb1bd887eab1bbeda4472dcd3d24c72,extrasensory-p2-fold1-seed47-v2_multiseed,0.7,0.7000080773269433,51998,0.3694749002234933,0.6573007327601613,0.7579804583611117,532801,mean_normalized_threshold_margin,0.5851293072350229
V3-1,P2,1,47,natural_missingness,fb82651717076e658cf67e62ccd41ca247d29c994518945706edefcf0b635aa0,fb9bacb9054577d3496b06c24fdfc18f5eb1bd887eab1bbeda4472dcd3d24c72,extrasensory-p2-fold1-seed47-v2_multiseed,0.75,0.7500067311057861,55712,0.3796083597056841,0.6448178600238692,0.7469080365822074,570874,mean_normalized_threshold_margin,0.5661880219944572
V3-1,P2,1,47,natural_missingness,fb82651717076e658cf67e62ccd41ca247d29c994518945706edefcf0b635aa0,fb9bacb9054577d3496b06c24fdfc18f5eb1bd887eab1bbeda4472dcd3d24c72,extrasensory-p2-fold1-seed47-v2_multiseed,0.8,0.8000053848846288,59426,0.3885193927358999,0.634831983711723,0.7364685004436557,609160,mean_normalized_threshold_margin,0.5454039903073136
V3-1,P2,1,47,natural_missingness,fb82651717076e658cf67e62ccd41ca247d29c994518945706edefcf0b635aa0,fb9bacb9054577d3496b06c24fdfc18f5eb1bd887eab1bbeda4472dcd3d24c72,extrasensory-p2-fold1-seed47-v2_multiseed,0.85,0.8500040386634716,63140,0.3982912585286466,0.6240037506018907,0.7263899615055347,647409,mean_normalized_threshold_margin,0.5219941808539147
V3-1,P2,1,47,natural_missingness,fb82651717076e658cf67e62ccd41ca247d29c994518945706edefcf0b635aa0,fb9bacb9054577d3496b06c24fdfc18f5eb1bd887eab1bbeda4472dcd3d24c72,extrasensory-p2-fold1-seed47-v2_multiseed,0.9,0.9000026924423145,66854,0.4086228963672231,0.6129704170078628,0.7158478623365133,685592,mean_normalized_threshold_margin,0.4925986714688187
V3-1,P2,1,47,natural_missingness,fb82651717076e658cf67e62ccd41ca247d29c994518945706edefcf0b635aa0,fb9bacb9054577d3496b06c24fdfc18f5eb1bd887eab1bbeda4472dcd3d24c72,extrasensory-p2-fold1-seed47-v2_multiseed,0.95,0.9500013462211572,70568,0.4189359245070505,0.6016250032900903,0.705082384952599,722831,mean_normalized_threshold_margin,0.4534556014489564
V3-1,P2,1,47,natural_missingness,fb82651717076e658cf67e62ccd41ca247d29c994518945706edefcf0b635aa0,fb9bacb9054577d3496b06c24fdfc18f5eb1bd887eab1bbeda4472dcd3d24c72,extrasensory-p2-fold1-seed47-v2_multiseed,1.0,1.0,74282,0.4277175798563684,0.5900286318594605,0.6948837546397196,756803,mean_normalized_threshold_margin,0.2763618735446114
V3-1,P2,1,47,natural_missingness,fb82651717076e658cf67e62ccd41ca247d29c994518945706edefcf0b635aa0,fb9bacb9054577d3496b06c24fdfc18f5eb1bd887eab1bbeda4472dcd3d24c72,extrasensory-p2-fold1-seed47-v2_multiseed,0.05,0.0500121159904149,3715,0.3627586890109217,0.5423563291970922,0.7929602717750307,42903,p2_system_reliability,0.9954696893692015
V3-1,P2,1,47,natural_missingness,fb82651717076e658cf67e62ccd41ca247d29c994518945706edefcf0b635aa0,fb9bacb9054577d3496b06c24fdfc18f5eb1bd887eab1bbeda4472dcd3d24c72,extrasensory-p2-fold1-seed47-v2_multiseed,0.1,0.1000107697692577,7429,0.360537041589286,0.5858866793791587,0.7711733293407197,80143,p2_system_reliability,0.9943671226501464
V3-1,P2,1,47,natural_missingness,fb82651717076e658cf67e62ccd41ca247d29c994518945706edefcf0b635aa0,fb9bacb9054577d3496b06c24fdfc18f5eb1bd887eab1bbeda4472dcd3d24c72,extrasensory-p2-fold1-seed47-v2_multiseed,0.15,0.1500094235481004,11143,0.3657919404576231,0.5859445712171815,0.757418827297196,115956,p2_system_reliability,0.993436872959137
V3-1,P2,1,47,natural_missingness,fb82651717076e658cf67e62ccd41ca247d29c994518945706edefcf0b635aa0,fb9bacb9054577d3496b06c24fdfc18f5eb1bd887eab1bbeda4472dcd3d24c72,extrasensory-p2-fold1-seed47-v2_multiseed,0.2,0.2000080773269432,14857,0.372097951639465,0.5813071083009783,0.7488239376879772,152599,p2_system_reliability,0.9926711320877076
V3-1,P2,1,47,natural_missingness,fb82651717076e658cf67e62ccd41ca247d29c994518945706edefcf0b635aa0,fb9bacb9054577d3496b06c24fdfc18f5eb1bd887eab1bbeda4472dcd3d24c72,extrasensory-p2-fold1-seed47-v2_multiseed,0.25,0.2500067311057861,18571,0.3764246580849258,0.5767052689559423,0.7443185298621746,191175,p2_system_reliability,0.9919044375419616
V3-1,P2,1,47,natural_missingness,fb82651717076e658cf67e62ccd41ca247d29c994518945706edefcf0b635aa0,fb9bacb9054577d3496b06c24fdfc18f5eb1bd887eab1bbeda4472dcd3d24c72,extrasensory-p2-fold1-seed47-v2_multiseed,0.3,0.3000053848846288,22285,0.3808122298639816,0.5726961520475088,0.7396230895798348,229418,p2_system_reliability,0.9911451935768129
V3-1,P2,1,47,natural_missingness,fb82651717076e658cf67e62ccd41ca247d29c994518945706edefcf0b635aa0,fb9bacb9054577d3496b06c24fdfc18f5eb1bd887eab1bbeda4472dcd3d24c72,extrasensory-p2-fold1-seed47-v2_multiseed,0.35,0.3500040386634716,25999,0.385904220494816,0.5748795628131708,0.7351777504135002,266643,p2_system_reliability,0.9903563261032104
V3-1,P2,1,47,natural_missingness,fb82651717076e658cf67e62ccd41ca247d29c994518945706edefcf0b635aa0,fb9bacb9054577d3496b06c24fdfc18f5eb1bd887eab1bbeda4472dcd3d24c72,extrasensory-p2-fold1-seed47-v2_multiseed,0.4,0.4000026924423144,29713,0.3888466921509547,0.5718083959082596,0.7332453270581033,304991,p2_system_reliability,0.989516258239746
V3-1,P2,1,47,natural_missingness,fb82651717076e658cf67e62ccd41ca247d29c994518945706edefcf0b635aa0,fb9bacb9054577d3496b06c24fdfc18f5eb1bd887eab1bbeda4472dcd3d24c72,extrasensory-p2-fold1-seed47-v2_multiseed,0.45,0.4500013462211572,33427,0.3933003661382491,0.5697731087570116,0.7297355504925132,343971,p2_system_reliability,0.9885947704315186
V3-1,P2,1,47,natural_missingness,fb82651717076e658cf67e62ccd41ca247d29c994518945706edefcf0b635aa0,fb9bacb9054577d3496b06c24fdfc18f5eb1bd887eab1bbeda4472dcd3d24c72,extrasensory-p2-fold1-seed47-v2_multiseed,0.5,0.5,37141,0.3975041957238889,0.5707608407654627,0.7264089322528627,382520,p2_system_reliability,0.9875563383102416
V3-1,P2,1,47,natural_missingness,fb82651717076e658cf67e62ccd41ca247d29c994518945706edefcf0b635aa0,fb9bacb9054577d3496b06c24fdfc18f5eb1bd887eab1bbeda4472dcd3d24c72,extrasensory-p2-fold1-seed47-v2_multiseed,0.55,0.5500121159904149,40856,0.4006134171874581,0.5711570866147687,0.7230508395847365,420909,p2_system_reliability,0.986382246017456
V3-1,P2,1,47,natural_missingness,fb82651717076e658cf67e62ccd41ca247d29c994518945706edefcf0b635aa0,fb9bacb9054577d3496b06c24fdfc18f5eb1bd887eab1bbeda4472dcd3d24c72,extrasensory-p2-fold1-seed47-v2_multiseed,0.6,0.6000107697692577,44570,0.4081856800020227,0.5706426869550345,0.7175676311254965,457873,p2_system_reliability,0.9850137233734132
V3-1,P2,1,47,natural_missingness,fb82651717076e658cf67e62ccd41ca247d29c994518945706edefcf0b635aa0,fb9bacb9054577d3496b06c24fdfc18f5eb1bd887eab1bbeda4472dcd3d24c72,extrasensory-p2-fold1-seed47-v2_multiseed,0.65,0.6500094235481004,48284,0.4127643478595192,0.5702643967645009,0.7119664356074425,494369,p2_system_reliability,0.9835224151611328
V3-1,P2,1,47,natural_missingness,fb82651717076e658cf67e62ccd41ca247d29c994518945706edefcf0b635aa0,fb9bacb9054577d3496b06c24fdfc18f5eb1bd887eab1bbeda4472dcd3d24c72,extrasensory-p2-fold1-seed47-v2_multiseed,0.7,0.7000080773269433,51998,0.4158809133005656,0.5696811440577151,0.7073042060332838,532172,p2_system_reliability,0.981825351715088
V3-1,P2,1,47,natural_missingness,fb82651717076e658cf67e62ccd41ca247d29c994518945706edefcf0b635aa0,fb9bacb9054577d3496b06c24fdfc18f5eb1bd887eab1bbeda4472dcd3d24c72,extrasensory-p2-fold1-seed47-v2_multiseed,0.75,0.7500067311057861,55712,0.4185294548318126,0.5708356138727539,0.7035116231725033,569366,p2_system_reliability,0.979652464389801
V3-1,P2,1,47,natural_missingness,fb82651717076e658cf67e62ccd41ca247d29c994518945706edefcf0b635aa0,fb9bacb9054577d3496b06c24fdfc18f5eb1bd887eab1bbeda4472dcd3d24c72,extrasensory-p2-fold1-seed47-v2_multiseed,0.8,0.8000053848846288,59426,0.4205983325628428,0.5742230085152837,0.7005939927062619,607337,p2_system_reliability,0.9765764474868774
V3-1,P2,1,47,natural_missingness,fb82651717076e658cf67e62ccd41ca247d29c994518945706edefcf0b635aa0,fb9bacb9054577d3496b06c24fdfc18f5eb1bd887eab1bbeda4472dcd3d24c72,extrasensory-p2-fold1-seed47-v2_multiseed,0.85,0.8500040386634716,63140,0.4224459930620165,0.5823927925233309,0.6977654552449816,645437,p2_system_reliability,0.9722275733947754
V3-1,P2,1,47,natural_missingness,fb82651717076e658cf67e62ccd41ca247d29c994518945706edefcf0b635aa0,fb9bacb9054577d3496b06c24fdfc18f5eb1bd887eab1bbeda4472dcd3d24c72,extrasensory-p2-fold1-seed47-v2_multiseed,0.9,0.9000026924423145,66854,0.4244829415336068,0.5885948842662568,0.6958370157288832,682668,p2_system_reliability,0.9655613899230956
V3-1,P2,1,47,natural_missingness,fb82651717076e658cf67e62ccd41ca247d29c994518945706edefcf0b635aa0,fb9bacb9054577d3496b06c24fdfc18f5eb1bd887eab1bbeda4472dcd3d24c72,extrasensory-p2-fold1-seed47-v2_multiseed,0.95,0.9500013462211572,70568,0.4266960743052416,0.5900671064843181,0.6944127676913526,719236,p2_system_reliability,0.95624178647995
V3-1,P2,1,47,natural_missingness,fb82651717076e658cf67e62ccd41ca247d29c994518945706edefcf0b635aa0,fb9bacb9054577d3496b06c24fdfc18f5eb1bd887eab1bbeda4472dcd3d24c72,extrasensory-p2-fold1-seed47-v2_multiseed,1.0,1.0,74282,0.4277175798563684,0.5900286318594605,0.6948837546397196,756803,p2_system_reliability,0.8818825483322144
V3-1,B4,2,13,natural_missingness,fb82651717076e658cf67e62ccd41ca247d29c994518945706edefcf0b635aa0,f4f9d64c7958b142eb8fcb202c95b37e2fed0ceb86a51b55439573f0d52ea19b,extrasensory-gated-fold2-seed13-credible,0.05,0.050005764655326,4771,0.3291133081025902,0.5152625701395026,0.9165633766064324,54602,mean_binary_certainty,0.9579159942194788
V3-1,B4,2,13,natural_missingness,fb82651717076e658cf67e62ccd41ca247d29c994518945706edefcf0b635aa0,f4f9d64c7958b142eb8fcb202c95b37e2fed0ceb86a51b55439573f0d52ea19b,extrasensory-gated-fold2-seed13-credible,0.1,0.1000010481191501,9541,0.2931253965499431,0.4682301226417418,0.9137244236829896,109738,mean_binary_certainty,0.9360747693805528
V3-1,B4,2,13,natural_missingness,fb82651717076e658cf67e62ccd41ca247d29c994518945706edefcf0b635aa0,f4f9d64c7958b142eb8fcb202c95b37e2fed0ceb86a51b55439573f0d52ea19b,extrasensory-gated-fold2-seed13-credible,0.15,0.1500068127744762,14312,0.2625593051605281,0.5500303305358133,0.9205462118416196,165588,mean_binary_certainty,0.9162696216268528
V3-1,B4,2,13,natural_missingness,fb82651717076e658cf67e62ccd41ca247d29c994518945706edefcf0b635aa0,f4f9d64c7958b142eb8fcb202c95b37e2fed0ceb86a51b55439573f0d52ea19b,extrasensory-gated-fold2-seed13-credible,0.2,0.2000020962383003,19082,0.2558309164946484,0.5557827559689703,0.9221104340843608,220729,mean_binary_certainty,0.8784799139263915
V3-1,B4,2,13,natural_missingness,fb82651717076e658cf67e62ccd41ca247d29c994518945706edefcf0b635aa0,f4f9d64c7958b142eb8fcb202c95b37e2fed0ceb86a51b55439573f0d52ea19b,extrasensory-gated-fold2-seed13-credible,0.25,0.2500078608936263,23853,0.2645105768267266,0.564069453851248,0.9155666570595958,273482,mean_binary_certainty,0.8215952103943032
V3-1,B4,2,13,natural_missingness,fb82651717076e658cf67e62ccd41ca247d29c994518945706edefcf0b635aa0,f4f9d64c7958b142eb8fcb202c95b37e2fed0ceb86a51b55439573f0d52ea19b,extrasensory-gated-fold2-seed13-credible,0.3,0.3000031443574505,28623,0.2826049526232121,0.6290057550372908,0.901503253309401,323538,mean_binary_certainty,0.7391892587930726
V3-1,B4,2,13,natural_missingness,fb82651717076e658cf67e62ccd41ca247d29c994518945706edefcf0b635aa0,f4f9d64c7958b142eb8fcb202c95b37e2fed0ceb86a51b55439573f0d52ea19b,extrasensory-gated-fold2-seed13-credible,0.35,0.3500089090127766,33394,0.3028293938818552,0.6771221955117863,0.8815380998306248,372335,mean_binary_certainty,0.6683836927980602
V3-1,B4,2,13,natural_missingness,fb82651717076e658cf67e62ccd41ca247d29c994518945706edefcf0b635aa0,f4f9d64c7958b142eb8fcb202c95b37e2fed0ceb86a51b55439573f0d52ea19b,extrasensory-gated-fold2-seed13-credible,0.4,0.4000041924766007,38164,0.321503720576536,0.6890031989486106,0.8599876023341813,420801,mean_binary_certainty,0.6252832217000681
V3-1,B4,2,13,natural_missingness,fb82651717076e658cf67e62ccd41ca247d29c994518945706edefcf0b635aa0,f4f9d64c7958b142eb8fcb202c95b37e2fed0ceb86a51b55439573f0d52ea19b,extrasensory-gated-fold2-seed13-credible,0.45,0.4500099571319267,42935,0.3371916670836856,0.6802660155571356,0.8394628091216151,468671,mean_binary_certainty,0.5948741709904772
V3-1,B4,2,13,natural_missingness,fb82651717076e658cf67e62ccd41ca247d29c994518945706edefcf0b635aa0,f4f9d64c7958b142eb8fcb202c95b37e2fed0ceb86a51b55439573f0d52ea19b,extrasensory-gated-fold2-seed13-credible,0.5,0.5000052405957509,47705,0.3533442537904459,0.6659482668643286,0.819995871224182,515863,mean_binary_certainty,0.5698716439540381
V3-1,B4,2,13,natural_missingness,fb82651717076e658cf67e62ccd41ca247d29c994518945706edefcf0b635aa0,f4f9d64c7958b142eb8fcb202c95b37e2fed0ceb86a51b55439573f0d52ea19b,extrasensory-gated-fold2-seed13-credible,0.55,0.5500005240595751,52475,0.3662281454438285,0.6528057715253334,0.8024633118643959,562641,mean_binary_certainty,0.5465343880787842
V3-1,B4,2,13,natural_missingness,fb82651717076e658cf67e62ccd41ca247d29c994518945706edefcf0b635aa0,f4f9d64c7958b142eb8fcb202c95b37e2fed0ceb86a51b55439573f0d52ea19b,extrasensory-gated-fold2-seed13-credible,0.6,0.6000062887149011,57246,0.3782738148756933,0.6413140252732035,0.7868791236150877,609075,mean_binary_certainty,0.5240006798602341
V3-1,B4,2,13,natural_missingness,fb82651717076e658cf67e62ccd41ca247d29c994518945706edefcf0b635aa0,f4f9d64c7958b142eb8fcb202c95b37e2fed0ceb86a51b55439573f0d52ea19b,extrasensory-gated-fold2-seed13-credible,0.65,0.6500015721787252,62016,0.3888449838476341,0.6320558996802167,0.7732003911145388,655533,mean_binary_certainty,0.4997797868769756
V3-1,B4,2,13,natural_missingness,fb82651717076e658cf67e62ccd41ca247d29c994518945706edefcf0b635aa0,f4f9d64c7958b142eb8fcb202c95b37e2fed0ceb86a51b55439573f0d52ea19b,extrasensory-gated-fold2-seed13-credible,0.7,0.7000073368340513,66787,0.3978490492714187,0.6238273922490225,0.7609501720245412,702290,mean_binary_certainty,0.4739492496824226
V3-1,B4,2,13,natural_missingness,fb82651717076e658cf67e62ccd41ca247d29c994518945706edefcf0b635aa0,f4f9d64c7958b142eb8fcb202c95b37e2fed0ceb86a51b55439573f0d52ea19b,extrasensory-gated-fold2-seed13-credible,0.75,0.7500026202978755,71557,0.4064869794655846,0.6161297709915243,0.7496944141068574,749012,mean_binary_certainty,0.4452216383100713
V3-1,B4,2,13,natural_missingness,fb82651717076e658cf67e62ccd41ca247d29c994518945706edefcf0b635aa0,f4f9d64c7958b142eb8fcb202c95b37e2fed0ceb86a51b55439573f0d52ea19b,extrasensory-gated-fold2-seed13-credible,0.8,0.8000083849532015,76328,0.4139317338380324,0.6095858753376595,0.7398109462655996,796677,mean_binary_certainty,0.4146564635373339
V3-1,B4,2,13,natural_missingness,fb82651717076e658cf67e62ccd41ca247d29c994518945706edefcf0b635aa0,f4f9d64c7958b142eb8fcb202c95b37e2fed0ceb86a51b55439573f0d52ea19b,extrasensory-gated-fold2-seed13-credible,0.85,0.8500036684170257,81098,0.4218993859057823,0.602362190789086,0.7301094574947534,844758,mean_binary_certainty,0.3810113738409406
V3-1,B4,2,13,natural_missingness,fb82651717076e658cf67e62ccd41ca247d29c994518945706edefcf0b635aa0,f4f9d64c7958b142eb8fcb202c95b37e2fed0ceb86a51b55439573f0d52ea19b,extrasensory-gated-fold2-seed13-credible,0.9,0.9000094330723517,85869,0.4304067053043142,0.5953793647164988,0.721026073858095,892162,mean_binary_certainty,0.3413562556813827
V3-1,B4,2,13,natural_missingness,fb82651717076e658cf67e62ccd41ca247d29c994518945706edefcf0b635aa0,f4f9d64c7958b142eb8fcb202c95b37e2fed0ceb86a51b55439573f0d52ea19b,extrasensory-gated-fold2-seed13-credible,0.95,0.9500047165361758,90639,0.4387738083206071,0.5877171033266583,0.7123436088268174,939494,mean_binary_certainty,0.2831997960805608
V3-1,B4,2,13,natural_missingness,fb82651717076e658cf67e62ccd41ca247d29c994518945706edefcf0b635aa0,f4f9d64c7958b142eb8fcb202c95b37e2fed0ceb86a51b55439573f0d52ea19b,extrasensory-gated-fold2-seed13-credible,1.0,1.0,95409,0.4463196571068861,0.5811473184273381,0.7056016948074718,986204,mean_binary_certainty,0.0385603993579424
V3-1,B4,2,13,natural_missingness,fb82651717076e658cf67e62ccd41ca247d29c994518945706edefcf0b635aa0,f4f9d64c7958b142eb8fcb202c95b37e2fed0ceb86a51b55439573f0d52ea19b,extrasensory-gated-fold2-seed13-credible,0.05,0.050005764655326,4771,0.3384883024432083,0.456912253165401,0.9229734490599878,54707,mean_normalized_threshold_margin,0.9859119553666796
V3-1,B4,2,13,natural_missingness,fb82651717076e658cf67e62ccd41ca247d29c994518945706edefcf0b635aa0,f4f9d64c7958b142eb8fcb202c95b37e2fed0ceb86a51b55439573f0d52ea19b,extrasensory-gated-fold2-seed13-credible,0.1,0.1000010481191501,9541,0.2993563389496272,0.4732440964674727,0.923877704139052,110124,mean_normalized_threshold_margin,0.9739781494681689
V3-1,B4,2,13,natural_missingness,fb82651717076e658cf67e62ccd41ca247d29c994518945706edefcf0b635aa0,f4f9d64c7958b142eb8fcb202c95b37e2fed0ceb86a51b55439573f0d52ea19b,extrasensory-gated-fold2-seed13-credible,0.15,0.1500068127744762,14312,0.2719845526638956,0.5484725191949911,0.9256753952774204,165355,mean_normalized_threshold_margin,0.9585592797974642
V3-1,B4,2,13,natural_missingness,fb82651717076e658cf67e62ccd41ca247d29c994518945706edefcf0b635aa0,f4f9d64c7958b142eb8fcb202c95b37e2fed0ceb86a51b55439573f0d52ea19b,extrasensory-gated-fold2-seed13-credible,0.2,0.2000020962383003,19082,0.2599440636473767,0.5717167855789842,0.9241181360478063,220392,mean_normalized_threshold_margin,0.9404314665591856
V3-1,B4,2,13,natural_missingness,fb82651717076e658cf67e62ccd41ca247d29c994518945706edefcf0b635aa0,f4f9d64c7958b142eb8fcb202c95b37e2fed0ceb86a51b55439573f0d52ea19b,extrasensory-gated-fold2-seed13-credible,0.25,0.2500078608936263,23853,0.2635450431445295,0.5952059275176307,0.9179775710950356,273561,mean_normalized_threshold_margin,0.9106353982457782
V3-1,B4,2,13,natural_missingness,fb82651717076e658cf67e62ccd41ca247d29c994518945706edefcf0b635aa0,f4f9d64c7958b142eb8fcb202c95b37e2fed0ceb86a51b55439573f0d52ea19b,extrasensory-gated-fold2-seed13-credible,0.3,0.3000031443574505,28623,0.2814483164256732,0.6463494520865568,0.902844710361708,324511,mean_normalized_threshold_margin,0.8576380874063221
V3-1,B4,2,13,natural_missingness,fb82651717076e658cf67e62ccd41ca247d29c994518945706edefcf0b635aa0,f4f9d64c7958b142eb8fcb202c95b37e2fed0ceb86a51b55439573f0d52ea19b,extrasensory-gated-fold2-seed13-credible,0.35,0.3500089090127766,33394,0.3030359376512762,0.6768373548487748,0.8809096690300597,374806,mean_normalized_threshold_margin,0.8127451665709007
V3-1,B4,2,13,natural_missingness,fb82651717076e658cf67e62ccd41ca247d29c994518945706edefcf0b635aa0,f4f9d64c7958b142eb8fcb202c95b37e2fed0ceb86a51b55439573f0d52ea19b,extrasensory-gated-fold2-seed13-credible,0.4,0.4000041924766007,38164,0.3214084218810858,0.6902193965022575,0.8590683745203506,423743,mean_normalized_threshold_margin,0.7827771339598795
V3-1,B4,2,13,natural_missingness,fb82651717076e658cf67e62ccd41ca247d29c994518945706edefcf0b635aa0,f4f9d64c7958b142eb8fcb202c95b37e2fed0ceb86a51b55439573f0d52ea19b,extrasensory-gated-fold2-seed13-credible,0.45,0.4500099571319267,42935,0.3343473762192636,0.6855792465631676,0.8394368974002191,471629,mean_normalized_threshold_margin,0.7595030751171428
V3-1,B4,2,13,natural_missingness,fb82651717076e658cf67e62ccd41ca247d29c994518945706edefcf0b635aa0,f4f9d64c7958b142eb8fcb202c95b37e2fed0ceb86a51b55439573f0d52ea19b,extrasensory-gated-fold2-seed13-credible,0.5,0.5000052405957509,47705,0.346323301855299,0.6794256696260615,0.8224160057005089,517761,mean_normalized_threshold_margin,0.7401053057278196
V3-1,B4,2,13,natural_missingness,fb82651717076e658cf67e62ccd41ca247d29c994518945706edefcf0b635aa0,f4f9d64c7958b142eb8fcb202c95b37e2fed0ceb86a51b55439573f0d52ea19b,extrasensory-gated-fold2-seed13-credible,0.55,0.5500005240595751,52475,0.3562963527988348,0.6721146276026688,0.8073797454273864,563779,mean_normalized_threshold_margin,0.7216626980070477
V3-1,B4,2,13,natural_missingness,fb82651717076e658cf67e62ccd41ca247d29c994518945706edefcf0b635aa0,f4f9d64c7958b142eb8fcb202c95b37e2fed0ceb86a51b55439573f0d52ea19b,extrasensory-gated-fold2-seed13-credible,0.6,0.6000062887149011,57246,0.3662435202452859,0.6639630911552813,0.7931855618945829,610219,mean_normalized_threshold_margin,0.702677173232613
V3-1,B4,2,13,natural_missingness,fb82651717076e658cf67e62ccd41ca247d29c994518945706edefcf0b635aa0,f4f9d64c7958b142eb8fcb202c95b37e2fed0ceb86a51b55439573f0d52ea19b,extrasensory-gated-fold2-seed13-credible,0.65,0.6500015721787252,62016,0.3761009949600087,0.6557396552139187,0.7808389043171604,657000,mean_normalized_threshold_margin,0.682578147547562
V3-1,B4,2,13,natural_missingness,fb82651717076e658cf67e62ccd41ca247d29c994518945706edefcf0b635aa0,f4f9d64c7958b142eb8fcb202c95b37e2fed0ceb86a51b55439573f0d52ea19b,extrasensory-gated-fold2-seed13-credible,0.7,0.7000073368340513,66787,0.3863688629629088,0.6454276277222046,0.7685831935336281,704345,mean_normalized_threshold_margin,0.661374735670854
V3-1,B4,2,13,natural_missingness,fb82651717076e658cf67e62ccd41ca247d29c994518945706edefcf0b635aa0,f4f9d64c7958b142eb8fcb202c95b37e2fed0ceb86a51b55439573f0d52ea19b,extrasensory-gated-fold2-seed13-credible,0.75,0.7500026202978755,71557,0.3976247250635774,0.634097862402102,0.7567910056690963,751538,mean_normalized_threshold_margin,0.6389280367359552
V3-1,B4,2,13,natural_missingness,fb82651717076e658cf67e62ccd41ca247d29c994518945706edefcf0b635aa0,f4f9d64c7958b142eb8fcb202c95b37e2fed0ceb86a51b55439573f0d52ea19b,extrasensory-gated-fold2-seed13-credible,0.8,0.8000083849532015,76328,0.4090233960796237,0.6222949661322212,0.7453343840670559,798970,mean_normalized_threshold_margin,0.6143080703510692
V3-1,B4,2,13,natural_missingness,fb82651717076e658cf67e62ccd41ca247d29c994518945706edefcf0b635aa0,f4f9d64c7958b142eb8fcb202c95b37e2fed0ceb86a51b55439573f0d52ea19b,extrasensory-gated-fold2-seed13-credible,0.85,0.8500036684170257,81098,0.4192227992929362,0.6115333084743468,0.734453866770378,846411,mean_normalized_threshold_margin,0.5875161881139497
V3-1,B4,2,13,natural_missingness,fb82651717076e658cf67e62ccd41ca247d29c994518945706edefcf0b635aa0,f4f9d64c7958b142eb8fcb202c95b37e2fed0ceb86a51b55439573f0d52ea19b,extrasensory-gated-fold2-seed13-credible,0.9,0.9000094330723517,85869,0.4288755620609441,0.6011844745149627,0.724300751156396,893250,mean_normalized_threshold_margin,0.5541486563629573
V3-1,B4,2,13,natural_missingness,fb82651717076e658cf67e62ccd41ca247d29c994518945706edefcf0b635aa0,f4f9d64c7958b142eb8fcb202c95b37e2fed0ceb86a51b55439573f0d52ea19b,extrasensory-gated-fold2-seed13-credible,0.95,0.9500047165361758,90639,0.4374096227660216,0.591181696851756,0.714752524107393,940186,mean_normalized_threshold_margin,0.5073693696319295
V3-1,B4,2,13,natural_missingness,fb82651717076e658cf67e62ccd41ca247d29c994518945706edefcf0b635aa0,f4f9d64c7958b142eb8fcb202c95b37e2fed0ceb86a51b55439573f0d52ea19b,extrasensory-gated-fold2-seed13-credible,1.0,1.0,95409,0.446319657106886,0.5811473184273381,0.7056016948074718,986204,mean_normalized_threshold_margin,0.2613418466660783
V3-1,B5,2,13,natural_missingness,fb82651717076e658cf67e62ccd41ca247d29c994518945706edefcf0b635aa0,cfe65c0bd3f0eb133d0c6c41ab1a2f4e407db80f65793d3ba3b76236441b43fd,extrasensory-robust-gated-fold2-seed13-credible,0.05,0.050005764655326,4771,0.5121630253954969,0.5515074766379829,0.915807560137457,54021,mean_binary_certainty,0.9577086948759737
V3-1,B5,2,13,natural_missingness,fb82651717076e658cf67e62ccd41ca247d29c994518945706edefcf0b635aa0,cfe65c0bd3f0eb133d0c6c41ab1a2f4e407db80f65793d3ba3b76236441b43fd,extrasensory-robust-gated-fold2-seed13-credible,0.1,0.1000010481191501,9541,0.3998212069870308,0.6040855996154988,0.9312984195847536,108505,mean_binary_certainty,0.9157765690386088
V3-1,B5,2,13,natural_missingness,fb82651717076e658cf67e62ccd41ca247d29c994518945706edefcf0b635aa0,cfe65c0bd3f0eb133d0c6c41ab1a2f4e407db80f65793d3ba3b76236441b43fd,extrasensory-robust-gated-fold2-seed13-credible,0.15,0.1500068127744762,14312,0.3570781042576602,0.6196194115936815,0.9287609928708956,163513,mean_binary_certainty,0.8693927329045659
V3-1,B5,2,13,natural_missingness,fb82651717076e658cf67e62ccd41ca247d29c994518945706edefcf0b635aa0,cfe65c0bd3f0eb133d0c6c41ab1a2f4e407db80f65793d3ba3b76236441b43fd,extrasensory-robust-gated-fold2-seed13-credible,0.2,0.2000020962383003,19082,0.3317517091737736,0.615605468533174,0.9235308113252438,217551,mean_binary_certainty,0.8064898530693874
V3-1,B5,2,13,natural_missingness,fb82651717076e658cf67e62ccd41ca247d29c994518945706edefcf0b635aa0,cfe65c0bd3f0eb133d0c6c41ab1a2f4e407db80f65793d3ba3b76236441b43fd,extrasensory-robust-gated-fold2-seed13-credible,0.25,0.2500078608936263,23853,0.3200697742654708,0.644030842473327,0.909885763355799,270567,mean_binary_certainty,0.738921730087548
V3-1,B5,2,13,natural_missingness,fb82651717076e658cf67e62ccd41ca247d29c994518945706edefcf0b635aa0,cfe65c0bd3f0eb133d0c6c41ab1a2f4e407db80f65793d3ba3b76236441b43fd,extrasensory-robust-gated-fold2-seed13-credible,0.3,0.3000031443574505,28623,0.3229371687511293,0.6850611697305323,0.8905725498928383,321015,mean_binary_certainty,0.683069956935112
V3-1,B5,2,13,natural_missingness,fb82651717076e658cf67e62ccd41ca247d29c994518945706edefcf0b635aa0,cfe65c0bd3f0eb133d0c6c41ab1a2f4e407db80f65793d3ba3b76236441b43fd,extrasensory-robust-gated-fold2-seed13-credible,0.35,0.3500089090127766,33394,0.3397664264702997,0.6869359576731218,0.8684820337325837,370374,mean_binary_certainty,0.640285369740691
V3-1,B5,2,13,natural_missingness,fb82651717076e658cf67e62ccd41ca247d29c994518945706edefcf0b635aa0,cfe65c0bd3f0eb133d0c6c41ab1a2f4e407db80f65793d3ba3b76236441b43fd,extrasensory-robust-gated-fold2-seed13-credible,0.4,0.4000041924766007,38164,0.3606612630623601,0.6728648946420787,0.8455424368739224,418941,mean_binary_certainty,0.6059915059749665
V3-1,B5,2,13,natural_missingness,fb82651717076e658cf67e62ccd41ca247d29c994518945706edefcf0b635aa0,cfe65c0bd3f0eb133d0c6c41ab1a2f4e407db80f65793d3ba3b76236441b43fd,extrasensory-robust-gated-fold2-seed13-credible,0.45,0.4500099571319267,42935,0.3786759606949742,0.6602041253711449,0.8241179090769334,466887,mean_binary_certainty,0.5767751156142318
V3-1,B5,2,13,natural_missingness,fb82651717076e658cf67e62ccd41ca247d29c994518945706edefcf0b635aa0,cfe65c0bd3f0eb133d0c6c41ab1a2f4e407db80f65793d3ba3b76236441b43fd,extrasensory-robust-gated-fold2-seed13-credible,0.5,0.5000052405957509,47705,0.3918626194867199,0.6520399287294504,0.8059187269640864,514072,mean_binary_certainty,0.5516032875952649
V3-1,B5,2,13,natural_missingness,fb82651717076e658cf67e62ccd41ca247d29c994518945706edefcf0b635aa0,cfe65c0bd3f0eb133d0c6c41ab1a2f4e407db80f65793d3ba3b76236441b43fd,extrasensory-robust-gated-fold2-seed13-credible,0.55,0.5500005240595751,52475,0.4034206543337682,0.643744977036283,0.7900317959273593,561138,mean_binary_certainty,0.5267725718253817
V3-1,B5,2,13,natural_missingness,fb82651717076e658cf67e62ccd41ca247d29c994518945706edefcf0b635aa0,cfe65c0bd3f0eb133d0c6c41ab1a2f4e407db80f65793d3ba3b76236441b43fd,extrasensory-robust-gated-fold2-seed13-credible,0.6,0.6000062887149011,57246,0.4116628562521215,0.6374372940484817,0.7769071039907847,608183,mean_binary_certainty,0.5025358279229487
V3-1,B5,2,13,natural_missingness,fb82651717076e658cf67e62ccd41ca247d29c994518945706edefcf0b635aa0,cfe65c0bd3f0eb133d0c6c41ab1a2f4e407db80f65793d3ba3b76236441b43fd,extrasensory-robust-gated-fold2-seed13-credible,0.65,0.6500015721787252,62016,0.4193808059177626,0.6309674236356869,0.7647346388334785,654722,mean_binary_certainty,0.4788689738017662
V3-1,B5,2,13,natural_missingness,fb82651717076e658cf67e62ccd41ca247d29c994518945706edefcf0b635aa0,cfe65c0bd3f0eb133d0c6c41ab1a2f4e407db80f65793d3ba3b76236441b43fd,extrasensory-robust-gated-fold2-seed13-credible,0.7,0.7000073368340513,66787,0.4262643171911733,0.6247698210119789,0.7542759407069556,701414,mean_binary_certainty,0.4537450150231932
V3-1,B5,2,13,natural_missingness,fb82651717076e658cf67e62ccd41ca247d29c994518945706edefcf0b635aa0,cfe65c0bd3f0eb133d0c6c41ab1a2f4e407db80f65793d3ba3b76236441b43fd,extrasensory-robust-gated-fold2-seed13-credible,0.75,0.7500026202978755,71557,0.4336189142008003,0.6169036148502074,0.7439777361321172,748433,mean_binary_certainty,0.4280737653529226
V3-1,B5,2,13,natural_missingness,fb82651717076e658cf67e62ccd41ca247d29c994518945706edefcf0b635aa0,cfe65c0bd3f0eb133d0c6c41ab1a2f4e407db80f65793d3ba3b76236441b43fd,extrasensory-robust-gated-fold2-seed13-credible,0.8,0.8000083849532015,76328,0.4394696608048974,0.6107483025778181,0.735363899567433,794993,mean_binary_certainty,0.3994721935114906
V3-1,B5,2,13,natural_missingness,fb82651717076e658cf67e62ccd41ca247d29c994518945706edefcf0b635aa0,cfe65c0bd3f0eb133d0c6c41ab1a2f4e407db80f65793d3ba3b76236441b43fd,extrasensory-robust-gated-fold2-seed13-credible,0.85,0.8500036684170257,81098,0.4455154659902098,0.6032526815411969,0.7267595170169251,842002,mean_binary_certainty,0.3679418156754171
V3-1,B5,2,13,natural_missingness,fb82651717076e658cf67e62ccd41ca247d29c994518945706edefcf0b635aa0,cfe65c0bd3f0eb133d0c6c41ab1a2f4e407db80f65793d3ba3b76236441b43fd,extrasensory-robust-gated-fold2-seed13-credible,0.9,0.9000094330723517,85869,0.4510873933439345,0.5961779080356995,0.7188390795932215,889649,mean_binary_certainty,0.3294251701049394
V3-1,B5,2,13,natural_missingness,fb82651717076e658cf67e62ccd41ca247d29c994518945706edefcf0b635aa0,cfe65c0bd3f0eb133d0c6c41ab1a2f4e407db80f65793d3ba3b76236441b43fd,extrasensory-robust-gated-fold2-seed13-credible,0.95,0.9500047165361758,90639,0.4568465277590653,0.5896116306128023,0.7114107679757155,937115,mean_binary_certainty,0.2760569626039313
V3-1,B5,2,13,natural_missingness,fb82651717076e658cf67e62ccd41ca247d29c994518945706edefcf0b635aa0,cfe65c0bd3f0eb133d0c6c41ab1a2f4e407db80f65793d3ba3b76236441b43fd,extrasensory-robust-gated-fold2-seed13-credible,1.0,1.0,95409,0.4634570550497683,0.5825859686848596,0.7049439172171138,986204,mean_binary_certainty,0.0403961948910189
V3-1,B5,2,13,natural_missingness,fb82651717076e658cf67e62ccd41ca247d29c994518945706edefcf0b635aa0,cfe65c0bd3f0eb133d0c6c41ab1a2f4e407db80f65793d3ba3b76236441b43fd,extrasensory-robust-gated-fold2-seed13-credible,0.05,0.050005764655326,4771,0.5112458517091527,0.5531713931567693,0.9190333280682356,54053,mean_normalized_threshold_margin,0.9874776505954928
V3-1,B5,2,13,natural_missingness,fb82651717076e658cf67e62ccd41ca247d29c994518945706edefcf0b635aa0,cfe65c0bd3f0eb133d0c6c41ab1a2f4e407db80f65793d3ba3b76236441b43fd,extrasensory-robust-gated-fold2-seed13-credible,0.1,0.1000010481191501,9541,0.4085239848644831,0.5960647241347409,0.931049925104622,108856,mean_normalized_threshold_margin,0.964994427362558
V3-1,B5,2,13,natural_missingness,fb82651717076e658cf67e62ccd41ca247d29c994518945706edefcf0b635aa0,cfe65c0bd3f0eb133d0c6c41ab1a2f4e407db80f65793d3ba3b76236441b43fd,extrasensory-robust-gated-fold2-seed13-credible,0.15,0.1500068127744762,14312,0.3604504121369647,0.6154264464206995,0.9321555942605956,162603,mean_normalized_threshold_margin,0.9381391445061252
V3-1,B5,2,13,natural_missingness,fb82651717076e658cf67e62ccd41ca247d29c994518945706edefcf0b635aa0,cfe65c0bd3f0eb133d0c6c41ab1a2f4e407db80f65793d3ba3b76236441b43fd,extrasensory-robust-gated-fold2-seed13-credible,0.2,0.2000020962383003,19082,0.3336857042223085,0.6217260667419808,0.9252170077350852,217317,mean_normalized_threshold_margin,0.9027916677546848
V3-1,B5,2,13,natural_missingness,fb82651717076e658cf67e62ccd41ca247d29c994518945706edefcf0b635aa0,cfe65c0bd3f0eb133d0c6c41ab1a2f4e407db80f65793d3ba3b76236441b43fd,extrasensory-robust-gated-fold2-seed13-credible,0.25,0.2500078608936263,23853,0.3255054273511892,0.6760458677620905,0.9101542623425976,270773,mean_normalized_threshold_margin,0.8591007152643193
V3-1,B5,2,13,natural_missingness,fb82651717076e658cf67e62ccd41ca247d29c994518945706edefcf0b635aa0,cfe65c0bd3f0eb133d0c6c41ab1a2f4e407db80f65793d3ba3b76236441b43fd,extrasensory-robust-gated-fold2-seed13-credible,0.3,0.3000031443574505,28623,0.3287517104700884,0.7022897189531984,0.8903369008636793,322737,mean_normalized_threshold_margin,0.8227744343223578
V3-1,B5,2,13,natural_missingness,fb82651717076e658cf67e62ccd41ca247d29c994518945706edefcf0b635aa0,cfe65c0bd3f0eb133d0c6c41ab1a2f4e407db80f65793d3ba3b76236441b43fd,extrasensory-robust-gated-fold2-seed13-credible,0.35,0.3500089090127766,33394,0.3372117789452153,0.7000302884250215,0.8702470979239921,372695,mean_normalized_threshold_margin,0.7915306304002857
V3-1,B5,2,13,natural_missingness,fb82651717076e658cf67e62ccd41ca247d29c994518945706edefcf0b635aa0,cfe65c0bd3f0eb133d0c6c41ab1a2f4e407db80f65793d3ba3b76236441b43fd,extrasensory-robust-gated-fold2-seed13-credible,0.4,0.4000041924766007,38164,0.3495358731016106,0.6929919718911716,0.8503832199059662,421252,mean_normalized_threshold_margin,0.7649563517632347
V3-1,B5,2,13,natural_missingness,fb82651717076e658cf67e62ccd41ca247d29c994518945706edefcf0b635aa0,cfe65c0bd3f0eb133d0c6c41ab1a2f4e407db80f65793d3ba3b76236441b43fd,extrasensory-robust-gated-fold2-seed13-credible,0.45,0.4500099571319267,42935,0.3614831985815677,0.686555490644993,0.8324109385173473,468665,mean_normalized_threshold_margin,0.7409956965112497
V3-1,B5,2,13,natural_missingness,fb82651717076e658cf67e62ccd41ca247d29c994518945706edefcf0b635aa0,cfe65c0bd3f0eb133d0c6c41ab1a2f4e407db80f65793d3ba3b76236441b43fd,extrasensory-robust-gated-fold2-seed13-credible,0.5,0.5000052405957509,47705,0.3735332343681604,0.6765391844688061,0.8152637375049415,515488,mean_normalized_threshold_margin,0.720449344124905
V3-1,B5,2,13,natural_missingness,fb82651717076e658cf67e62ccd41ca247d29c994518945706edefcf0b635aa0,cfe65c0bd3f0eb133d0c6c41ab1a2f4e407db80f65793d3ba3b76236441b43fd,extrasensory-robust-gated-fold2-seed13-credible,0.55,0.5500005240595751,52475,0.3835522205815628,0.6664709684939972,0.8002899319824747,562062,mean_normalized_threshold_margin,0.7007419612520841
V3-1,B5,2,13,natural_missingness,fb82651717076e658cf67e62ccd41ca247d29c994518945706edefcf0b635aa0,cfe65c0bd3f0eb133d0c6c41ab1a2f4e407db80f65793d3ba3b76236441b43fd,extrasensory-robust-gated-fold2-seed13-credible,0.6,0.6000062887149011,57246,0.3939963023288608,0.6576142000686277,0.7867114109961375,609248,mean_normalized_threshold_margin,0.6819054191391284
V3-1,B5,2,13,natural_missingness,fb82651717076e658cf67e62ccd41ca247d29c994518945706edefcf0b635aa0,cfe65c0bd3f0eb133d0c6c41ab1a2f4e407db80f65793d3ba3b76236441b43fd,extrasensory-robust-gated-fold2-seed13-credible,0.65,0.6500015721787252,62016,0.40580497326714,0.6475757626200438,0.7737553435188332,655971,mean_normalized_threshold_margin,0.6631213055819097
V3-1,B5,2,13,natural_missingness,fb82651717076e658cf67e62ccd41ca247d29c994518945706edefcf0b635aa0,cfe65c0bd3f0eb133d0c6c41ab1a2f4e407db80f65793d3ba3b76236441b43fd,extrasensory-robust-gated-fold2-seed13-credible,0.7,0.7000073368340513,66787,0.4164764282840899,0.6375740062642132,0.761825845732608,703307,mean_normalized_threshold_margin,0.6439968527610922
V3-1,B5,2,13,natural_missingness,fb82651717076e658cf67e62ccd41ca247d29c994518945706edefcf0b635aa0,cfe65c0bd3f0eb133d0c6c41ab1a2f4e407db80f65793d3ba3b76236441b43fd,extrasensory-robust-gated-fold2-seed13-credible,0.75,0.7500026202978755,71557,0.4258788646031665,0.6285874362003767,0.7511019688510138,750395,mean_normalized_threshold_margin,0.6234315559515794
V3-1,B5,2,13,natural_missingness,fb82651717076e658cf67e62ccd41ca247d29c994518945706edefcf0b635aa0,cfe65c0bd3f0eb133d0c6c41ab1a2f4e407db80f65793d3ba3b76236441b43fd,extrasensory-robust-gated-fold2-seed13-credible,0.8,0.8000083849532015,76328,0.4340892457062031,0.6196458518638034,0.7409139155880748,797254,mean_normalized_threshold_margin,0.6015606243755732
V3-1,B5,2,13,natural_missingness,fb82651717076e658cf67e62ccd41ca247d29c994518945706edefcf0b635aa0,cfe65c0bd3f0eb133d0c6c41ab1a2f4e407db80f65793d3ba3b76236441b43fd,extrasensory-robust-gated-fold2-seed13-credible,0.85,0.8500036684170257,81098,0.4410077278925591,0.6119904449447676,0.732015263656619,844118,mean_normalized_threshold_margin,0.5762276081730128
V3-1,B5,2,13,natural_missingness,fb82651717076e658cf67e62ccd41ca247d29c994518945706edefcf0b635aa0,cfe65c0bd3f0eb133d0c6c41ab1a2f4e407db80f65793d3ba3b76236441b43fd,extrasensory-robust-gated-fold2-seed13-credible,0.9,0.9000094330723517,85869,0.4484252192895795,0.6038681154475359,0.7231731242784134,891447,mean_normalized_threshold_margin,0.5439813679542601
V3-1,B5,2,13,natural_missingness,fb82651717076e658cf67e62ccd41ca247d29c994518945706edefcf0b635aa0,cfe65c0bd3f0eb133d0c6c41ab1a2f4e407db80f65793d3ba3b76236441b43fd,extrasensory-robust-gated-fold2-seed13-credible,0.95,0.9500047165361758,90639,0.4555646177281209,0.5936790389699006,0.7139269432654297,938248,mean_normalized_threshold_margin,0.4977699447688927
V3-1,B5,2,13,natural_missingness,fb82651717076e658cf67e62ccd41ca247d29c994518945706edefcf0b635aa0,cfe65c0bd3f0eb133d0c6c41ab1a2f4e407db80f65793d3ba3b76236441b43fd,extrasensory-robust-gated-fold2-seed13-credible,1.0,1.0,95409,0.4634570550497683,0.5825859686848596,0.7049439172171138,986204,mean_normalized_threshold_margin,0.2383934553024189
V3-1,P,2,13,natural_missingness,fb82651717076e658cf67e62ccd41ca247d29c994518945706edefcf0b635aa0,9761da86539600348018e9b930306920828785455678988a773f18a2f9818a9a,extrasensory-quality-aware-fold2-seed13-credible,0.05,0.050005764655326,4771,0.3705766056897835,0.4143735645585372,0.9374723361562748,54872,mean_binary_certainty,0.9633722218181496
V3-1,P,2,13,natural_missingness,fb82651717076e658cf67e62ccd41ca247d29c994518945706edefcf0b635aa0,9761da86539600348018e9b930306920828785455678988a773f18a2f9818a9a,extrasensory-quality-aware-fold2-seed13-credible,0.1,0.1000010481191501,9541,0.3238820276143382,0.5628407313962367,0.9401288534402688,111104,mean_binary_certainty,0.9335544997614054
V3-1,P,2,13,natural_missingness,fb82651717076e658cf67e62ccd41ca247d29c994518945706edefcf0b635aa0,9761da86539600348018e9b930306920828785455678988a773f18a2f9818a9a,extrasensory-quality-aware-fold2-seed13-credible,0.15,0.1500068127744762,14312,0.3199112623720739,0.5699539687395527,0.9327559909508748,165175,mean_binary_certainty,0.8931175629925799
V3-1,P,2,13,natural_missingness,fb82651717076e658cf67e62ccd41ca247d29c994518945706edefcf0b635aa0,9761da86539600348018e9b930306920828785455678988a773f18a2f9818a9a,extrasensory-quality-aware-fold2-seed13-credible,0.2,0.2000020962383003,19082,0.2968447682828107,0.5727512042002907,0.9278477077238269,218497,mean_binary_certainty,0.8364042223137085
V3-1,P,2,13,natural_missingness,fb82651717076e658cf67e62ccd41ca247d29c994518945706edefcf0b635aa0,9761da86539600348018e9b930306920828785455678988a773f18a2f9818a9a,extrasensory-quality-aware-fold2-seed13-credible,0.25,0.2500078608936263,23853,0.2897525680547351,0.5779014300161341,0.9196659014564932,271752,mean_binary_certainty,0.7578859708172119
V3-1,P,2,13,natural_missingness,fb82651717076e658cf67e62ccd41ca247d29c994518945706edefcf0b635aa0,9761da86539600348018e9b930306920828785455678988a773f18a2f9818a9a,extrasensory-quality-aware-fold2-seed13-credible,0.3,0.3000031443574505,28623,0.3106045367230704,0.6345422678112388,0.9021851261371095,321935,mean_binary_certainty,0.6771668520527985
V3-1,P,2,13,natural_missingness,fb82651717076e658cf67e62ccd41ca247d29c994518945706edefcf0b635aa0,9761da86539600348018e9b930306920828785455678988a773f18a2f9818a9a,extrasensory-quality-aware-fold2-seed13-credible,0.35,0.3500089090127766,33394,0.3321546820306068,0.6589643925087734,0.8781625886396089,371148,mean_binary_certainty,0.6215733621827235
V3-1,P,2,13,natural_missingness,fb82651717076e658cf67e62ccd41ca247d29c994518945706edefcf0b635aa0,9761da86539600348018e9b930306920828785455678988a773f18a2f9818a9a,extrasensory-quality-aware-fold2-seed13-credible,0.4,0.4000041924766007,38164,0.3516437919114316,0.6633981873921521,0.8557409902905913,419565,mean_binary_certainty,0.5810248783068157
V3-1,P,2,13,natural_missingness,fb82651717076e658cf67e62ccd41ca247d29c994518945706edefcf0b635aa0,9761da86539600348018e9b930306920828785455678988a773f18a2f9818a9a,extrasensory-quality-aware-fold2-seed13-credible,0.45,0.4500099571319267,42935,0.3652441632569332,0.6618992783462189,0.835874138428994,467897,mean_binary_certainty,0.5486837564536091
V3-1,P,2,13,natural_missingness,fb82651717076e658cf67e62ccd41ca247d29c994518945706edefcf0b635aa0,9761da86539600348018e9b930306920828785455678988a773f18a2f9818a9a,extrasensory-quality-aware-fold2-seed13-credible,0.5,0.5000052405957509,47705,0.376959154593185,0.6548656999989789,0.8175889391346424,516775,mean_binary_certainty,0.5209241331331462
V3-1,P,2,13,natural_missingness,fb82651717076e658cf67e62ccd41ca247d29c994518945706edefcf0b635aa0,9761da86539600348018e9b930306920828785455678988a773f18a2f9818a9a,extrasensory-quality-aware-fold2-seed13-credible,0.55,0.5500005240595751,52475,0.3861713391038228,0.6496569915966284,0.801718027860794,565195,mean_binary_certainty,0.4957293779181615
V3-1,P,2,13,natural_missingness,fb82651717076e658cf67e62ccd41ca247d29c994518945706edefcf0b635aa0,9761da86539600348018e9b930306920828785455678988a773f18a2f9818a9a,extrasensory-quality-aware-fold2-seed13-credible,0.6,0.6000062887149011,57246,0.3950023308938025,0.6411943505481494,0.7876394963792068,612547,mean_binary_certainty,0.4713039122914817
V3-1,P,2,13,natural_missingness,fb82651717076e658cf67e62ccd41ca247d29c994518945706edefcf0b635aa0,9761da86539600348018e9b930306920828785455678988a773f18a2f9818a9a,extrasensory-quality-aware-fold2-seed13-credible,0.65,0.6500015721787252,62016,0.4029641367128948,0.634555744810612,0.7755926497404966,659840,mean_binary_certainty,0.4464156934979459
V3-1,P,2,13,natural_missingness,fb82651717076e658cf67e62ccd41ca247d29c994518945706edefcf0b635aa0,9761da86539600348018e9b930306920828785455678988a773f18a2f9818a9a,extrasensory-quality-aware-fold2-seed13-credible,0.7,0.7000073368340513,66787,0.4098394053179369,0.6284755047351026,0.7651865455602916,706677,mean_binary_certainty,0.4213377867541149
V3-1,P,2,13,natural_missingness,fb82651717076e658cf67e62ccd41ca247d29c994518945706edefcf0b635aa0,9761da86539600348018e9b930306920828785455678988a773f18a2f9818a9a,extrasensory-quality-aware-fold2-seed13-credible,0.75,0.7500026202978755,71557,0.416613435920789,0.6220651993217817,0.7556862716191347,753247,mean_binary_certainty,0.3945863694603846
V3-1,P,2,13,natural_missingness,fb82651717076e658cf67e62ccd41ca247d29c994518945706edefcf0b635aa0,9761da86539600348018e9b930306920828785455678988a773f18a2f9818a9a,extrasensory-quality-aware-fold2-seed13-credible,0.8,0.8000083849532015,76328,0.4225024046580402,0.6159302889916043,0.7468388348617495,800418,mean_binary_certainty,0.3654281743393446
V3-1,P,2,13,natural_missingness,fb82651717076e658cf67e62ccd41ca247d29c994518945706edefcf0b635aa0,9761da86539600348018e9b930306920828785455678988a773f18a2f9818a9a,extrasensory-quality-aware-fold2-seed13-credible,0.85,0.8500036684170257,81098,0.4287881491361739,0.6093254183299102,0.7386431449417402,847677,mean_binary_certainty,0.3328343234461266
V3-1,P,2,13,natural_missingness,fb82651717076e658cf67e62ccd41ca247d29c994518945706edefcf0b635aa0,9761da86539600348018e9b930306920828785455678988a773f18a2f9818a9a,extrasensory-quality-aware-fold2-seed13-credible,0.9,0.9000094330723517,85869,0.4355970381891821,0.6025512843428279,0.730959871443768,894801,mean_binary_certainty,0.2934886248032543
V3-1,P,2,13,natural_missingness,fb82651717076e658cf67e62ccd41ca247d29c994518945706edefcf0b635aa0,9761da86539600348018e9b930306920828785455678988a773f18a2f9818a9a,extrasensory-quality-aware-fold2-seed13-credible,0.95,0.9500047165361758,90639,0.4424836459003551,0.5960586569182357,0.7240473446175629,940794,mean_binary_certainty,0.2388947058823859
V3-1,P,2,13,natural_missingness,fb82651717076e658cf67e62ccd41ca247d29c994518945706edefcf0b635aa0,9761da86539600348018e9b930306920828785455678988a773f18a2f9818a9a,extrasensory-quality-aware-fold2-seed13-credible,1.0,1.0,95409,0.4508175611087872,0.589155157590851,0.7176132938335165,986204,mean_binary_certainty,0.0322607436112288
V3-1,P,2,13,natural_missingness,fb82651717076e658cf67e62ccd41ca247d29c994518945706edefcf0b635aa0,9761da86539600348018e9b930306920828785455678988a773f18a2f9818a9a,extrasensory-quality-aware-fold2-seed13-credible,0.05,0.050005764655326,4771,0.373006229612439,0.4157731801379523,0.9400797373358348,54741,mean_normalized_threshold_margin,0.9902567069062208
V3-1,P,2,13,natural_missingness,fb82651717076e658cf67e62ccd41ca247d29c994518945706edefcf0b635aa0,9761da86539600348018e9b930306920828785455678988a773f18a2f9818a9a,extrasensory-quality-aware-fold2-seed13-credible,0.1,0.1000010481191501,9541,0.3236354482406756,0.4179486040757511,0.941672769884283,110798,mean_normalized_threshold_margin,0.9781012958746949
V3-1,P,2,13,natural_missingness,fb82651717076e658cf67e62ccd41ca247d29c994518945706edefcf0b635aa0,9761da86539600348018e9b930306920828785455678988a773f18a2f9818a9a,extrasensory-quality-aware-fold2-seed13-credible,0.15,0.1500068127744762,14312,0.3270899866330804,0.5566296037961602,0.9340468146229944,164430,mean_normalized_threshold_margin,0.9571497128860256
V3-1,P,2,13,natural_missingness,fb82651717076e658cf67e62ccd41ca247d29c994518945706edefcf0b635aa0,9761da86539600348018e9b930306920828785455678988a773f18a2f9818a9a,extrasensory-quality-aware-fold2-seed13-credible,0.2,0.2000020962383003,19082,0.3002783777620147,0.5973214835450112,0.9299896490072456,218707,mean_normalized_threshold_margin,0.9259506553287512
V3-1,P,2,13,natural_missingness,fb82651717076e658cf67e62ccd41ca247d29c994518945706edefcf0b635aa0,9761da86539600348018e9b930306920828785455678988a773f18a2f9818a9a,extrasensory-quality-aware-fold2-seed13-credible,0.25,0.2500078608936263,23853,0.2934793025645325,0.5862228793189942,0.920564588631168,272366,mean_normalized_threshold_margin,0.883606053072601
V3-1,P,2,13,natural_missingness,fb82651717076e658cf67e62ccd41ca247d29c994518945706edefcf0b635aa0,9761da86539600348018e9b930306920828785455678988a773f18a2f9818a9a,extrasensory-quality-aware-fold2-seed13-credible,0.3,0.3000031443574505,28623,0.3152467691703274,0.6435241082984862,0.9021174721514698,323198,mean_normalized_threshold_margin,0.8313514130383602
V3-1,P,2,13,natural_missingness,fb82651717076e658cf67e62ccd41ca247d29c994518945706edefcf0b635aa0,9761da86539600348018e9b930306920828785455678988a773f18a2f9818a9a,extrasensory-quality-aware-fold2-seed13-credible,0.35,0.3500089090127766,33394,0.3322331949491627,0.6761440546669022,0.8802820265403025,373224,mean_normalized_threshold_margin,0.7906483553281566
V3-1,P,2,13,natural_missingness,fb82651717076e658cf67e62ccd41ca247d29c994518945706edefcf0b635aa0,9761da86539600348018e9b930306920828785455678988a773f18a2f9818a9a,extrasensory-quality-aware-fold2-seed13-credible,0.4,0.4000041924766007,38164,0.345096018805266,0.6830502351270022,0.860285916200499,422484,mean_normalized_threshold_margin,0.7579830603154573
V3-1,P,2,13,natural_missingness,fb82651717076e658cf67e62ccd41ca247d29c994518945706edefcf0b635aa0,9761da86539600348018e9b930306920828785455678988a773f18a2f9818a9a,extrasensory-quality-aware-fold2-seed13-credible,0.45,0.4500099571319267,42935,0.355602508795444,0.6835534262630772,0.8428267730762281,470535,mean_normalized_threshold_margin,0.7312562250899469
V3-1,P,2,13,natural_missingness,fb82651717076e658cf67e62ccd41ca247d29c994518945706edefcf0b635aa0,9761da86539600348018e9b930306920828785455678988a773f18a2f9818a9a,extrasensory-quality-aware-fold2-seed13-credible,0.5,0.5000052405957509,47705,0.3649478286120468,0.6797724774936562,0.8270152566561589,518134,mean_normalized_threshold_margin,0.7075686629034801
V3-1,P,2,13,natural_missingness,fb82651717076e658cf67e62ccd41ca247d29c994518945706edefcf0b635aa0,9761da86539600348018e9b930306920828785455678988a773f18a2f9818a9a,extrasensory-quality-aware-fold2-seed13-credible,0.55,0.5500005240595751,52475,0.374272687921834,0.6713837993966384,0.8126083063305655,565346,mean_normalized_threshold_margin,0.6868767364238261
V3-1,P,2,13,natural_missingness,fb82651717076e658cf67e62ccd41ca247d29c994518945706edefcf0b635aa0,9761da86539600348018e9b930306920828785455678988a773f18a2f9818a9a,extrasensory-quality-aware-fold2-seed13-credible,0.6,0.6000062887149011,57246,0.3835622794024289,0.6621826377756691,0.7991572782945598,612284,mean_normalized_threshold_margin,0.6672098686600856
V3-1,P,2,13,natural_missingness,fb82651717076e658cf67e62ccd41ca247d29c994518945706edefcf0b635aa0,9761da86539600348018e9b930306920828785455678988a773f18a2f9818a9a,extrasensory-quality-aware-fold2-seed13-credible,0.65,0.6500015721787252,62016,0.3920385577675008,0.6534053781570272,0.7867970930393213,659364,mean_normalized_threshold_margin,0.6478811048963211
V3-1,P,2,13,natural_missingness,fb82651717076e658cf67e62ccd41ca247d29c994518945706edefcf0b635aa0,9761da86539600348018e9b930306920828785455678988a773f18a2f9818a9a,extrasensory-quality-aware-fold2-seed13-credible,0.7,0.7000073368340513,66787,0.4007026338075242,0.6437710770430051,0.7753957153842581,706445,mean_normalized_threshold_margin,0.6278999778753737
V3-1,P,2,13,natural_missingness,fb82651717076e658cf67e62ccd41ca247d29c994518945706edefcf0b635aa0,9761da86539600348018e9b930306920828785455678988a773f18a2f9818a9a,extrasensory-quality-aware-fold2-seed13-credible,0.75,0.7500026202978755,71557,0.4088544080119435,0.6340257194049533,0.7646731342705549,753429,mean_normalized_threshold_margin,0.6068166146264812
V3-1,P,2,13,natural_missingness,fb82651717076e658cf67e62ccd41ca247d29c994518945706edefcf0b635aa0,9761da86539600348018e9b930306920828785455678988a773f18a2f9818a9a,extrasensory-quality-aware-fold2-seed13-credible,0.8,0.8000083849532015,76328,0.4164725070022601,0.6255346374325839,0.754900911283655,800950,mean_normalized_threshold_margin,0.5834570167224035
V3-1,P,2,13,natural_missingness,fb82651717076e658cf67e62ccd41ca247d29c994518945706edefcf0b635aa0,9761da86539600348018e9b930306920828785455678988a773f18a2f9818a9a,extrasensory-quality-aware-fold2-seed13-credible,0.85,0.8500036684170257,81098,0.424833704093174,0.6171450065427904,0.7456295719207932,848038,mean_normalized_threshold_margin,0.5574557574813114
V3-1,P,2,13,natural_missingness,fb82651717076e658cf67e62ccd41ca247d29c994518945706edefcf0b635aa0,9761da86539600348018e9b930306920828785455678988a773f18a2f9818a9a,extrasensory-quality-aware-fold2-seed13-credible,0.9,0.9000094330723517,85869,0.4333939992915468,0.608421145559055,0.7361691193265246,895190,mean_normalized_threshold_margin,0.525737843699852
V3-1,P,2,13,natural_missingness,fb82651717076e658cf67e62ccd41ca247d29c994518945706edefcf0b635aa0,9761da86539600348018e9b930306920828785455678988a773f18a2f9818a9a,extrasensory-quality-aware-fold2-seed13-credible,0.95,0.9500047165361758,90639,0.4419688534703563,0.5995060117691583,0.7270072822875224,941526,mean_normalized_threshold_margin,0.4796174036570205
V3-1,P,2,13,natural_missingness,fb82651717076e658cf67e62ccd41ca247d29c994518945706edefcf0b635aa0,9761da86539600348018e9b930306920828785455678988a773f18a2f9818a9a,extrasensory-quality-aware-fold2-seed13-credible,1.0,1.0,95409,0.4508175611087872,0.589155157590851,0.7176132938335165,986204,mean_normalized_threshold_margin,0.2238326933209004
V3-1,P2,2,13,natural_missingness,fb82651717076e658cf67e62ccd41ca247d29c994518945706edefcf0b635aa0,ed6b7ef0b738c337e05453c5f54c76e5d9d73ea1c87e88b38f504078b40100aa,extrasensory-p2-fold2-seed13-v2_seed13,0.05,0.050005764655326,4771,0.4493149514457273,0.4148763949262971,0.9373352764255372,54883,mean_binary_certainty,0.9650076596136586
V3-1,P2,2,13,natural_missingness,fb82651717076e658cf67e62ccd41ca247d29c994518945706edefcf0b635aa0,ed6b7ef0b738c337e05453c5f54c76e5d9d73ea1c87e88b38f504078b40100aa,extrasensory-p2-fold2-seed13-v2_seed13,0.1,0.1000010481191501,9541,0.3592841693063032,0.6433867793335922,0.9401378384971943,109920,mean_binary_certainty,0.930439528622884
V3-1,P2,2,13,natural_missingness,fb82651717076e658cf67e62ccd41ca247d29c994518945706edefcf0b635aa0,ed6b7ef0b738c337e05453c5f54c76e5d9d73ea1c87e88b38f504078b40100aa,extrasensory-p2-fold2-seed13-v2_seed13,0.15,0.1500068127744762,14312,0.3393910310118467,0.5821649636760294,0.9339910295234825,163302,mean_binary_certainty,0.8820981703923805
V3-1,P2,2,13,natural_missingness,fb82651717076e658cf67e62ccd41ca247d29c994518945706edefcf0b635aa0,ed6b7ef0b738c337e05453c5f54c76e5d9d73ea1c87e88b38f504078b40100aa,extrasensory-p2-fold2-seed13-v2_seed13,0.2,0.2000020962383003,19082,0.3114937321553563,0.5384627459294189,0.9274480202567236,217097,mean_binary_certainty,0.8248958690091229
V3-1,P2,2,13,natural_missingness,fb82651717076e658cf67e62ccd41ca247d29c994518945706edefcf0b635aa0,ed6b7ef0b738c337e05453c5f54c76e5d9d73ea1c87e88b38f504078b40100aa,extrasensory-p2-fold2-seed13-v2_seed13,0.25,0.2500078608936263,23853,0.3064043577224379,0.5945549267403584,0.915728129910948,269255,mean_binary_certainty,0.753766485397161
V3-1,P2,2,13,natural_missingness,fb82651717076e658cf67e62ccd41ca247d29c994518945706edefcf0b635aa0,ed6b7ef0b738c337e05453c5f54c76e5d9d73ea1c87e88b38f504078b40100aa,extrasensory-p2-fold2-seed13-v2_seed13,0.3,0.3000031443574505,28623,0.3144694165289896,0.6487073182018477,0.8985953671759488,318598,mean_binary_certainty,0.6858773710380215
V3-1,P2,2,13,natural_missingness,fb82651717076e658cf67e62ccd41ca247d29c994518945706edefcf0b635aa0,ed6b7ef0b738c337e05453c5f54c76e5d9d73ea1c87e88b38f504078b40100aa,extrasensory-p2-fold2-seed13-v2_seed13,0.35,0.3500089090127766,33394,0.3328990910357404,0.656216908447578,0.8748301788700825,367011,mean_binary_certainty,0.634017994889824
V3-1,P2,2,13,natural_missingness,fb82651717076e658cf67e62ccd41ca247d29c994518945706edefcf0b635aa0,ed6b7ef0b738c337e05453c5f54c76e5d9d73ea1c87e88b38f504078b40100aa,extrasensory-p2-fold2-seed13-v2_seed13,0.4,0.4000041924766007,38164,0.3560440075506635,0.655773933890414,0.8499123289105232,415876,mean_binary_certainty,0.593775630503549
V3-1,P2,2,13,natural_missingness,fb82651717076e658cf67e62ccd41ca247d29c994518945706edefcf0b635aa0,ed6b7ef0b738c337e05453c5f54c76e5d9d73ea1c87e88b38f504078b40100aa,extrasensory-p2-fold2-seed13-v2_seed13,0.45,0.4500099571319267,42935,0.37518594717121,0.6494754571476958,0.8265987784834209,464558,mean_binary_certainty,0.5610465389403498
V3-1,P2,2,13,natural_missingness,fb82651717076e658cf67e62ccd41ca247d29c994518945706edefcf0b635aa0,ed6b7ef0b738c337e05453c5f54c76e5d9d73ea1c87e88b38f504078b40100aa,extrasensory-p2-fold2-seed13-v2_seed13,0.5,0.5000052405957509,47705,0.3907096768431638,0.6402856552697721,0.8058675697353177,512748,mean_binary_certainty,0.5336845792628093
V3-1,P2,2,13,natural_missingness,fb82651717076e658cf67e62ccd41ca247d29c994518945706edefcf0b635aa0,ed6b7ef0b738c337e05453c5f54c76e5d9d73ea1c87e88b38f504078b40100aa,extrasensory-p2-fold2-seed13-v2_seed13,0.55,0.5500005240595751,52475,0.4027226365036931,0.6325992770268066,0.7885986987078352,560837,mean_binary_certainty,0.5084073706522834
V3-1,P2,2,13,natural_missingness,fb82651717076e658cf67e62ccd41ca247d29c994518945706edefcf0b635aa0,ed6b7ef0b738c337e05453c5f54c76e5d9d73ea1c87e88b38f504078b40100aa,extrasensory-p2-fold2-seed13-v2_seed13,0.6,0.6000062887149011,57246,0.4123107951173885,0.6255405404259664,0.7741521292393538,608240,mean_binary_certainty,0.4848282432527631
V3-1,P2,2,13,natural_missingness,fb82651717076e658cf67e62ccd41ca247d29c994518945706edefcf0b635aa0,ed6b7ef0b738c337e05453c5f54c76e5d9d73ea1c87e88b38f504078b40100aa,extrasensory-p2-fold2-seed13-v2_seed13,0.65,0.6500015721787252,62016,0.4214773780776954,0.6181739296076897,0.7609316328571111,656091,mean_binary_certainty,0.4610559383047383
V3-1,P2,2,13,natural_missingness,fb82651717076e658cf67e62ccd41ca247d29c994518945706edefcf0b635aa0,ed6b7ef0b738c337e05453c5f54c76e5d9d73ea1c87e88b38f504078b40100aa,extrasensory-p2-fold2-seed13-v2_seed13,0.7,0.7000073368340513,66787,0.4286067742592898,0.6118684868201307,0.7496337862241615,703140,mean_binary_certainty,0.4367150505883403
V3-1,P2,2,13,natural_missingness,fb82651717076e658cf67e62ccd41ca247d29c994518945706edefcf0b635aa0,ed6b7ef0b738c337e05453c5f54c76e5d9d73ea1c87e88b38f504078b40100aa,extrasensory-p2-fold2-seed13-v2_seed13,0.75,0.7500026202978755,71557,0.4349138581020655,0.6061644563553039,0.73969825474328,749984,mean_binary_certainty,0.4119193407361893
V3-1,P2,2,13,natural_missingness,fb82651717076e658cf67e62ccd41ca247d29c994518945706edefcf0b635aa0,ed6b7ef0b738c337e05453c5f54c76e5d9d73ea1c87e88b38f504078b40100aa,extrasensory-p2-fold2-seed13-v2_seed13,0.8,0.8000083849532015,76328,0.44127542665259,0.6003040488234999,0.7305891599640312,796498,mean_binary_certainty,0.3852848197089683
V3-1,P2,2,13,natural_missingness,fb82651717076e658cf67e62ccd41ca247d29c994518945706edefcf0b635aa0,ed6b7ef0b738c337e05453c5f54c76e5d9d73ea1c87e88b38f504078b40100aa,extrasensory-p2-fold2-seed13-v2_seed13,0.85,0.8500036684170257,81098,0.4464841827126038,0.5949007243002423,0.722526886764292,843190,mean_binary_certainty,0.3545275947899952
V3-1,P2,2,13,natural_missingness,fb82651717076e658cf67e62ccd41ca247d29c994518945706edefcf0b635aa0,ed6b7ef0b738c337e05453c5f54c76e5d9d73ea1c87e88b38f504078b40100aa,extrasensory-p2-fold2-seed13-v2_seed13,0.9,0.9000094330723517,85869,0.4519150262394631,0.5899648657448134,0.7147535970644092,890146,mean_binary_certainty,0.3170933525042934
V3-1,P2,2,13,natural_missingness,fb82651717076e658cf67e62ccd41ca247d29c994518945706edefcf0b635aa0,ed6b7ef0b738c337e05453c5f54c76e5d9d73ea1c87e88b38f504078b40100aa,extrasensory-p2-fold2-seed13-v2_seed13,0.95,0.9500047165361758,90639,0.4576214391722451,0.5842788664908449,0.7070951308298404,937883,mean_binary_certainty,0.2650375907472025
V3-1,P2,2,13,natural_missingness,fb82651717076e658cf67e62ccd41ca247d29c994518945706edefcf0b635aa0,ed6b7ef0b738c337e05453c5f54c76e5d9d73ea1c87e88b38f504078b40100aa,extrasensory-p2-fold2-seed13-v2_seed13,1.0,1.0,95409,0.4643390512323676,0.5770586778765388,0.6988816342362144,986204,mean_binary_certainty,0.0387463801804174
V3-1,P2,2,13,natural_missingness,fb82651717076e658cf67e62ccd41ca247d29c994518945706edefcf0b635aa0,ed6b7ef0b738c337e05453c5f54c76e5d9d73ea1c87e88b38f504078b40100aa,extrasensory-p2-fold2-seed13-v2_seed13,0.05,0.050005764655326,4771,0.4533475432484201,0.4154903617242074,0.9383315409433092,54942,mean_normalized_threshold_margin,0.9896628120730772
V3-1,P2,2,13,natural_missingness,fb82651717076e658cf67e62ccd41ca247d29c994518945706edefcf0b635aa0,ed6b7ef0b738c337e05453c5f54c76e5d9d73ea1c87e88b38f504078b40100aa,extrasensory-p2-fold2-seed13-v2_seed13,0.1,0.1000010481191501,9541,0.3590776578471907,0.645111789504927,0.9442571398333912,110437,mean_normalized_threshold_margin,0.9732299425823342
V3-1,P2,2,13,natural_missingness,fb82651717076e658cf67e62ccd41ca247d29c994518945706edefcf0b635aa0,ed6b7ef0b738c337e05453c5f54c76e5d9d73ea1c87e88b38f504078b40100aa,extrasensory-p2-fold2-seed13-v2_seed13,0.15,0.1500068127744762,14312,0.3355741351273592,0.586641505187755,0.9372487254942596,163583,mean_normalized_threshold_margin,0.9477105545731562
V3-1,P2,2,13,natural_missingness,fb82651717076e658cf67e62ccd41ca247d29c994518945706edefcf0b635aa0,ed6b7ef0b738c337e05453c5f54c76e5d9d73ea1c87e88b38f504078b40100aa,extrasensory-p2-fold2-seed13-v2_seed13,0.2,0.2000020962383003,19082,0.3116586335420022,0.5883169947264607,0.9299548197529304,217686,mean_normalized_threshold_margin,0.9148656575540668
V3-1,P2,2,13,natural_missingness,fb82651717076e658cf67e62ccd41ca247d29c994518945706edefcf0b635aa0,ed6b7ef0b738c337e05453c5f54c76e5d9d73ea1c87e88b38f504078b40100aa,extrasensory-p2-fold2-seed13-v2_seed13,0.25,0.2500078608936263,23853,0.3090823498276165,0.6108876258315915,0.9159946935802726,269719,mean_normalized_threshold_margin,0.8690488454568058
V3-1,P2,2,13,natural_missingness,fb82651717076e658cf67e62ccd41ca247d29c994518945706edefcf0b635aa0,ed6b7ef0b738c337e05453c5f54c76e5d9d73ea1c87e88b38f504078b40100aa,extrasensory-p2-fold2-seed13-v2_seed13,0.3,0.3000031443574505,28623,0.3218050271911075,0.6594338160424353,0.8966576132143451,319892,mean_normalized_threshold_margin,0.8243721669395614
V3-1,P2,2,13,natural_missingness,fb82651717076e658cf67e62ccd41ca247d29c994518945706edefcf0b635aa0,ed6b7ef0b738c337e05453c5f54c76e5d9d73ea1c87e88b38f504078b40100aa,extrasensory-p2-fold2-seed13-v2_seed13,0.35,0.3500089090127766,33394,0.3368356435344422,0.6718285578341452,0.8739594914680717,369093,mean_normalized_threshold_margin,0.7887842453404471
V3-1,P2,2,13,natural_missingness,fb82651717076e658cf67e62ccd41ca247d29c994518945706edefcf0b635aa0,ed6b7ef0b738c337e05453c5f54c76e5d9d73ea1c87e88b38f504078b40100aa,extrasensory-p2-fold2-seed13-v2_seed13,0.4,0.4000041924766007,38164,0.3531360966576147,0.6701246146833537,0.8512521440823327,418164,mean_normalized_threshold_margin,0.7603478973077361
V3-1,P2,2,13,natural_missingness,fb82651717076e658cf67e62ccd41ca247d29c994518945706edefcf0b635aa0,ed6b7ef0b738c337e05453c5f54c76e5d9d73ea1c87e88b38f504078b40100aa,extrasensory-p2-fold2-seed13-v2_seed13,0.45,0.4500099571319267,42935,0.3698344803061581,0.6653484014320349,0.8299689171856764,466811,mean_normalized_threshold_margin,0.7363156247782138
V3-1,P2,2,13,natural_missingness,fb82651717076e658cf67e62ccd41ca247d29c994518945706edefcf0b635aa0,ed6b7ef0b738c337e05453c5f54c76e5d9d73ea1c87e88b38f504078b40100aa,extrasensory-p2-fold2-seed13-v2_seed13,0.5,0.5000052405957509,47705,0.3822199749449806,0.660048771851161,0.8125643774201545,515592,mean_normalized_threshold_margin,0.7144671377293931
V3-1,P2,2,13,natural_missingness,fb82651717076e658cf67e62ccd41ca247d29c994518945706edefcf0b635aa0,ed6b7ef0b738c337e05453c5f54c76e5d9d73ea1c87e88b38f504078b40100aa,extrasensory-p2-fold2-seed13-v2_seed13,0.55,0.5500005240595751,52475,0.3934413902611998,0.6532701404217622,0.796898273338064,563090,mean_normalized_threshold_margin,0.6949649552458853
V3-1,P2,2,13,natural_missingness,fb82651717076e658cf67e62ccd41ca247d29c994518945706edefcf0b635aa0,ed6b7ef0b738c337e05453c5f54c76e5d9d73ea1c87e88b38f504078b40100aa,extrasensory-p2-fold2-seed13-v2_seed13,0.6,0.6000062887149011,57246,0.4042503327699165,0.645804241251125,0.7826656053772,610060,mean_normalized_threshold_margin,0.6763260206752247
V3-1,P2,2,13,natural_missingness,fb82651717076e658cf67e62ccd41ca247d29c994518945706edefcf0b635aa0,ed6b7ef0b738c337e05453c5f54c76e5d9d73ea1c87e88b38f504078b40100aa,extrasensory-p2-fold2-seed13-v2_seed13,0.65,0.6500015721787252,62016,0.413235715989211,0.6367266932312999,0.7697959740702832,657485,mean_normalized_threshold_margin,0.657251940512796
V3-1,P2,2,13,natural_missingness,fb82651717076e658cf67e62ccd41ca247d29c994518945706edefcf0b635aa0,ed6b7ef0b738c337e05453c5f54c76e5d9d73ea1c87e88b38f504078b40100aa,extrasensory-p2-fold2-seed13-v2_seed13,0.7,0.7000073368340513,66787,0.4212431367865612,0.6279872026719772,0.7584742422200239,704496,mean_normalized_threshold_margin,0.6383901576768256
V3-1,P2,2,13,natural_missingness,fb82651717076e658cf67e62ccd41ca247d29c994518945706edefcf0b635aa0,ed6b7ef0b738c337e05453c5f54c76e5d9d73ea1c87e88b38f504078b40100aa,extrasensory-p2-fold2-seed13-v2_seed13,0.75,0.7500026202978755,71557,0.428809536169651,0.6197627530539338,0.7480251598680107,751117,mean_normalized_threshold_margin,0.6186645666518023
V3-1,P2,2,13,natural_missingness,fb82651717076e658cf67e62ccd41ca247d29c994518945706edefcf0b635aa0,ed6b7ef0b738c337e05453c5f54c76e5d9d73ea1c87e88b38f504078b40100aa,extrasensory-p2-fold2-seed13-v2_seed13,0.8,0.8000083849532015,76328,0.435999587853569,0.6116379271705396,0.737906508611049,797720,mean_normalized_threshold_margin,0.5970512365406155
V3-1,P2,2,13,natural_missingness,fb82651717076e658cf67e62ccd41ca247d29c994518945706edefcf0b635aa0,ed6b7ef0b738c337e05453c5f54c76e5d9d73ea1c87e88b38f504078b40100aa,extrasensory-p2-fold2-seed13-v2_seed13,0.85,0.8500036684170257,81098,0.4436659248567401,0.6029586894805185,0.7279867286949813,844584,mean_normalized_threshold_margin,0.5724982707093812
V3-1,P2,2,13,natural_missingness,fb82651717076e658cf67e62ccd41ca247d29c994518945706edefcf0b635aa0,ed6b7ef0b738c337e05453c5f54c76e5d9d73ea1c87e88b38f504078b40100aa,extrasensory-p2-fold2-seed13-v2_seed13,0.9,0.9000094330723517,85869,0.450674969483457,0.5952938194475711,0.7183825786722696,891378,mean_normalized_threshold_margin,0.5417441227519924
V3-1,P2,2,13,natural_missingness,fb82651717076e658cf67e62ccd41ca247d29c994518945706edefcf0b635aa0,ed6b7ef0b738c337e05453c5f54c76e5d9d73ea1c87e88b38f504078b40100aa,extrasensory-p2-fold2-seed13-v2_seed13,0.95,0.9500047165361758,90639,0.4571987216137472,0.587145030922014,0.7090679481701899,938597,mean_normalized_threshold_margin,0.4971264135997748
V3-1,P2,2,13,natural_missingness,fb82651717076e658cf67e62ccd41ca247d29c994518945706edefcf0b635aa0,ed6b7ef0b738c337e05453c5f54c76e5d9d73ea1c87e88b38f504078b40100aa,extrasensory-p2-fold2-seed13-v2_seed13,1.0,1.0,95409,0.4643390512323677,0.5770586778765388,0.6988816342362144,986204,mean_normalized_threshold_margin,0.1619044791800929
V3-1,P2,2,13,natural_missingness,fb82651717076e658cf67e62ccd41ca247d29c994518945706edefcf0b635aa0,ed6b7ef0b738c337e05453c5f54c76e5d9d73ea1c87e88b38f504078b40100aa,extrasensory-p2-fold2-seed13-v2_seed13,0.05,0.050005764655326,4771,0.3573811067531097,0.5350364347418228,0.7717786454826983,53859,p2_system_reliability,0.9946728944778442
V3-1,P2,2,13,natural_missingness,fb82651717076e658cf67e62ccd41ca247d29c994518945706edefcf0b635aa0,ed6b7ef0b738c337e05453c5f54c76e5d9d73ea1c87e88b38f504078b40100aa,extrasensory-p2-fold2-seed13-v2_seed13,0.1,0.1000010481191501,9541,0.3664921887234609,0.5758743626862098,0.7619688654171413,107435,p2_system_reliability,0.9930989146232604
V3-1,P2,2,13,natural_missingness,fb82651717076e658cf67e62ccd41ca247d29c994518945706edefcf0b635aa0,ed6b7ef0b738c337e05453c5f54c76e5d9d73ea1c87e88b38f504078b40100aa,extrasensory-p2-fold2-seed13-v2_seed13,0.15,0.1500068127744762,14312,0.376279440587988,0.5849834051588498,0.753427720698137,159813,p2_system_reliability,0.9917594194412231
V3-1,P2,2,13,natural_missingness,fb82651717076e658cf67e62ccd41ca247d29c994518945706edefcf0b635aa0,ed6b7ef0b738c337e05453c5f54c76e5d9d73ea1c87e88b38f504078b40100aa,extrasensory-p2-fold2-seed13-v2_seed13,0.2,0.2000020962383003,19082,0.3856304929089356,0.588801137366561,0.7445850157021086,210982,p2_system_reliability,0.9904801845550536
V3-1,P2,2,13,natural_missingness,fb82651717076e658cf67e62ccd41ca247d29c994518945706edefcf0b635aa0,ed6b7ef0b738c337e05453c5f54c76e5d9d73ea1c87e88b38f504078b40100aa,extrasensory-p2-fold2-seed13-v2_seed13,0.25,0.2500078608936263,23853,0.4077279088419748,0.5862219326234465,0.7335823801762559,261236,p2_system_reliability,0.9892265796661376
V3-1,P2,2,13,natural_missingness,fb82651717076e658cf67e62ccd41ca247d29c994518945706edefcf0b635aa0,ed6b7ef0b738c337e05453c5f54c76e5d9d73ea1c87e88b38f504078b40100aa,extrasensory-p2-fold2-seed13-v2_seed13,0.3,0.3000031443574505,28623,0.4270914372557948,0.5816758849801389,0.7239552607182846,310846,p2_system_reliability,0.9879226684570312
V3-1,P2,2,13,natural_missingness,fb82651717076e658cf67e62ccd41ca247d29c994518945706edefcf0b635aa0,ed6b7ef0b738c337e05453c5f54c76e5d9d73ea1c87e88b38f504078b40100aa,extrasensory-p2-fold2-seed13-v2_seed13,0.35,0.3500089090127766,33394,0.4417284997379662,0.5802131736852983,0.7170333214641421,360356,p2_system_reliability,0.9865403771400452
V3-1,P2,2,13,natural_missingness,fb82651717076e658cf67e62ccd41ca247d29c994518945706edefcf0b635aa0,ed6b7ef0b738c337e05453c5f54c76e5d9d73ea1c87e88b38f504078b40100aa,extrasensory-p2-fold2-seed13-v2_seed13,0.4,0.4000041924766007,38164,0.4501555700549183,0.5798466993198675,0.7104541930365482,409992,p2_system_reliability,0.9850809574127196
V3-1,P2,2,13,natural_missingness,fb82651717076e658cf67e62ccd41ca247d29c994518945706edefcf0b635aa0,ed6b7ef0b738c337e05453c5f54c76e5d9d73ea1c87e88b38f504078b40100aa,extrasensory-p2-fold2-seed13-v2_seed13,0.45,0.4500099571319267,42935,0.4589660894477494,0.5776260222847339,0.7054846493253091,458735,p2_system_reliability,0.9835411310195924
V3-1,P2,2,13,natural_missingness,fb82651717076e658cf67e62ccd41ca247d29c994518945706edefcf0b635aa0,ed6b7ef0b738c337e05453c5f54c76e5d9d73ea1c87e88b38f504078b40100aa,extrasensory-p2-fold2-seed13-v2_seed13,0.5,0.5000052405957509,47705,0.4625413034004307,0.5782386754470519,0.7042722089918453,508781,p2_system_reliability,0.9819767475128174
V3-1,P2,2,13,natural_missingness,fb82651717076e658cf67e62ccd41ca247d29c994518945706edefcf0b635aa0,ed6b7ef0b738c337e05453c5f54c76e5d9d73ea1c87e88b38f504078b40100aa,extrasensory-p2-fold2-seed13-v2_seed13,0.55,0.5500005240595751,52475,0.4662607878980151,0.5785064900982559,0.7025869981380957,557749,p2_system_reliability,0.9801955223083496
V3-1,P2,2,13,natural_missingness,fb82651717076e658cf67e62ccd41ca247d29c994518945706edefcf0b635aa0,ed6b7ef0b738c337e05453c5f54c76e5d9d73ea1c87e88b38f504078b40100aa,extrasensory-p2-fold2-seed13-v2_seed13,0.6,0.6000062887149011,57246,0.469084588965394,0.5779632563589768,0.7012297381218818,606752,p2_system_reliability,0.978248119354248
V3-1,P2,2,13,natural_missingness,fb82651717076e658cf67e62ccd41ca247d29c994518945706edefcf0b635aa0,ed6b7ef0b738c337e05453c5f54c76e5d9d73ea1c87e88b38f504078b40100aa,extrasensory-p2-fold2-seed13-v2_seed13,0.65,0.6500015721787252,62016,0.4691946111932051,0.5777517998770594,0.7013946742761615,655318,p2_system_reliability,0.9761109948158264
V3-1,P2,2,13,natural_missingness,fb82651717076e658cf67e62ccd41ca247d29c994518945706edefcf0b635aa0,ed6b7ef0b738c337e05453c5f54c76e5d9d73ea1c87e88b38f504078b40100aa,extrasensory-p2-fold2-seed13-v2_seed13,0.7,0.7000073368340513,66787,0.4691402413798453,0.5776710509311953,0.7012577325933297,704524,p2_system_reliability,0.9735757112503052
V3-1,P2,2,13,natural_missingness,fb82651717076e658cf67e62ccd41ca247d29c994518945706edefcf0b635aa0,ed6b7ef0b738c337e05453c5f54c76e5d9d73ea1c87e88b38f504078b40100aa,extrasensory-p2-fold2-seed13-v2_seed13,0.75,0.7500026202978755,71557,0.4688349130923401,0.5787265816838937,0.7008428007875391,753558,p2_system_reliability,0.9703919887542723
V3-1,P2,2,13,natural_missingness,fb82651717076e658cf67e62ccd41ca247d29c994518945706edefcf0b635aa0,ed6b7ef0b738c337e05453c5f54c76e5d9d73ea1c87e88b38f504078b40100aa,extrasensory-p2-fold2-seed13-v2_seed13,0.8,0.8000083849532015,76328,0.4691386669599934,0.5789107721628991,0.6994321537069428,801838,p2_system_reliability,0.9661113023757936
V3-1,P2,2,13,natural_missingness,fb82651717076e658cf67e62ccd41ca247d29c994518945706edefcf0b635aa0,ed6b7ef0b738c337e05453c5f54c76e5d9d73ea1c87e88b38f504078b40100aa,extrasensory-p2-fold2-seed13-v2_seed13,0.85,0.8500036684170257,81098,0.4708030477003215,0.5783491273405915,0.6966193695838492,849878,p2_system_reliability,0.9599716663360596
V3-1,P2,2,13,natural_missingness,fb82651717076e658cf67e62ccd41ca247d29c994518945706edefcf0b635aa0,ed6b7ef0b738c337e05453c5f54c76e5d9d73ea1c87e88b38f504078b40100aa,extrasensory-p2-fold2-seed13-v2_seed13,0.9,0.9000094330723517,85869,0.472832380710065,0.5779492890433524,0.6938077756114356,896845,p2_system_reliability,0.9499086141586304
V3-1,P2,2,13,natural_missingness,fb82651717076e658cf67e62ccd41ca247d29c994518945706edefcf0b635aa0,ed6b7ef0b738c337e05453c5f54c76e5d9d73ea1c87e88b38f504078b40100aa,extrasensory-p2-fold2-seed13-v2_seed13,0.95,0.9500047165361758,90639,0.47073639930841,0.5768779548938847,0.6936776964550632,941922,p2_system_reliability,0.9316253662109376
V3-1,P2,2,13,natural_missingness,fb82651717076e658cf67e62ccd41ca247d29c994518945706edefcf0b635aa0,ed6b7ef0b738c337e05453c5f54c76e5d9d73ea1c87e88b38f504078b40100aa,extrasensory-p2-fold2-seed13-v2_seed13,1.0,1.0,95409,0.4643390512323677,0.5770586778765388,0.6988816342362144,986204,p2_system_reliability,0.8082089424133301
V3-1,B4,2,29,natural_missingness,fb82651717076e658cf67e62ccd41ca247d29c994518945706edefcf0b635aa0,170d186f5609959e22957c776111be7e403f897180980c1e410ed73884a11488,extrasensory-gated-fold2-seed29-full,0.05,0.050005764655326,4771,0.3817804446167064,0.6142224043870886,0.9316964434241608,52337,mean_binary_certainty,0.976159432786616
V3-1,B4,2,29,natural_missingness,fb82651717076e658cf67e62ccd41ca247d29c994518945706edefcf0b635aa0,170d186f5609959e22957c776111be7e403f897180980c1e410ed73884a11488,extrasensory-gated-fold2-seed29-full,0.1,0.1000010481191501,9541,0.3509488465917262,0.5317677374437867,0.9360299245546186,107447,mean_binary_certainty,0.9618198919069538
V3-1,B4,2,29,natural_missingness,fb82651717076e658cf67e62ccd41ca247d29c994518945706edefcf0b635aa0,170d186f5609959e22957c776111be7e403f897180980c1e410ed73884a11488,extrasensory-gated-fold2-seed29-full,0.15,0.1500068127744762,14312,0.3310243743524894,0.4323394446467448,0.9298245614035088,163625,mean_binary_certainty,0.942832231769638
V3-1,B4,2,29,natural_missingness,fb82651717076e658cf67e62ccd41ca247d29c994518945706edefcf0b635aa0,170d186f5609959e22957c776111be7e403f897180980c1e410ed73884a11488,extrasensory-gated-fold2-seed29-full,0.2,0.2000020962383003,19082,0.2946326544294852,0.4310586508571038,0.9257868945152982,220477,mean_binary_certainty,0.9225763098740888
V3-1,B4,2,29,natural_missingness,fb82651717076e658cf67e62ccd41ca247d29c994518945706edefcf0b635aa0,170d186f5609959e22957c776111be7e403f897180980c1e410ed73884a11488,extrasensory-gated-fold2-seed29-full,0.25,0.2500078608936263,23853,0.293014413022807,0.3439204162171662,0.9188514833839356,274764,mean_binary_certainty,0.8569393049782454
V3-1,B4,2,29,natural_missingness,fb82651717076e658cf67e62ccd41ca247d29c994518945706edefcf0b635aa0,170d186f5609959e22957c776111be7e403f897180980c1e410ed73884a11488,extrasensory-gated-fold2-seed29-full,0.3,0.3000031443574505,28623,0.3119233795918376,0.5989195953823867,0.9045524173985096,323497,mean_binary_certainty,0.732497779525343
V3-1,B4,2,29,natural_missingness,fb82651717076e658cf67e62ccd41ca247d29c994518945706edefcf0b635aa0,170d186f5609959e22957c776111be7e403f897180980c1e410ed73884a11488,extrasensory-gated-fold2-seed29-full,0.35,0.3500089090127766,33394,0.3268606075156782,0.6745289558359435,0.8858807518512958,371783,mean_binary_certainty,0.6556450091013148
V3-1,B4,2,29,natural_missingness,fb82651717076e658cf67e62ccd41ca247d29c994518945706edefcf0b635aa0,170d186f5609959e22957c776111be7e403f897180980c1e410ed73884a11488,extrasensory-gated-fold2-seed29-full,0.4,0.4000041924766007,38164,0.348354887490452,0.6814859837964844,0.8623140833619554,420219,mean_binary_certainty,0.6096223357040338
V3-1,B4,2,29,natural_missingness,fb82651717076e658cf67e62ccd41ca247d29c994518945706edefcf0b635aa0,170d186f5609959e22957c776111be7e403f897180980c1e410ed73884a11488,extrasensory-gated-fold2-seed29-full,0.45,0.4500099571319267,42935,0.364874727995725,0.6735551567587417,0.8401584686592923,468695,mean_binary_certainty,0.576768015754823
V3-1,B4,2,29,natural_missingness,fb82651717076e658cf67e62ccd41ca247d29c994518945706edefcf0b635aa0,170d186f5609959e22957c776111be7e403f897180980c1e410ed73884a11488,extrasensory-gated-fold2-seed29-full,0.5,0.5000052405957509,47705,0.3762948314289501,0.6621953955454735,0.8211500349316339,516938,mean_binary_certainty,0.5486313559842984
V3-1,B4,2,29,natural_missingness,fb82651717076e658cf67e62ccd41ca247d29c994518945706edefcf0b635aa0,170d186f5609959e22957c776111be7e403f897180980c1e410ed73884a11488,extrasensory-gated-fold2-seed29-full,0.55,0.5500005240595751,52475,0.3873073115701149,0.6496701042270119,0.803144219743563,565707,mean_binary_certainty,0.5232700463578032
V3-1,B4,2,29,natural_missingness,fb82651717076e658cf67e62ccd41ca247d29c994518945706edefcf0b635aa0,170d186f5609959e22957c776111be7e403f897180980c1e410ed73884a11488,extrasensory-gated-fold2-seed29-full,0.6,0.6000062887149011,57246,0.3967813052451256,0.6373869669374163,0.7873982254228251,613874,mean_binary_certainty,0.4990383169381104
V3-1,B4,2,29,natural_missingness,fb82651717076e658cf67e62ccd41ca247d29c994518945706edefcf0b635aa0,170d186f5609959e22957c776111be7e403f897180980c1e410ed73884a11488,extrasensory-gated-fold2-seed29-full,0.65,0.6500015721787252,62016,0.406225160344511,0.6273158826170181,0.7733218660267169,660957,mean_binary_certainty,0.4741716583338787
V3-1,B4,2,29,natural_missingness,fb82651717076e658cf67e62ccd41ca247d29c994518945706edefcf0b635aa0,170d186f5609959e22957c776111be7e403f897180980c1e410ed73884a11488,extrasensory-gated-fold2-seed29-full,0.7,0.7000073368340513,66787,0.4137540491364641,0.6179568822957419,0.7608285084625779,708108,mean_binary_certainty,0.4487415356272848
V3-1,B4,2,29,natural_missingness,fb82651717076e658cf67e62ccd41ca247d29c994518945706edefcf0b635aa0,170d186f5609959e22957c776111be7e403f897180980c1e410ed73884a11488,extrasensory-gated-fold2-seed29-full,0.75,0.7500026202978755,71557,0.4206183088764827,0.6110800160497667,0.7500749944358966,754743,mean_binary_certainty,0.4215166692884122
V3-1,B4,2,29,natural_missingness,fb82651717076e658cf67e62ccd41ca247d29c994518945706edefcf0b635aa0,170d186f5609959e22957c776111be7e403f897180980c1e410ed73884a11488,extrasensory-gated-fold2-seed29-full,0.8,0.8000083849532015,76328,0.4287149993507323,0.6038349183126352,0.7394905603290406,801155,mean_binary_certainty,0.3932347927032238
V3-1,B4,2,29,natural_missingness,fb82651717076e658cf67e62ccd41ca247d29c994518945706edefcf0b635aa0,170d186f5609959e22957c776111be7e403f897180980c1e410ed73884a11488,extrasensory-gated-fold2-seed29-full,0.85,0.8500036684170257,81098,0.4358714703543868,0.5961102456033976,0.729686487970386,848159,mean_binary_certainty,0.3609186083219473
V3-1,B4,2,29,natural_missingness,fb82651717076e658cf67e62ccd41ca247d29c994518945706edefcf0b635aa0,170d186f5609959e22957c776111be7e403f897180980c1e410ed73884a11488,extrasensory-gated-fold2-seed29-full,0.9,0.9000094330723517,85869,0.442837037111151,0.5885300185913687,0.7208891502976341,894703,mean_binary_certainty,0.3211739520511308
V3-1,B4,2,29,natural_missingness,fb82651717076e658cf67e62ccd41ca247d29c994518945706edefcf0b635aa0,170d186f5609959e22957c776111be7e403f897180980c1e410ed73884a11488,extrasensory-gated-fold2-seed29-full,0.95,0.9500047165361758,90639,0.4493103854292232,0.5812315433840968,0.7131046864097769,941126,mean_binary_certainty,0.2667336344688134
V3-1,B4,2,29,natural_missingness,fb82651717076e658cf67e62ccd41ca247d29c994518945706edefcf0b635aa0,170d186f5609959e22957c776111be7e403f897180980c1e410ed73884a11488,extrasensory-gated-fold2-seed29-full,1.0,1.0,95409,0.4568304829148094,0.5721928207356917,0.7046176309545538,986204,mean_binary_certainty,0.0311258658964831
V3-1,B4,2,29,natural_missingness,fb82651717076e658cf67e62ccd41ca247d29c994518945706edefcf0b635aa0,170d186f5609959e22957c776111be7e403f897180980c1e410ed73884a11488,extrasensory-gated-fold2-seed29-full,0.05,0.050005764655326,4771,0.3898798992355277,0.6168421948634919,0.9348301212000796,52226,mean_normalized_threshold_margin,0.993083840348573
V3-1,B4,2,29,natural_missingness,fb82651717076e658cf67e62ccd41ca247d29c994518945706edefcf0b635aa0,170d186f5609959e22957c776111be7e403f897180980c1e410ed73884a11488,extrasensory-gated-fold2-seed29-full,0.1,0.1000010481191501,9541,0.3474736320517795,0.5334491623698473,0.9389708313000772,107598,mean_normalized_threshold_margin,0.987563608845498
V3-1,B4,2,29,natural_missingness,fb82651717076e658cf67e62ccd41ca247d29c994518945706edefcf0b635aa0,170d186f5609959e22957c776111be7e403f897180980c1e410ed73884a11488,extrasensory-gated-fold2-seed29-full,0.15,0.1500068127744762,14312,0.3210570904217679,0.3724970627600991,0.934783285428189,163982,mean_normalized_threshold_margin,0.9772989573341212
V3-1,B4,2,29,natural_missingness,fb82651717076e658cf67e62ccd41ca247d29c994518945706edefcf0b635aa0,170d186f5609959e22957c776111be7e403f897180980c1e410ed73884a11488,extrasensory-gated-fold2-seed29-full,0.2,0.2000020962383003,19082,0.3064669558381111,0.4334586961762742,0.926501318765604,220160,mean_normalized_threshold_margin,0.9589545692907032
V3-1,B4,2,29,natural_missingness,fb82651717076e658cf67e62ccd41ca247d29c994518945706edefcf0b635aa0,170d186f5609959e22957c776111be7e403f897180980c1e410ed73884a11488,extrasensory-gated-fold2-seed29-full,0.25,0.2500078608936263,23853,0.2928787881883689,0.389484681813971,0.9208477481295024,274743,mean_normalized_threshold_margin,0.9317007280413658
V3-1,B4,2,29,natural_missingness,fb82651717076e658cf67e62ccd41ca247d29c994518945706edefcf0b635aa0,170d186f5609959e22957c776111be7e403f897180980c1e410ed73884a11488,extrasensory-gated-fold2-seed29-full,0.3,0.3000031443574505,28623,0.3135958023813404,0.593371549220865,0.9048489351432554,324400,mean_normalized_threshold_margin,0.8585051775400839
V3-1,B4,2,29,natural_missingness,fb82651717076e658cf67e62ccd41ca247d29c994518945706edefcf0b635aa0,170d186f5609959e22957c776111be7e403f897180980c1e410ed73884a11488,extrasensory-gated-fold2-seed29-full,0.35,0.3500089090127766,33394,0.3333306455439809,0.6741647273148046,0.8835380084861039,374178,mean_normalized_threshold_margin,0.8070563875262792
V3-1,B4,2,29,natural_missingness,fb82651717076e658cf67e62ccd41ca247d29c994518945706edefcf0b635aa0,170d186f5609959e22957c776111be7e403f897180980c1e410ed73884a11488,extrasensory-gated-fold2-seed29-full,0.4,0.4000041924766007,38164,0.3483824687462502,0.68920006543134,0.8612175629176254,423705,mean_normalized_threshold_margin,0.7730796367583275
V3-1,B4,2,29,natural_missingness,fb82651717076e658cf67e62ccd41ca247d29c994518945706edefcf0b635aa0,170d186f5609959e22957c776111be7e403f897180980c1e410ed73884a11488,extrasensory-gated-fold2-seed29-full,0.45,0.4500099571319267,42935,0.3618614902312296,0.6847990316046623,0.8401652537825947,472320,mean_normalized_threshold_margin,0.7474437282452853
V3-1,B4,2,29,natural_missingness,fb82651717076e658cf67e62ccd41ca247d29c994518945706edefcf0b635aa0,170d186f5609959e22957c776111be7e403f897180980c1e410ed73884a11488,extrasensory-gated-fold2-seed29-full,0.5,0.5000052405957509,47705,0.3730863684498141,0.6776947435077998,0.8221424158979782,519856,mean_normalized_threshold_margin,0.7250493615575259
V3-1,B4,2,29,natural_missingness,fb82651717076e658cf67e62ccd41ca247d29c994518945706edefcf0b635aa0,170d186f5609959e22957c776111be7e403f897180980c1e410ed73884a11488,extrasensory-gated-fold2-seed29-full,0.55,0.5500005240595751,52475,0.3822856394464816,0.668898192663595,0.8060405128303405,567260,mean_normalized_threshold_margin,0.7054395744384578
V3-1,B4,2,29,natural_missingness,fb82651717076e658cf67e62ccd41ca247d29c994518945706edefcf0b635aa0,170d186f5609959e22957c776111be7e403f897180980c1e410ed73884a11488,extrasensory-gated-fold2-seed29-full,0.6,0.6000062887149011,57246,0.3897171651842409,0.6587293130551298,0.7921111693636272,614802,mean_normalized_threshold_margin,0.6866926328780161
V3-1,B4,2,29,natural_missingness,fb82651717076e658cf67e62ccd41ca247d29c994518945706edefcf0b635aa0,170d186f5609959e22957c776111be7e403f897180980c1e410ed73884a11488,extrasensory-gated-fold2-seed29-full,0.65,0.6500015721787252,62016,0.3981061742294501,0.6487136694438007,0.7793790967685456,661537,mean_normalized_threshold_margin,0.6670312318819066
V3-1,B4,2,29,natural_missingness,fb82651717076e658cf67e62ccd41ca247d29c994518945706edefcf0b635aa0,170d186f5609959e22957c776111be7e403f897180980c1e410ed73884a11488,extrasensory-gated-fold2-seed29-full,0.7,0.7000073368340513,66787,0.4069398455867539,0.6375855787303649,0.7672703123802712,708053,mean_normalized_threshold_margin,0.6464385922264403
V3-1,B4,2,29,natural_missingness,fb82651717076e658cf67e62ccd41ca247d29c994518945706edefcf0b635aa0,170d186f5609959e22957c776111be7e403f897180980c1e410ed73884a11488,extrasensory-gated-fold2-seed29-full,0.75,0.7500026202978755,71557,0.4155418102558075,0.6266810666119825,0.7559243409545078,754461,mean_normalized_threshold_margin,0.6244925824052621
V3-1,B4,2,29,natural_missingness,fb82651717076e658cf67e62ccd41ca247d29c994518945706edefcf0b635aa0,170d186f5609959e22957c776111be7e403f897180980c1e410ed73884a11488,extrasensory-gated-fold2-seed29-full,0.8,0.8000083849532015,76328,0.4244810970598306,0.6164895916905871,0.745492834531336,800716,mean_normalized_threshold_margin,0.6004276685029469
V3-1,B4,2,29,natural_missingness,fb82651717076e658cf67e62ccd41ca247d29c994518945706edefcf0b635aa0,170d186f5609959e22957c776111be7e403f897180980c1e410ed73884a11488,extrasensory-gated-fold2-seed29-full,0.85,0.8500036684170257,81098,0.4326636765760773,0.6064102815442731,0.7355378937196423,847414,mean_normalized_threshold_margin,0.5715441135291284
V3-1,B4,2,29,natural_missingness,fb82651717076e658cf67e62ccd41ca247d29c994518945706edefcf0b635aa0,170d186f5609959e22957c776111be7e403f897180980c1e410ed73884a11488,extrasensory-gated-fold2-seed29-full,0.9,0.9000094330723517,85869,0.4409450322326005,0.5959575195390467,0.7253055071903012,894155,mean_normalized_threshold_margin,0.5360360250801295
V3-1,B4,2,29,natural_missingness,fb82651717076e658cf67e62ccd41ca247d29c994518945706edefcf0b635aa0,170d186f5609959e22957c776111be7e403f897180980c1e410ed73884a11488,extrasensory-gated-fold2-seed29-full,0.95,0.9500047165361758,90639,0.4487147395454325,0.5854170634159284,0.7154623148672865,940861,mean_normalized_threshold_margin,0.4876988177179269
V3-1,B4,2,29,natural_missingness,fb82651717076e658cf67e62ccd41ca247d29c994518945706edefcf0b635aa0,170d186f5609959e22957c776111be7e403f897180980c1e410ed73884a11488,extrasensory-gated-fold2-seed29-full,1.0,1.0,95409,0.4568304829148094,0.5721928207356917,0.7046176309545538,986204,mean_normalized_threshold_margin,0.1916871900410756
V3-1,B5,2,29,natural_missingness,fb82651717076e658cf67e62ccd41ca247d29c994518945706edefcf0b635aa0,0054cd1e6e1eac20936c82a0825affe3e3e172c5101eae88bf6889fb670dbc55,extrasensory-robust-gated-fold2-seed29-full,0.05,0.050005764655326,4771,0.4569832140505508,0.462897195026235,0.927049155193033,52988,mean_binary_certainty,0.9402434248564032
V3-1,B5,2,29,natural_missingness,fb82651717076e658cf67e62ccd41ca247d29c994518945706edefcf0b635aa0,0054cd1e6e1eac20936c82a0825affe3e3e172c5101eae88bf6889fb670dbc55,extrasensory-robust-gated-fold2-seed29-full,0.1,0.1000010481191501,9541,0.3426894001710415,0.4541652520629234,0.9294935145151328,108567,mean_binary_certainty,0.9184474457538316
V3-1,B5,2,29,natural_missingness,fb82651717076e658cf67e62ccd41ca247d29c994518945706edefcf0b635aa0,0054cd1e6e1eac20936c82a0825affe3e3e172c5101eae88bf6889fb670dbc55,extrasensory-robust-gated-fold2-seed29-full,0.15,0.1500068127744762,14312,0.2913550594610877,0.4825667498612574,0.9352479449514824,163622,mean_binary_certainty,0.8881635535543378
V3-1,B5,2,29,natural_missingness,fb82651717076e658cf67e62ccd41ca247d29c994518945706edefcf0b635aa0,0054cd1e6e1eac20936c82a0825affe3e3e172c5101eae88bf6889fb670dbc55,extrasensory-robust-gated-fold2-seed29-full,0.2,0.2000020962383003,19082,0.2647889291014522,0.3741266063068905,0.935072268274894,218622,mean_binary_certainty,0.8349645873512916
V3-1,B5,2,29,natural_missingness,fb82651717076e658cf67e62ccd41ca247d29c994518945706edefcf0b635aa0,0054cd1e6e1eac20936c82a0825affe3e3e172c5101eae88bf6889fb670dbc55,extrasensory-robust-gated-fold2-seed29-full,0.25,0.2500078608936263,23853,0.2631500152136141,0.5347356168719516,0.9267902301610168,271510,mean_binary_certainty,0.7343968119109467
V3-1,B5,2,29,natural_missingness,fb82651717076e658cf67e62ccd41ca247d29c994518945706edefcf0b635aa0,0054cd1e6e1eac20936c82a0825affe3e3e172c5101eae88bf6889fb670dbc55,extrasensory-robust-gated-fold2-seed29-full,0.3,0.3000031443574505,28623,0.2756927454906262,0.6576608531878673,0.9125214786095078,322309,mean_binary_certainty,0.6518333957747967
V3-1,B5,2,29,natural_missingness,fb82651717076e658cf67e62ccd41ca247d29c994518945706edefcf0b635aa0,0054cd1e6e1eac20936c82a0825affe3e3e172c5101eae88bf6889fb670dbc55,extrasensory-robust-gated-fold2-seed29-full,0.35,0.3500089090127766,33394,0.2985848147672508,0.6820820532942041,0.8901302448915925,371725,mean_binary_certainty,0.5905207582689982
V3-1,B5,2,29,natural_missingness,fb82651717076e658cf67e62ccd41ca247d29c994518945706edefcf0b635aa0,0054cd1e6e1eac20936c82a0825affe3e3e172c5101eae88bf6889fb670dbc55,extrasensory-robust-gated-fold2-seed29-full,0.4,0.4000041924766007,38164,0.3242045739670118,0.6776774397850917,0.8650107141295317,420502,mean_binary_certainty,0.5496028192241966
V3-1,B5,2,29,natural_missingness,fb82651717076e658cf67e62ccd41ca247d29c994518945706edefcf0b635aa0,0054cd1e6e1eac20936c82a0825affe3e3e172c5101eae88bf6889fb670dbc55,extrasensory-robust-gated-fold2-seed29-full,0.45,0.4500099571319267,42935,0.3435296199840369,0.6696352733982922,0.8430572894992371,469215,mean_binary_certainty,0.516743892437304
V3-1,B5,2,29,natural_missingness,fb82651717076e658cf67e62ccd41ca247d29c994518945706edefcf0b635aa0,0054cd1e6e1eac20936c82a0825affe3e3e172c5101eae88bf6889fb670dbc55,extrasensory-robust-gated-fold2-seed29-full,0.5,0.5000052405957509,47705,0.3586574623935741,0.6577721316963182,0.8236861927110493,517144,mean_binary_certainty,0.4881240758661144
V3-1,B5,2,29,natural_missingness,fb82651717076e658cf67e62ccd41ca247d29c994518945706edefcf0b635aa0,0054cd1e6e1eac20936c82a0825affe3e3e172c5101eae88bf6889fb670dbc55,extrasensory-robust-gated-fold2-seed29-full,0.55,0.5500005240595751,52475,0.370609800779652,0.6482097771993391,0.8076520351687803,565806,mean_binary_certainty,0.461859305328985
V3-1,B5,2,29,natural_missingness,fb82651717076e658cf67e62ccd41ca247d29c994518945706edefcf0b635aa0,0054cd1e6e1eac20936c82a0825affe3e3e172c5101eae88bf6889fb670dbc55,extrasensory-robust-gated-fold2-seed29-full,0.6,0.6000062887149011,57246,0.3793427348712452,0.6399235435746196,0.7937043282743114,613642,mean_binary_certainty,0.4370585988926529
V3-1,B5,2,29,natural_missingness,fb82651717076e658cf67e62ccd41ca247d29c994518945706edefcf0b635aa0,0054cd1e6e1eac20936c82a0825affe3e3e172c5101eae88bf6889fb670dbc55,extrasensory-robust-gated-fold2-seed29-full,0.65,0.6500015721787252,62016,0.387772580463657,0.6326320703651638,0.7810890685605337,661025,mean_binary_certainty,0.4137221278051524
V3-1,B5,2,29,natural_missingness,fb82651717076e658cf67e62ccd41ca247d29c994518945706edefcf0b635aa0,0054cd1e6e1eac20936c82a0825affe3e3e172c5101eae88bf6889fb670dbc55,extrasensory-robust-gated-fold2-seed29-full,0.7,0.7000073368340513,66787,0.3952106061309444,0.6260448575645163,0.7701433330585962,707671,mean_binary_certainty,0.3909361683394021
V3-1,B5,2,29,natural_missingness,fb82651717076e658cf67e62ccd41ca247d29c994518945706edefcf0b635aa0,0054cd1e6e1eac20936c82a0825affe3e3e172c5101eae88bf6889fb670dbc55,extrasensory-robust-gated-fold2-seed29-full,0.75,0.7500026202978755,71557,0.4023848169420703,0.6196829072354638,0.7604291712949357,753919,mean_binary_certainty,0.3673115813612089
V3-1,B5,2,29,natural_missingness,fb82651717076e658cf67e62ccd41ca247d29c994518945706edefcf0b635aa0,0054cd1e6e1eac20936c82a0825affe3e3e172c5101eae88bf6889fb670dbc55,extrasensory-robust-gated-fold2-seed29-full,0.8,0.8000083849532015,76328,0.4102819157309897,0.6129900227582947,0.7511882634870536,800861,mean_binary_certainty,0.3426263131125016
V3-1,B5,2,29,natural_missingness,fb82651717076e658cf67e62ccd41ca247d29c994518945706edefcf0b635aa0,0054cd1e6e1eac20936c82a0825affe3e3e172c5101eae88bf6889fb670dbc55,extrasensory-robust-gated-fold2-seed29-full,0.85,0.8500036684170257,81098,0.4179330109898637,0.6064745256487927,0.7427822851418444,847699,mean_binary_certainty,0.3148131895115934
V3-1,B5,2,29,natural_missingness,fb82651717076e658cf67e62ccd41ca247d29c994518945706edefcf0b635aa0,0054cd1e6e1eac20936c82a0825affe3e3e172c5101eae88bf6889fb670dbc55,extrasensory-robust-gated-fold2-seed29-full,0.9,0.9000094330723517,85869,0.425190418154482,0.6009005881086366,0.7353962044281671,893938,mean_binary_certainty,0.2809212115776939
V3-1,B5,2,29,natural_missingness,fb82651717076e658cf67e62ccd41ca247d29c994518945706edefcf0b635aa0,0054cd1e6e1eac20936c82a0825affe3e3e172c5101eae88bf6889fb670dbc55,extrasensory-robust-gated-fold2-seed29-full,0.95,0.9500047165361758,90639,0.4327528887034137,0.5948610701688536,0.7284140096894376,940320,mean_binary_certainty,0.2325711283787442
V3-1,B5,2,29,natural_missingness,fb82651717076e658cf67e62ccd41ca247d29c994518945706edefcf0b635aa0,0054cd1e6e1eac20936c82a0825affe3e3e172c5101eae88bf6889fb670dbc55,extrasensory-robust-gated-fold2-seed29-full,1.0,1.0,95409,0.4407126583773211,0.5880182199770563,0.7211452608927924,986204,mean_binary_certainty,0.0312155892189721
V3-1,B5,2,29,natural_missingness,fb82651717076e658cf67e62ccd41ca247d29c994518945706edefcf0b635aa0,0054cd1e6e1eac20936c82a0825affe3e3e172c5101eae88bf6889fb670dbc55,extrasensory-robust-gated-fold2-seed29-full,0.05,0.050005764655326,4771,0.4583712401771909,0.4138765196927409,0.933180349648238,53014,mean_normalized_threshold_margin,0.9814534176031134
V3-1,B5,2,29,natural_missingness,fb82651717076e658cf67e62ccd41ca247d29c994518945706edefcf0b635aa0,0054cd1e6e1eac20936c82a0825affe3e3e172c5101eae88bf6889fb670dbc55,extrasensory-robust-gated-fold2-seed29-full,0.1,0.1000010481191501,9541,0.3551382303201455,0.4776645578193517,0.9373898636945552,108101,mean_normalized_threshold_margin,0.9688918553414058
V3-1,B5,2,29,natural_missingness,fb82651717076e658cf67e62ccd41ca247d29c994518945706edefcf0b635aa0,0054cd1e6e1eac20936c82a0825affe3e3e172c5101eae88bf6889fb670dbc55,extrasensory-robust-gated-fold2-seed29-full,0.15,0.1500068127744762,14312,0.299780946397078,0.4397959609979343,0.9392569414107343,163191,mean_normalized_threshold_margin,0.953330936987586
V3-1,B5,2,29,natural_missingness,fb82651717076e658cf67e62ccd41ca247d29c994518945706edefcf0b635aa0,0054cd1e6e1eac20936c82a0825affe3e3e172c5101eae88bf6889fb670dbc55,extrasensory-robust-gated-fold2-seed29-full,0.2,0.2000020962383003,19082,0.2657505264630685,0.4171885417941723,0.9372302742501818,219125,mean_normalized_threshold_margin,0.9302490164599678
V3-1,B5,2,29,natural_missingness,fb82651717076e658cf67e62ccd41ca247d29c994518945706edefcf0b635aa0,0054cd1e6e1eac20936c82a0825affe3e3e172c5101eae88bf6889fb670dbc55,extrasensory-robust-gated-fold2-seed29-full,0.25,0.2500078608936263,23853,0.2617263929085138,0.4728167205006691,0.9293937409811264,272123,mean_normalized_threshold_margin,0.8762039377576064
V3-1,B5,2,29,natural_missingness,fb82651717076e658cf67e62ccd41ca247d29c994518945706edefcf0b635aa0,0054cd1e6e1eac20936c82a0825affe3e3e172c5101eae88bf6889fb670dbc55,extrasensory-robust-gated-fold2-seed29-full,0.3,0.3000031443574505,28623,0.2797465213151204,0.6588177450515738,0.9121044755815536,323704,mean_normalized_threshold_margin,0.8136301500576287
V3-1,B5,2,29,natural_missingness,fb82651717076e658cf67e62ccd41ca247d29c994518945706edefcf0b635aa0,0054cd1e6e1eac20936c82a0825affe3e3e172c5101eae88bf6889fb670dbc55,extrasensory-robust-gated-fold2-seed29-full,0.35,0.3500089090127766,33394,0.2994476694233965,0.688604356451057,0.8910323403357718,374325,mean_normalized_threshold_margin,0.7717266571818873
V3-1,B5,2,29,natural_missingness,fb82651717076e658cf67e62ccd41ca247d29c994518945706edefcf0b635aa0,0054cd1e6e1eac20936c82a0825affe3e3e172c5101eae88bf6889fb670dbc55,extrasensory-robust-gated-fold2-seed29-full,0.4,0.4000041924766007,38164,0.320088360511314,0.6820684604913391,0.8683256908307143,423438,mean_normalized_threshold_margin,0.7375897969881218
V3-1,B5,2,29,natural_missingness,fb82651717076e658cf67e62ccd41ca247d29c994518945706edefcf0b635aa0,0054cd1e6e1eac20936c82a0825affe3e3e172c5101eae88bf6889fb670dbc55,extrasensory-robust-gated-fold2-seed29-full,0.45,0.4500099571319267,42935,0.3357173830627613,0.677995500783861,0.8493687503165013,470939,mean_normalized_threshold_margin,0.7080597086575262
V3-1,B5,2,29,natural_missingness,fb82651717076e658cf67e62ccd41ca247d29c994518945706edefcf0b635aa0,0054cd1e6e1eac20936c82a0825affe3e3e172c5101eae88bf6889fb670dbc55,extrasensory-robust-gated-fold2-seed29-full,0.5,0.5000052405957509,47705,0.3470247060842822,0.6745542357093618,0.8334804836022386,518201,mean_normalized_threshold_margin,0.684540643095242
V3-1,B5,2,29,natural_missingness,fb82651717076e658cf67e62ccd41ca247d29c994518945706edefcf0b635aa0,0054cd1e6e1eac20936c82a0825affe3e3e172c5101eae88bf6889fb670dbc55,extrasensory-robust-gated-fold2-seed29-full,0.55,0.5500005240595751,52475,0.3574938126579977,0.6679151335831073,0.8189621255835913,564474,mean_normalized_threshold_margin,0.6648586408278457
V3-1,B5,2,29,natural_missingness,fb82651717076e658cf67e62ccd41ca247d29c994518945706edefcf0b635aa0,0054cd1e6e1eac20936c82a0825affe3e3e172c5101eae88bf6889fb670dbc55,extrasensory-robust-gated-fold2-seed29-full,0.6,0.6000062887149011,57246,0.3675274141890824,0.6612994120442984,0.8059477211308911,611819,mean_normalized_threshold_margin,0.6464739462340622
V3-1,B5,2,29,natural_missingness,fb82651717076e658cf67e62ccd41ca247d29c994518945706edefcf0b635aa0,0054cd1e6e1eac20936c82a0825affe3e3e172c5101eae88bf6889fb670dbc55,extrasensory-robust-gated-fold2-seed29-full,0.65,0.6500015721787252,62016,0.3777120766258689,0.6528700059058136,0.7938893950129905,659374,mean_normalized_threshold_margin,0.6287020749479509
V3-1,B5,2,29,natural_missingness,fb82651717076e658cf67e62ccd41ca247d29c994518945706edefcf0b635aa0,0054cd1e6e1eac20936c82a0825affe3e3e172c5101eae88bf6889fb670dbc55,extrasensory-robust-gated-fold2-seed29-full,0.7,0.7000073368340513,66787,0.3877754886441795,0.6432516472035403,0.7818388623605076,707177,mean_normalized_threshold_margin,0.6102116075359818
V3-1,B5,2,29,natural_missingness,fb82651717076e658cf67e62ccd41ca247d29c994518945706edefcf0b635aa0,0054cd1e6e1eac20936c82a0825affe3e3e172c5101eae88bf6889fb670dbc55,extrasensory-robust-gated-fold2-seed29-full,0.75,0.7500026202978755,71557,0.3969603252035975,0.6339526725227383,0.77078861706851,754477,mean_normalized_threshold_margin,0.5906883398180196
V3-1,B5,2,29,natural_missingness,fb82651717076e658cf67e62ccd41ca247d29c994518945706edefcf0b635aa0,0054cd1e6e1eac20936c82a0825affe3e3e172c5101eae88bf6889fb670dbc55,extrasensory-robust-gated-fold2-seed29-full,0.8,0.8000083849532015,76328,0.4059127959368716,0.625506154983597,0.7604637108865034,801343,mean_normalized_threshold_margin,0.569962939863853
V3-1,B5,2,29,natural_missingness,fb82651717076e658cf67e62ccd41ca247d29c994518945706edefcf0b635aa0,0054cd1e6e1eac20936c82a0825affe3e3e172c5101eae88bf6889fb670dbc55,extrasensory-robust-gated-fold2-seed29-full,0.85,0.8500036684170257,81098,0.4145971794707454,0.6170158390826441,0.750857162747794,848440,mean_normalized_threshold_margin,0.5461769878058733
V3-1,B5,2,29,natural_missingness,fb82651717076e658cf67e62ccd41ca247d29c994518945706edefcf0b635aa0,0054cd1e6e1eac20936c82a0825affe3e3e172c5101eae88bf6889fb670dbc55,extrasensory-robust-gated-fold2-seed29-full,0.9,0.9000094330723517,85869,0.4238019212885235,0.608444051550081,0.7411271637610569,894971,mean_normalized_threshold_margin,0.5172166611186276
V3-1,B5,2,29,natural_missingness,fb82651717076e658cf67e62ccd41ca247d29c994518945706edefcf0b635aa0,0054cd1e6e1eac20936c82a0825affe3e3e172c5101eae88bf6889fb670dbc55,extrasensory-robust-gated-fold2-seed29-full,0.95,0.9500047165361758,90639,0.4327753444944457,0.5991898957760355,0.7314001527225735,941136,mean_normalized_threshold_margin,0.4743731854804396
V3-1,B5,2,29,natural_missingness,fb82651717076e658cf67e62ccd41ca247d29c994518945706edefcf0b635aa0,0054cd1e6e1eac20936c82a0825affe3e3e172c5101eae88bf6889fb670dbc55,extrasensory-robust-gated-fold2-seed29-full,1.0,1.0,95409,0.4407126583773211,0.5880182199770563,0.7211452608927924,986204,mean_normalized_threshold_margin,0.2329789333476632
V3-1,P,2,29,natural_missingness,fb82651717076e658cf67e62ccd41ca247d29c994518945706edefcf0b635aa0,9e4ed7580bc2f5ac3b98acfcf1832258feaa1190e0eb052cc0c026d3bed67128,extrasensory-quality-aware-fold2-seed29-full,0.05,0.050005764655326,4771,0.4598260506448153,0.461758649804629,0.9322949303255452,54564,mean_binary_certainty,0.9531133073570168
V3-1,P,2,29,natural_missingness,fb82651717076e658cf67e62ccd41ca247d29c994518945706edefcf0b635aa0,9e4ed7580bc2f5ac3b98acfcf1832258feaa1190e0eb052cc0c026d3bed67128,extrasensory-quality-aware-fold2-seed29-full,0.1,0.1000010481191501,9541,0.3563413078665941,0.3726569891824672,0.934273415466825,111236,mean_binary_certainty,0.9260328545646782
V3-1,P,2,29,natural_missingness,fb82651717076e658cf67e62ccd41ca247d29c994518945706edefcf0b635aa0,9e4ed7580bc2f5ac3b98acfcf1832258feaa1190e0eb052cc0c026d3bed67128,extrasensory-quality-aware-fold2-seed29-full,0.15,0.1500068127744762,14312,0.311273769243806,0.4183483267212787,0.9374143261659146,166876,mean_binary_certainty,0.8934503445259678
V3-1,P,2,29,natural_missingness,fb82651717076e658cf67e62ccd41ca247d29c994518945706edefcf0b635aa0,9e4ed7580bc2f5ac3b98acfcf1832258feaa1190e0eb052cc0c026d3bed67128,extrasensory-quality-aware-fold2-seed29-full,0.2,0.2000020962383003,19082,0.2870215846600056,0.5705891730081308,0.9369032825729569,220926,mean_binary_certainty,0.836776571774411
V3-1,P,2,29,natural_missingness,fb82651717076e658cf67e62ccd41ca247d29c994518945706edefcf0b635aa0,9e4ed7580bc2f5ac3b98acfcf1832258feaa1190e0eb052cc0c026d3bed67128,extrasensory-quality-aware-fold2-seed29-full,0.25,0.2500078608936263,23853,0.2773124103987756,0.594864904639931,0.9307367004051154,273473,mean_binary_certainty,0.7515365803019826
V3-1,P,2,29,natural_missingness,fb82651717076e658cf67e62ccd41ca247d29c994518945706edefcf0b635aa0,9e4ed7580bc2f5ac3b98acfcf1832258feaa1190e0eb052cc0c026d3bed67128,extrasensory-quality-aware-fold2-seed29-full,0.3,0.3000031443574505,28623,0.2829581971601849,0.6492033663455744,0.919646180456725,322864,mean_binary_certainty,0.6539283653813586
V3-1,P,2,29,natural_missingness,fb82651717076e658cf67e62ccd41ca247d29c994518945706edefcf0b635aa0,9e4ed7580bc2f5ac3b98acfcf1832258feaa1190e0eb052cc0c026d3bed67128,extrasensory-quality-aware-fold2-seed29-full,0.35,0.3500089090127766,33394,0.305296023298264,0.691255458076668,0.8966377534739346,371446,mean_binary_certainty,0.585221346524154
V3-1,P,2,29,natural_missingness,fb82651717076e658cf67e62ccd41ca247d29c994518945706edefcf0b635aa0,9e4ed7580bc2f5ac3b98acfcf1832258feaa1190e0eb052cc0c026d3bed67128,extrasensory-quality-aware-fold2-seed29-full,0.4,0.4000041924766007,38164,0.3289413914222788,0.6840427670095699,0.8699332813447708,420182,mean_binary_certainty,0.5436116088650882
V3-1,P,2,29,natural_missingness,fb82651717076e658cf67e62ccd41ca247d29c994518945706edefcf0b635aa0,9e4ed7580bc2f5ac3b98acfcf1832258feaa1190e0eb052cc0c026d3bed67128,extrasensory-quality-aware-fold2-seed29-full,0.45,0.4500099571319267,42935,0.3480005939545506,0.6714679314283677,0.8461025669178946,468410,mean_binary_certainty,0.5130159049835843
V3-1,P,2,29,natural_missingness,fb82651717076e658cf67e62ccd41ca247d29c994518945706edefcf0b635aa0,9e4ed7580bc2f5ac3b98acfcf1832258feaa1190e0eb052cc0c026d3bed67128,extrasensory-quality-aware-fold2-seed29-full,0.5,0.5000052405957509,47705,0.3614891979230503,0.6580639791318907,0.8254982243277812,516686,mean_binary_certainty,0.4852022327831339
V3-1,P,2,29,natural_missingness,fb82651717076e658cf67e62ccd41ca247d29c994518945706edefcf0b635aa0,9e4ed7580bc2f5ac3b98acfcf1832258feaa1190e0eb052cc0c026d3bed67128,extrasensory-quality-aware-fold2-seed29-full,0.55,0.5500005240595751,52475,0.3714848567619811,0.6473339372266753,0.8086324626926714,565107,mean_binary_certainty,0.460133368243199
V3-1,P,2,29,natural_missingness,fb82651717076e658cf67e62ccd41ca247d29c994518945706edefcf0b635aa0,9e4ed7580bc2f5ac3b98acfcf1832258feaa1190e0eb052cc0c026d3bed67128,extrasensory-quality-aware-fold2-seed29-full,0.6,0.6000062887149011,57246,0.380224310362405,0.6373358790404419,0.7931917357515297,613113,mean_binary_certainty,0.4371594776859818
V3-1,P,2,29,natural_missingness,fb82651717076e658cf67e62ccd41ca247d29c994518945706edefcf0b635aa0,9e4ed7580bc2f5ac3b98acfcf1832258feaa1190e0eb052cc0c026d3bed67128,extrasensory-quality-aware-fold2-seed29-full,0.65,0.6500015721787252,62016,0.3888837180904996,0.6298066549709564,0.780544244683735,660373,mean_binary_certainty,0.4145644301040655
V3-1,P,2,29,natural_missingness,fb82651717076e658cf67e62ccd41ca247d29c994518945706edefcf0b635aa0,9e4ed7580bc2f5ac3b98acfcf1832258feaa1190e0eb052cc0c026d3bed67128,extrasensory-quality-aware-fold2-seed29-full,0.7,0.7000073368340513,66787,0.3964295663392319,0.6236313125748253,0.7693889717616492,707740,mean_binary_certainty,0.3908746609100512
V3-1,P,2,29,natural_missingness,fb82651717076e658cf67e62ccd41ca247d29c994518945706edefcf0b635aa0,9e4ed7580bc2f5ac3b98acfcf1832258feaa1190e0eb052cc0c026d3bed67128,extrasensory-quality-aware-fold2-seed29-full,0.75,0.7500026202978755,71557,0.4044823433653895,0.6162800204562728,0.7586304353652327,755167,mean_binary_certainty,0.3659597507642785
V3-1,P,2,29,natural_missingness,fb82651717076e658cf67e62ccd41ca247d29c994518945706edefcf0b635aa0,9e4ed7580bc2f5ac3b98acfcf1832258feaa1190e0eb052cc0c026d3bed67128,extrasensory-quality-aware-fold2-seed29-full,0.8,0.8000083849532015,76328,0.4122090338667416,0.609126206050214,0.748694860426704,802006,mean_binary_certainty,0.3396741927791443
V3-1,P,2,29,natural_missingness,fb82651717076e658cf67e62ccd41ca247d29c994518945706edefcf0b635aa0,9e4ed7580bc2f5ac3b98acfcf1832258feaa1190e0eb052cc0c026d3bed67128,extrasensory-quality-aware-fold2-seed29-full,0.85,0.8500036684170257,81098,0.4201469592609684,0.6028335771906496,0.7400711756038294,848790,mean_binary_certainty,0.3100871912935816
V3-1,P,2,29,natural_missingness,fb82651717076e658cf67e62ccd41ca247d29c994518945706edefcf0b635aa0,9e4ed7580bc2f5ac3b98acfcf1832258feaa1190e0eb052cc0c026d3bed67128,extrasensory-quality-aware-fold2-seed29-full,0.9,0.9000094330723517,85869,0.4278403657117864,0.5969659500804704,0.7326104958605381,894987,mean_binary_certainty,0.2737074769592958
V3-1,P,2,29,natural_missingness,fb82651717076e658cf67e62ccd41ca247d29c994518945706edefcf0b635aa0,9e4ed7580bc2f5ac3b98acfcf1832258feaa1190e0eb052cc0c026d3bed67128,extrasensory-quality-aware-fold2-seed29-full,0.95,0.9500047165361758,90639,0.4353376911657822,0.5909881987332593,0.7257574415478881,941169,mean_binary_certainty,0.2231587160261738
V3-1,P,2,29,natural_missingness,fb82651717076e658cf67e62ccd41ca247d29c994518945706edefcf0b635aa0,9e4ed7580bc2f5ac3b98acfcf1832258feaa1190e0eb052cc0c026d3bed67128,extrasensory-quality-aware-fold2-seed29-full,1.0,1.0,95409,0.4437539172270316,0.5849567650660497,0.7190626539886482,986204,mean_binary_certainty,0.0328173876213079
V3-1,P,2,29,natural_missingness,fb82651717076e658cf67e62ccd41ca247d29c994518945706edefcf0b635aa0,9e4ed7580bc2f5ac3b98acfcf1832258feaa1190e0eb052cc0c026d3bed67128,extrasensory-quality-aware-fold2-seed29-full,0.05,0.050005764655326,4771,0.4550041903357845,0.4648497082283808,0.9369411764705884,54431,mean_normalized_threshold_margin,0.9867463113234332
V3-1,P,2,29,natural_missingness,fb82651717076e658cf67e62ccd41ca247d29c994518945706edefcf0b635aa0,9e4ed7580bc2f5ac3b98acfcf1832258feaa1190e0eb052cc0c026d3bed67128,extrasensory-quality-aware-fold2-seed29-full,0.1,0.1000010481191501,9541,0.3367429656668366,0.3754837739076594,0.941014212917931,111373,mean_normalized_threshold_margin,0.9746468642170176
V3-1,P,2,29,natural_missingness,fb82651717076e658cf67e62ccd41ca247d29c994518945706edefcf0b635aa0,9e4ed7580bc2f5ac3b98acfcf1832258feaa1190e0eb052cc0c026d3bed67128,extrasensory-quality-aware-fold2-seed29-full,0.15,0.1500068127744762,14312,0.3090976919002349,0.4398756174429552,0.941746713728112,166784,mean_normalized_threshold_margin,0.9576730133529746
V3-1,P,2,29,natural_missingness,fb82651717076e658cf67e62ccd41ca247d29c994518945706edefcf0b635aa0,9e4ed7580bc2f5ac3b98acfcf1832258feaa1190e0eb052cc0c026d3bed67128,extrasensory-quality-aware-fold2-seed29-full,0.2,0.2000020962383003,19082,0.287315208057339,0.5693831174970089,0.9395578068314052,221498,mean_normalized_threshold_margin,0.9314948375296036
V3-1,P,2,29,natural_missingness,fb82651717076e658cf67e62ccd41ca247d29c994518945706edefcf0b635aa0,9e4ed7580bc2f5ac3b98acfcf1832258feaa1190e0eb052cc0c026d3bed67128,extrasensory-quality-aware-fold2-seed29-full,0.25,0.2500078608936263,23853,0.2757220036002933,0.5457318092678771,0.9327754287793432,274707,mean_normalized_threshold_margin,0.8818123352334105
V3-1,P,2,29,natural_missingness,fb82651717076e658cf67e62ccd41ca247d29c994518945706edefcf0b635aa0,9e4ed7580bc2f5ac3b98acfcf1832258feaa1190e0eb052cc0c026d3bed67128,extrasensory-quality-aware-fold2-seed29-full,0.3,0.3000031443574505,28623,0.2843540041463102,0.68538684042924,0.9196866187500335,324732,mean_normalized_threshold_margin,0.8160235346388093
V3-1,P,2,29,natural_missingness,fb82651717076e658cf67e62ccd41ca247d29c994518945706edefcf0b635aa0,9e4ed7580bc2f5ac3b98acfcf1832258feaa1190e0eb052cc0c026d3bed67128,extrasensory-quality-aware-fold2-seed29-full,0.35,0.3500089090127766,33394,0.302566104456607,0.7019663492264326,0.8979723144757633,375020,mean_normalized_threshold_margin,0.7674705701276348
V3-1,P,2,29,natural_missingness,fb82651717076e658cf67e62ccd41ca247d29c994518945706edefcf0b635aa0,9e4ed7580bc2f5ac3b98acfcf1832258feaa1190e0eb052cc0c026d3bed67128,extrasensory-quality-aware-fold2-seed29-full,0.4,0.4000041924766007,38164,0.3198307728636907,0.7079529288922531,0.8743192946434984,424251,mean_normalized_threshold_margin,0.7313612729153234
V3-1,P,2,29,natural_missingness,fb82651717076e658cf67e62ccd41ca247d29c994518945706edefcf0b635aa0,9e4ed7580bc2f5ac3b98acfcf1832258feaa1190e0eb052cc0c026d3bed67128,extrasensory-quality-aware-fold2-seed29-full,0.45,0.4500099571319267,42935,0.3342713832629834,0.6971540350594752,0.8531198802381489,472060,mean_normalized_threshold_margin,0.704007091324217
V3-1,P,2,29,natural_missingness,fb82651717076e658cf67e62ccd41ca247d29c994518945706edefcf0b635aa0,9e4ed7580bc2f5ac3b98acfcf1832258feaa1190e0eb052cc0c026d3bed67128,extrasensory-quality-aware-fold2-seed29-full,0.5,0.5000052405957509,47705,0.3470334382142984,0.6839375452243203,0.8334751044187443,520711,mean_normalized_threshold_margin,0.6826605779892441
V3-1,P,2,29,natural_missingness,fb82651717076e658cf67e62ccd41ca247d29c994518945706edefcf0b635aa0,9e4ed7580bc2f5ac3b98acfcf1832258feaa1190e0eb052cc0c026d3bed67128,extrasensory-quality-aware-fold2-seed29-full,0.55,0.5500005240595751,52475,0.3592805171065737,0.6718507091403916,0.8160561954102411,568847,mean_normalized_threshold_margin,0.6633984875808524
V3-1,P,2,29,natural_missingness,fb82651717076e658cf67e62ccd41ca247d29c994518945706edefcf0b635aa0,9e4ed7580bc2f5ac3b98acfcf1832258feaa1190e0eb052cc0c026d3bed67128,extrasensory-quality-aware-fold2-seed29-full,0.6,0.6000062887149011,57246,0.3692718185451412,0.6609476586890435,0.8017953891676618,616227,mean_normalized_threshold_margin,0.6453434924447831
V3-1,P,2,29,natural_missingness,fb82651717076e658cf67e62ccd41ca247d29c994518945706edefcf0b635aa0,9e4ed7580bc2f5ac3b98acfcf1832258feaa1190e0eb052cc0c026d3bed67128,extrasensory-quality-aware-fold2-seed29-full,0.65,0.6500015721787252,62016,0.3796518480151246,0.6495718515656687,0.7888714737829713,662792,mean_normalized_threshold_margin,0.6274242834368522
V3-1,P,2,29,natural_missingness,fb82651717076e658cf67e62ccd41ca247d29c994518945706edefcf0b635aa0,9e4ed7580bc2f5ac3b98acfcf1832258feaa1190e0eb052cc0c026d3bed67128,extrasensory-quality-aware-fold2-seed29-full,0.7,0.7000073368340513,66787,0.3897688181815444,0.639360449238259,0.7769681310095847,709620,mean_normalized_threshold_margin,0.6089444902775114
V3-1,P,2,29,natural_missingness,fb82651717076e658cf67e62ccd41ca247d29c994518945706edefcf0b635aa0,9e4ed7580bc2f5ac3b98acfcf1832258feaa1190e0eb052cc0c026d3bed67128,extrasensory-quality-aware-fold2-seed29-full,0.75,0.7500026202978755,71557,0.3984154524426849,0.6299993843896147,0.7663687875690337,756550,mean_normalized_threshold_margin,0.5893860656715497
V3-1,P,2,29,natural_missingness,fb82651717076e658cf67e62ccd41ca247d29c994518945706edefcf0b635aa0,9e4ed7580bc2f5ac3b98acfcf1832258feaa1190e0eb052cc0c026d3bed67128,extrasensory-quality-aware-fold2-seed29-full,0.8,0.8000083849532015,76328,0.407082137755958,0.6202732762926727,0.7562446826229242,803720,mean_normalized_threshold_margin,0.5677524033444493
V3-1,P,2,29,natural_missingness,fb82651717076e658cf67e62ccd41ca247d29c994518945706edefcf0b635aa0,9e4ed7580bc2f5ac3b98acfcf1832258feaa1190e0eb052cc0c026d3bed67128,extrasensory-quality-aware-fold2-seed29-full,0.85,0.8500036684170257,81098,0.4158802103267861,0.6119712891093366,0.7467202227251958,849892,mean_normalized_threshold_margin,0.5426249135026614
V3-1,P,2,29,natural_missingness,fb82651717076e658cf67e62ccd41ca247d29c994518945706edefcf0b635aa0,9e4ed7580bc2f5ac3b98acfcf1832258feaa1190e0eb052cc0c026d3bed67128,extrasensory-quality-aware-fold2-seed29-full,0.9,0.9000094330723517,85869,0.424975363357973,0.6028918848176271,0.7374893260508805,896030,mean_normalized_threshold_margin,0.5107790117142823
V3-1,P,2,29,natural_missingness,fb82651717076e658cf67e62ccd41ca247d29c994518945706edefcf0b635aa0,9e4ed7580bc2f5ac3b98acfcf1832258feaa1190e0eb052cc0c026d3bed67128,extrasensory-quality-aware-fold2-seed29-full,0.95,0.9500047165361758,90639,0.4341076012878047,0.5945963579733724,0.7285641534214264,941424,mean_normalized_threshold_margin,0.4656885252666993
V3-1,P,2,29,natural_missingness,fb82651717076e658cf67e62ccd41ca247d29c994518945706edefcf0b635aa0,9e4ed7580bc2f5ac3b98acfcf1832258feaa1190e0eb052cc0c026d3bed67128,extrasensory-quality-aware-fold2-seed29-full,1.0,1.0,95409,0.4437539172270316,0.5849567650660497,0.7190626539886482,986204,mean_normalized_threshold_margin,0.2132824354575002
V3-1,P2,2,29,natural_missingness,fb82651717076e658cf67e62ccd41ca247d29c994518945706edefcf0b635aa0,1ed60f7f4fc293cbc82fec8318ae629b0e76ef865078cee76c827c563851dafe,extrasensory-p2-fold2-seed29-v2_multiseed,0.05,0.050005764655326,4771,0.3424336456515869,0.5228801430000296,0.9298234552332914,54705,mean_binary_certainty,0.9511760949706632
V3-1,P2,2,29,natural_missingness,fb82651717076e658cf67e62ccd41ca247d29c994518945706edefcf0b635aa0,1ed60f7f4fc293cbc82fec8318ae629b0e76ef865078cee76c827c563851dafe,extrasensory-p2-fold2-seed29-v2_multiseed,0.1,0.1000010481191501,9541,0.2854458420727419,0.4112131120423774,0.9326879395961588,111097,mean_binary_certainty,0.927711720930533
V3-1,P2,2,29,natural_missingness,fb82651717076e658cf67e62ccd41ca247d29c994518945706edefcf0b635aa0,1ed60f7f4fc293cbc82fec8318ae629b0e76ef865078cee76c827c563851dafe,extrasensory-p2-fold2-seed29-v2_multiseed,0.15,0.1500068127744762,14312,0.2552000274936593,0.4373913388695356,0.9360119507546488,167789,mean_binary_certainty,0.9002892806959417
V3-1,P2,2,29,natural_missingness,fb82651717076e658cf67e62ccd41ca247d29c994518945706edefcf0b635aa0,1ed60f7f4fc293cbc82fec8318ae629b0e76ef865078cee76c827c563851dafe,extrasensory-p2-fold2-seed29-v2_multiseed,0.2,0.2000020962383003,19082,0.2434928760947186,0.381367164711833,0.9332820641597088,222087,mean_binary_certainty,0.852359009622641
V3-1,P2,2,29,natural_missingness,fb82651717076e658cf67e62ccd41ca247d29c994518945706edefcf0b635aa0,1ed60f7f4fc293cbc82fec8318ae629b0e76ef865078cee76c827c563851dafe,extrasensory-p2-fold2-seed29-v2_multiseed,0.25,0.2500078608936263,23853,0.2437539414702471,0.5860913483169011,0.9283649704897112,274383,mean_binary_certainty,0.7565486601898477
V3-1,P2,2,29,natural_missingness,fb82651717076e658cf67e62ccd41ca247d29c994518945706edefcf0b635aa0,1ed60f7f4fc293cbc82fec8318ae629b0e76ef865078cee76c827c563851dafe,extrasensory-p2-fold2-seed29-v2_multiseed,0.3,0.3000031443574505,28623,0.2571933033402852,0.659941438052736,0.914686754111284,324281,mean_binary_certainty,0.6605579667484887
V3-1,P2,2,29,natural_missingness,fb82651717076e658cf67e62ccd41ca247d29c994518945706edefcf0b635aa0,1ed60f7f4fc293cbc82fec8318ae629b0e76ef865078cee76c827c563851dafe,extrasensory-p2-fold2-seed29-v2_multiseed,0.35,0.3500089090127766,33394,0.2791288867292318,0.6824968051942262,0.8896569626581549,373566,mean_binary_certainty,0.5981794655313494
V3-1,P2,2,29,natural_missingness,fb82651717076e658cf67e62ccd41ca247d29c994518945706edefcf0b635aa0,1ed60f7f4fc293cbc82fec8318ae629b0e76ef865078cee76c827c563851dafe,extrasensory-p2-fold2-seed29-v2_multiseed,0.4,0.4000041924766007,38164,0.3057705856792654,0.6728329298736784,0.8612009960441105,422859,mean_binary_certainty,0.5557794028061063
V3-1,P2,2,29,natural_missingness,fb82651717076e658cf67e62ccd41ca247d29c994518945706edefcf0b635aa0,1ed60f7f4fc293cbc82fec8318ae629b0e76ef865078cee76c827c563851dafe,extrasensory-p2-fold2-seed29-v2_multiseed,0.45,0.4500099571319267,42935,0.3305607533899809,0.6611996132192827,0.8352345767658401,471577,mean_binary_certainty,0.5226268990449856
V3-1,P2,2,29,natural_missingness,fb82651717076e658cf67e62ccd41ca247d29c994518945706edefcf0b635aa0,1ed60f7f4fc293cbc82fec8318ae629b0e76ef865078cee76c827c563851dafe,extrasensory-p2-fold2-seed29-v2_multiseed,0.5,0.5000052405957509,47705,0.3488697279122844,0.6505879034567743,0.8139069939038316,519189,mean_binary_certainty,0.4937136348690299
V3-1,P2,2,29,natural_missingness,fb82651717076e658cf67e62ccd41ca247d29c994518945706edefcf0b635aa0,1ed60f7f4fc293cbc82fec8318ae629b0e76ef865078cee76c827c563851dafe,extrasensory-p2-fold2-seed29-v2_multiseed,0.55,0.5500005240595751,52475,0.3631329729793312,0.6400856618079168,0.7954192471531407,566457,mean_binary_certainty,0.4680852751902428
V3-1,P2,2,29,natural_missingness,fb82651717076e658cf67e62ccd41ca247d29c994518945706edefcf0b635aa0,1ed60f7f4fc293cbc82fec8318ae629b0e76ef865078cee76c827c563851dafe,extrasensory-p2-fold2-seed29-v2_multiseed,0.6,0.6000062887149011,57246,0.3734146295607947,0.6326455124039138,0.7804978069393431,613710,mean_binary_certainty,0.4447088274583904
V3-1,P2,2,29,natural_missingness,fb82651717076e658cf67e62ccd41ca247d29c994518945706edefcf0b635aa0,1ed60f7f4fc293cbc82fec8318ae629b0e76ef865078cee76c827c563851dafe,extrasensory-p2-fold2-seed29-v2_multiseed,0.65,0.6500015721787252,62016,0.3826750164435742,0.6262669574691468,0.7681978098211188,660785,mean_binary_certainty,0.4224627113656048
V3-1,P2,2,29,natural_missingness,fb82651717076e658cf67e62ccd41ca247d29c994518945706edefcf0b635aa0,1ed60f7f4fc293cbc82fec8318ae629b0e76ef865078cee76c827c563851dafe,extrasensory-p2-fold2-seed29-v2_multiseed,0.7,0.7000073368340513,66787,0.3916142457914084,0.6201222347952946,0.7571398919118382,707556,mean_binary_certainty,0.3994834160968257
V3-1,P2,2,29,natural_missingness,fb82651717076e658cf67e62ccd41ca247d29c994518945706edefcf0b635aa0,1ed60f7f4fc293cbc82fec8318ae629b0e76ef865078cee76c827c563851dafe,extrasensory-p2-fold2-seed29-v2_multiseed,0.75,0.7500026202978755,71557,0.4001844261457522,0.6148917797556215,0.7472272548624891,753708,mean_binary_certainty,0.3763681148460368
V3-1,P2,2,29,natural_missingness,fb82651717076e658cf67e62ccd41ca247d29c994518945706edefcf0b635aa0,1ed60f7f4fc293cbc82fec8318ae629b0e76ef865078cee76c827c563851dafe,extrasensory-p2-fold2-seed29-v2_multiseed,0.8,0.8000083849532015,76328,0.4092475369068434,0.6087845306546135,0.7378183463887907,799262,mean_binary_certainty,0.3512710021098122
V3-1,P2,2,29,natural_missingness,fb82651717076e658cf67e62ccd41ca247d29c994518945706edefcf0b635aa0,1ed60f7f4fc293cbc82fec8318ae629b0e76ef865078cee76c827c563851dafe,extrasensory-p2-fold2-seed29-v2_multiseed,0.85,0.8500036684170257,81098,0.4176440159421362,0.6028989237706226,0.7290767281955254,845862,mean_binary_certainty,0.3219626617555975
V3-1,P2,2,29,natural_missingness,fb82651717076e658cf67e62ccd41ca247d29c994518945706edefcf0b635aa0,1ed60f7f4fc293cbc82fec8318ae629b0e76ef865078cee76c827c563851dafe,extrasensory-p2-fold2-seed29-v2_multiseed,0.9,0.9000094330723517,85869,0.4256557319921704,0.5964822939540665,0.720634267462231,893163,mean_binary_certainty,0.2857888396374828
V3-1,P2,2,29,natural_missingness,fb82651717076e658cf67e62ccd41ca247d29c994518945706edefcf0b635aa0,1ed60f7f4fc293cbc82fec8318ae629b0e76ef865078cee76c827c563851dafe,extrasensory-p2-fold2-seed29-v2_multiseed,0.95,0.9500047165361758,90639,0.4335695562577993,0.5900215749294636,0.7128933749561187,940332,mean_binary_certainty,0.2328731178018768
V3-1,P2,2,29,natural_missingness,fb82651717076e658cf67e62ccd41ca247d29c994518945706edefcf0b635aa0,1ed60f7f4fc293cbc82fec8318ae629b0e76ef865078cee76c827c563851dafe,extrasensory-p2-fold2-seed29-v2_multiseed,1.0,1.0,95409,0.4423086046441318,0.5825977193345135,0.704627681801785,986204,mean_binary_certainty,0.0315888845492881
V3-1,P2,2,29,natural_missingness,fb82651717076e658cf67e62ccd41ca247d29c994518945706edefcf0b635aa0,1ed60f7f4fc293cbc82fec8318ae629b0e76ef865078cee76c827c563851dafe,extrasensory-p2-fold2-seed29-v2_multiseed,0.05,0.050005764655326,4771,0.3511110983428714,0.5271253537781961,0.932805110251213,54481,mean_normalized_threshold_margin,0.9849934352092548
V3-1,P2,2,29,natural_missingness,fb82651717076e658cf67e62ccd41ca247d29c994518945706edefcf0b635aa0,1ed60f7f4fc293cbc82fec8318ae629b0e76ef865078cee76c827c563851dafe,extrasensory-p2-fold2-seed29-v2_multiseed,0.1,0.1000010481191501,9541,0.2674632216797942,0.3731810589008865,0.9402193247026434,111524,mean_normalized_threshold_margin,0.973210383051414
V3-1,P2,2,29,natural_missingness,fb82651717076e658cf67e62ccd41ca247d29c994518945706edefcf0b635aa0,1ed60f7f4fc293cbc82fec8318ae629b0e76ef865078cee76c827c563851dafe,extrasensory-p2-fold2-seed29-v2_multiseed,0.15,0.1500068127744762,14312,0.2483845545129113,0.4363551694567858,0.9394227330779056,168011,mean_normalized_threshold_margin,0.9570780667107026
V3-1,P2,2,29,natural_missingness,fb82651717076e658cf67e62ccd41ca247d29c994518945706edefcf0b635aa0,1ed60f7f4fc293cbc82fec8318ae629b0e76ef865078cee76c827c563851dafe,extrasensory-p2-fold2-seed29-v2_multiseed,0.2,0.2000020962383003,19082,0.2447897976392405,0.3450396510795425,0.9359528487229862,223233,mean_normalized_threshold_margin,0.9339008901787318
V3-1,P2,2,29,natural_missingness,fb82651717076e658cf67e62ccd41ca247d29c994518945706edefcf0b635aa0,1ed60f7f4fc293cbc82fec8318ae629b0e76ef865078cee76c827c563851dafe,extrasensory-p2-fold2-seed29-v2_multiseed,0.25,0.2500078608936263,23853,0.2440104926309194,0.5391532011494099,0.9295666074824817,275287,mean_normalized_threshold_margin,0.8787057630103529
V3-1,P2,2,29,natural_missingness,fb82651717076e658cf67e62ccd41ca247d29c994518945706edefcf0b635aa0,1ed60f7f4fc293cbc82fec8318ae629b0e76ef865078cee76c827c563851dafe,extrasensory-p2-fold2-seed29-v2_multiseed,0.3,0.3000031443574505,28623,0.2602618071984585,0.6833482700932706,0.9128096585386924,325757,mean_normalized_threshold_margin,0.8065177414584195
V3-1,P2,2,29,natural_missingness,fb82651717076e658cf67e62ccd41ca247d29c994518945706edefcf0b635aa0,1ed60f7f4fc293cbc82fec8318ae629b0e76ef865078cee76c827c563851dafe,extrasensory-p2-fold2-seed29-v2_multiseed,0.35,0.3500089090127766,33394,0.281894606171308,0.6939478187686624,0.8878768755474762,376471,mean_normalized_threshold_margin,0.76467167905793
V3-1,P2,2,29,natural_missingness,fb82651717076e658cf67e62ccd41ca247d29c994518945706edefcf0b635aa0,1ed60f7f4fc293cbc82fec8318ae629b0e76ef865078cee76c827c563851dafe,extrasensory-p2-fold2-seed29-v2_multiseed,0.4,0.4000041924766007,38164,0.3022573202559402,0.6906296982440562,0.8627286913811641,425892,mean_normalized_threshold_margin,0.7319678828998779
V3-1,P2,2,29,natural_missingness,fb82651717076e658cf67e62ccd41ca247d29c994518945706edefcf0b635aa0,1ed60f7f4fc293cbc82fec8318ae629b0e76ef865078cee76c827c563851dafe,extrasensory-p2-fold2-seed29-v2_multiseed,0.45,0.4500099571319267,42935,0.3193762782269138,0.6839272434646879,0.840670662111207,473918,mean_normalized_threshold_margin,0.7061932709573872
V3-1,P2,2,29,natural_missingness,fb82651717076e658cf67e62ccd41ca247d29c994518945706edefcf0b635aa0,1ed60f7f4fc293cbc82fec8318ae629b0e76ef865078cee76c827c563851dafe,extrasensory-p2-fold2-seed29-v2_multiseed,0.5,0.5000052405957509,47705,0.333972225336854,0.6762703048448135,0.8222551512434508,521710,mean_normalized_threshold_margin,0.6852689618052711
V3-1,P2,2,29,natural_missingness,fb82651717076e658cf67e62ccd41ca247d29c994518945706edefcf0b635aa0,1ed60f7f4fc293cbc82fec8318ae629b0e76ef865078cee76c827c563851dafe,extrasensory-p2-fold2-seed29-v2_multiseed,0.55,0.5500005240595751,52475,0.3470040196981913,0.6682425977773402,0.80613766112302,568363,mean_normalized_threshold_margin,0.6664480040638598
V3-1,P2,2,29,natural_missingness,fb82651717076e658cf67e62ccd41ca247d29c994518945706edefcf0b635aa0,1ed60f7f4fc293cbc82fec8318ae629b0e76ef865078cee76c827c563851dafe,extrasensory-p2-fold2-seed29-v2_multiseed,0.6,0.6000062887149011,57246,0.359641359117504,0.6593702660155152,0.791785150078989,614567,mean_normalized_threshold_margin,0.649743228038723
V3-1,P2,2,29,natural_missingness,fb82651717076e658cf67e62ccd41ca247d29c994518945706edefcf0b635aa0,1ed60f7f4fc293cbc82fec8318ae629b0e76ef865078cee76c827c563851dafe,extrasensory-p2-fold2-seed29-v2_multiseed,0.65,0.6500015721787252,62016,0.371230990956476,0.6504877908503447,0.778976125366697,661598,mean_normalized_threshold_margin,0.6334207520716745
V3-1,P2,2,29,natural_missingness,fb82651717076e658cf67e62ccd41ca247d29c994518945706edefcf0b635aa0,1ed60f7f4fc293cbc82fec8318ae629b0e76ef865078cee76c827c563851dafe,extrasensory-p2-fold2-seed29-v2_multiseed,0.7,0.7000073368340513,66787,0.3828763270822632,0.6408323051152184,0.7670159892217642,708158,mean_normalized_threshold_margin,0.6167686821805342
V3-1,P2,2,29,natural_missingness,fb82651717076e658cf67e62ccd41ca247d29c994518945706edefcf0b635aa0,1ed60f7f4fc293cbc82fec8318ae629b0e76ef865078cee76c827c563851dafe,extrasensory-p2-fold2-seed29-v2_multiseed,0.75,0.7500026202978755,71557,0.3944633009374553,0.6313812840145739,0.7555508519420044,754445,mean_normalized_threshold_margin,0.598286188035827
V3-1,P2,2,29,natural_missingness,fb82651717076e658cf67e62ccd41ca247d29c994518945706edefcf0b635aa0,1ed60f7f4fc293cbc82fec8318ae629b0e76ef865078cee76c827c563851dafe,extrasensory-p2-fold2-seed29-v2_multiseed,0.8,0.8000083849532015,76328,0.4048279670297063,0.6219451142194644,0.744769079101515,801380,mean_normalized_threshold_margin,0.5778049428086588
V3-1,P2,2,29,natural_missingness,fb82651717076e658cf67e62ccd41ca247d29c994518945706edefcf0b635aa0,1ed60f7f4fc293cbc82fec8318ae629b0e76ef865078cee76c827c563851dafe,extrasensory-p2-fold2-seed29-v2_multiseed,0.85,0.8500036684170257,81098,0.4150698497436366,0.6131437391668816,0.7347216397622311,847997,mean_normalized_threshold_margin,0.5532507167206747
V3-1,P2,2,29,natural_missingness,fb82651717076e658cf67e62ccd41ca247d29c994518945706edefcf0b635aa0,1ed60f7f4fc293cbc82fec8318ae629b0e76ef865078cee76c827c563851dafe,extrasensory-p2-fold2-seed29-v2_multiseed,0.9,0.9000094330723517,85869,0.4246166506608452,0.6041270469335617,0.7250542374286623,894659,mean_normalized_threshold_margin,0.5219221712402581
V3-1,P2,2,29,natural_missingness,fb82651717076e658cf67e62ccd41ca247d29c994518945706edefcf0b635aa0,1ed60f7f4fc293cbc82fec8318ae629b0e76ef865078cee76c827c563851dafe,extrasensory-p2-fold2-seed29-v2_multiseed,0.95,0.9500047165361758,90639,0.4335837469432008,0.5944065843943225,0.7152839965978111,941149,mean_normalized_threshold_margin,0.4770718249968123
V3-1,P2,2,29,natural_missingness,fb82651717076e658cf67e62ccd41ca247d29c994518945706edefcf0b635aa0,1ed60f7f4fc293cbc82fec8318ae629b0e76ef865078cee76c827c563851dafe,extrasensory-p2-fold2-seed29-v2_multiseed,1.0,1.0,95409,0.4423086046441317,0.5825977193345135,0.704627681801785,986204,mean_normalized_threshold_margin,0.2733313297928327
V3-1,P2,2,29,natural_missingness,fb82651717076e658cf67e62ccd41ca247d29c994518945706edefcf0b635aa0,1ed60f7f4fc293cbc82fec8318ae629b0e76ef865078cee76c827c563851dafe,extrasensory-p2-fold2-seed29-v2_multiseed,0.05,0.050005764655326,4771,0.4148627309785497,0.5478746395052629,0.6945163658847625,52054,p2_system_reliability,0.9935921430587769
V3-1,P2,2,29,natural_missingness,fb82651717076e658cf67e62ccd41ca247d29c994518945706edefcf0b635aa0,1ed60f7f4fc293cbc82fec8318ae629b0e76ef865078cee76c827c563851dafe,extrasensory-p2-fold2-seed29-v2_multiseed,0.1,0.1000010481191501,9541,0.3872180361547387,0.5703071443415696,0.7263550098195768,104754,p2_system_reliability,0.9921760559082032
V3-1,P2,2,29,natural_missingness,fb82651717076e658cf67e62ccd41ca247d29c994518945706edefcf0b635aa0,1ed60f7f4fc293cbc82fec8318ae629b0e76ef865078cee76c827c563851dafe,extrasensory-p2-fold2-seed29-v2_multiseed,0.15,0.1500068127744762,14312,0.3812764451749981,0.5748979258115698,0.735133447791478,156995,p2_system_reliability,0.991055965423584
V3-1,P2,2,29,natural_missingness,fb82651717076e658cf67e62ccd41ca247d29c994518945706edefcf0b635aa0,1ed60f7f4fc293cbc82fec8318ae629b0e76ef865078cee76c827c563851dafe,extrasensory-p2-fold2-seed29-v2_multiseed,0.2,0.2000020962383003,19082,0.3834030083482172,0.5780557668007035,0.7367687524568488,208803,p2_system_reliability,0.990058422088623
V3-1,P2,2,29,natural_missingness,fb82651717076e658cf67e62ccd41ca247d29c994518945706edefcf0b635aa0,1ed60f7f4fc293cbc82fec8318ae629b0e76ef865078cee76c827c563851dafe,extrasensory-p2-fold2-seed29-v2_multiseed,0.25,0.2500078608936263,23853,0.3842026399082206,0.5797185027092204,0.7381471408993758,260564,p2_system_reliability,0.9890518188476562
V3-1,P2,2,29,natural_missingness,fb82651717076e658cf67e62ccd41ca247d29c994518945706edefcf0b635aa0,1ed60f7f4fc293cbc82fec8318ae629b0e76ef865078cee76c827c563851dafe,extrasensory-p2-fold2-seed29-v2_multiseed,0.3,0.3000031443574505,28623,0.3860939657765503,0.5802948204698829,0.7360702078084898,311562,p2_system_reliability,0.9880942702293396
V3-1,P2,2,29,natural_missingness,fb82651717076e658cf67e62ccd41ca247d29c994518945706edefcf0b635aa0,1ed60f7f4fc293cbc82fec8318ae629b0e76ef865078cee76c827c563851dafe,extrasensory-p2-fold2-seed29-v2_multiseed,0.35,0.3500089090127766,33394,0.3889492601880703,0.582104055327341,0.734366605508307,362000,p2_system_reliability,0.9871212244033812
V3-1,P2,2,29,natural_missingness,fb82651717076e658cf67e62ccd41ca247d29c994518945706edefcf0b635aa0,1ed60f7f4fc293cbc82fec8318ae629b0e76ef865078cee76c827c563851dafe,extrasensory-p2-fold2-seed29-v2_multiseed,0.4,0.4000041924766007,38164,0.3929362448780317,0.586082196578793,0.7319930473031695,411602,p2_system_reliability,0.9860919117927552
V3-1,P2,2,29,natural_missingness,fb82651717076e658cf67e62ccd41ca247d29c994518945706edefcf0b635aa0,1ed60f7f4fc293cbc82fec8318ae629b0e76ef865078cee76c827c563851dafe,extrasensory-p2-fold2-seed29-v2_multiseed,0.45,0.4500099571319267,42935,0.398358382705981,0.5882016574297967,0.7292191832619107,460741,p2_system_reliability,0.9849840998649596
V3-1,P2,2,29,natural_missingness,fb82651717076e658cf67e62ccd41ca247d29c994518945706edefcf0b635aa0,1ed60f7f4fc293cbc82fec8318ae629b0e76ef865078cee76c827c563851dafe,extrasensory-p2-fold2-seed29-v2_multiseed,0.5,0.5000052405957509,47705,0.404726619657771,0.588892964404573,0.7265469061876247,509668,p2_system_reliability,0.9837814569473268
V3-1,P2,2,29,natural_missingness,fb82651717076e658cf67e62ccd41ca247d29c994518945706edefcf0b635aa0,1ed60f7f4fc293cbc82fec8318ae629b0e76ef865078cee76c827c563851dafe,extrasensory-p2-fold2-seed29-v2_multiseed,0.55,0.5500005240595751,52475,0.4109504973233288,0.5906836489713824,0.7246255651089061,558097,p2_system_reliability,0.9823579788208008
V3-1,P2,2,29,natural_missingness,fb82651717076e658cf67e62ccd41ca247d29c994518945706edefcf0b635aa0,1ed60f7f4fc293cbc82fec8318ae629b0e76ef865078cee76c827c563851dafe,extrasensory-p2-fold2-seed29-v2_multiseed,0.6,0.6000062887149011,57246,0.4184708876231133,0.5900668290846347,0.7213790662695019,605590,p2_system_reliability,0.9807407855987548
V3-1,P2,2,29,natural_missingness,fb82651717076e658cf67e62ccd41ca247d29c994518945706edefcf0b635aa0,1ed60f7f4fc293cbc82fec8318ae629b0e76ef865078cee76c827c563851dafe,extrasensory-p2-fold2-seed29-v2_multiseed,0.65,0.6500015721787252,62016,0.4244155272504197,0.5882644060827308,0.7183205711497415,652685,p2_system_reliability,0.978807806968689
V3-1,P2,2,29,natural_missingness,fb82651717076e658cf67e62ccd41ca247d29c994518945706edefcf0b635aa0,1ed60f7f4fc293cbc82fec8318ae629b0e76ef865078cee76c827c563851dafe,extrasensory-p2-fold2-seed29-v2_multiseed,0.7,0.7000073368340513,66787,0.4312581804832151,0.5871330357778548,0.7148734008562604,699092,p2_system_reliability,0.9764145612716676
V3-1,P2,2,29,natural_missingness,fb82651717076e658cf67e62ccd41ca247d29c994518945706edefcf0b635aa0,1ed60f7f4fc293cbc82fec8318ae629b0e76ef865078cee76c827c563851dafe,extrasensory-p2-fold2-seed29-v2_multiseed,0.75,0.7500026202978755,71557,0.4368657994774153,0.585526468862423,0.712199125245491,745830,p2_system_reliability,0.97343647480011
V3-1,P2,2,29,natural_missingness,fb82651717076e658cf67e62ccd41ca247d29c994518945706edefcf0b635aa0,1ed60f7f4fc293cbc82fec8318ae629b0e76ef865078cee76c827c563851dafe,extrasensory-p2-fold2-seed29-v2_multiseed,0.8,0.8000083849532015,76328,0.440250973010806,0.5844821426272301,0.7099324855881843,793867,p2_system_reliability,0.9696664810180664
V3-1,P2,2,29,natural_missingness,fb82651717076e658cf67e62ccd41ca247d29c994518945706edefcf0b635aa0,1ed60f7f4fc293cbc82fec8318ae629b0e76ef865078cee76c827c563851dafe,extrasensory-p2-fold2-seed29-v2_multiseed,0.85,0.8500036684170257,81098,0.4414664160436269,0.5842809202076716,0.708694270711395,841668,p2_system_reliability,0.9648813009262084
V3-1,P2,2,29,natural_missingness,fb82651717076e658cf67e62ccd41ca247d29c994518945706edefcf0b635aa0,1ed60f7f4fc293cbc82fec8318ae629b0e76ef865078cee76c827c563851dafe,extrasensory-p2-fold2-seed29-v2_multiseed,0.9,0.9000094330723517,85869,0.442176214725503,0.5851000571500963,0.707670833719415,890509,p2_system_reliability,0.9580270051956176
V3-1,P2,2,29,natural_missingness,fb82651717076e658cf67e62ccd41ca247d29c994518945706edefcf0b635aa0,1ed60f7f4fc293cbc82fec8318ae629b0e76ef865078cee76c827c563851dafe,extrasensory-p2-fold2-seed29-v2_multiseed,0.95,0.9500047165361758,90639,0.4423653006932601,0.5842471218404184,0.7062378459237098,938837,p2_system_reliability,0.9457665681838988
V3-1,P2,2,29,natural_missingness,fb82651717076e658cf67e62ccd41ca247d29c994518945706edefcf0b635aa0,1ed60f7f4fc293cbc82fec8318ae629b0e76ef865078cee76c827c563851dafe,extrasensory-p2-fold2-seed29-v2_multiseed,1.0,1.0,95409,0.4423086046441317,0.5825977193345135,0.704627681801785,986204,p2_system_reliability,0.8140796422958374
V3-1,B4,2,47,natural_missingness,fb82651717076e658cf67e62ccd41ca247d29c994518945706edefcf0b635aa0,a2c66700689a601ff637c15adddb46f43961ef4da8cbd936330274b15d8fa011,extrasensory-gated-fold2-seed47-full,0.05,0.050005764655326,4771,0.4262278438933978,0.5212012389420441,0.9393311097088254,55493,mean_binary_certainty,0.9833618874427236
V3-1,B4,2,47,natural_missingness,fb82651717076e658cf67e62ccd41ca247d29c994518945706edefcf0b635aa0,a2c66700689a601ff637c15adddb46f43961ef4da8cbd936330274b15d8fa011,extrasensory-gated-fold2-seed47-full,0.1,0.1000010481191501,9541,0.3661080355636282,0.5573754561749321,0.9371500059573454,112072,mean_binary_certainty,0.960502884987615
V3-1,B4,2,47,natural_missingness,fb82651717076e658cf67e62ccd41ca247d29c994518945706edefcf0b635aa0,a2c66700689a601ff637c15adddb46f43961ef4da8cbd936330274b15d8fa011,extrasensory-gated-fold2-seed47-full,0.15,0.1500068127744762,14312,0.3452959813954745,0.5755980770519864,0.9332861690838344,168053,mean_binary_certainty,0.9336092437377984
V3-1,B4,2,47,natural_missingness,fb82651717076e658cf67e62ccd41ca247d29c994518945706edefcf0b635aa0,a2c66700689a601ff637c15adddb46f43961ef4da8cbd936330274b15d8fa011,extrasensory-gated-fold2-seed47-full,0.2,0.2000020962383003,19082,0.3373894632608429,0.5323130671974965,0.9273092400617192,222821,mean_binary_certainty,0.8970420291859327
V3-1,B4,2,47,natural_missingness,fb82651717076e658cf67e62ccd41ca247d29c994518945706edefcf0b635aa0,a2c66700689a601ff637c15adddb46f43961ef4da8cbd936330274b15d8fa011,extrasensory-gated-fold2-seed47-full,0.25,0.2500078608936263,23853,0.3560183049523898,0.5705564298557398,0.9146916080095135,273759,mean_binary_certainty,0.8375227890154868
V3-1,B4,2,47,natural_missingness,fb82651717076e658cf67e62ccd41ca247d29c994518945706edefcf0b635aa0,a2c66700689a601ff637c15adddb46f43961ef4da8cbd936330274b15d8fa011,extrasensory-gated-fold2-seed47-full,0.3,0.3000031443574505,28623,0.3734829397945081,0.6311078526793745,0.8940165640639532,322887,mean_binary_certainty,0.7730472021166739
V3-1,B4,2,47,natural_missingness,fb82651717076e658cf67e62ccd41ca247d29c994518945706edefcf0b635aa0,a2c66700689a601ff637c15adddb46f43961ef4da8cbd936330274b15d8fa011,extrasensory-gated-fold2-seed47-full,0.35,0.3500089090127766,33394,0.3911751700959876,0.6640285470417076,0.8705604097030826,370835,mean_binary_certainty,0.721614835331639
V3-1,B4,2,47,natural_missingness,fb82651717076e658cf67e62ccd41ca247d29c994518945706edefcf0b635aa0,a2c66700689a601ff637c15adddb46f43961ef4da8cbd936330274b15d8fa011,extrasensory-gated-fold2-seed47-full,0.4,0.4000041924766007,38164,0.4123193344459611,0.6624012831915883,0.8466551834466315,417387,mean_binary_certainty,0.6865636046153657
V3-1,B4,2,47,natural_missingness,fb82651717076e658cf67e62ccd41ca247d29c994518945706edefcf0b635aa0,a2c66700689a601ff637c15adddb46f43961ef4da8cbd936330274b15d8fa011,extrasensory-gated-fold2-seed47-full,0.45,0.4500099571319267,42935,0.4284824242012552,0.6540187656608177,0.8246727457584038,464523,mean_binary_certainty,0.657867534641666
V3-1,B4,2,47,natural_missingness,fb82651717076e658cf67e62ccd41ca247d29c994518945706edefcf0b635aa0,a2c66700689a601ff637c15adddb46f43961ef4da8cbd936330274b15d8fa011,extrasensory-gated-fold2-seed47-full,0.5,0.5000052405957509,47705,0.4436388941129213,0.6450820964412947,0.8049531784588257,511257,mean_binary_certainty,0.6326601158536069
V3-1,B4,2,47,natural_missingness,fb82651717076e658cf67e62ccd41ca247d29c994518945706edefcf0b635aa0,a2c66700689a601ff637c15adddb46f43961ef4da8cbd936330274b15d8fa011,extrasensory-gated-fold2-seed47-full,0.55,0.5500005240595751,52475,0.4545581841484818,0.6364560316191379,0.7875724661824481,558719,mean_binary_certainty,0.6084497462779825
V3-1,B4,2,47,natural_missingness,fb82651717076e658cf67e62ccd41ca247d29c994518945706edefcf0b635aa0,a2c66700689a601ff637c15adddb46f43961ef4da8cbd936330274b15d8fa011,extrasensory-gated-fold2-seed47-full,0.6,0.6000062887149011,57246,0.4623233498155212,0.6278550981532782,0.7719803286553917,606649,mean_binary_certainty,0.5836306396278366
V3-1,B4,2,47,natural_missingness,fb82651717076e658cf67e62ccd41ca247d29c994518945706edefcf0b635aa0,a2c66700689a601ff637c15adddb46f43961ef4da8cbd936330274b15d8fa011,extrasensory-gated-fold2-seed47-full,0.65,0.6500015721787252,62016,0.4686269204938039,0.6188937756113102,0.7581262032085562,654344,mean_binary_certainty,0.5579870946459013
V3-1,B4,2,47,natural_missingness,fb82651717076e658cf67e62ccd41ca247d29c994518945706edefcf0b635aa0,a2c66700689a601ff637c15adddb46f43961ef4da8cbd936330274b15d8fa011,extrasensory-gated-fold2-seed47-full,0.7,0.7000073368340513,66787,0.4746511120753361,0.6115601631901415,0.7460690883474886,701713,mean_binary_certainty,0.5317518307361548
V3-1,B4,2,47,natural_missingness,fb82651717076e658cf67e62ccd41ca247d29c994518945706edefcf0b635aa0,a2c66700689a601ff637c15adddb46f43961ef4da8cbd936330274b15d8fa011,extrasensory-gated-fold2-seed47-full,0.75,0.7500026202978755,71557,0.4806440344023772,0.6032222415914251,0.7350330941543599,749478,mean_binary_certainty,0.504756910405584
V3-1,B4,2,47,natural_missingness,fb82651717076e658cf67e62ccd41ca247d29c994518945706edefcf0b635aa0,a2c66700689a601ff637c15adddb46f43961ef4da8cbd936330274b15d8fa011,extrasensory-gated-fold2-seed47-full,0.8,0.8000083849532015,76328,0.4858486724188028,0.5951650860467816,0.7249229879509081,796927,mean_binary_certainty,0.4749826347483773
V3-1,B4,2,47,natural_missingness,fb82651717076e658cf67e62ccd41ca247d29c994518945706edefcf0b635aa0,a2c66700689a601ff637c15adddb46f43961ef4da8cbd936330274b15d8fa011,extrasensory-gated-fold2-seed47-full,0.85,0.8500036684170257,81098,0.4901734797646048,0.588625261796989,0.716328238055816,843951,mean_binary_certainty,0.4396838378145388
V3-1,B4,2,47,natural_missingness,fb82651717076e658cf67e62ccd41ca247d29c994518945706edefcf0b635aa0,a2c66700689a601ff637c15adddb46f43961ef4da8cbd936330274b15d8fa011,extrasensory-gated-fold2-seed47-full,0.9,0.9000094330723517,85869,0.4943073542119467,0.5820746998653615,0.7081836658509271,891062,mean_binary_certainty,0.3952177365360776
V3-1,B4,2,47,natural_missingness,fb82651717076e658cf67e62ccd41ca247d29c994518945706edefcf0b635aa0,a2c66700689a601ff637c15adddb46f43961ef4da8cbd936330274b15d8fa011,extrasensory-gated-fold2-seed47-full,0.95,0.9500047165361758,90639,0.4983023891316338,0.5751289222774856,0.7004766601242728,939078,mean_binary_certainty,0.3316528161372625
V3-1,B4,2,47,natural_missingness,fb82651717076e658cf67e62ccd41ca247d29c994518945706edefcf0b635aa0,a2c66700689a601ff637c15adddb46f43961ef4da8cbd936330274b15d8fa011,extrasensory-gated-fold2-seed47-full,1.0,1.0,95409,0.5038005531596704,0.5669339374493674,0.692657504775682,986204,mean_binary_certainty,0.0522817597940973
V3-1,B4,2,47,natural_missingness,fb82651717076e658cf67e62ccd41ca247d29c994518945706edefcf0b635aa0,a2c66700689a601ff637c15adddb46f43961ef4da8cbd936330274b15d8fa011,extrasensory-gated-fold2-seed47-full,0.05,0.050005764655326,4771,0.4349092145129444,0.4149801339921096,0.9388131658829832,55414,mean_normalized_threshold_margin,0.995889740908112
V3-1,B4,2,47,natural_missingness,fb82651717076e658cf67e62ccd41ca247d29c994518945706edefcf0b635aa0,a2c66700689a601ff637c15adddb46f43961ef4da8cbd936330274b15d8fa011,extrasensory-gated-fold2-seed47-full,0.1,0.1000010481191501,9541,0.3623127962973522,0.5556528826180719,0.9383261872616946,112293,mean_normalized_threshold_margin,0.9880720054882364
V3-1,B4,2,47,natural_missingness,fb82651717076e658cf67e62ccd41ca247d29c994518945706edefcf0b635aa0,a2c66700689a601ff637c15adddb46f43961ef4da8cbd936330274b15d8fa011,extrasensory-gated-fold2-seed47-full,0.15,0.1500068127744762,14312,0.3432840836419234,0.5721217257651289,0.9355697818156236,168186,mean_normalized_threshold_margin,0.973229656596853
V3-1,B4,2,47,natural_missingness,fb82651717076e658cf67e62ccd41ca247d29c994518945706edefcf0b635aa0,a2c66700689a601ff637c15adddb46f43961ef4da8cbd936330274b15d8fa011,extrasensory-gated-fold2-seed47-full,0.2,0.2000020962383003,19082,0.333813838964074,0.5383296935529024,0.9302598013148058,222655,mean_normalized_threshold_margin,0.950647331953233
V3-1,B4,2,47,natural_missingness,fb82651717076e658cf67e62ccd41ca247d29c994518945706edefcf0b635aa0,a2c66700689a601ff637c15adddb46f43961ef4da8cbd936330274b15d8fa011,extrasensory-gated-fold2-seed47-full,0.25,0.2500078608936263,23853,0.3548277748698873,0.5899140182222385,0.9152905335211377,274452,mean_normalized_threshold_margin,0.9193863967377864
V3-1,B4,2,47,natural_missingness,fb82651717076e658cf67e62ccd41ca247d29c994518945706edefcf0b635aa0,a2c66700689a601ff637c15adddb46f43961ef4da8cbd936330274b15d8fa011,extrasensory-gated-fold2-seed47-full,0.3,0.3000031443574505,28623,0.3796395707660301,0.6456690622619968,0.8925338313334831,323953,mean_normalized_threshold_margin,0.8778997394249842
V3-1,B4,2,47,natural_missingness,fb82651717076e658cf67e62ccd41ca247d29c994518945706edefcf0b635aa0,a2c66700689a601ff637c15adddb46f43961ef4da8cbd936330274b15d8fa011,extrasensory-gated-fold2-seed47-full,0.35,0.3500089090127766,33394,0.3948048758040693,0.6705598845669996,0.8700459672435105,371968,mean_normalized_threshold_margin,0.8449556885063868
V3-1,B4,2,47,natural_missingness,fb82651717076e658cf67e62ccd41ca247d29c994518945706edefcf0b635aa0,a2c66700689a601ff637c15adddb46f43961ef4da8cbd936330274b15d8fa011,extrasensory-gated-fold2-seed47-full,0.4,0.4000041924766007,38164,0.4088321446056253,0.6735725475650661,0.848380746349378,418481,mean_normalized_threshold_margin,0.8196263270183671
V3-1,B4,2,47,natural_missingness,fb82651717076e658cf67e62ccd41ca247d29c994518945706edefcf0b635aa0,a2c66700689a601ff637c15adddb46f43961ef4da8cbd936330274b15d8fa011,extrasensory-gated-fold2-seed47-full,0.45,0.4500099571319267,42935,0.4215010411462412,0.6676440063217193,0.8282640020047614,464935,mean_normalized_threshold_margin,0.7976882237767778
V3-1,B4,2,47,natural_missingness,fb82651717076e658cf67e62ccd41ca247d29c994518945706edefcf0b635aa0,a2c66700689a601ff637c15adddb46f43961ef4da8cbd936330274b15d8fa011,extrasensory-gated-fold2-seed47-full,0.5,0.5000052405957509,47705,0.4309017678618114,0.6597689150956096,0.8103055696329025,511868,mean_normalized_threshold_margin,0.7773947785659111
V3-1,B4,2,47,natural_missingness,fb82651717076e658cf67e62ccd41ca247d29c994518945706edefcf0b635aa0,a2c66700689a601ff637c15adddb46f43961ef4da8cbd936330274b15d8fa011,extrasensory-gated-fold2-seed47-full,0.55,0.5500005240595751,52475,0.4394573135135575,0.6526718813658631,0.7945884370887808,559137,mean_normalized_threshold_margin,0.7569699397933525
V3-1,B4,2,47,natural_missingness,fb82651717076e658cf67e62ccd41ca247d29c994518945706edefcf0b635aa0,a2c66700689a601ff637c15adddb46f43961ef4da8cbd936330274b15d8fa011,extrasensory-gated-fold2-seed47-full,0.6,0.6000062887149011,57246,0.448059601726972,0.6435967735571507,0.7797440043522282,606320,mean_normalized_threshold_margin,0.7371489311118867
V3-1,B4,2,47,natural_missingness,fb82651717076e658cf67e62ccd41ca247d29c994518945706edefcf0b635aa0,a2c66700689a601ff637c15adddb46f43961ef4da8cbd936330274b15d8fa011,extrasensory-gated-fold2-seed47-full,0.65,0.6500015721787252,62016,0.4558543836510711,0.6353972500156865,0.7665095398428732,653623,mean_normalized_threshold_margin,0.7163184276345783
V3-1,B4,2,47,natural_missingness,fb82651717076e658cf67e62ccd41ca247d29c994518945706edefcf0b635aa0,a2c66700689a601ff637c15adddb46f43961ef4da8cbd936330274b15d8fa011,extrasensory-gated-fold2-seed47-full,0.7,0.7000073368340513,66787,0.4633509497215483,0.6257374970820284,0.7538423303815516,701429,mean_normalized_threshold_margin,0.6949594845522746
V3-1,B4,2,47,natural_missingness,fb82651717076e658cf67e62ccd41ca247d29c994518945706edefcf0b635aa0,a2c66700689a601ff637c15adddb46f43961ef4da8cbd936330274b15d8fa011,extrasensory-gated-fold2-seed47-full,0.75,0.7500026202978755,71557,0.470938174642022,0.6155012078310779,0.742236176966182,749292,mean_normalized_threshold_margin,0.6722631059849632
V3-1,B4,2,47,natural_missingness,fb82651717076e658cf67e62ccd41ca247d29c994518945706edefcf0b635aa0,a2c66700689a601ff637c15adddb46f43961ef4da8cbd936330274b15d8fa011,extrasensory-gated-fold2-seed47-full,0.8,0.8000083849532015,76328,0.4784446511478379,0.6057498808901908,0.731293911681371,796973,mean_normalized_threshold_margin,0.6472187213635006
V3-1,B4,2,47,natural_missingness,fb82651717076e658cf67e62ccd41ca247d29c994518945706edefcf0b635aa0,a2c66700689a601ff637c15adddb46f43961ef4da8cbd936330274b15d8fa011,extrasensory-gated-fold2-seed47-full,0.85,0.8500036684170257,81098,0.4854626619181283,0.5961651051426033,0.7211673187251948,844498,mean_normalized_threshold_margin,0.6192305992531387
V3-1,B4,2,47,natural_missingness,fb82651717076e658cf67e62ccd41ca247d29c994518945706edefcf0b635aa0,a2c66700689a601ff637c15adddb46f43961ef4da8cbd936330274b15d8fa011,extrasensory-gated-fold2-seed47-full,0.9,0.9000094330723517,85869,0.4922242537571171,0.5872294635814372,0.711521229808048,892143,mean_normalized_threshold_margin,0.5828393936972496
V3-1,B4,2,47,natural_missingness,fb82651717076e658cf67e62ccd41ca247d29c994518945706edefcf0b635aa0,a2c66700689a601ff637c15adddb46f43961ef4da8cbd936330274b15d8fa011,extrasensory-gated-fold2-seed47-full,0.95,0.9500047165361758,90639,0.4977404671558243,0.5779085415146356,0.7022325390865024,939247,mean_normalized_threshold_margin,0.5284020812839645
V3-1,B4,2,47,natural_missingness,fb82651717076e658cf67e62ccd41ca247d29c994518945706edefcf0b635aa0,a2c66700689a601ff637c15adddb46f43961ef4da8cbd936330274b15d8fa011,extrasensory-gated-fold2-seed47-full,1.0,1.0,95409,0.5038005531596704,0.5669339374493674,0.692657504775682,986204,mean_normalized_threshold_margin,0.2278667773017595
V3-1,B5,2,47,natural_missingness,fb82651717076e658cf67e62ccd41ca247d29c994518945706edefcf0b635aa0,0b95319a51172ffa829c0819b5086462ce8c85f85ce5cdce8ef416dcc6210a2b,extrasensory-robust-gated-fold2-seed47-full,0.05,0.050005764655326,4771,0.4225844523267194,0.461200863676905,0.9266016122189225,54293,mean_binary_certainty,0.9695082539225336
V3-1,B5,2,47,natural_missingness,fb82651717076e658cf67e62ccd41ca247d29c994518945706edefcf0b635aa0,0b95319a51172ffa829c0819b5086462ce8c85f85ce5cdce8ef416dcc6210a2b,extrasensory-robust-gated-fold2-seed47-full,0.1,0.1000010481191501,9541,0.3253203492760087,0.4162857002804785,0.9372803296570112,110002,mean_binary_certainty,0.9487349839121076
V3-1,B5,2,47,natural_missingness,fb82651717076e658cf67e62ccd41ca247d29c994518945706edefcf0b635aa0,0b95319a51172ffa829c0819b5086462ce8c85f85ce5cdce8ef416dcc6210a2b,extrasensory-robust-gated-fold2-seed47-full,0.15,0.1500068127744762,14312,0.2835607477247465,0.5209001102916193,0.9388260326943144,166445,mean_binary_certainty,0.9239343942067152
V3-1,B5,2,47,natural_missingness,fb82651717076e658cf67e62ccd41ca247d29c994518945706edefcf0b635aa0,0b95319a51172ffa829c0819b5086462ce8c85f85ce5cdce8ef416dcc6210a2b,extrasensory-robust-gated-fold2-seed47-full,0.2,0.2000020962383003,19082,0.2704088841038756,0.5604637976430521,0.9353208258374024,221212,mean_binary_certainty,0.8828380989586262
V3-1,B5,2,47,natural_missingness,fb82651717076e658cf67e62ccd41ca247d29c994518945706edefcf0b635aa0,0b95319a51172ffa829c0819b5086462ce8c85f85ce5cdce8ef416dcc6210a2b,extrasensory-robust-gated-fold2-seed47-full,0.25,0.2500078608936263,23853,0.2722711008227811,0.5620467150098949,0.9279463597136977,273936,mean_binary_certainty,0.8083178209242733
V3-1,B5,2,47,natural_missingness,fb82651717076e658cf67e62ccd41ca247d29c994518945706edefcf0b635aa0,0b95319a51172ffa829c0819b5086462ce8c85f85ce5cdce8ef416dcc6210a2b,extrasensory-robust-gated-fold2-seed47-full,0.3,0.3000031443574505,28623,0.2883179916917927,0.6132054493602763,0.914326474622771,322598,mean_binary_certainty,0.6976730011600611
V3-1,B5,2,47,natural_missingness,fb82651717076e658cf67e62ccd41ca247d29c994518945706edefcf0b635aa0,0b95319a51172ffa829c0819b5086462ce8c85f85ce5cdce8ef416dcc6210a2b,extrasensory-robust-gated-fold2-seed47-full,0.35,0.3500089090127766,33394,0.3156780913437697,0.6552586599548998,0.8886091942851589,371016,mean_binary_certainty,0.6221144047783737
V3-1,B5,2,47,natural_missingness,fb82651717076e658cf67e62ccd41ca247d29c994518945706edefcf0b635aa0,0b95319a51172ffa829c0819b5086462ce8c85f85ce5cdce8ef416dcc6210a2b,extrasensory-robust-gated-fold2-seed47-full,0.4,0.4000041924766007,38164,0.3397500630816613,0.6649944572105285,0.8628000104692858,420794,mean_binary_certainty,0.5755059823037421
V3-1,B5,2,47,natural_missingness,fb82651717076e658cf67e62ccd41ca247d29c994518945706edefcf0b635aa0,0b95319a51172ffa829c0819b5086462ce8c85f85ce5cdce8ef416dcc6210a2b,extrasensory-robust-gated-fold2-seed47-full,0.45,0.4500099571319267,42935,0.3561754527572218,0.6647950720527364,0.8415612514015888,469720,mean_binary_certainty,0.5398520552079685
V3-1,B5,2,47,natural_missingness,fb82651717076e658cf67e62ccd41ca247d29c994518945706edefcf0b635aa0,0b95319a51172ffa829c0819b5086462ce8c85f85ce5cdce8ef416dcc6210a2b,extrasensory-robust-gated-fold2-seed47-full,0.5,0.5000052405957509,47705,0.3695284836122702,0.6572502394486104,0.8227545557778619,518053,mean_binary_certainty,0.5116407875789266
V3-1,B5,2,47,natural_missingness,fb82651717076e658cf67e62ccd41ca247d29c994518945706edefcf0b635aa0,0b95319a51172ffa829c0819b5086462ce8c85f85ce5cdce8ef416dcc6210a2b,extrasensory-robust-gated-fold2-seed47-full,0.55,0.5500005240595751,52475,0.3812418101997722,0.6489816575115691,0.8064354779405676,565705,mean_binary_certainty,0.4860021653930345
V3-1,B5,2,47,natural_missingness,fb82651717076e658cf67e62ccd41ca247d29c994518945706edefcf0b635aa0,0b95319a51172ffa829c0819b5086462ce8c85f85ce5cdce8ef416dcc6210a2b,extrasensory-robust-gated-fold2-seed47-full,0.6,0.6000062887149011,57246,0.3922359156390452,0.64080102865411,0.7922464783132603,613088,mean_binary_certainty,0.4608940632643137
V3-1,B5,2,47,natural_missingness,fb82651717076e658cf67e62ccd41ca247d29c994518945706edefcf0b635aa0,0b95319a51172ffa829c0819b5086462ce8c85f85ce5cdce8ef416dcc6210a2b,extrasensory-robust-gated-fold2-seed47-full,0.65,0.6500015721787252,62016,0.4009028429168984,0.6342841998453684,0.780600711129287,659997,mean_binary_certainty,0.4354083641955317
V3-1,B5,2,47,natural_missingness,fb82651717076e658cf67e62ccd41ca247d29c994518945706edefcf0b635aa0,0b95319a51172ffa829c0819b5086462ce8c85f85ce5cdce8ef416dcc6210a2b,extrasensory-robust-gated-fold2-seed47-full,0.7,0.7000073368340513,66787,0.40869048133885,0.6274654274360041,0.7700899074926448,706269,mean_binary_certainty,0.4101186596331367
V3-1,B5,2,47,natural_missingness,fb82651717076e658cf67e62ccd41ca247d29c994518945706edefcf0b635aa0,0b95319a51172ffa829c0819b5086462ce8c85f85ce5cdce8ef416dcc6210a2b,extrasensory-robust-gated-fold2-seed47-full,0.75,0.7500026202978755,71557,0.4155378113326751,0.6221386951606445,0.7611477644764207,752681,mean_binary_certainty,0.3834592465302665
V3-1,B5,2,47,natural_missingness,fb82651717076e658cf67e62ccd41ca247d29c994518945706edefcf0b635aa0,0b95319a51172ffa829c0819b5086462ce8c85f85ce5cdce8ef416dcc6210a2b,extrasensory-robust-gated-fold2-seed47-full,0.8,0.8000083849532015,76328,0.4224518107862862,0.6151210711983638,0.7522183181072851,798817,mean_binary_certainty,0.3551676232434905
V3-1,B5,2,47,natural_missingness,fb82651717076e658cf67e62ccd41ca247d29c994518945706edefcf0b635aa0,0b95319a51172ffa829c0819b5086462ce8c85f85ce5cdce8ef416dcc6210a2b,extrasensory-robust-gated-fold2-seed47-full,0.85,0.8500036684170257,81098,0.4293229467729724,0.6090395729151775,0.7444070165815508,845064,mean_binary_certainty,0.322210093905886
V3-1,B5,2,47,natural_missingness,fb82651717076e658cf67e62ccd41ca247d29c994518945706edefcf0b635aa0,0b95319a51172ffa829c0819b5086462ce8c85f85ce5cdce8ef416dcc6210a2b,extrasensory-robust-gated-fold2-seed47-full,0.9,0.9000094330723517,85869,0.4364996650111758,0.6027349937457174,0.736570738638147,892160,mean_binary_certainty,0.2817289377842509
V3-1,B5,2,47,natural_missingness,fb82651717076e658cf67e62ccd41ca247d29c994518945706edefcf0b635aa0,0b95319a51172ffa829c0819b5086462ce8c85f85ce5cdce8ef416dcc6210a2b,extrasensory-robust-gated-fold2-seed47-full,0.95,0.9500047165361758,90639,0.4431034829754654,0.5970061351182798,0.7297588618756068,939702,mean_binary_certainty,0.2261378999221853
V3-1,B5,2,47,natural_missingness,fb82651717076e658cf67e62ccd41ca247d29c994518945706edefcf0b635aa0,0b95319a51172ffa829c0819b5086462ce8c85f85ce5cdce8ef416dcc6210a2b,extrasensory-robust-gated-fold2-seed47-full,1.0,1.0,95409,0.4512183814079489,0.589966075201362,0.7229045679037877,986204,mean_binary_certainty,0.0403532731151846
V3-1,B5,2,47,natural_missingness,fb82651717076e658cf67e62ccd41ca247d29c994518945706edefcf0b635aa0,0b95319a51172ffa829c0819b5086462ce8c85f85ce5cdce8ef416dcc6210a2b,extrasensory-robust-gated-fold2-seed47-full,0.05,0.050005764655326,4771,0.4096076318340265,0.4119835462432292,0.9308341031677444,54618,mean_normalized_threshold_margin,0.9911986282618214
V3-1,B5,2,47,natural_missingness,fb82651717076e658cf67e62ccd41ca247d29c994518945706edefcf0b635aa0,0b95319a51172ffa829c0819b5086462ce8c85f85ce5cdce8ef416dcc6210a2b,extrasensory-robust-gated-fold2-seed47-full,0.1,0.1000010481191501,9541,0.3210583806867468,0.3757348231532726,0.9394183205196972,110417,mean_normalized_threshold_margin,0.982033865820973
V3-1,B5,2,47,natural_missingness,fb82651717076e658cf67e62ccd41ca247d29c994518945706edefcf0b635aa0,0b95319a51172ffa829c0819b5086462ce8c85f85ce5cdce8ef416dcc6210a2b,extrasensory-robust-gated-fold2-seed47-full,0.15,0.1500068127744762,14312,0.2931208992221544,0.5528975271188604,0.9390001621796952,165896,mean_normalized_threshold_margin,0.9677880457950347
V3-1,B5,2,47,natural_missingness,fb82651717076e658cf67e62ccd41ca247d29c994518945706edefcf0b635aa0,0b95319a51172ffa829c0819b5086462ce8c85f85ce5cdce8ef416dcc6210a2b,extrasensory-robust-gated-fold2-seed47-full,0.2,0.2000020962383003,19082,0.2725173854890506,0.5686969110903484,0.9372925062923672,221144,mean_normalized_threshold_margin,0.9456702359830488
V3-1,B5,2,47,natural_missingness,fb82651717076e658cf67e62ccd41ca247d29c994518945706edefcf0b635aa0,0b95319a51172ffa829c0819b5086462ce8c85f85ce5cdce8ef416dcc6210a2b,extrasensory-robust-gated-fold2-seed47-full,0.25,0.2500078608936263,23853,0.2721277650823258,0.5894485311611368,0.9296954716861552,274002,mean_normalized_threshold_margin,0.9063341275911384
V3-1,B5,2,47,natural_missingness,fb82651717076e658cf67e62ccd41ca247d29c994518945706edefcf0b635aa0,0b95319a51172ffa829c0819b5086462ce8c85f85ce5cdce8ef416dcc6210a2b,extrasensory-robust-gated-fold2-seed47-full,0.3,0.3000031443574505,28623,0.2880112837914685,0.646101576826931,0.9150177920428972,324037,mean_normalized_threshold_margin,0.8386833007142876
V3-1,B5,2,47,natural_missingness,fb82651717076e658cf67e62ccd41ca247d29c994518945706edefcf0b635aa0,0b95319a51172ffa829c0819b5086462ce8c85f85ce5cdce8ef416dcc6210a2b,extrasensory-robust-gated-fold2-seed47-full,0.35,0.3500089090127766,33394,0.3051833180562614,0.7009878862494013,0.8955460681936191,373260,mean_normalized_threshold_margin,0.7845327753630726
V3-1,B5,2,47,natural_missingness,fb82651717076e658cf67e62ccd41ca247d29c994518945706edefcf0b635aa0,0b95319a51172ffa829c0819b5086462ce8c85f85ce5cdce8ef416dcc6210a2b,extrasensory-robust-gated-fold2-seed47-full,0.4,0.4000041924766007,38164,0.322658656785233,0.7000385628258423,0.8734164168720852,422794,mean_normalized_threshold_margin,0.749770916230745
V3-1,B5,2,47,natural_missingness,fb82651717076e658cf67e62ccd41ca247d29c994518945706edefcf0b635aa0,0b95319a51172ffa829c0819b5086462ce8c85f85ce5cdce8ef416dcc6210a2b,extrasensory-robust-gated-fold2-seed47-full,0.45,0.4500099571319267,42935,0.340615381728603,0.6915302251413286,0.8525419258753626,471387,mean_normalized_threshold_margin,0.7236721247253992
V3-1,B5,2,47,natural_missingness,fb82651717076e658cf67e62ccd41ca247d29c994518945706edefcf0b635aa0,0b95319a51172ffa829c0819b5086462ce8c85f85ce5cdce8ef416dcc6210a2b,extrasensory-robust-gated-fold2-seed47-full,0.5,0.5000052405957509,47705,0.3538303669591554,0.683379803640256,0.8353334464139315,519446,mean_normalized_threshold_margin,0.700573035618237
V3-1,B5,2,47,natural_missingness,fb82651717076e658cf67e62ccd41ca247d29c994518945706edefcf0b635aa0,0b95319a51172ffa829c0819b5086462ce8c85f85ce5cdce8ef416dcc6210a2b,extrasensory-robust-gated-fold2-seed47-full,0.55,0.5500005240595751,52475,0.3651847992253259,0.6745477660159523,0.8202389026444141,566970,mean_normalized_threshold_margin,0.6795112236057508
V3-1,B5,2,47,natural_missingness,fb82651717076e658cf67e62ccd41ca247d29c994518945706edefcf0b635aa0,0b95319a51172ffa829c0819b5086462ce8c85f85ce5cdce8ef416dcc6210a2b,extrasensory-robust-gated-fold2-seed47-full,0.6,0.6000062887149011,57246,0.3767875427010264,0.6657501009951297,0.8068422664257023,613848,mean_normalized_threshold_margin,0.6598018911672757
V3-1,B5,2,47,natural_missingness,fb82651717076e658cf67e62ccd41ca247d29c994518945706edefcf0b635aa0,0b95319a51172ffa829c0819b5086462ce8c85f85ce5cdce8ef416dcc6210a2b,extrasensory-robust-gated-fold2-seed47-full,0.65,0.6500015721787252,62016,0.3870385151203254,0.656913438513531,0.7942485852022637,660289,mean_normalized_threshold_margin,0.6404786780412173
V3-1,B5,2,47,natural_missingness,fb82651717076e658cf67e62ccd41ca247d29c994518945706edefcf0b635aa0,0b95319a51172ffa829c0819b5086462ce8c85f85ce5cdce8ef416dcc6210a2b,extrasensory-robust-gated-fold2-seed47-full,0.7,0.7000073368340513,66787,0.3970352497291248,0.6461423407045461,0.7822196436924894,706648,mean_normalized_threshold_margin,0.6207951528999942
V3-1,B5,2,47,natural_missingness,fb82651717076e658cf67e62ccd41ca247d29c994518945706edefcf0b635aa0,0b95319a51172ffa829c0819b5086462ce8c85f85ce5cdce8ef416dcc6210a2b,extrasensory-robust-gated-fold2-seed47-full,0.75,0.7500026202978755,71557,0.4062004143837573,0.6363312341223607,0.7710570167150539,753175,mean_normalized_threshold_margin,0.5994062100667629
V3-1,B5,2,47,natural_missingness,fb82651717076e658cf67e62ccd41ca247d29c994518945706edefcf0b635aa0,0b95319a51172ffa829c0819b5086462ce8c85f85ce5cdce8ef416dcc6210a2b,extrasensory-robust-gated-fold2-seed47-full,0.8,0.8000083849532015,76328,0.4152924163926579,0.6271305832844937,0.7611076649600503,799149,mean_normalized_threshold_margin,0.5757580345902072
V3-1,B5,2,47,natural_missingness,fb82651717076e658cf67e62ccd41ca247d29c994518945706edefcf0b635aa0,0b95319a51172ffa829c0819b5086462ce8c85f85ce5cdce8ef416dcc6210a2b,extrasensory-robust-gated-fold2-seed47-full,0.85,0.8500036684170257,81098,0.4243906176327147,0.6190826996435482,0.7515422092147,844829,mean_normalized_threshold_margin,0.5489072347778539
V3-1,B5,2,47,natural_missingness,fb82651717076e658cf67e62ccd41ca247d29c994518945706edefcf0b635aa0,0b95319a51172ffa829c0819b5086462ce8c85f85ce5cdce8ef416dcc6210a2b,extrasensory-robust-gated-fold2-seed47-full,0.9,0.9000094330723517,85869,0.4330585307320097,0.6093365329268253,0.7417792601022583,891903,mean_normalized_threshold_margin,0.5158658826114827
V3-1,B5,2,47,natural_missingness,fb82651717076e658cf67e62ccd41ca247d29c994518945706edefcf0b635aa0,0b95319a51172ffa829c0819b5086462ce8c85f85ce5cdce8ef416dcc6210a2b,extrasensory-robust-gated-fold2-seed47-full,0.95,0.9500047165361758,90639,0.4415964649362888,0.6005539075461847,0.7326159299860651,939043,mean_normalized_threshold_margin,0.4659781362645703
V3-1,B5,2,47,natural_missingness,fb82651717076e658cf67e62ccd41ca247d29c994518945706edefcf0b635aa0,0b95319a51172ffa829c0819b5086462ce8c85f85ce5cdce8ef416dcc6210a2b,extrasensory-robust-gated-fold2-seed47-full,1.0,1.0,95409,0.4512183814079489,0.589966075201362,0.7229045679037877,986204,mean_normalized_threshold_margin,0.2005397800059525
V3-1,P,2,47,natural_missingness,fb82651717076e658cf67e62ccd41ca247d29c994518945706edefcf0b635aa0,d120a910df0d79c272707975a37957cf62a9eabde834b5f8ef06b8bafbd45a17,extrasensory-quality-aware-fold2-seed47-full,0.05,0.050005764655326,4771,0.4278222215283027,0.580528473483202,0.9235411223093194,54828,mean_binary_certainty,0.962141046185942
V3-1,P,2,47,natural_missingness,fb82651717076e658cf67e62ccd41ca247d29c994518945706edefcf0b635aa0,d120a910df0d79c272707975a37957cf62a9eabde834b5f8ef06b8bafbd45a17,extrasensory-quality-aware-fold2-seed47-full,0.1,0.1000010481191501,9541,0.3511702393609445,0.6232735470537876,0.9311397557666214,109755,mean_binary_certainty,0.9284180923321748
V3-1,P,2,47,natural_missingness,fb82651717076e658cf67e62ccd41ca247d29c994518945706edefcf0b635aa0,d120a910df0d79c272707975a37957cf62a9eabde834b5f8ef06b8bafbd45a17,extrasensory-quality-aware-fold2-seed47-full,0.15,0.1500068127744762,14312,0.3030859663093795,0.5720404852067537,0.938313878080415,164102,mean_binary_certainty,0.8908738962408573
V3-1,P,2,47,natural_missingness,fb82651717076e658cf67e62ccd41ca247d29c994518945706edefcf0b635aa0,d120a910df0d79c272707975a37957cf62a9eabde834b5f8ef06b8bafbd45a17,extrasensory-quality-aware-fold2-seed47-full,0.2,0.2000020962383003,19082,0.2918240639911261,0.5297313342864036,0.9342541171198566,216825,mean_binary_certainty,0.8323961240479921
V3-1,P,2,47,natural_missingness,fb82651717076e658cf67e62ccd41ca247d29c994518945706edefcf0b635aa0,d120a910df0d79c272707975a37957cf62a9eabde834b5f8ef06b8bafbd45a17,extrasensory-quality-aware-fold2-seed47-full,0.25,0.2500078608936263,23853,0.2917978048188155,0.5682541681501226,0.924201787576149,269392,mean_binary_certainty,0.7615160957122057
V3-1,P,2,47,natural_missingness,fb82651717076e658cf67e62ccd41ca247d29c994518945706edefcf0b635aa0,d120a910df0d79c272707975a37957cf62a9eabde834b5f8ef06b8bafbd45a17,extrasensory-quality-aware-fold2-seed47-full,0.3,0.3000031443574505,28623,0.3064455795423078,0.619588836727282,0.902522596043666,320897,mean_binary_certainty,0.6880993926549223
V3-1,P,2,47,natural_missingness,fb82651717076e658cf67e62ccd41ca247d29c994518945706edefcf0b635aa0,d120a910df0d79c272707975a37957cf62a9eabde834b5f8ef06b8bafbd45a17,extrasensory-quality-aware-fold2-seed47-full,0.35,0.3500089090127766,33394,0.3296647721607854,0.6479925209542786,0.8757859548214242,371432,mean_binary_certainty,0.6296748376793138
V3-1,P,2,47,natural_missingness,fb82651717076e658cf67e62ccd41ca247d29c994518945706edefcf0b635aa0,d120a910df0d79c272707975a37957cf62a9eabde834b5f8ef06b8bafbd45a17,extrasensory-quality-aware-fold2-seed47-full,0.4,0.4000041924766007,38164,0.3469994510298501,0.6521984216621536,0.8528782395054553,420357,mean_binary_certainty,0.5857666328635294
V3-1,P,2,47,natural_missingness,fb82651717076e658cf67e62ccd41ca247d29c994518945706edefcf0b635aa0,d120a910df0d79c272707975a37957cf62a9eabde834b5f8ef06b8bafbd45a17,extrasensory-quality-aware-fold2-seed47-full,0.45,0.4500099571319267,42935,0.3625211549355031,0.6485673321629418,0.8326383041554098,468582,mean_binary_certainty,0.552793369415124
V3-1,P,2,47,natural_missingness,fb82651717076e658cf67e62ccd41ca247d29c994518945706edefcf0b635aa0,d120a910df0d79c272707975a37957cf62a9eabde834b5f8ef06b8bafbd45a17,extrasensory-quality-aware-fold2-seed47-full,0.5,0.5000052405957509,47705,0.3732630577073804,0.6452705099175603,0.8160852255167524,516306,mean_binary_certainty,0.5241395174887322
V3-1,P,2,47,natural_missingness,fb82651717076e658cf67e62ccd41ca247d29c994518945706edefcf0b635aa0,d120a910df0d79c272707975a37957cf62a9eabde834b5f8ef06b8bafbd45a17,extrasensory-quality-aware-fold2-seed47-full,0.55,0.5500005240595751,52475,0.3817168879017731,0.6400777726044246,0.8015468905364734,563659,mean_binary_certainty,0.4980322397650849
V3-1,P,2,47,natural_missingness,fb82651717076e658cf67e62ccd41ca247d29c994518945706edefcf0b635aa0,d120a910df0d79c272707975a37957cf62a9eabde834b5f8ef06b8bafbd45a17,extrasensory-quality-aware-fold2-seed47-full,0.6,0.6000062887149011,57246,0.3893448183360759,0.6337207322462034,0.7882358005029854,611019,mean_binary_certainty,0.4743162259244957
V3-1,P,2,47,natural_missingness,fb82651717076e658cf67e62ccd41ca247d29c994518945706edefcf0b635aa0,d120a910df0d79c272707975a37957cf62a9eabde834b5f8ef06b8bafbd45a17,extrasensory-quality-aware-fold2-seed47-full,0.65,0.6500015721787252,62016,0.3977768843604203,0.6255920536566587,0.7754540561015969,658632,mean_binary_certainty,0.4507661046978041
V3-1,P,2,47,natural_missingness,fb82651717076e658cf67e62ccd41ca247d29c994518945706edefcf0b635aa0,d120a910df0d79c272707975a37957cf62a9eabde834b5f8ef06b8bafbd45a17,extrasensory-quality-aware-fold2-seed47-full,0.7,0.7000073368340513,66787,0.4048906288977646,0.6190583452133217,0.7646182554576587,706137,mean_binary_certainty,0.4261912028192287
V3-1,P,2,47,natural_missingness,fb82651717076e658cf67e62ccd41ca247d29c994518945706edefcf0b635aa0,d120a910df0d79c272707975a37957cf62a9eabde834b5f8ef06b8bafbd45a17,extrasensory-quality-aware-fold2-seed47-full,0.75,0.7500026202978755,71557,0.4114796706380771,0.6123560894737899,0.7549075704770468,753466,mean_binary_certainty,0.4005846738240056
V3-1,P,2,47,natural_missingness,fb82651717076e658cf67e62ccd41ca247d29c994518945706edefcf0b635aa0,d120a910df0d79c272707975a37957cf62a9eabde834b5f8ef06b8bafbd45a17,extrasensory-quality-aware-fold2-seed47-full,0.8,0.8000083849532015,76328,0.4177308711557375,0.606198888671213,0.7462669212361659,799820,mean_binary_certainty,0.3727693386662779
V3-1,P,2,47,natural_missingness,fb82651717076e658cf67e62ccd41ca247d29c994518945706edefcf0b635aa0,d120a910df0d79c272707975a37957cf62a9eabde834b5f8ef06b8bafbd45a17,extrasensory-quality-aware-fold2-seed47-full,0.85,0.8500036684170257,81098,0.4240561214336752,0.600249679718235,0.7384350673800163,846218,mean_binary_certainty,0.3419752539536461
V3-1,P,2,47,natural_missingness,fb82651717076e658cf67e62ccd41ca247d29c994518945706edefcf0b635aa0,d120a910df0d79c272707975a37957cf62a9eabde834b5f8ef06b8bafbd45a17,extrasensory-quality-aware-fold2-seed47-full,0.9,0.9000094330723517,85869,0.4308231873456877,0.5942412927330349,0.7308952642597665,891782,mean_binary_certainty,0.3024748467653703
V3-1,P,2,47,natural_missingness,fb82651717076e658cf67e62ccd41ca247d29c994518945706edefcf0b635aa0,d120a910df0d79c272707975a37957cf62a9eabde834b5f8ef06b8bafbd45a17,extrasensory-quality-aware-fold2-seed47-full,0.95,0.9500047165361758,90639,0.4377276598155891,0.5876320763527879,0.7235334416410578,938349,mean_binary_certainty,0.2476786773714446
V3-1,P,2,47,natural_missingness,fb82651717076e658cf67e62ccd41ca247d29c994518945706edefcf0b635aa0,d120a910df0d79c272707975a37957cf62a9eabde834b5f8ef06b8bafbd45a17,extrasensory-quality-aware-fold2-seed47-full,1.0,1.0,95409,0.4460430252281478,0.58028182258488,0.7160979505514617,986204,mean_binary_certainty,0.0300190391934332
V3-1,P,2,47,natural_missingness,fb82651717076e658cf67e62ccd41ca247d29c994518945706edefcf0b635aa0,d120a910df0d79c272707975a37957cf62a9eabde834b5f8ef06b8bafbd45a17,extrasensory-quality-aware-fold2-seed47-full,0.05,0.050005764655326,4771,0.4262061350842916,0.5216977667060667,0.9249476665435292,54984,mean_normalized_threshold_margin,0.9904607684541998
V3-1,P,2,47,natural_missingness,fb82651717076e658cf67e62ccd41ca247d29c994518945706edefcf0b635aa0,d120a910df0d79c272707975a37957cf62a9eabde834b5f8ef06b8bafbd45a17,extrasensory-quality-aware-fold2-seed47-full,0.1,0.1000010481191501,9541,0.3233926930645568,0.6281636999056761,0.9394597857250642,110309,mean_normalized_threshold_margin,0.9763760487210404
V3-1,P,2,47,natural_missingness,fb82651717076e658cf67e62ccd41ca247d29c994518945706edefcf0b635aa0,d120a910df0d79c272707975a37957cf62a9eabde834b5f8ef06b8bafbd45a17,extrasensory-quality-aware-fold2-seed47-full,0.15,0.1500068127744762,14312,0.3059255843492532,0.5739822053137359,0.9394559214563304,164063,mean_normalized_threshold_margin,0.956747943886348
V3-1,P,2,47,natural_missingness,fb82651717076e658cf67e62ccd41ca247d29c994518945706edefcf0b635aa0,d120a910df0d79c272707975a37957cf62a9eabde834b5f8ef06b8bafbd45a17,extrasensory-quality-aware-fold2-seed47-full,0.2,0.2000020962383003,19082,0.2973972202432317,0.5447584043686895,0.935420249609492,216827,mean_normalized_threshold_margin,0.9263184363349876
V3-1,P,2,47,natural_missingness,fb82651717076e658cf67e62ccd41ca247d29c994518945706edefcf0b635aa0,d120a910df0d79c272707975a37957cf62a9eabde834b5f8ef06b8bafbd45a17,extrasensory-quality-aware-fold2-seed47-full,0.25,0.2500078608936263,23853,0.2935496983175983,0.6122739432625355,0.9256401422321608,269239,mean_normalized_threshold_margin,0.8779213315162452
V3-1,P,2,47,natural_missingness,fb82651717076e658cf67e62ccd41ca247d29c994518945706edefcf0b635aa0,d120a910df0d79c272707975a37957cf62a9eabde834b5f8ef06b8bafbd45a17,extrasensory-quality-aware-fold2-seed47-full,0.3,0.3000031443574505,28623,0.3000590180866516,0.6569792606014919,0.9070079368598412,321640,mean_normalized_threshold_margin,0.8302772228516789
V3-1,P,2,47,natural_missingness,fb82651717076e658cf67e62ccd41ca247d29c994518945706edefcf0b635aa0,d120a910df0d79c272707975a37957cf62a9eabde834b5f8ef06b8bafbd45a17,extrasensory-quality-aware-fold2-seed47-full,0.35,0.3500089090127766,33394,0.3167871385101409,0.672131548926095,0.8839519613513421,373049,mean_normalized_threshold_margin,0.7911594199814419
V3-1,P,2,47,natural_missingness,fb82651717076e658cf67e62ccd41ca247d29c994518945706edefcf0b635aa0,d120a910df0d79c272707975a37957cf62a9eabde834b5f8ef06b8bafbd45a17,extrasensory-quality-aware-fold2-seed47-full,0.4,0.4000041924766007,38164,0.3325675298269717,0.6740985360194003,0.8625581698777889,421947,mean_normalized_threshold_margin,0.7580569088515983
V3-1,P,2,47,natural_missingness,fb82651717076e658cf67e62ccd41ca247d29c994518945706edefcf0b635aa0,d120a910df0d79c272707975a37957cf62a9eabde834b5f8ef06b8bafbd45a17,extrasensory-quality-aware-fold2-seed47-full,0.45,0.4500099571319267,42935,0.3453628756104784,0.6708110242504003,0.8438622554452488,470091,mean_normalized_threshold_margin,0.7303026459507821
V3-1,P,2,47,natural_missingness,fb82651717076e658cf67e62ccd41ca247d29c994518945706edefcf0b635aa0,d120a910df0d79c272707975a37957cf62a9eabde834b5f8ef06b8bafbd45a17,extrasensory-quality-aware-fold2-seed47-full,0.5,0.5000052405957509,47705,0.3575810354533864,0.6629748257101565,0.8258657334850469,517933,mean_normalized_threshold_margin,0.7069264996945246
V3-1,P,2,47,natural_missingness,fb82651717076e658cf67e62ccd41ca247d29c994518945706edefcf0b635aa0,d120a910df0d79c272707975a37957cf62a9eabde834b5f8ef06b8bafbd45a17,extrasensory-quality-aware-fold2-seed47-full,0.55,0.5500005240595751,52475,0.3682625341358205,0.6545936372719258,0.810673993370557,565360,mean_normalized_threshold_margin,0.6862189837224401
V3-1,P,2,47,natural_missingness,fb82651717076e658cf67e62ccd41ca247d29c994518945706edefcf0b635aa0,d120a910df0d79c272707975a37957cf62a9eabde834b5f8ef06b8bafbd45a17,extrasensory-quality-aware-fold2-seed47-full,0.6,0.6000062887149011,57246,0.3785689489066096,0.6459066209520922,0.7969757522075739,612560,mean_normalized_threshold_margin,0.6666127022259551
V3-1,P,2,47,natural_missingness,fb82651717076e658cf67e62ccd41ca247d29c994518945706edefcf0b635aa0,d120a910df0d79c272707975a37957cf62a9eabde834b5f8ef06b8bafbd45a17,extrasensory-quality-aware-fold2-seed47-full,0.65,0.6500015721787252,62016,0.3879676398587283,0.6386736881941228,0.7847196929369904,659883,mean_normalized_threshold_margin,0.6469605907605878
V3-1,P,2,47,natural_missingness,fb82651717076e658cf67e62ccd41ca247d29c994518945706edefcf0b635aa0,d120a910df0d79c272707975a37957cf62a9eabde834b5f8ef06b8bafbd45a17,extrasensory-quality-aware-fold2-seed47-full,0.7,0.7000073368340513,66787,0.3975472269884009,0.6311024203101947,0.7736226687855374,707094,mean_normalized_threshold_margin,0.6270848834512223
V3-1,P,2,47,natural_missingness,fb82651717076e658cf67e62ccd41ca247d29c994518945706edefcf0b635aa0,d120a910df0d79c272707975a37957cf62a9eabde834b5f8ef06b8bafbd45a17,extrasensory-quality-aware-fold2-seed47-full,0.75,0.7500026202978755,71557,0.4056810295899285,0.6229372786609126,0.7633260802141257,753551,mean_normalized_threshold_margin,0.6052265190455742
V3-1,P,2,47,natural_missingness,fb82651717076e658cf67e62ccd41ca247d29c994518945706edefcf0b635aa0,d120a910df0d79c272707975a37957cf62a9eabde834b5f8ef06b8bafbd45a17,extrasensory-quality-aware-fold2-seed47-full,0.8,0.8000083849532015,76328,0.4138379710097553,0.6147301042085558,0.753511494977033,800709,mean_normalized_threshold_margin,0.5806883171195065
V3-1,P,2,47,natural_missingness,fb82651717076e658cf67e62ccd41ca247d29c994518945706edefcf0b635aa0,d120a910df0d79c272707975a37957cf62a9eabde834b5f8ef06b8bafbd45a17,extrasensory-quality-aware-fold2-seed47-full,0.85,0.8500036684170257,81098,0.4218129543659492,0.6071934022167548,0.7443687953066814,847287,mean_normalized_threshold_margin,0.5521262962893942
V3-1,P,2,47,natural_missingness,fb82651717076e658cf67e62ccd41ca247d29c994518945706edefcf0b635aa0,d120a910df0d79c272707975a37957cf62a9eabde834b5f8ef06b8bafbd45a17,extrasensory-quality-aware-fold2-seed47-full,0.9,0.9000094330723517,85869,0.4296852227418662,0.5990095463920213,0.7351955947443057,893075,mean_normalized_threshold_margin,0.5179544017082858
V3-1,P,2,47,natural_missingness,fb82651717076e658cf67e62ccd41ca247d29c994518945706edefcf0b635aa0,d120a910df0d79c272707975a37957cf62a9eabde834b5f8ef06b8bafbd45a17,extrasensory-quality-aware-fold2-seed47-full,0.95,0.9500047165361758,90639,0.437211309957803,0.5906907425972177,0.7259573823293438,939755,mean_normalized_threshold_margin,0.4676640878508363
V3-1,P,2,47,natural_missingness,fb82651717076e658cf67e62ccd41ca247d29c994518945706edefcf0b635aa0,d120a910df0d79c272707975a37957cf62a9eabde834b5f8ef06b8bafbd45a17,extrasensory-quality-aware-fold2-seed47-full,1.0,1.0,95409,0.4460430252281478,0.58028182258488,0.7160979505514617,986204,mean_normalized_threshold_margin,0.1273098074920854
V3-1,P2,2,47,natural_missingness,fb82651717076e658cf67e62ccd41ca247d29c994518945706edefcf0b635aa0,21937929ea4a94565783eb7608ce89a63294679f682db7a966f3a6864bbcb1f2,extrasensory-p2-fold2-seed47-v2_multiseed,0.05,0.050005764655326,4771,0.4070327812990955,0.525007655624608,0.9329232661848378,55333,mean_binary_certainty,0.975921313801216
V3-1,P2,2,47,natural_missingness,fb82651717076e658cf67e62ccd41ca247d29c994518945706edefcf0b635aa0,21937929ea4a94565783eb7608ce89a63294679f682db7a966f3a6864bbcb1f2,extrasensory-p2-fold2-seed47-v2_multiseed,0.1,0.1000010481191501,9541,0.3566092307634853,0.5797723200194214,0.936677532295062,110485,mean_binary_certainty,0.9480062727912646
V3-1,P2,2,47,natural_missingness,fb82651717076e658cf67e62ccd41ca247d29c994518945706edefcf0b635aa0,21937929ea4a94565783eb7608ce89a63294679f682db7a966f3a6864bbcb1f2,extrasensory-p2-fold2-seed47-v2_multiseed,0.15,0.1500068127744762,14312,0.3314162521216056,0.5388261933646741,0.9349768247338665,165014,mean_binary_certainty,0.9174287077302457
V3-1,P2,2,47,natural_missingness,fb82651717076e658cf67e62ccd41ca247d29c994518945706edefcf0b635aa0,21937929ea4a94565783eb7608ce89a63294679f682db7a966f3a6864bbcb1f2,extrasensory-p2-fold2-seed47-v2_multiseed,0.2,0.2000020962383003,19082,0.3100711609260581,0.529671733896236,0.9328041582515304,219043,mean_binary_certainty,0.8667887087736903
V3-1,P2,2,47,natural_missingness,fb82651717076e658cf67e62ccd41ca247d29c994518945706edefcf0b635aa0,21937929ea4a94565783eb7608ce89a63294679f682db7a966f3a6864bbcb1f2,extrasensory-p2-fold2-seed47-v2_multiseed,0.25,0.2500078608936263,23853,0.2989062049798804,0.541081701482319,0.9240087466377692,271519,mean_binary_certainty,0.7871485908434186
V3-1,P2,2,47,natural_missingness,fb82651717076e658cf67e62ccd41ca247d29c994518945706edefcf0b635aa0,21937929ea4a94565783eb7608ce89a63294679f682db7a966f3a6864bbcb1f2,extrasensory-p2-fold2-seed47-v2_multiseed,0.3,0.3000031443574505,28623,0.3136531827890028,0.6279082630385358,0.9036585567829876,321612,mean_binary_certainty,0.6992297314171223
V3-1,P2,2,47,natural_missingness,fb82651717076e658cf67e62ccd41ca247d29c994518945706edefcf0b635aa0,21937929ea4a94565783eb7608ce89a63294679f682db7a966f3a6864bbcb1f2,extrasensory-p2-fold2-seed47-v2_multiseed,0.35,0.3500089090127766,33394,0.3462653619772137,0.6508424215108676,0.874918338094913,371195,mean_binary_certainty,0.6413137968631565
V3-1,P2,2,47,natural_missingness,fb82651717076e658cf67e62ccd41ca247d29c994518945706edefcf0b635aa0,21937929ea4a94565783eb7608ce89a63294679f682db7a966f3a6864bbcb1f2,extrasensory-p2-fold2-seed47-v2_multiseed,0.4,0.4000041924766007,38164,0.3663178383429727,0.6532461705358892,0.8493508421801921,420637,mean_binary_certainty,0.6023555345525544
V3-1,P2,2,47,natural_missingness,fb82651717076e658cf67e62ccd41ca247d29c994518945706edefcf0b635aa0,21937929ea4a94565783eb7608ce89a63294679f682db7a966f3a6864bbcb1f2,extrasensory-p2-fold2-seed47-v2_multiseed,0.45,0.4500099571319267,42935,0.378251374856298,0.6512795999192367,0.8280228145880831,469916,mean_binary_certainty,0.5689259115666256
V3-1,P2,2,47,natural_missingness,fb82651717076e658cf67e62ccd41ca247d29c994518945706edefcf0b635aa0,21937929ea4a94565783eb7608ce89a63294679f682db7a966f3a6864bbcb1f2,extrasensory-p2-fold2-seed47-v2_multiseed,0.5,0.5000052405957509,47705,0.3879359823386699,0.6465767436381561,0.8101411448334376,518447,mean_binary_certainty,0.5406598730380873
V3-1,P2,2,47,natural_missingness,fb82651717076e658cf67e62ccd41ca247d29c994518945706edefcf0b635aa0,21937929ea4a94565783eb7608ce89a63294679f682db7a966f3a6864bbcb1f2,extrasensory-p2-fold2-seed47-v2_multiseed,0.55,0.5500005240595751,52475,0.3960301854532017,0.6411393527460814,0.7944086645264636,566277,mean_binary_certainty,0.5148294481546005
V3-1,P2,2,47,natural_missingness,fb82651717076e658cf67e62ccd41ca247d29c994518945706edefcf0b635aa0,21937929ea4a94565783eb7608ce89a63294679f682db7a966f3a6864bbcb1f2,extrasensory-p2-fold2-seed47-v2_multiseed,0.6,0.6000062887149011,57246,0.4043353279971941,0.6343288293995178,0.780367530447435,613277,mean_binary_certainty,0.4900439348143771
V3-1,P2,2,47,natural_missingness,fb82651717076e658cf67e62ccd41ca247d29c994518945706edefcf0b635aa0,21937929ea4a94565783eb7608ce89a63294679f682db7a966f3a6864bbcb1f2,extrasensory-p2-fold2-seed47-v2_multiseed,0.65,0.6500015721787252,62016,0.4117831645435743,0.6279973359331252,0.7682184634840341,660384,mean_binary_certainty,0.4655958133574034
V3-1,P2,2,47,natural_missingness,fb82651717076e658cf67e62ccd41ca247d29c994518945706edefcf0b635aa0,21937929ea4a94565783eb7608ce89a63294679f682db7a966f3a6864bbcb1f2,extrasensory-p2-fold2-seed47-v2_multiseed,0.7,0.7000073368340513,66787,0.4192650997504409,0.6207001906381042,0.7568432662365523,706784,mean_binary_certainty,0.4407062110389097
V3-1,P2,2,47,natural_missingness,fb82651717076e658cf67e62ccd41ca247d29c994518945706edefcf0b635aa0,21937929ea4a94565783eb7608ce89a63294679f682db7a966f3a6864bbcb1f2,extrasensory-p2-fold2-seed47-v2_multiseed,0.75,0.7500026202978755,71557,0.4260581149537245,0.6138629798269868,0.7469450904647404,753601,mean_binary_certainty,0.4149869946459501
V3-1,P2,2,47,natural_missingness,fb82651717076e658cf67e62ccd41ca247d29c994518945706edefcf0b635aa0,21937929ea4a94565783eb7608ce89a63294679f682db7a966f3a6864bbcb1f2,extrasensory-p2-fold2-seed47-v2_multiseed,0.8,0.8000083849532015,76328,0.4321944269928328,0.6070450438055438,0.7379515141968989,799618,mean_binary_certainty,0.387387443115652
V3-1,P2,2,47,natural_missingness,fb82651717076e658cf67e62ccd41ca247d29c994518945706edefcf0b635aa0,21937929ea4a94565783eb7608ce89a63294679f682db7a966f3a6864bbcb1f2,extrasensory-p2-fold2-seed47-v2_multiseed,0.85,0.8500036684170257,81098,0.438013051173156,0.600451147845692,0.7297617877387856,845799,mean_binary_certainty,0.356481877558669
V3-1,P2,2,47,natural_missingness,fb82651717076e658cf67e62ccd41ca247d29c994518945706edefcf0b635aa0,21937929ea4a94565783eb7608ce89a63294679f682db7a966f3a6864bbcb1f2,extrasensory-p2-fold2-seed47-v2_multiseed,0.9,0.9000094330723517,85869,0.443628480297883,0.5950505255711077,0.7227754657154182,892069,mean_binary_certainty,0.3186993089563071
V3-1,P2,2,47,natural_missingness,fb82651717076e658cf67e62ccd41ca247d29c994518945706edefcf0b635aa0,21937929ea4a94565783eb7608ce89a63294679f682db7a966f3a6864bbcb1f2,extrasensory-p2-fold2-seed47-v2_multiseed,0.95,0.9500047165361758,90639,0.450155858941575,0.5891787439053681,0.7160599387806097,939063,mean_binary_certainty,0.263597703766683
V3-1,P2,2,47,natural_missingness,fb82651717076e658cf67e62ccd41ca247d29c994518945706edefcf0b635aa0,21937929ea4a94565783eb7608ce89a63294679f682db7a966f3a6864bbcb1f2,extrasensory-p2-fold2-seed47-v2_multiseed,1.0,1.0,95409,0.4574452741192514,0.5829432410903688,0.710276853537573,986204,mean_binary_certainty,0.0522168103564951
V3-1,P2,2,47,natural_missingness,fb82651717076e658cf67e62ccd41ca247d29c994518945706edefcf0b635aa0,21937929ea4a94565783eb7608ce89a63294679f682db7a966f3a6864bbcb1f2,extrasensory-p2-fold2-seed47-v2_multiseed,0.05,0.050005764655326,4771,0.4134411784019449,0.5252290430952817,0.9333495944874688,55534,mean_normalized_threshold_margin,0.9939109133466582
V3-1,P2,2,47,natural_missingness,fb82651717076e658cf67e62ccd41ca247d29c994518945706edefcf0b635aa0,21937929ea4a94565783eb7608ce89a63294679f682db7a966f3a6864bbcb1f2,extrasensory-p2-fold2-seed47-v2_multiseed,0.1,0.1000010481191501,9541,0.350679482384118,0.4828628354138824,0.9395263624213482,110689,mean_normalized_threshold_margin,0.9831527749914724
V3-1,P2,2,47,natural_missingness,fb82651717076e658cf67e62ccd41ca247d29c994518945706edefcf0b635aa0,21937929ea4a94565783eb7608ce89a63294679f682db7a966f3a6864bbcb1f2,extrasensory-p2-fold2-seed47-v2_multiseed,0.15,0.1500068127744762,14312,0.337296858991219,0.5596099956298243,0.9359707528287244,164566,mean_normalized_threshold_margin,0.964808778395284
V3-1,P2,2,47,natural_missingness,fb82651717076e658cf67e62ccd41ca247d29c994518945706edefcf0b635aa0,21937929ea4a94565783eb7608ce89a63294679f682db7a966f3a6864bbcb1f2,extrasensory-p2-fold2-seed47-v2_multiseed,0.2,0.2000020962383003,19082,0.3106369370552551,0.5695788836976259,0.9340343421402122,218634,mean_normalized_threshold_margin,0.9376435873150952
V3-1,P2,2,47,natural_missingness,fb82651717076e658cf67e62ccd41ca247d29c994518945706edefcf0b635aa0,21937929ea4a94565783eb7608ce89a63294679f682db7a966f3a6864bbcb1f2,extrasensory-p2-fold2-seed47-v2_multiseed,0.25,0.2500078608936263,23853,0.2998155686798961,0.5871457372065252,0.9255653065146372,271821,mean_normalized_threshold_margin,0.8928759540570571
V3-1,P2,2,47,natural_missingness,fb82651717076e658cf67e62ccd41ca247d29c994518945706edefcf0b635aa0,21937929ea4a94565783eb7608ce89a63294679f682db7a966f3a6864bbcb1f2,extrasensory-p2-fold2-seed47-v2_multiseed,0.3,0.3000031443574505,28623,0.3122322825065977,0.6667541985083104,0.9050483139420232,322706,mean_normalized_threshold_margin,0.8348123602615891
V3-1,P2,2,47,natural_missingness,fb82651717076e658cf67e62ccd41ca247d29c994518945706edefcf0b635aa0,21937929ea4a94565783eb7608ce89a63294679f682db7a966f3a6864bbcb1f2,extrasensory-p2-fold2-seed47-v2_multiseed,0.35,0.3500089090127766,33394,0.3271559491664781,0.6940389850559195,0.8821619851269603,372266,mean_normalized_threshold_margin,0.7920177954834318
V3-1,P2,2,47,natural_missingness,fb82651717076e658cf67e62ccd41ca247d29c994518945706edefcf0b635aa0,21937929ea4a94565783eb7608ce89a63294679f682db7a966f3a6864bbcb1f2,extrasensory-p2-fold2-seed47-v2_multiseed,0.4,0.4000041924766007,38164,0.3410632810180579,0.6915715408204541,0.8605159447226668,421735,mean_normalized_threshold_margin,0.7617797836630104
V3-1,P2,2,47,natural_missingness,fb82651717076e658cf67e62ccd41ca247d29c994518945706edefcf0b635aa0,21937929ea4a94565783eb7608ce89a63294679f682db7a966f3a6864bbcb1f2,extrasensory-p2-fold2-seed47-v2_multiseed,0.45,0.4500099571319267,42935,0.3543173639094559,0.682495278826692,0.8400417440962752,470782,mean_normalized_threshold_margin,0.7378361921984268
V3-1,P2,2,47,natural_missingness,fb82651717076e658cf67e62ccd41ca247d29c994518945706edefcf0b635aa0,21937929ea4a94565783eb7608ce89a63294679f682db7a966f3a6864bbcb1f2,extrasensory-p2-fold2-seed47-v2_multiseed,0.5,0.5000052405957509,47705,0.3690353214395354,0.670121532033724,0.8209141743624502,518952,mean_normalized_threshold_margin,0.7171618591219888
V3-1,P2,2,47,natural_missingness,fb82651717076e658cf67e62ccd41ca247d29c994518945706edefcf0b635aa0,21937929ea4a94565783eb7608ce89a63294679f682db7a966f3a6864bbcb1f2,extrasensory-p2-fold2-seed47-v2_multiseed,0.55,0.5500005240595751,52475,0.3831887639090536,0.6587200287571482,0.8040599404740699,566434,mean_normalized_threshold_margin,0.697127014968799
V3-1,P2,2,47,natural_missingness,fb82651717076e658cf67e62ccd41ca247d29c994518945706edefcf0b635aa0,21937929ea4a94565783eb7608ce89a63294679f682db7a966f3a6864bbcb1f2,extrasensory-p2-fold2-seed47-v2_multiseed,0.6,0.6000062887149011,57246,0.3942448725669681,0.6490656371266348,0.7899275158801771,613963,mean_normalized_threshold_margin,0.6777579902371325
V3-1,P2,2,47,natural_missingness,fb82651717076e658cf67e62ccd41ca247d29c994518945706edefcf0b635aa0,21937929ea4a94565783eb7608ce89a63294679f682db7a966f3a6864bbcb1f2,extrasensory-p2-fold2-seed47-v2_multiseed,0.65,0.6500015721787252,62016,0.4048851727471383,0.6395381274618971,0.7768827728677457,660680,mean_normalized_threshold_margin,0.6590770661805324
V3-1,P2,2,47,natural_missingness,fb82651717076e658cf67e62ccd41ca247d29c994518945706edefcf0b635aa0,21937929ea4a94565783eb7608ce89a63294679f682db7a966f3a6864bbcb1f2,extrasensory-p2-fold2-seed47-v2_multiseed,0.7,0.7000073368340513,66787,0.4135602051093012,0.630169752116822,0.7652331559250483,707503,mean_normalized_threshold_margin,0.6389095897952299
V3-1,P2,2,47,natural_missingness,fb82651717076e658cf67e62ccd41ca247d29c994518945706edefcf0b635aa0,21937929ea4a94565783eb7608ce89a63294679f682db7a966f3a6864bbcb1f2,extrasensory-p2-fold2-seed47-v2_multiseed,0.75,0.7500026202978755,71557,0.4205016973740673,0.6232752939231866,0.7551595930571195,754276,mean_normalized_threshold_margin,0.6184704246688837
V3-1,P2,2,47,natural_missingness,fb82651717076e658cf67e62ccd41ca247d29c994518945706edefcf0b635aa0,21937929ea4a94565783eb7608ce89a63294679f682db7a966f3a6864bbcb1f2,extrasensory-p2-fold2-seed47-v2_multiseed,0.8,0.8000083849532015,76328,0.4279850034663098,0.61604107343981,0.7451723247561313,800617,mean_normalized_threshold_margin,0.595851442438658
V3-1,P2,2,47,natural_missingness,fb82651717076e658cf67e62ccd41ca247d29c994518945706edefcf0b635aa0,21937929ea4a94565783eb7608ce89a63294679f682db7a966f3a6864bbcb1f2,extrasensory-p2-fold2-seed47-v2_multiseed,0.85,0.8500036684170257,81098,0.434388124802618,0.6091046812868494,0.7359634895437919,847195,mean_normalized_threshold_margin,0.5697671756578887
V3-1,P2,2,47,natural_missingness,fb82651717076e658cf67e62ccd41ca247d29c994518945706edefcf0b635aa0,21937929ea4a94565783eb7608ce89a63294679f682db7a966f3a6864bbcb1f2,extrasensory-p2-fold2-seed47-v2_multiseed,0.9,0.9000094330723517,85869,0.441223404953287,0.6011261187157355,0.7270362801560551,893736,mean_normalized_threshold_margin,0.5374690695103804
V3-1,P2,2,47,natural_missingness,fb82651717076e658cf67e62ccd41ca247d29c994518945706edefcf0b635aa0,21937929ea4a94565783eb7608ce89a63294679f682db7a966f3a6864bbcb1f2,extrasensory-p2-fold2-seed47-v2_multiseed,0.95,0.9500047165361758,90639,0.4489390949408977,0.5926568425996888,0.7183884409749436,939807,mean_normalized_threshold_margin,0.4924439034445586
V3-1,P2,2,47,natural_missingness,fb82651717076e658cf67e62ccd41ca247d29c994518945706edefcf0b635aa0,21937929ea4a94565783eb7608ce89a63294679f682db7a966f3a6864bbcb1f2,extrasensory-p2-fold2-seed47-v2_multiseed,1.0,1.0,95409,0.4574452741192514,0.5829432410903688,0.710276853537573,986204,mean_normalized_threshold_margin,0.1961676130875852
V3-1,P2,2,47,natural_missingness,fb82651717076e658cf67e62ccd41ca247d29c994518945706edefcf0b635aa0,21937929ea4a94565783eb7608ce89a63294679f682db7a966f3a6864bbcb1f2,extrasensory-p2-fold2-seed47-v2_multiseed,0.05,0.050005764655326,4771,0.4811174608322597,0.5573868358507522,0.593518227176698,49073,p2_system_reliability,0.9942800998687744
V3-1,P2,2,47,natural_missingness,fb82651717076e658cf67e62ccd41ca247d29c994518945706edefcf0b635aa0,21937929ea4a94565783eb7608ce89a63294679f682db7a966f3a6864bbcb1f2,extrasensory-p2-fold2-seed47-v2_multiseed,0.1,0.1000010481191501,9541,0.4439760842533581,0.5712849219478372,0.6342204347081979,100418,p2_system_reliability,0.9924697875976562
V3-1,P2,2,47,natural_missingness,fb82651717076e658cf67e62ccd41ca247d29c994518945706edefcf0b635aa0,21937929ea4a94565783eb7608ce89a63294679f682db7a966f3a6864bbcb1f2,extrasensory-p2-fold2-seed47-v2_multiseed,0.15,0.1500068127744762,14312,0.4306151902558437,0.5836278385311338,0.6557998064426932,152254,p2_system_reliability,0.991008460521698
V3-1,P2,2,47,natural_missingness,fb82651717076e658cf67e62ccd41ca247d29c994518945706edefcf0b635aa0,21937929ea4a94565783eb7608ce89a63294679f682db7a966f3a6864bbcb1f2,extrasensory-p2-fold2-seed47-v2_multiseed,0.2,0.2000020962383003,19082,0.435306289712896,0.5861601073251136,0.6658221690751738,203244,p2_system_reliability,0.9895906448364258
V3-1,P2,2,47,natural_missingness,fb82651717076e658cf67e62ccd41ca247d29c994518945706edefcf0b635aa0,21937929ea4a94565783eb7608ce89a63294679f682db7a966f3a6864bbcb1f2,extrasensory-p2-fold2-seed47-v2_multiseed,0.25,0.2500078608936263,23853,0.4398679780324198,0.5857650484290554,0.6711336587856163,254122,p2_system_reliability,0.9882096648216248
V3-1,P2,2,47,natural_missingness,fb82651717076e658cf67e62ccd41ca247d29c994518945706edefcf0b635aa0,21937929ea4a94565783eb7608ce89a63294679f682db7a966f3a6864bbcb1f2,extrasensory-p2-fold2-seed47-v2_multiseed,0.3,0.3000031443574505,28623,0.4446194365370027,0.5864284796023792,0.6752291894654758,305241,p2_system_reliability,0.9867678880691528
V3-1,P2,2,47,natural_missingness,fb82651717076e658cf67e62ccd41ca247d29c994518945706edefcf0b635aa0,21937929ea4a94565783eb7608ce89a63294679f682db7a966f3a6864bbcb1f2,extrasensory-p2-fold2-seed47-v2_multiseed,0.35,0.3500089090127766,33394,0.448065804177961,0.5858164453931832,0.6785780008364701,355292,p2_system_reliability,0.985295295715332
V3-1,P2,2,47,natural_missingness,fb82651717076e658cf67e62ccd41ca247d29c994518945706edefcf0b635aa0,21937929ea4a94565783eb7608ce89a63294679f682db7a966f3a6864bbcb1f2,extrasensory-p2-fold2-seed47-v2_multiseed,0.4,0.4000041924766007,38164,0.4540030642978154,0.58482122711121,0.6814136151007719,405245,p2_system_reliability,0.9837306141853333
V3-1,P2,2,47,natural_missingness,fb82651717076e658cf67e62ccd41ca247d29c994518945706edefcf0b635aa0,21937929ea4a94565783eb7608ce89a63294679f682db7a966f3a6864bbcb1f2,extrasensory-p2-fold2-seed47-v2_multiseed,0.45,0.4500099571319267,42935,0.4589090815190788,0.5842618733028945,0.6848985943431718,455330,p2_system_reliability,0.9820514917373656
V3-1,P2,2,47,natural_missingness,fb82651717076e658cf67e62ccd41ca247d29c994518945706edefcf0b635aa0,21937929ea4a94565783eb7608ce89a63294679f682db7a966f3a6864bbcb1f2,extrasensory-p2-fold2-seed47-v2_multiseed,0.5,0.5000052405957509,47705,0.4637548604978467,0.5846519249776375,0.6880039897188015,504195,p2_system_reliability,0.9802273511886596
V3-1,P2,2,47,natural_missingness,fb82651717076e658cf67e62ccd41ca247d29c994518945706edefcf0b635aa0,21937929ea4a94565783eb7608ce89a63294679f682db7a966f3a6864bbcb1f2,extrasensory-p2-fold2-seed47-v2_multiseed,0.55,0.5500005240595751,52475,0.4666364457882221,0.5851234756786219,0.6905855178939166,552318,p2_system_reliability,0.9782707691192628
V3-1,P2,2,47,natural_missingness,fb82651717076e658cf67e62ccd41ca247d29c994518945706edefcf0b635aa0,21937929ea4a94565783eb7608ce89a63294679f682db7a966f3a6864bbcb1f2,extrasensory-p2-fold2-seed47-v2_multiseed,0.6,0.6000062887149011,57246,0.4688720249961841,0.5847929102134733,0.6924406816289431,600542,p2_system_reliability,0.9760905504226683
V3-1,P2,2,47,natural_missingness,fb82651717076e658cf67e62ccd41ca247d29c994518945706edefcf0b635aa0,21937929ea4a94565783eb7608ce89a63294679f682db7a966f3a6864bbcb1f2,extrasensory-p2-fold2-seed47-v2_multiseed,0.65,0.6500015721787252,62016,0.4663675374586157,0.5847405416509045,0.6960320264434238,649174,p2_system_reliability,0.9737979173660278
V3-1,P2,2,47,natural_missingness,fb82651717076e658cf67e62ccd41ca247d29c994518945706edefcf0b635aa0,21937929ea4a94565783eb7608ce89a63294679f682db7a966f3a6864bbcb1f2,extrasensory-p2-fold2-seed47-v2_multiseed,0.7,0.7000073368340513,66787,0.46400558352475,0.585766315234454,0.7002793107635844,697831,p2_system_reliability,0.9713670611381532
V3-1,P2,2,47,natural_missingness,fb82651717076e658cf67e62ccd41ca247d29c994518945706edefcf0b635aa0,21937929ea4a94565783eb7608ce89a63294679f682db7a966f3a6864bbcb1f2,extrasensory-p2-fold2-seed47-v2_multiseed,0.75,0.7500026202978755,71557,0.4605420035962301,0.585415866027611,0.7045361237670855,746988,p2_system_reliability,0.968608021736145
V3-1,P2,2,47,natural_missingness,fb82651717076e658cf67e62ccd41ca247d29c994518945706edefcf0b635aa0,21937929ea4a94565783eb7608ce89a63294679f682db7a966f3a6864bbcb1f2,extrasensory-p2-fold2-seed47-v2_multiseed,0.8,0.8000083849532015,76328,0.4581562822911643,0.5858214506260015,0.7078635696673222,796102,p2_system_reliability,0.9652265310287476
V3-1,P2,2,47,natural_missingness,fb82651717076e658cf67e62ccd41ca247d29c994518945706edefcf0b635aa0,21937929ea4a94565783eb7608ce89a63294679f682db7a966f3a6864bbcb1f2,extrasensory-p2-fold2-seed47-v2_multiseed,0.85,0.8500036684170257,81098,0.456642929444813,0.5859047844322647,0.7103474518448538,844630,p2_system_reliability,0.9608386754989624
V3-1,P2,2,47,natural_missingness,fb82651717076e658cf67e62ccd41ca247d29c994518945706edefcf0b635aa0,21937929ea4a94565783eb7608ce89a63294679f682db7a966f3a6864bbcb1f2,extrasensory-p2-fold2-seed47-v2_multiseed,0.9,0.9000094330723517,85869,0.4557547416748751,0.5850662126053677,0.7115594811952846,892655,p2_system_reliability,0.9546194672584534
V3-1,P2,2,47,natural_missingness,fb82651717076e658cf67e62ccd41ca247d29c994518945706edefcf0b635aa0,21937929ea4a94565783eb7608ce89a63294679f682db7a966f3a6864bbcb1f2,extrasensory-p2-fold2-seed47-v2_multiseed,0.95,0.9500047165361758,90639,0.4555405859302877,0.5837654852883334,0.7118345969692195,940095,p2_system_reliability,0.9436347484588624
V3-1,P2,2,47,natural_missingness,fb82651717076e658cf67e62ccd41ca247d29c994518945706edefcf0b635aa0,21937929ea4a94565783eb7608ce89a63294679f682db7a966f3a6864bbcb1f2,extrasensory-p2-fold2-seed47-v2_multiseed,1.0,1.0,95409,0.4574452741192513,0.5829432410903688,0.710276853537573,986204,p2_system_reliability,0.8238255977630615
V3-1,B4,3,13,natural_missingness,fb82651717076e658cf67e62ccd41ca247d29c994518945706edefcf0b635aa0,ef9e094bde7533b79ae4686caa437b9832650306a8a37e4986f0709318d649d3,extrasensory-gated-fold3-seed13-credible,0.05,0.0500069438014998,4321,0.2704131923506795,0.4263358466728267,0.9542046999417364,44058,mean_binary_certainty,0.961018414892426
V3-1,B4,3,13,natural_missingness,fb82651717076e658cf67e62ccd41ca247d29c994518945706edefcf0b635aa0,ef9e094bde7533b79ae4686caa437b9832650306a8a37e4986f0709318d649d3,extrasensory-gated-fold3-seed13-credible,0.1,0.1000023146004999,8641,0.2687008481429612,0.4740925013124819,0.9503873542530714,87714,mean_binary_certainty,0.9357833003724688
V3-1,B4,3,13,natural_missingness,fb82651717076e658cf67e62ccd41ca247d29c994518945706edefcf0b635aa0,ef9e094bde7533b79ae4686caa437b9832650306a8a37e4986f0709318d649d3,extrasensory-gated-fold3-seed13-credible,0.15,0.1500092584019998,12962,0.2551063898292928,0.525094624220573,0.9476611949415786,132700,mean_binary_certainty,0.9115497849414614
V3-1,B4,3,13,natural_missingness,fb82651717076e658cf67e62ccd41ca247d29c994518945706edefcf0b635aa0,ef9e094bde7533b79ae4686caa437b9832650306a8a37e4986f0709318d649d3,extrasensory-gated-fold3-seed13-credible,0.2,0.2000046292009999,17282,0.2735428056130325,0.5518996025148079,0.9436040391438264,179174,mean_binary_certainty,0.8624990011896114
V3-1,B4,3,13,natural_missingness,fb82651717076e658cf67e62ccd41ca247d29c994518945706edefcf0b635aa0,ef9e094bde7533b79ae4686caa437b9832650306a8a37e4986f0709318d649d3,extrasensory-gated-fold3-seed13-credible,0.25,0.25,21602,0.278784035261561,0.6846880343226012,0.9311541844684594,225268,mean_binary_certainty,0.799613836253103
V3-1,B4,3,13,natural_missingness,fb82651717076e658cf67e62ccd41ca247d29c994518945706edefcf0b635aa0,ef9e094bde7533b79ae4686caa437b9832650306a8a37e4986f0709318d649d3,extrasensory-gated-fold3-seed13-credible,0.3,0.3000069438014998,25923,0.2861930218321575,0.6837954188299076,0.9106907634754202,271889,mean_binary_certainty,0.7424308702976317
V3-1,B4,3,13,natural_missingness,fb82651717076e658cf67e62ccd41ca247d29c994518945706edefcf0b635aa0,ef9e094bde7533b79ae4686caa437b9832650306a8a37e4986f0709318d649d3,extrasensory-gated-fold3-seed13-credible,0.35,0.3500023146004999,30243,0.3013842794309719,0.6517487951879325,0.886623811452267,317764,mean_binary_certainty,0.6959253389832865
V3-1,B4,3,13,natural_missingness,fb82651717076e658cf67e62ccd41ca247d29c994518945706edefcf0b635aa0,ef9e094bde7533b79ae4686caa437b9832650306a8a37e4986f0709318d649d3,extrasensory-gated-fold3-seed13-credible,0.4,0.4000092584019998,34564,0.3159634518147386,0.644887950709505,0.8632624757293794,362337,mean_binary_certainty,0.6580793761957064
V3-1,B4,3,13,natural_missingness,fb82651717076e658cf67e62ccd41ca247d29c994518945706edefcf0b635aa0,ef9e094bde7533b79ae4686caa437b9832650306a8a37e4986f0709318d649d3,extrasensory-gated-fold3-seed13-credible,0.45,0.4500046292009999,38884,0.3333928939433908,0.6261432107821274,0.8405421801291164,405473,mean_binary_certainty,0.628545596008399
V3-1,B4,3,13,natural_missingness,fb82651717076e658cf67e62ccd41ca247d29c994518945706edefcf0b635aa0,ef9e094bde7533b79ae4686caa437b9832650306a8a37e4986f0709318d649d3,extrasensory-gated-fold3-seed13-credible,0.5,0.5,43204,0.3484753888176485,0.6102919801159588,0.8201221514415183,448103,mean_binary_certainty,0.6028492822154752
V3-1,B4,3,13,natural_missingness,fb82651717076e658cf67e62ccd41ca247d29c994518945706edefcf0b635aa0,ef9e094bde7533b79ae4686caa437b9832650306a8a37e4986f0709318d649d3,extrasensory-gated-fold3-seed13-credible,0.55,0.5500069438014998,47525,0.3621302580463885,0.5968154428427224,0.8018474676111613,490681,mean_binary_certainty,0.5772781692667224
V3-1,B4,3,13,natural_missingness,fb82651717076e658cf67e62ccd41ca247d29c994518945706edefcf0b635aa0,ef9e094bde7533b79ae4686caa437b9832650306a8a37e4986f0709318d649d3,extrasensory-gated-fold3-seed13-credible,0.6,0.6000023146004999,51845,0.3755673143246538,0.5856942981983412,0.7850970951026988,532464,mean_binary_certainty,0.5533436756624661
V3-1,B4,3,13,natural_missingness,fb82651717076e658cf67e62ccd41ca247d29c994518945706edefcf0b635aa0,ef9e094bde7533b79ae4686caa437b9832650306a8a37e4986f0709318d649d3,extrasensory-gated-fold3-seed13-credible,0.65,0.6500092584019999,56166,0.3877946341556318,0.575171056473697,0.7701190373030621,573814,mean_binary_certainty,0.5299267104194849
V3-1,B4,3,13,natural_missingness,fb82651717076e658cf67e62ccd41ca247d29c994518945706edefcf0b635aa0,ef9e094bde7533b79ae4686caa437b9832650306a8a37e4986f0709318d649d3,extrasensory-gated-fold3-seed13-credible,0.7,0.7000046292009999,60486,0.3967429729922802,0.5674728068666465,0.7567798918330026,614626,mean_binary_certainty,0.5060489443714122
V3-1,B4,3,13,natural_missingness,fb82651717076e658cf67e62ccd41ca247d29c994518945706edefcf0b635aa0,ef9e094bde7533b79ae4686caa437b9832650306a8a37e4986f0709318d649d3,extrasensory-gated-fold3-seed13-credible,0.75,0.75,64806,0.404838103014405,0.559903725998009,0.7445856873822976,655776,mean_binary_certainty,0.4814530350624506
V3-1,B4,3,13,natural_missingness,fb82651717076e658cf67e62ccd41ca247d29c994518945706edefcf0b635aa0,ef9e094bde7533b79ae4686caa437b9832650306a8a37e4986f0709318d649d3,extrasensory-gated-fold3-seed13-credible,0.8,0.8000069438014998,69127,0.4122006138596143,0.5526910781405021,0.7329069068435651,696446,mean_binary_certainty,0.4549264203005644
V3-1,B4,3,13,natural_missingness,fb82651717076e658cf67e62ccd41ca247d29c994518945706edefcf0b635aa0,ef9e094bde7533b79ae4686caa437b9832650306a8a37e4986f0709318d649d3,extrasensory-gated-fold3-seed13-credible,0.85,0.8500023146004999,73447,0.418576131159125,0.5448038981391617,0.7217725773324205,736855,mean_binary_certainty,0.4244756599007139
V3-1,B4,3,13,natural_missingness,fb82651717076e658cf67e62ccd41ca247d29c994518945706edefcf0b635aa0,ef9e094bde7533b79ae4686caa437b9832650306a8a37e4986f0709318d649d3,extrasensory-gated-fold3-seed13-credible,0.9,0.9000092584019999,77768,0.4243312686871532,0.5377492417616174,0.7112625158029301,777781,mean_binary_certainty,0.3865587232585763
V3-1,B4,3,13,natural_missingness,fb82651717076e658cf67e62ccd41ca247d29c994518945706edefcf0b635aa0,ef9e094bde7533b79ae4686caa437b9832650306a8a37e4986f0709318d649d3,extrasensory-gated-fold3-seed13-credible,0.95,0.950004629201,82088,0.4310380719171787,0.5277099645892569,0.699874121753725,817495,mean_binary_certainty,0.3337792524476712
V3-1,B4,3,13,natural_missingness,fb82651717076e658cf67e62ccd41ca247d29c994518945706edefcf0b635aa0,ef9e094bde7533b79ae4686caa437b9832650306a8a37e4986f0709318d649d3,extrasensory-gated-fold3-seed13-credible,1.0,1.0,86408,0.437792964503607,0.5171599801492013,0.6879098295532792,856815,mean_binary_certainty,0.0481366764973419
V3-1,B4,3,13,natural_missingness,fb82651717076e658cf67e62ccd41ca247d29c994518945706edefcf0b635aa0,ef9e094bde7533b79ae4686caa437b9832650306a8a37e4986f0709318d649d3,extrasensory-gated-fold3-seed13-credible,0.05,0.0500069438014998,4321,0.2907781114686014,0.5392452863088084,0.9660196117670602,42071,mean_normalized_threshold_margin,0.9878930144284922
V3-1,B4,3,13,natural_missingness,fb82651717076e658cf67e62ccd41ca247d29c994518945706edefcf0b635aa0,ef9e094bde7533b79ae4686caa437b9832650306a8a37e4986f0709318d649d3,extrasensory-gated-fold3-seed13-credible,0.1,0.1000023146004999,8641,0.2801162756040894,0.4908628310120155,0.9589894172595236,87393,mean_normalized_threshold_margin,0.9722956313803264
V3-1,B4,3,13,natural_missingness,fb82651717076e658cf67e62ccd41ca247d29c994518945706edefcf0b635aa0,ef9e094bde7533b79ae4686caa437b9832650306a8a37e4986f0709318d649d3,extrasensory-gated-fold3-seed13-credible,0.15,0.1500092584019998,12962,0.2819484687808855,0.5010073054293264,0.9522920337690344,132461,mean_normalized_threshold_margin,0.9511017505276896
V3-1,B4,3,13,natural_missingness,fb82651717076e658cf67e62ccd41ca247d29c994518945706edefcf0b635aa0,ef9e094bde7533b79ae4686caa437b9832650306a8a37e4986f0709318d649d3,extrasensory-gated-fold3-seed13-credible,0.2,0.2000046292009999,17282,0.2788871284545939,0.5859735931580285,0.9446707433181848,178568,mean_normalized_threshold_margin,0.9267563487534743
V3-1,B4,3,13,natural_missingness,fb82651717076e658cf67e62ccd41ca247d29c994518945706edefcf0b635aa0,ef9e094bde7533b79ae4686caa437b9832650306a8a37e4986f0709318d649d3,extrasensory-gated-fold3-seed13-credible,0.25,0.25,21602,0.280644612998154,0.6680829815784777,0.9335454695080374,225449,mean_normalized_threshold_margin,0.8880459721372225
V3-1,B4,3,13,natural_missingness,fb82651717076e658cf67e62ccd41ca247d29c994518945706edefcf0b635aa0,ef9e094bde7533b79ae4686caa437b9832650306a8a37e4986f0709318d649d3,extrasensory-gated-fold3-seed13-credible,0.3,0.3000069438014998,25923,0.28513776017858,0.6869850927599579,0.9141903390496138,273504,mean_normalized_threshold_margin,0.8484132244677788
V3-1,B4,3,13,natural_missingness,fb82651717076e658cf67e62ccd41ca247d29c994518945706edefcf0b635aa0,ef9e094bde7533b79ae4686caa437b9832650306a8a37e4986f0709318d649d3,extrasensory-gated-fold3-seed13-credible,0.35,0.3500023146004999,30243,0.296547777775319,0.6676457341484184,0.8908253510779577,319890,mean_normalized_threshold_margin,0.8166649616710495
V3-1,B4,3,13,natural_missingness,fb82651717076e658cf67e62ccd41ca247d29c994518945706edefcf0b635aa0,ef9e094bde7533b79ae4686caa437b9832650306a8a37e4986f0709318d649d3,extrasensory-gated-fold3-seed13-credible,0.4,0.4000092584019998,34564,0.3142728611850001,0.6505595087434595,0.866377768059476,365252,mean_normalized_threshold_margin,0.7923552420887781
V3-1,B4,3,13,natural_missingness,fb82651717076e658cf67e62ccd41ca247d29c994518945706edefcf0b635aa0,ef9e094bde7533b79ae4686caa437b9832650306a8a37e4986f0709318d649d3,extrasensory-gated-fold3-seed13-credible,0.45,0.4500046292009999,38884,0.3297704383132845,0.6324756628679673,0.8451418311747907,408614,mean_normalized_threshold_margin,0.7707123423282366
V3-1,B4,3,13,natural_missingness,fb82651717076e658cf67e62ccd41ca247d29c994518945706edefcf0b635aa0,ef9e094bde7533b79ae4686caa437b9832650306a8a37e4986f0709318d649d3,extrasensory-gated-fold3-seed13-credible,0.5,0.5,43204,0.343396476881794,0.6212369898865118,0.8266212375662059,451235,mean_normalized_threshold_margin,0.7499850448960287
V3-1,B4,3,13,natural_missingness,fb82651717076e658cf67e62ccd41ca247d29c994518945706edefcf0b635aa0,ef9e094bde7533b79ae4686caa437b9832650306a8a37e4986f0709318d649d3,extrasensory-gated-fold3-seed13-credible,0.55,0.5500069438014998,47525,0.3589332002264024,0.6071788958145834,0.8090495330417307,492638,mean_normalized_threshold_margin,0.7305847865337015
V3-1,B4,3,13,natural_missingness,fb82651717076e658cf67e62ccd41ca247d29c994518945706edefcf0b635aa0,ef9e094bde7533b79ae4686caa437b9832650306a8a37e4986f0709318d649d3,extrasensory-gated-fold3-seed13-credible,0.6,0.6000023146004999,51845,0.3721708914736338,0.5965716155245772,0.7925628798886684,532835,mean_normalized_threshold_margin,0.7109949367005198
V3-1,B4,3,13,natural_missingness,fb82651717076e658cf67e62ccd41ca247d29c994518945706edefcf0b635aa0,ef9e094bde7533b79ae4686caa437b9832650306a8a37e4986f0709318d649d3,extrasensory-gated-fold3-seed13-credible,0.65,0.6500092584019999,56166,0.3839853727805951,0.5851272343726261,0.7766767761829084,573474,mean_normalized_threshold_margin,0.6907465413585429
V3-1,B4,3,13,natural_missingness,fb82651717076e658cf67e62ccd41ca247d29c994518945706edefcf0b635aa0,ef9e094bde7533b79ae4686caa437b9832650306a8a37e4986f0709318d649d3,extrasensory-gated-fold3-seed13-credible,0.7,0.7000046292009999,60486,0.3935191152594908,0.572731068715502,0.7620120519689416,613666,mean_normalized_threshold_margin,0.6697097315066594
V3-1,B4,3,13,natural_missingness,fb82651717076e658cf67e62ccd41ca247d29c994518945706edefcf0b635aa0,ef9e094bde7533b79ae4686caa437b9832650306a8a37e4986f0709318d649d3,extrasensory-gated-fold3-seed13-credible,0.75,0.75,64806,0.401453857349109,0.5612857811794765,0.7488510678473941,653971,mean_normalized_threshold_margin,0.6466414658291005
V3-1,B4,3,13,natural_missingness,fb82651717076e658cf67e62ccd41ca247d29c994518945706edefcf0b635aa0,ef9e094bde7533b79ae4686caa437b9832650306a8a37e4986f0709318d649d3,extrasensory-gated-fold3-seed13-credible,0.8,0.8000069438014998,69127,0.4094342770422772,0.5515649996264467,0.7364565208859352,694576,mean_normalized_threshold_margin,0.620530620172194
V3-1,B4,3,13,natural_missingness,fb82651717076e658cf67e62ccd41ca247d29c994518945706edefcf0b635aa0,ef9e094bde7533b79ae4686caa437b9832650306a8a37e4986f0709318d649d3,extrasensory-gated-fold3-seed13-credible,0.85,0.8500023146004999,73447,0.4179175993543216,0.5431745278808688,0.7246114783089798,736219,mean_normalized_threshold_margin,0.5910582383641355
V3-1,B4,3,13,natural_missingness,fb82651717076e658cf67e62ccd41ca247d29c994518945706edefcf0b635aa0,ef9e094bde7533b79ae4686caa437b9832650306a8a37e4986f0709318d649d3,extrasensory-gated-fold3-seed13-credible,0.9,0.9000092584019999,77768,0.4257295969144926,0.5348421038662192,0.7133375230414477,778473,mean_normalized_threshold_margin,0.5547387296600981
V3-1,B4,3,13,natural_missingness,fb82651717076e658cf67e62ccd41ca247d29c994518945706edefcf0b635aa0,ef9e094bde7533b79ae4686caa437b9832650306a8a37e4986f0709318d649d3,extrasensory-gated-fold3-seed13-credible,0.95,0.950004629201,82088,0.4317562883320469,0.5276300011540017,0.7017855477648459,819291,mean_normalized_threshold_margin,0.4978462227610587
V3-1,B4,3,13,natural_missingness,fb82651717076e658cf67e62ccd41ca247d29c994518945706edefcf0b635aa0,ef9e094bde7533b79ae4686caa437b9832650306a8a37e4986f0709318d649d3,extrasensory-gated-fold3-seed13-credible,1.0,1.0,86408,0.4377929645036071,0.5171599801492013,0.6879098295532792,856815,mean_normalized_threshold_margin,0.1983391391175306
V3-1,B5,3,13,natural_missingness,fb82651717076e658cf67e62ccd41ca247d29c994518945706edefcf0b635aa0,60972b1929eb64fe92bddc6fc811559032b2dd09ef94d6e3ee98eb4336344469,extrasensory-robust-gated-fold3-seed13-credible,0.05,0.0500069438014998,4321,0.2843218055910661,0.542081808632594,0.9357961897113284,37491,mean_binary_certainty,0.9433239619623364
V3-1,B5,3,13,natural_missingness,fb82651717076e658cf67e62ccd41ca247d29c994518945706edefcf0b635aa0,60972b1929eb64fe92bddc6fc811559032b2dd09ef94d6e3ee98eb4336344469,extrasensory-robust-gated-fold3-seed13-credible,0.1,0.1000023146004999,8641,0.2672653738946923,0.7124500526612115,0.9333803752282916,81758,mean_binary_certainty,0.902269369935086
V3-1,B5,3,13,natural_missingness,fb82651717076e658cf67e62ccd41ca247d29c994518945706edefcf0b635aa0,60972b1929eb64fe92bddc6fc811559032b2dd09ef94d6e3ee98eb4336344469,extrasensory-robust-gated-fold3-seed13-credible,0.15,0.1500092584019998,12962,0.2817244774476722,0.6931149692799833,0.9352471747630016,128886,mean_binary_certainty,0.8408813258371812
V3-1,B5,3,13,natural_missingness,fb82651717076e658cf67e62ccd41ca247d29c994518945706edefcf0b635aa0,60972b1929eb64fe92bddc6fc811559032b2dd09ef94d6e3ee98eb4336344469,extrasensory-robust-gated-fold3-seed13-credible,0.2,0.2000046292009999,17282,0.2925112590802275,0.6721496008993334,0.9238742208838154,175041,mean_binary_certainty,0.7775939221754413
V3-1,B5,3,13,natural_missingness,fb82651717076e658cf67e62ccd41ca247d29c994518945706edefcf0b635aa0,60972b1929eb64fe92bddc6fc811559032b2dd09ef94d6e3ee98eb4336344469,extrasensory-robust-gated-fold3-seed13-credible,0.25,0.25,21602,0.2919848043628444,0.6711138378921223,0.9091481783599992,221704,mean_binary_certainty,0.7144711582324035
V3-1,B5,3,13,natural_missingness,fb82651717076e658cf67e62ccd41ca247d29c994518945706edefcf0b635aa0,60972b1929eb64fe92bddc6fc811559032b2dd09ef94d6e3ee98eb4336344469,extrasensory-robust-gated-fold3-seed13-credible,0.3,0.3000069438014998,25923,0.3004180372289792,0.6798270243578294,0.8899284984678243,267603,mean_binary_certainty,0.6610289809980486
V3-1,B5,3,13,natural_missingness,fb82651717076e658cf67e62ccd41ca247d29c994518945706edefcf0b635aa0,60972b1929eb64fe92bddc6fc811559032b2dd09ef94d6e3ee98eb4336344469,extrasensory-robust-gated-fold3-seed13-credible,0.35,0.3500023146004999,30243,0.3152180157328552,0.6654271667175092,0.8681079938463706,313407,mean_binary_certainty,0.6184214141371832
V3-1,B5,3,13,natural_missingness,fb82651717076e658cf67e62ccd41ca247d29c994518945706edefcf0b635aa0,60972b1929eb64fe92bddc6fc811559032b2dd09ef94d6e3ee98eb4336344469,extrasensory-robust-gated-fold3-seed13-credible,0.4,0.4000092584019998,34564,0.3312223862783167,0.6571603054521529,0.8475407292474787,358040,mean_binary_certainty,0.5841358158852579
V3-1,B5,3,13,natural_missingness,fb82651717076e658cf67e62ccd41ca247d29c994518945706edefcf0b635aa0,60972b1929eb64fe92bddc6fc811559032b2dd09ef94d6e3ee98eb4336344469,extrasensory-robust-gated-fold3-seed13-credible,0.45,0.4500046292009999,38884,0.3463493581662412,0.6437334216830308,0.8270631180973311,399821,mean_binary_certainty,0.5551775886390715
V3-1,B5,3,13,natural_missingness,fb82651717076e658cf67e62ccd41ca247d29c994518945706edefcf0b635aa0,60972b1929eb64fe92bddc6fc811559032b2dd09ef94d6e3ee98eb4336344469,extrasensory-robust-gated-fold3-seed13-credible,0.5,0.5,43204,0.3604692461563263,0.629332204398909,0.8091268695991716,440414,mean_binary_certainty,0.5272283320735731
V3-1,B5,3,13,natural_missingness,fb82651717076e658cf67e62ccd41ca247d29c994518945706edefcf0b635aa0,60972b1929eb64fe92bddc6fc811559032b2dd09ef94d6e3ee98eb4336344469,extrasensory-robust-gated-fold3-seed13-credible,0.55,0.5500069438014998,47525,0.3707223759113899,0.6204635586810977,0.7939513375348773,480992,mean_binary_certainty,0.5005243769758323
V3-1,B5,3,13,natural_missingness,fb82651717076e658cf67e62ccd41ca247d29c994518945706edefcf0b635aa0,60972b1929eb64fe92bddc6fc811559032b2dd09ef94d6e3ee98eb4336344469,extrasensory-robust-gated-fold3-seed13-credible,0.6,0.6000023146004999,51845,0.3808178759036458,0.6091521464488051,0.7802984902200047,521894,mean_binary_certainty,0.4750642324714872
V3-1,B5,3,13,natural_missingness,fb82651717076e658cf67e62ccd41ca247d29c994518945706edefcf0b635aa0,60972b1929eb64fe92bddc6fc811559032b2dd09ef94d6e3ee98eb4336344469,extrasensory-robust-gated-fold3-seed13-credible,0.65,0.6500092584019999,56166,0.3897991637626464,0.6005874941085043,0.7676636178793593,562805,mean_binary_certainty,0.4495287717729301
V3-1,B5,3,13,natural_missingness,fb82651717076e658cf67e62ccd41ca247d29c994518945706edefcf0b635aa0,60972b1929eb64fe92bddc6fc811559032b2dd09ef94d6e3ee98eb4336344469,extrasensory-robust-gated-fold3-seed13-credible,0.7,0.7000046292009999,60486,0.3976068443221946,0.5912363597674358,0.7560134440291956,603447,mean_binary_certainty,0.4243860450956827
V3-1,B5,3,13,natural_missingness,fb82651717076e658cf67e62ccd41ca247d29c994518945706edefcf0b635aa0,60972b1929eb64fe92bddc6fc811559032b2dd09ef94d6e3ee98eb4336344469,extrasensory-robust-gated-fold3-seed13-credible,0.75,0.75,64806,0.4045011074805587,0.5834530046848515,0.7453319425876684,644662,mean_binary_certainty,0.3977873002997628
V3-1,B5,3,13,natural_missingness,fb82651717076e658cf67e62ccd41ca247d29c994518945706edefcf0b635aa0,60972b1929eb64fe92bddc6fc811559032b2dd09ef94d6e3ee98eb4336344469,extrasensory-robust-gated-fold3-seed13-credible,0.8,0.8000069438014998,69127,0.4117835568249117,0.5736281125761943,0.7348007604793558,686386,mean_binary_certainty,0.3700108263880826
V3-1,B5,3,13,natural_missingness,fb82651717076e658cf67e62ccd41ca247d29c994518945706edefcf0b635aa0,60972b1929eb64fe92bddc6fc811559032b2dd09ef94d6e3ee98eb4336344469,extrasensory-robust-gated-fold3-seed13-credible,0.85,0.8500023146004999,73447,0.4183020515297568,0.5643918401750494,0.7251485117599457,727675,mean_binary_certainty,0.3372713905862188
V3-1,B5,3,13,natural_missingness,fb82651717076e658cf67e62ccd41ca247d29c994518945706edefcf0b635aa0,60972b1929eb64fe92bddc6fc811559032b2dd09ef94d6e3ee98eb4336344469,extrasensory-robust-gated-fold3-seed13-credible,0.9,0.9000092584019999,77768,0.4252418362474547,0.5555550827678354,0.7165738366781599,769685,mean_binary_certainty,0.2993475226310634
V3-1,B5,3,13,natural_missingness,fb82651717076e658cf67e62ccd41ca247d29c994518945706edefcf0b635aa0,60972b1929eb64fe92bddc6fc811559032b2dd09ef94d6e3ee98eb4336344469,extrasensory-robust-gated-fold3-seed13-credible,0.95,0.950004629201,82088,0.4326699981555053,0.5453961708754357,0.7077906564080915,812857,mean_binary_certainty,0.2480608949935089
V3-1,B5,3,13,natural_missingness,fb82651717076e658cf67e62ccd41ca247d29c994518945706edefcf0b635aa0,60972b1929eb64fe92bddc6fc811559032b2dd09ef94d6e3ee98eb4336344469,extrasensory-robust-gated-fold3-seed13-credible,1.0,1.0,86408,0.4424851252020992,0.5313139307648935,0.6968678203086843,856815,mean_binary_certainty,0.0354663200364596
V3-1,B5,3,13,natural_missingness,fb82651717076e658cf67e62ccd41ca247d29c994518945706edefcf0b635aa0,60972b1929eb64fe92bddc6fc811559032b2dd09ef94d6e3ee98eb4336344469,extrasensory-robust-gated-fold3-seed13-credible,0.05,0.0500069438014998,4321,0.277785694532532,0.7258696170949688,0.9414565332392876,37648,mean_normalized_threshold_margin,0.9806148116417844
V3-1,B5,3,13,natural_missingness,fb82651717076e658cf67e62ccd41ca247d29c994518945706edefcf0b635aa0,60972b1929eb64fe92bddc6fc811559032b2dd09ef94d6e3ee98eb4336344469,extrasensory-robust-gated-fold3-seed13-credible,0.1,0.1000023146004999,8641,0.2763389971955768,0.670632383060072,0.9376616873904698,80685,mean_normalized_threshold_margin,0.9543462998271786
V3-1,B5,3,13,natural_missingness,fb82651717076e658cf67e62ccd41ca247d29c994518945706edefcf0b635aa0,60972b1929eb64fe92bddc6fc811559032b2dd09ef94d6e3ee98eb4336344469,extrasensory-robust-gated-fold3-seed13-credible,0.15,0.1500092584019998,12962,0.2758915999692479,0.6809133251461474,0.9372113878813026,129012,mean_normalized_threshold_margin,0.9232040338364396
V3-1,B5,3,13,natural_missingness,fb82651717076e658cf67e62ccd41ca247d29c994518945706edefcf0b635aa0,60972b1929eb64fe92bddc6fc811559032b2dd09ef94d6e3ee98eb4336344469,extrasensory-robust-gated-fold3-seed13-credible,0.2,0.2000046292009999,17282,0.2863254914243184,0.6752545320960224,0.9271736857305038,176048,mean_normalized_threshold_margin,0.8840647280759378
V3-1,B5,3,13,natural_missingness,fb82651717076e658cf67e62ccd41ca247d29c994518945706edefcf0b635aa0,60972b1929eb64fe92bddc6fc811559032b2dd09ef94d6e3ee98eb4336344469,extrasensory-robust-gated-fold3-seed13-credible,0.25,0.25,21602,0.2906245680650626,0.6692945199540234,0.910210561765319,223155,mean_normalized_threshold_margin,0.8453406930678502
V3-1,B5,3,13,natural_missingness,fb82651717076e658cf67e62ccd41ca247d29c994518945706edefcf0b635aa0,60972b1929eb64fe92bddc6fc811559032b2dd09ef94d6e3ee98eb4336344469,extrasensory-robust-gated-fold3-seed13-credible,0.3,0.3000069438014998,25923,0.2972093881644189,0.6737988279886838,0.8911459839776144,270241,mean_normalized_threshold_margin,0.8109852229926328
V3-1,B5,3,13,natural_missingness,fb82651717076e658cf67e62ccd41ca247d29c994518945706edefcf0b635aa0,60972b1929eb64fe92bddc6fc811559032b2dd09ef94d6e3ee98eb4336344469,extrasensory-robust-gated-fold3-seed13-credible,0.35,0.3500023146004999,30243,0.310061770582117,0.6758545590380726,0.870799000092584,316815,mean_normalized_threshold_margin,0.7830459079827757
V3-1,B5,3,13,natural_missingness,fb82651717076e658cf67e62ccd41ca247d29c994518945706edefcf0b635aa0,60972b1929eb64fe92bddc6fc811559032b2dd09ef94d6e3ee98eb4336344469,extrasensory-robust-gated-fold3-seed13-credible,0.4,0.4000092584019998,34564,0.3246433730729812,0.66405862859344,0.8509972424830905,361432,mean_normalized_threshold_margin,0.7581894189882027
V3-1,B5,3,13,natural_missingness,fb82651717076e658cf67e62ccd41ca247d29c994518945706edefcf0b635aa0,60972b1929eb64fe92bddc6fc811559032b2dd09ef94d6e3ee98eb4336344469,extrasensory-robust-gated-fold3-seed13-credible,0.45,0.4500046292009999,38884,0.3405637637718187,0.6523118167823336,0.8330117371213261,405043,mean_normalized_threshold_margin,0.7355922923201421
V3-1,B5,3,13,natural_missingness,fb82651717076e658cf67e62ccd41ca247d29c994518945706edefcf0b635aa0,60972b1929eb64fe92bddc6fc811559032b2dd09ef94d6e3ee98eb4336344469,extrasensory-robust-gated-fold3-seed13-credible,0.5,0.5,43204,0.355650421753806,0.6419816153980675,0.8162721734419137,447133,mean_normalized_threshold_margin,0.7140422344523951
V3-1,B5,3,13,natural_missingness,fb82651717076e658cf67e62ccd41ca247d29c994518945706edefcf0b635aa0,60972b1929eb64fe92bddc6fc811559032b2dd09ef94d6e3ee98eb4336344469,extrasensory-robust-gated-fold3-seed13-credible,0.55,0.5500069438014998,47525,0.3670880363523457,0.6332620963842684,0.8014413594295251,488322,mean_normalized_threshold_margin,0.6925520713705268
V3-1,B5,3,13,natural_missingness,fb82651717076e658cf67e62ccd41ca247d29c994518945706edefcf0b635aa0,60972b1929eb64fe92bddc6fc811559032b2dd09ef94d6e3ee98eb4336344469,extrasensory-robust-gated-fold3-seed13-credible,0.6,0.6000023146004999,51845,0.3777728631232367,0.6223005895427212,0.7875659313260712,528537,mean_normalized_threshold_margin,0.67134827333358
V3-1,B5,3,13,natural_missingness,fb82651717076e658cf67e62ccd41ca247d29c994518945706edefcf0b635aa0,60972b1929eb64fe92bddc6fc811559032b2dd09ef94d6e3ee98eb4336344469,extrasensory-robust-gated-fold3-seed13-credible,0.65,0.6500092584019999,56166,0.3866165435217473,0.6128993085084278,0.7747401325577365,568781,mean_normalized_threshold_margin,0.6494968486639195
V3-1,B5,3,13,natural_missingness,fb82651717076e658cf67e62ccd41ca247d29c994518945706edefcf0b635aa0,60972b1929eb64fe92bddc6fc811559032b2dd09ef94d6e3ee98eb4336344469,extrasensory-robust-gated-fold3-seed13-credible,0.7,0.7000046292009999,60486,0.3948085301137214,0.6033266603266334,0.7624906226556639,608659,mean_normalized_threshold_margin,0.6272246204338463
V3-1,B5,3,13,natural_missingness,fb82651717076e658cf67e62ccd41ca247d29c994518945706edefcf0b635aa0,60972b1929eb64fe92bddc6fc811559032b2dd09ef94d6e3ee98eb4336344469,extrasensory-robust-gated-fold3-seed13-credible,0.75,0.75,64806,0.4023806697345859,0.5914726648068421,0.7506618628850316,648807,mean_normalized_threshold_margin,0.6028847191402684
V3-1,B5,3,13,natural_missingness,fb82651717076e658cf67e62ccd41ca247d29c994518945706edefcf0b635aa0,60972b1929eb64fe92bddc6fc811559032b2dd09ef94d6e3ee98eb4336344469,extrasensory-robust-gated-fold3-seed13-credible,0.8,0.8000069438014998,69127,0.4092730558834593,0.5826277957592897,0.7403644569082186,689552,mean_normalized_threshold_margin,0.575575725274605
V3-1,B5,3,13,natural_missingness,fb82651717076e658cf67e62ccd41ca247d29c994518945706edefcf0b635aa0,60972b1929eb64fe92bddc6fc811559032b2dd09ef94d6e3ee98eb4336344469,extrasensory-robust-gated-fold3-seed13-credible,0.85,0.8500023146004999,73447,0.4160414388433358,0.5730959602124326,0.7300318711840977,731630,mean_normalized_threshold_margin,0.5456536726018456
V3-1,B5,3,13,natural_missingness,fb82651717076e658cf67e62ccd41ca247d29c994518945706edefcf0b635aa0,60972b1929eb64fe92bddc6fc811559032b2dd09ef94d6e3ee98eb4336344469,extrasensory-robust-gated-fold3-seed13-credible,0.9,0.9000092584019999,77768,0.4241009844560582,0.5609706444357848,0.7199164848047397,773763,mean_normalized_threshold_margin,0.5090764166114482
V3-1,B5,3,13,natural_missingness,fb82651717076e658cf67e62ccd41ca247d29c994518945706edefcf0b635aa0,60972b1929eb64fe92bddc6fc811559032b2dd09ef94d6e3ee98eb4336344469,extrasensory-robust-gated-fold3-seed13-credible,0.95,0.950004629201,82088,0.4324011021824465,0.5478123332818164,0.7093807296710982,815702,mean_normalized_threshold_margin,0.4551839462149134
V3-1,B5,3,13,natural_missingness,fb82651717076e658cf67e62ccd41ca247d29c994518945706edefcf0b635aa0,60972b1929eb64fe92bddc6fc811559032b2dd09ef94d6e3ee98eb4336344469,extrasensory-robust-gated-fold3-seed13-credible,1.0,1.0,86408,0.4424851252020993,0.5313139307648935,0.6968678203086843,856815,mean_normalized_threshold_margin,0.1630228606251672
V3-1,P,3,13,natural_missingness,fb82651717076e658cf67e62ccd41ca247d29c994518945706edefcf0b635aa0,2196844d0749b820656fc5916cefc54ea1af688b113b1a302f56e3b58b9416b1,extrasensory-quality-aware-fold3-seed13-credible,0.05,0.0500069438014998,4321,0.5149137562033718,0.4197071295107594,0.9369037656903766,41233,mean_binary_certainty,0.962674948024026
V3-1,P,3,13,natural_missingness,fb82651717076e658cf67e62ccd41ca247d29c994518945706edefcf0b635aa0,2196844d0749b820656fc5916cefc54ea1af688b113b1a302f56e3b58b9416b1,extrasensory-quality-aware-fold3-seed13-credible,0.1,0.1000023146004999,8641,0.4145871455584922,0.5477442039986123,0.940839010397992,87309,mean_binary_certainty,0.9306694764592126
V3-1,P,3,13,natural_missingness,fb82651717076e658cf67e62ccd41ca247d29c994518945706edefcf0b635aa0,2196844d0749b820656fc5916cefc54ea1af688b113b1a302f56e3b58b9416b1,extrasensory-quality-aware-fold3-seed13-credible,0.15,0.1500092584019998,12962,0.37631338268951,0.6375243940269073,0.9399446446289624,134041,mean_binary_certainty,0.8871446012674029
V3-1,P,3,13,natural_missingness,fb82651717076e658cf67e62ccd41ca247d29c994518945706edefcf0b635aa0,2196844d0749b820656fc5916cefc54ea1af688b113b1a302f56e3b58b9416b1,extrasensory-quality-aware-fold3-seed13-credible,0.2,0.2000046292009999,17282,0.3905815236857936,0.6445715775926242,0.9275304211855744,177238,mean_binary_certainty,0.8249778311682197
V3-1,P,3,13,natural_missingness,fb82651717076e658cf67e62ccd41ca247d29c994518945706edefcf0b635aa0,2196844d0749b820656fc5916cefc54ea1af688b113b1a302f56e3b58b9416b1,extrasensory-quality-aware-fold3-seed13-credible,0.25,0.25,21602,0.3923571886806352,0.6568108323470675,0.9092349479402444,222841,mean_binary_certainty,0.7631495840146914
V3-1,P,3,13,natural_missingness,fb82651717076e658cf67e62ccd41ca247d29c994518945706edefcf0b635aa0,2196844d0749b820656fc5916cefc54ea1af688b113b1a302f56e3b58b9416b1,extrasensory-quality-aware-fold3-seed13-credible,0.3,0.3000069438014998,25923,0.390999502823628,0.670260369109732,0.8891333428398759,268847,mean_binary_certainty,0.7108645108076426
V3-1,P,3,13,natural_missingness,fb82651717076e658cf67e62ccd41ca247d29c994518945706edefcf0b635aa0,2196844d0749b820656fc5916cefc54ea1af688b113b1a302f56e3b58b9416b1,extrasensory-quality-aware-fold3-seed13-credible,0.35,0.3500023146004999,30243,0.3976700894345604,0.6600196808967558,0.8655718117817943,314556,mean_binary_certainty,0.6713431476013321
V3-1,P,3,13,natural_missingness,fb82651717076e658cf67e62ccd41ca247d29c994518945706edefcf0b635aa0,2196844d0749b820656fc5916cefc54ea1af688b113b1a302f56e3b58b9416b1,extrasensory-quality-aware-fold3-seed13-credible,0.4,0.4000092584019998,34564,0.4043825411082001,0.6519116649245608,0.8450059431430662,357680,mean_binary_certainty,0.6376699629308216
V3-1,P,3,13,natural_missingness,fb82651717076e658cf67e62ccd41ca247d29c994518945706edefcf0b635aa0,2196844d0749b820656fc5916cefc54ea1af688b113b1a302f56e3b58b9416b1,extrasensory-quality-aware-fold3-seed13-credible,0.45,0.4500046292009999,38884,0.4101879594785192,0.6440969823438454,0.8266584427903239,399546,mean_binary_certainty,0.6073131559638258
V3-1,P,3,13,natural_missingness,fb82651717076e658cf67e62ccd41ca247d29c994518945706edefcf0b635aa0,2196844d0749b820656fc5916cefc54ea1af688b113b1a302f56e3b58b9416b1,extrasensory-quality-aware-fold3-seed13-credible,0.5,0.5,43204,0.4136779751710859,0.6379391126394752,0.8111181516243031,441171,mean_binary_certainty,0.5787452690427177
V3-1,P,3,13,natural_missingness,fb82651717076e658cf67e62ccd41ca247d29c994518945706edefcf0b635aa0,2196844d0749b820656fc5916cefc54ea1af688b113b1a302f56e3b58b9416b1,extrasensory-quality-aware-fold3-seed13-credible,0.55,0.5500069438014998,47525,0.4174869484068598,0.6278326167481617,0.7962511905319531,482480,mean_binary_certainty,0.552345728615333
V3-1,P,3,13,natural_missingness,fb82651717076e658cf67e62ccd41ca247d29c994518945706edefcf0b635aa0,2196844d0749b820656fc5916cefc54ea1af688b113b1a302f56e3b58b9416b1,extrasensory-quality-aware-fold3-seed13-credible,0.6,0.6000023146004999,51845,0.4212115597509123,0.6152748211302619,0.7817064214208963,522647,mean_binary_certainty,0.5265445039895038
V3-1,P,3,13,natural_missingness,fb82651717076e658cf67e62ccd41ca247d29c994518945706edefcf0b635aa0,2196844d0749b820656fc5916cefc54ea1af688b113b1a302f56e3b58b9416b1,extrasensory-quality-aware-fold3-seed13-credible,0.65,0.6500092584019999,56166,0.4246344086170488,0.6024498766926815,0.7683163643719236,562516,mean_binary_certainty,0.5004618117191226
V3-1,P,3,13,natural_missingness,fb82651717076e658cf67e62ccd41ca247d29c994518945706edefcf0b635aa0,2196844d0749b820656fc5916cefc54ea1af688b113b1a302f56e3b58b9416b1,extrasensory-quality-aware-fold3-seed13-credible,0.7,0.7000046292009999,60486,0.4286380828592824,0.5910641242604993,0.7557543747770387,602874,mean_binary_certainty,0.4723354115665369
V3-1,P,3,13,natural_missingness,fb82651717076e658cf67e62ccd41ca247d29c994518945706edefcf0b635aa0,2196844d0749b820656fc5916cefc54ea1af688b113b1a302f56e3b58b9416b1,extrasensory-quality-aware-fold3-seed13-credible,0.75,0.75,64806,0.4322780043577766,0.5799521361308485,0.7444530726687493,643876,mean_binary_certainty,0.4439294741519227
V3-1,P,3,13,natural_missingness,fb82651717076e658cf67e62ccd41ca247d29c994518945706edefcf0b635aa0,2196844d0749b820656fc5916cefc54ea1af688b113b1a302f56e3b58b9416b1,extrasensory-quality-aware-fold3-seed13-credible,0.8,0.8000069438014998,69127,0.4374438119665814,0.5690110757544155,0.7335865587996778,685730,mean_binary_certainty,0.4127481601184491
V3-1,P,3,13,natural_missingness,fb82651717076e658cf67e62ccd41ca247d29c994518945706edefcf0b635aa0,2196844d0749b820656fc5916cefc54ea1af688b113b1a302f56e3b58b9416b1,extrasensory-quality-aware-fold3-seed13-credible,0.85,0.8500023146004999,73447,0.4427537579700709,0.5596306958071973,0.723086823476879,728363,mean_binary_certainty,0.3785056935456914
V3-1,P,3,13,natural_missingness,fb82651717076e658cf67e62ccd41ca247d29c994518945706edefcf0b635aa0,2196844d0749b820656fc5916cefc54ea1af688b113b1a302f56e3b58b9416b1,extrasensory-quality-aware-fold3-seed13-credible,0.9,0.9000092584019999,77768,0.4486097900166722,0.54979249621493,0.7129159812102353,771469,mean_binary_certainty,0.3371401861704881
V3-1,P,3,13,natural_missingness,fb82651717076e658cf67e62ccd41ca247d29c994518945706edefcf0b635aa0,2196844d0749b820656fc5916cefc54ea1af688b113b1a302f56e3b58b9416b1,extrasensory-quality-aware-fold3-seed13-credible,0.95,0.950004629201,82088,0.4551596645564938,0.5388185949517232,0.7028687852743496,814359,mean_binary_certainty,0.2817607430942744
V3-1,P,3,13,natural_missingness,fb82651717076e658cf67e62ccd41ca247d29c994518945706edefcf0b635aa0,2196844d0749b820656fc5916cefc54ea1af688b113b1a302f56e3b58b9416b1,extrasensory-quality-aware-fold3-seed13-credible,1.0,1.0,86408,0.462769813275137,0.5281825362911489,0.6924370789401464,856815,mean_binary_certainty,0.0375351299605548
V3-1,P,3,13,natural_missingness,fb82651717076e658cf67e62ccd41ca247d29c994518945706edefcf0b635aa0,2196844d0749b820656fc5916cefc54ea1af688b113b1a302f56e3b58b9416b1,extrasensory-quality-aware-fold3-seed13-credible,0.05,0.0500069438014998,4321,0.5326776057841868,0.3795208967208315,0.9402173913043478,40996,mean_normalized_threshold_margin,0.9894352978505816
V3-1,P,3,13,natural_missingness,fb82651717076e658cf67e62ccd41ca247d29c994518945706edefcf0b635aa0,2196844d0749b820656fc5916cefc54ea1af688b113b1a302f56e3b58b9416b1,extrasensory-quality-aware-fold3-seed13-credible,0.1,0.1000023146004999,8641,0.4222923544558679,0.5947100035006965,0.945318857551158,86923,mean_normalized_threshold_margin,0.9728133971790096
V3-1,P,3,13,natural_missingness,fb82651717076e658cf67e62ccd41ca247d29c994518945706edefcf0b635aa0,2196844d0749b820656fc5916cefc54ea1af688b113b1a302f56e3b58b9416b1,extrasensory-quality-aware-fold3-seed13-credible,0.15,0.1500092584019998,12962,0.3790672171466405,0.6415087803916318,0.941677734965743,132932,mean_normalized_threshold_margin,0.9482508094365286
V3-1,P,3,13,natural_missingness,fb82651717076e658cf67e62ccd41ca247d29c994518945706edefcf0b635aa0,2196844d0749b820656fc5916cefc54ea1af688b113b1a302f56e3b58b9416b1,extrasensory-quality-aware-fold3-seed13-credible,0.2,0.2000046292009999,17282,0.3896573133441633,0.6295147388859561,0.9302060526079002,177433,mean_normalized_threshold_margin,0.914989954748038
V3-1,P,3,13,natural_missingness,fb82651717076e658cf67e62ccd41ca247d29c994518945706edefcf0b635aa0,2196844d0749b820656fc5916cefc54ea1af688b113b1a302f56e3b58b9416b1,extrasensory-quality-aware-fold3-seed13-credible,0.25,0.25,21602,0.3854920870419435,0.6568677832593199,0.912967544753311,222844,mean_normalized_threshold_margin,0.875519103625488
V3-1,P,3,13,natural_missingness,fb82651717076e658cf67e62ccd41ca247d29c994518945706edefcf0b635aa0,2196844d0749b820656fc5916cefc54ea1af688b113b1a302f56e3b58b9416b1,extrasensory-quality-aware-fold3-seed13-credible,0.3,0.3000069438014998,25923,0.3911074209330638,0.6636576812901155,0.8906616293054829,268530,mean_normalized_threshold_margin,0.8413568962218645
V3-1,P,3,13,natural_missingness,fb82651717076e658cf67e62ccd41ca247d29c994518945706edefcf0b635aa0,2196844d0749b820656fc5916cefc54ea1af688b113b1a302f56e3b58b9416b1,extrasensory-quality-aware-fold3-seed13-credible,0.35,0.3500023146004999,30243,0.3965816730019119,0.6575988623388583,0.8681911658727787,314717,mean_normalized_threshold_margin,0.8126774633988867
V3-1,P,3,13,natural_missingness,fb82651717076e658cf67e62ccd41ca247d29c994518945706edefcf0b635aa0,2196844d0749b820656fc5916cefc54ea1af688b113b1a302f56e3b58b9416b1,extrasensory-quality-aware-fold3-seed13-credible,0.4,0.4000092584019998,34564,0.400414204822712,0.6572749371719903,0.8482997058671758,359247,mean_normalized_threshold_margin,0.7880968117373203
V3-1,P,3,13,natural_missingness,fb82651717076e658cf67e62ccd41ca247d29c994518945706edefcf0b635aa0,2196844d0749b820656fc5916cefc54ea1af688b113b1a302f56e3b58b9416b1,extrasensory-quality-aware-fold3-seed13-credible,0.45,0.4500046292009999,38884,0.4063527560734473,0.6519668288471363,0.8309347181008903,401280,mean_normalized_threshold_margin,0.7668488466774555
V3-1,P,3,13,natural_missingness,fb82651717076e658cf67e62ccd41ca247d29c994518945706edefcf0b635aa0,2196844d0749b820656fc5916cefc54ea1af688b113b1a302f56e3b58b9416b1,extrasensory-quality-aware-fold3-seed13-credible,0.5,0.5,43204,0.4100809237748579,0.6460250735679847,0.8156706697634815,442794,mean_normalized_threshold_margin,0.7463037661818823
V3-1,P,3,13,natural_missingness,fb82651717076e658cf67e62ccd41ca247d29c994518945706edefcf0b635aa0,2196844d0749b820656fc5916cefc54ea1af688b113b1a302f56e3b58b9416b1,extrasensory-quality-aware-fold3-seed13-credible,0.55,0.5500069438014998,47525,0.4134283269779967,0.6394198904661444,0.801478863162617,484193,mean_normalized_threshold_margin,0.7247268482048983
V3-1,P,3,13,natural_missingness,fb82651717076e658cf67e62ccd41ca247d29c994518945706edefcf0b635aa0,2196844d0749b820656fc5916cefc54ea1af688b113b1a302f56e3b58b9416b1,extrasensory-quality-aware-fold3-seed13-credible,0.6,0.6000023146004999,51845,0.417209767225856,0.6281270640132078,0.7883431630783325,524685,mean_normalized_threshold_margin,0.7027209105514254
V3-1,P,3,13,natural_missingness,fb82651717076e658cf67e62ccd41ca247d29c994518945706edefcf0b635aa0,2196844d0749b820656fc5916cefc54ea1af688b113b1a302f56e3b58b9416b1,extrasensory-quality-aware-fold3-seed13-credible,0.65,0.6500092584019999,56166,0.420610816775561,0.6179649195003444,0.7754646172869873,566150,mean_normalized_threshold_margin,0.6789851248830341
V3-1,P,3,13,natural_missingness,fb82651717076e658cf67e62ccd41ca247d29c994518945706edefcf0b635aa0,2196844d0749b820656fc5916cefc54ea1af688b113b1a302f56e3b58b9416b1,extrasensory-quality-aware-fold3-seed13-credible,0.7,0.7000046292009999,60486,0.4245859173070221,0.6066463087797946,0.7627484256789939,607003,mean_normalized_threshold_margin,0.6540699064389278
V3-1,P,3,13,natural_missingness,fb82651717076e658cf67e62ccd41ca247d29c994518945706edefcf0b635aa0,2196844d0749b820656fc5916cefc54ea1af688b113b1a302f56e3b58b9416b1,extrasensory-quality-aware-fold3-seed13-credible,0.75,0.75,64806,0.4290223397186603,0.5943066049982768,0.7507075692365269,647252,mean_normalized_threshold_margin,0.6275268976124165
V3-1,P,3,13,natural_missingness,fb82651717076e658cf67e62ccd41ca247d29c994518945706edefcf0b635aa0,2196844d0749b820656fc5916cefc54ea1af688b113b1a302f56e3b58b9416b1,extrasensory-quality-aware-fold3-seed13-credible,0.8,0.8000069438014998,69127,0.4342744383153314,0.5819433219558976,0.7382960956210435,688413,mean_normalized_threshold_margin,0.598015406239855
V3-1,P,3,13,natural_missingness,fb82651717076e658cf67e62ccd41ca247d29c994518945706edefcf0b635aa0,2196844d0749b820656fc5916cefc54ea1af688b113b1a302f56e3b58b9416b1,extrasensory-quality-aware-fold3-seed13-credible,0.85,0.8500023146004999,73447,0.4396430846986595,0.5674535704973616,0.7263463731365821,730474,mean_normalized_threshold_margin,0.5656462338764712
V3-1,P,3,13,natural_missingness,fb82651717076e658cf67e62ccd41ca247d29c994518945706edefcf0b635aa0,2196844d0749b820656fc5916cefc54ea1af688b113b1a302f56e3b58b9416b1,extrasensory-quality-aware-fold3-seed13-credible,0.9,0.9000092584019999,77768,0.4461870012575773,0.5546950374169224,0.7150671234327399,772935,mean_normalized_threshold_margin,0.528425512605033
V3-1,P,3,13,natural_missingness,fb82651717076e658cf67e62ccd41ca247d29c994518945706edefcf0b635aa0,2196844d0749b820656fc5916cefc54ea1af688b113b1a302f56e3b58b9416b1,extrasensory-quality-aware-fold3-seed13-credible,0.95,0.950004629201,82088,0.4539451622806697,0.5410389841836747,0.7038631614299574,815449,mean_normalized_threshold_margin,0.4782379680768446
V3-1,P,3,13,natural_missingness,fb82651717076e658cf67e62ccd41ca247d29c994518945706edefcf0b635aa0,2196844d0749b820656fc5916cefc54ea1af688b113b1a302f56e3b58b9416b1,extrasensory-quality-aware-fold3-seed13-credible,1.0,1.0,86408,0.462769813275137,0.5281825362911489,0.6924370789401464,856815,mean_normalized_threshold_margin,0.2013950567592585
V3-1,P2,3,13,natural_missingness,fb82651717076e658cf67e62ccd41ca247d29c994518945706edefcf0b635aa0,798c57a3ac7a11de427c0a84f98e03963a324e88ac17f5f896df91646b94d404,extrasensory-p2-fold3-seed13-v2_seed13,0.05,0.0500069438014998,4321,0.245706612951476,0.5485367763337246,0.95096554335479,35691,mean_binary_certainty,0.9399996735830976
V3-1,P2,3,13,natural_missingness,fb82651717076e658cf67e62ccd41ca247d29c994518945706edefcf0b635aa0,798c57a3ac7a11de427c0a84f98e03963a324e88ac17f5f896df91646b94d404,extrasensory-p2-fold3-seed13-v2_seed13,0.1,0.1000023146004999,8641,0.2249122027955561,0.4756915987303071,0.9460894033382362,80986,mean_binary_certainty,0.9019133088082664
V3-1,P2,3,13,natural_missingness,fb82651717076e658cf67e62ccd41ca247d29c994518945706edefcf0b635aa0,798c57a3ac7a11de427c0a84f98e03963a324e88ac17f5f896df91646b94d404,extrasensory-p2-fold3-seed13-v2_seed13,0.15,0.1500092584019998,12962,0.2283764047779607,0.5845379537218307,0.9432444632915202,127437,mean_binary_certainty,0.8419706551374746
V3-1,P2,3,13,natural_missingness,fb82651717076e658cf67e62ccd41ca247d29c994518945706edefcf0b635aa0,798c57a3ac7a11de427c0a84f98e03963a324e88ac17f5f896df91646b94d404,extrasensory-p2-fold3-seed13-v2_seed13,0.2,0.2000046292009999,17282,0.2358084155931399,0.7034216792298339,0.9374719834241484,175586,mean_binary_certainty,0.7738366200646463
V3-1,P2,3,13,natural_missingness,fb82651717076e658cf67e62ccd41ca247d29c994518945706edefcf0b635aa0,798c57a3ac7a11de427c0a84f98e03963a324e88ac17f5f896df91646b94d404,extrasensory-p2-fold3-seed13-v2_seed13,0.25,0.25,21602,0.2524204681848488,0.7044446215784916,0.9239495000632832,222419,mean_binary_certainty,0.7093817703009128
V3-1,P2,3,13,natural_missingness,fb82651717076e658cf67e62ccd41ca247d29c994518945706edefcf0b635aa0,798c57a3ac7a11de427c0a84f98e03963a324e88ac17f5f896df91646b94d404,extrasensory-p2-fold3-seed13-v2_seed13,0.3,0.3000069438014998,25923,0.2637858460509074,0.7064381679361602,0.9052620446688832,269983,mean_binary_certainty,0.6497646200345544
V3-1,P2,3,13,natural_missingness,fb82651717076e658cf67e62ccd41ca247d29c994518945706edefcf0b635aa0,798c57a3ac7a11de427c0a84f98e03963a324e88ac17f5f896df91646b94d404,extrasensory-p2-fold3-seed13-v2_seed13,0.35,0.3500023146004999,30243,0.2771017973760052,0.7035775816101566,0.8826628791349767,316268,mean_binary_certainty,0.6028642265691705
V3-1,P2,3,13,natural_missingness,fb82651717076e658cf67e62ccd41ca247d29c994518945706edefcf0b635aa0,798c57a3ac7a11de427c0a84f98e03963a324e88ac17f5f896df91646b94d404,extrasensory-p2-fold3-seed13-v2_seed13,0.4,0.4000092584019998,34564,0.2929392656859092,0.6830850188660108,0.859458882923881,361008,mean_binary_certainty,0.565669052819237
V3-1,P2,3,13,natural_missingness,fb82651717076e658cf67e62ccd41ca247d29c994518945706edefcf0b635aa0,798c57a3ac7a11de427c0a84f98e03963a324e88ac17f5f896df91646b94d404,extrasensory-p2-fold3-seed13-v2_seed13,0.45,0.4500046292009999,38884,0.3098840904490323,0.6679441972771065,0.8383613497241029,404515,mean_binary_certainty,0.534249770185709
V3-1,P2,3,13,natural_missingness,fb82651717076e658cf67e62ccd41ca247d29c994518945706edefcf0b635aa0,798c57a3ac7a11de427c0a84f98e03963a324e88ac17f5f896df91646b94d404,extrasensory-p2-fold3-seed13-v2_seed13,0.5,0.5,43204,0.3247321648987849,0.6507226363903619,0.818219265287781,447509,mean_binary_certainty,0.5059511987097156
V3-1,P2,3,13,natural_missingness,fb82651717076e658cf67e62ccd41ca247d29c994518945706edefcf0b635aa0,798c57a3ac7a11de427c0a84f98e03963a324e88ac17f5f896df91646b94d404,extrasensory-p2-fold3-seed13-v2_seed13,0.55,0.5500069438014998,47525,0.3381395574540932,0.6375622118731791,0.8010926703854189,488822,mean_binary_certainty,0.480015419545465
V3-1,P2,3,13,natural_missingness,fb82651717076e658cf67e62ccd41ca247d29c994518945706edefcf0b635aa0,798c57a3ac7a11de427c0a84f98e03963a324e88ac17f5f896df91646b94d404,extrasensory-p2-fold3-seed13-v2_seed13,0.6,0.6000023146004999,51845,0.3504468518553068,0.6246748951114601,0.7857926874753567,528117,mean_binary_certainty,0.4563894211130032
V3-1,P2,3,13,natural_missingness,fb82651717076e658cf67e62ccd41ca247d29c994518945706edefcf0b635aa0,798c57a3ac7a11de427c0a84f98e03963a324e88ac17f5f896df91646b94d404,extrasensory-p2-fold3-seed13-v2_seed13,0.65,0.6500092584019999,56166,0.3621515239605012,0.611431530023997,0.7712651515653032,567990,mean_binary_certainty,0.4329909813921913
V3-1,P2,3,13,natural_missingness,fb82651717076e658cf67e62ccd41ca247d29c994518945706edefcf0b635aa0,798c57a3ac7a11de427c0a84f98e03963a324e88ac17f5f896df91646b94d404,extrasensory-p2-fold3-seed13-v2_seed13,0.7,0.7000046292009999,60486,0.372720713605831,0.598881093317035,0.7580230330453944,608514,mean_binary_certainty,0.4097235393463571
V3-1,P2,3,13,natural_missingness,fb82651717076e658cf67e62ccd41ca247d29c994518945706edefcf0b635aa0,798c57a3ac7a11de427c0a84f98e03963a324e88ac17f5f896df91646b94d404,extrasensory-p2-fold3-seed13-v2_seed13,0.75,0.75,64806,0.3817850599558406,0.5888663213850527,0.7455840637635088,649848,mean_binary_certainty,0.3853353944432042
V3-1,P2,3,13,natural_missingness,fb82651717076e658cf67e62ccd41ca247d29c994518945706edefcf0b635aa0,798c57a3ac7a11de427c0a84f98e03963a324e88ac17f5f896df91646b94d404,extrasensory-p2-fold3-seed13-v2_seed13,0.8,0.8000069438014998,69127,0.3898672505725663,0.5800017666851839,0.7346049610932073,691614,mean_binary_certainty,0.3601393328483072
V3-1,P2,3,13,natural_missingness,fb82651717076e658cf67e62ccd41ca247d29c994518945706edefcf0b635aa0,798c57a3ac7a11de427c0a84f98e03963a324e88ac17f5f896df91646b94d404,extrasensory-p2-fold3-seed13-v2_seed13,0.85,0.8500023146004999,73447,0.3973659663694714,0.5727115726335296,0.724939723731628,733599,mean_binary_certainty,0.3316859817521167
V3-1,P2,3,13,natural_missingness,fb82651717076e658cf67e62ccd41ca247d29c994518945706edefcf0b635aa0,798c57a3ac7a11de427c0a84f98e03963a324e88ac17f5f896df91646b94d404,extrasensory-p2-fold3-seed13-v2_seed13,0.9,0.9000092584019999,77768,0.4051646944091246,0.5657244565270434,0.716022174707309,774459,mean_binary_certainty,0.295647597035516
V3-1,P2,3,13,natural_missingness,fb82651717076e658cf67e62ccd41ca247d29c994518945706edefcf0b635aa0,798c57a3ac7a11de427c0a84f98e03963a324e88ac17f5f896df91646b94d404,extrasensory-p2-fold3-seed13-v2_seed13,0.95,0.950004629201,82088,0.4131389069946992,0.5566725091113293,0.7065008281162777,815631,mean_binary_certainty,0.245767003385702
V3-1,P2,3,13,natural_missingness,fb82651717076e658cf67e62ccd41ca247d29c994518945706edefcf0b635aa0,798c57a3ac7a11de427c0a84f98e03963a324e88ac17f5f896df91646b94d404,extrasensory-p2-fold3-seed13-v2_seed13,1.0,1.0,86408,0.4228649436786789,0.5462291450377689,0.6957399211112716,856815,mean_binary_certainty,0.033572289972099
V3-1,P2,3,13,natural_missingness,fb82651717076e658cf67e62ccd41ca247d29c994518945706edefcf0b635aa0,798c57a3ac7a11de427c0a84f98e03963a324e88ac17f5f896df91646b94d404,extrasensory-p2-fold3-seed13-v2_seed13,0.05,0.0500069438014998,4321,0.2563003409986752,0.5532033600349495,0.9596101583731608,36493,mean_normalized_threshold_margin,0.9789668957628632
V3-1,P2,3,13,natural_missingness,fb82651717076e658cf67e62ccd41ca247d29c994518945706edefcf0b635aa0,798c57a3ac7a11de427c0a84f98e03963a324e88ac17f5f896df91646b94d404,extrasensory-p2-fold3-seed13-v2_seed13,0.1,0.1000023146004999,8641,0.238086267655763,0.5455093766247774,0.9469670710571924,80686,mean_normalized_threshold_margin,0.9565745493078548
V3-1,P2,3,13,natural_missingness,fb82651717076e658cf67e62ccd41ca247d29c994518945706edefcf0b635aa0,798c57a3ac7a11de427c0a84f98e03963a324e88ac17f5f896df91646b94d404,extrasensory-p2-fold3-seed13-v2_seed13,0.15,0.1500092584019998,12962,0.2328674801381089,0.5886062197910134,0.942402061573046,127347,mean_normalized_threshold_margin,0.9305950718760728
V3-1,P2,3,13,natural_missingness,fb82651717076e658cf67e62ccd41ca247d29c994518945706edefcf0b635aa0,798c57a3ac7a11de427c0a84f98e03963a324e88ac17f5f896df91646b94d404,extrasensory-p2-fold3-seed13-v2_seed13,0.2,0.2000046292009999,17282,0.2399832952386602,0.6660217979409987,0.9366549323945916,175163,mean_normalized_threshold_margin,0.887998485726765
V3-1,P2,3,13,natural_missingness,fb82651717076e658cf67e62ccd41ca247d29c994518945706edefcf0b635aa0,798c57a3ac7a11de427c0a84f98e03963a324e88ac17f5f896df91646b94d404,extrasensory-p2-fold3-seed13-v2_seed13,0.25,0.25,21602,0.2512919707936293,0.6701191775025989,0.9236793078404748,223257,mean_normalized_threshold_margin,0.8473712319811082
V3-1,P2,3,13,natural_missingness,fb82651717076e658cf67e62ccd41ca247d29c994518945706edefcf0b635aa0,798c57a3ac7a11de427c0a84f98e03963a324e88ac17f5f896df91646b94d404,extrasensory-p2-fold3-seed13-v2_seed13,0.3,0.3000069438014998,25923,0.2656939669594675,0.6972013887099087,0.9041520074844184,270652,mean_normalized_threshold_margin,0.8076357392376003
V3-1,P2,3,13,natural_missingness,fb82651717076e658cf67e62ccd41ca247d29c994518945706edefcf0b635aa0,798c57a3ac7a11de427c0a84f98e03963a324e88ac17f5f896df91646b94d404,extrasensory-p2-fold3-seed13-v2_seed13,0.35,0.3500023146004999,30243,0.2781648030423475,0.6881673594797524,0.8824926962907388,317562,mean_normalized_threshold_margin,0.77771366063485
V3-1,P2,3,13,natural_missingness,fb82651717076e658cf67e62ccd41ca247d29c994518945706edefcf0b635aa0,798c57a3ac7a11de427c0a84f98e03963a324e88ac17f5f896df91646b94d404,extrasensory-p2-fold3-seed13-v2_seed13,0.4,0.4000092584019998,34564,0.2920120831957789,0.6849887823415697,0.8616501088561347,363436,mean_normalized_threshold_margin,0.7522740170749963
V3-1,P2,3,13,natural_missingness,fb82651717076e658cf67e62ccd41ca247d29c994518945706edefcf0b635aa0,798c57a3ac7a11de427c0a84f98e03963a324e88ac17f5f896df91646b94d404,extrasensory-p2-fold3-seed13-v2_seed13,0.45,0.4500046292009999,38884,0.3074431006936406,0.6761848949529337,0.8422353993679166,407200,mean_normalized_threshold_margin,0.729749109479042
V3-1,P2,3,13,natural_missingness,fb82651717076e658cf67e62ccd41ca247d29c994518945706edefcf0b635aa0,798c57a3ac7a11de427c0a84f98e03963a324e88ac17f5f896df91646b94d404,extrasensory-p2-fold3-seed13-v2_seed13,0.5,0.5,43204,0.3225837458539482,0.6635366305689716,0.8243118024748051,449263,mean_normalized_threshold_margin,0.7089746150744608
V3-1,P2,3,13,natural_missingness,fb82651717076e658cf67e62ccd41ca247d29c994518945706edefcf0b635aa0,798c57a3ac7a11de427c0a84f98e03963a324e88ac17f5f896df91646b94d404,extrasensory-p2-fold3-seed13-v2_seed13,0.55,0.5500069438014998,47525,0.3367754159310832,0.6524985442857074,0.8079411664721413,489400,mean_normalized_threshold_margin,0.6890616949135073
V3-1,P2,3,13,natural_missingness,fb82651717076e658cf67e62ccd41ca247d29c994518945706edefcf0b635aa0,798c57a3ac7a11de427c0a84f98e03963a324e88ac17f5f896df91646b94d404,extrasensory-p2-fold3-seed13-v2_seed13,0.6,0.6000023146004999,51845,0.3507012461712275,0.6379187941535591,0.7916866428468944,529645,mean_normalized_threshold_margin,0.6699702897279438
V3-1,P2,3,13,natural_missingness,fb82651717076e658cf67e62ccd41ca247d29c994518945706edefcf0b635aa0,798c57a3ac7a11de427c0a84f98e03963a324e88ac17f5f896df91646b94d404,extrasensory-p2-fold3-seed13-v2_seed13,0.65,0.6500092584019999,56166,0.3628971080597357,0.6263802495111312,0.7768037673332551,569709,mean_normalized_threshold_margin,0.6511739165998581
V3-1,P2,3,13,natural_missingness,fb82651717076e658cf67e62ccd41ca247d29c994518945706edefcf0b635aa0,798c57a3ac7a11de427c0a84f98e03963a324e88ac17f5f896df91646b94d404,extrasensory-p2-fold3-seed13-v2_seed13,0.7,0.7000046292009999,60486,0.3729676869000856,0.6158377263560655,0.763458968679639,610434,mean_normalized_threshold_margin,0.6313237578255049
V3-1,P2,3,13,natural_missingness,fb82651717076e658cf67e62ccd41ca247d29c994518945706edefcf0b635aa0,798c57a3ac7a11de427c0a84f98e03963a324e88ac17f5f896df91646b94d404,extrasensory-p2-fold3-seed13-v2_seed13,0.75,0.75,64806,0.3820923180990308,0.6040396721638337,0.7508358286644187,652231,mean_normalized_threshold_margin,0.61085530630234
V3-1,P2,3,13,natural_missingness,fb82651717076e658cf67e62ccd41ca247d29c994518945706edefcf0b635aa0,798c57a3ac7a11de427c0a84f98e03963a324e88ac17f5f896df91646b94d404,extrasensory-p2-fold3-seed13-v2_seed13,0.8,0.8000069438014998,69127,0.3907559409644829,0.5915692537345174,0.7389839818412401,693607,mean_normalized_threshold_margin,0.588415771344183
V3-1,P2,3,13,natural_missingness,fb82651717076e658cf67e62ccd41ca247d29c994518945706edefcf0b635aa0,798c57a3ac7a11de427c0a84f98e03963a324e88ac17f5f896df91646b94d404,extrasensory-p2-fold3-seed13-v2_seed13,0.85,0.8500023146004999,73447,0.3985508884838449,0.580127161126963,0.7283690449256831,735463,mean_normalized_threshold_margin,0.5626231802936892
V3-1,P2,3,13,natural_missingness,fb82651717076e658cf67e62ccd41ca247d29c994518945706edefcf0b635aa0,798c57a3ac7a11de427c0a84f98e03963a324e88ac17f5f896df91646b94d404,extrasensory-p2-fold3-seed13-v2_seed13,0.9,0.9000092584019999,77768,0.4060139960076768,0.5694185825613782,0.7179661409012708,776628,mean_normalized_threshold_margin,0.5318208971279895
V3-1,P2,3,13,natural_missingness,fb82651717076e658cf67e62ccd41ca247d29c994518945706edefcf0b635aa0,798c57a3ac7a11de427c0a84f98e03963a324e88ac17f5f896df91646b94d404,extrasensory-p2-fold3-seed13-v2_seed13,0.95,0.950004629201,82088,0.414033828349975,0.5585239852219668,0.707226966250934,817692,mean_normalized_threshold_margin,0.4837959294893664
V3-1,P2,3,13,natural_missingness,fb82651717076e658cf67e62ccd41ca247d29c994518945706edefcf0b635aa0,798c57a3ac7a11de427c0a84f98e03963a324e88ac17f5f896df91646b94d404,extrasensory-p2-fold3-seed13-v2_seed13,1.0,1.0,86408,0.4228649436786789,0.5462291450377689,0.6957399211112716,856815,mean_normalized_threshold_margin,0.2314536032361693
V3-1,P2,3,13,natural_missingness,fb82651717076e658cf67e62ccd41ca247d29c994518945706edefcf0b635aa0,798c57a3ac7a11de427c0a84f98e03963a324e88ac17f5f896df91646b94d404,extrasensory-p2-fold3-seed13-v2_seed13,0.05,0.0500069438014998,4321,0.4302530168119553,0.5693352788682922,0.6258749362629212,46372,p2_system_reliability,0.9932311773300172
V3-1,P2,3,13,natural_missingness,fb82651717076e658cf67e62ccd41ca247d29c994518945706edefcf0b635aa0,798c57a3ac7a11de427c0a84f98e03963a324e88ac17f5f896df91646b94d404,extrasensory-p2-fold3-seed13-v2_seed13,0.1,0.1000023146004999,8641,0.4277371428146371,0.5716122288043153,0.6432788220126213,91773,p2_system_reliability,0.9913259744644164
V3-1,P2,3,13,natural_missingness,fb82651717076e658cf67e62ccd41ca247d29c994518945706edefcf0b635aa0,798c57a3ac7a11de427c0a84f98e03963a324e88ac17f5f896df91646b94d404,extrasensory-p2-fold3-seed13-v2_seed13,0.15,0.1500092584019998,12962,0.4296956207332991,0.5664547260021509,0.6492469498115513,136124,p2_system_reliability,0.9896785020828248
V3-1,P2,3,13,natural_missingness,fb82651717076e658cf67e62ccd41ca247d29c994518945706edefcf0b635aa0,798c57a3ac7a11de427c0a84f98e03963a324e88ac17f5f896df91646b94d404,extrasensory-p2-fold3-seed13-v2_seed13,0.2,0.2000046292009999,17282,0.4304112062418299,0.5680871689183091,0.6543068453539453,179546,p2_system_reliability,0.98819100856781
V3-1,P2,3,13,natural_missingness,fb82651717076e658cf67e62ccd41ca247d29c994518945706edefcf0b635aa0,798c57a3ac7a11de427c0a84f98e03963a324e88ac17f5f896df91646b94d404,extrasensory-p2-fold3-seed13-v2_seed13,0.25,0.25,21602,0.433319590712585,0.564748132740574,0.656440293576671,221336,p2_system_reliability,0.9867528080940248
V3-1,P2,3,13,natural_missingness,fb82651717076e658cf67e62ccd41ca247d29c994518945706edefcf0b635aa0,798c57a3ac7a11de427c0a84f98e03963a324e88ac17f5f896df91646b94d404,extrasensory-p2-fold3-seed13-v2_seed13,0.3,0.3000069438014998,25923,0.4404443700050912,0.5610691882462052,0.6579338466478966,262347,p2_system_reliability,0.9853547215461732
V3-1,P2,3,13,natural_missingness,fb82651717076e658cf67e62ccd41ca247d29c994518945706edefcf0b635aa0,798c57a3ac7a11de427c0a84f98e03963a324e88ac17f5f896df91646b94d404,extrasensory-p2-fold3-seed13-v2_seed13,0.35,0.3500023146004999,30243,0.4431431232134492,0.5605347852784063,0.6614618750080189,302995,p2_system_reliability,0.9839788675308228
V3-1,P2,3,13,natural_missingness,fb82651717076e658cf67e62ccd41ca247d29c994518945706edefcf0b635aa0,798c57a3ac7a11de427c0a84f98e03963a324e88ac17f5f896df91646b94d404,extrasensory-p2-fold3-seed13-v2_seed13,0.4,0.4000092584019998,34564,0.4443267229069284,0.5575467420292373,0.6637637896012659,343984,p2_system_reliability,0.9825583696365356
V3-1,P2,3,13,natural_missingness,fb82651717076e658cf67e62ccd41ca247d29c994518945706edefcf0b635aa0,798c57a3ac7a11de427c0a84f98e03963a324e88ac17f5f896df91646b94d404,extrasensory-p2-fold3-seed13-v2_seed13,0.45,0.4500046292009999,38884,0.4440104254737492,0.55596167130557,0.6658019715049687,384731,p2_system_reliability,0.9810806512832642
V3-1,P2,3,13,natural_missingness,fb82651717076e658cf67e62ccd41ca247d29c994518945706edefcf0b635aa0,798c57a3ac7a11de427c0a84f98e03963a324e88ac17f5f896df91646b94d404,extrasensory-p2-fold3-seed13-v2_seed13,0.5,0.5,43204,0.4430095562994882,0.5533085602965361,0.6667414258672815,426133,p2_system_reliability,0.9794697165489196
V3-1,P2,3,13,natural_missingness,fb82651717076e658cf67e62ccd41ca247d29c994518945706edefcf0b635aa0,798c57a3ac7a11de427c0a84f98e03963a324e88ac17f5f896df91646b94d404,extrasensory-p2-fold3-seed13-v2_seed13,0.55,0.5500069438014998,47525,0.4427249401614387,0.5504948854548674,0.6688226475499417,468513,p2_system_reliability,0.9777783155441284
V3-1,P2,3,13,natural_missingness,fb82651717076e658cf67e62ccd41ca247d29c994518945706edefcf0b635aa0,798c57a3ac7a11de427c0a84f98e03963a324e88ac17f5f896df91646b94d404,extrasensory-p2-fold3-seed13-v2_seed13,0.6,0.6000023146004999,51845,0.4400049793631175,0.5491401925319687,0.6722139319219562,510012,p2_system_reliability,0.976021409034729
V3-1,P2,3,13,natural_missingness,fb82651717076e658cf67e62ccd41ca247d29c994518945706edefcf0b635aa0,798c57a3ac7a11de427c0a84f98e03963a324e88ac17f5f896df91646b94d404,extrasensory-p2-fold3-seed13-v2_seed13,0.65,0.6500092584019999,56166,0.4362354976050454,0.5479259607520179,0.6756838342743844,551728,p2_system_reliability,0.974127471446991
V3-1,P2,3,13,natural_missingness,fb82651717076e658cf67e62ccd41ca247d29c994518945706edefcf0b635aa0,798c57a3ac7a11de427c0a84f98e03963a324e88ac17f5f896df91646b94d404,extrasensory-p2-fold3-seed13-v2_seed13,0.7,0.7000046292009999,60486,0.4357918189901434,0.5472777850889562,0.6787370083554106,593042,p2_system_reliability,0.972070813179016
V3-1,P2,3,13,natural_missingness,fb82651717076e658cf67e62ccd41ca247d29c994518945706edefcf0b635aa0,798c57a3ac7a11de427c0a84f98e03963a324e88ac17f5f896df91646b94d404,extrasensory-p2-fold3-seed13-v2_seed13,0.75,0.75,64806,0.4347256724825282,0.5460630191926121,0.6814291019832133,634386,p2_system_reliability,0.9696160554885864
V3-1,P2,3,13,natural_missingness,fb82651717076e658cf67e62ccd41ca247d29c994518945706edefcf0b635aa0,798c57a3ac7a11de427c0a84f98e03963a324e88ac17f5f896df91646b94d404,extrasensory-p2-fold3-seed13-v2_seed13,0.8,0.8000069438014998,69127,0.4325674499144233,0.5455017040152208,0.6841649278907093,676035,p2_system_reliability,0.9665448069572448
V3-1,P2,3,13,natural_missingness,fb82651717076e658cf67e62ccd41ca247d29c994518945706edefcf0b635aa0,798c57a3ac7a11de427c0a84f98e03963a324e88ac17f5f896df91646b94d404,extrasensory-p2-fold3-seed13-v2_seed13,0.85,0.8500023146004999,73447,0.429942017236462,0.5457081079069652,0.687290249285052,720272,p2_system_reliability,0.9624250531196594
V3-1,P2,3,13,natural_missingness,fb82651717076e658cf67e62ccd41ca247d29c994518945706edefcf0b635aa0,798c57a3ac7a11de427c0a84f98e03963a324e88ac17f5f896df91646b94d404,extrasensory-p2-fold3-seed13-v2_seed13,0.9,0.9000092584019999,77768,0.4262380784092025,0.5451795058401987,0.6908515880701669,766762,p2_system_reliability,0.9564945697784424
V3-1,P2,3,13,natural_missingness,fb82651717076e658cf67e62ccd41ca247d29c994518945706edefcf0b635aa0,798c57a3ac7a11de427c0a84f98e03963a324e88ac17f5f896df91646b94d404,extrasensory-p2-fold3-seed13-v2_seed13,0.95,0.950004629201,82088,0.4235505351083088,0.5451167263063698,0.6936293262262987,812999,p2_system_reliability,0.9461342692375184
V3-1,P2,3,13,natural_missingness,fb82651717076e658cf67e62ccd41ca247d29c994518945706edefcf0b635aa0,798c57a3ac7a11de427c0a84f98e03963a324e88ac17f5f896df91646b94d404,extrasensory-p2-fold3-seed13-v2_seed13,1.0,1.0,86408,0.4228649436786789,0.5462291450377689,0.6957399211112716,856815,p2_system_reliability,0.8326734304428101
V3-1,B4,3,29,natural_missingness,fb82651717076e658cf67e62ccd41ca247d29c994518945706edefcf0b635aa0,ca62de5edaee70211e57ea60da7675b2ca86d6b63589abdfadfef595483a6922,extrasensory-gated-fold3-seed29-full,0.05,0.0500069438014998,4321,0.1999559876935329,0.38696284242004,0.959174791086351,38141,mean_binary_certainty,0.9341530264237732
V3-1,B4,3,29,natural_missingness,fb82651717076e658cf67e62ccd41ca247d29c994518945706edefcf0b635aa0,ca62de5edaee70211e57ea60da7675b2ca86d6b63589abdfadfef595483a6922,extrasensory-gated-fold3-seed29-full,0.1,0.1000023146004999,8641,0.2221384560196674,0.4882209798586155,0.9489627922291736,83172,mean_binary_certainty,0.8993109249258195
V3-1,B4,3,29,natural_missingness,fb82651717076e658cf67e62ccd41ca247d29c994518945706edefcf0b635aa0,ca62de5edaee70211e57ea60da7675b2ca86d6b63589abdfadfef595483a6922,extrasensory-gated-fold3-seed29-full,0.15,0.1500092584019998,12962,0.2254122643510989,0.5941954893767611,0.9484242611416218,130359,mean_binary_certainty,0.8389293783965397
V3-1,B4,3,29,natural_missingness,fb82651717076e658cf67e62ccd41ca247d29c994518945706edefcf0b635aa0,ca62de5edaee70211e57ea60da7675b2ca86d6b63589abdfadfef595483a6922,extrasensory-gated-fold3-seed29-full,0.2,0.2000046292009999,17282,0.2258701139677486,0.6859236603409816,0.9437158524526305,176640,mean_binary_certainty,0.7612431503203536
V3-1,B4,3,29,natural_missingness,fb82651717076e658cf67e62ccd41ca247d29c994518945706edefcf0b635aa0,ca62de5edaee70211e57ea60da7675b2ca86d6b63589abdfadfef595483a6922,extrasensory-gated-fold3-seed29-full,0.25,0.25,21602,0.2365295183214433,0.6983382104162373,0.9282282973773434,224988,mean_binary_certainty,0.6907767061308896
V3-1,B4,3,29,natural_missingness,fb82651717076e658cf67e62ccd41ca247d29c994518945706edefcf0b635aa0,ca62de5edaee70211e57ea60da7675b2ca86d6b63589abdfadfef595483a6922,extrasensory-gated-fold3-seed29-full,0.3,0.3000069438014998,25923,0.256816625589389,0.6962857990566144,0.9041933682559098,273003,mean_binary_certainty,0.6375063513186736
V3-1,B4,3,29,natural_missingness,fb82651717076e658cf67e62ccd41ca247d29c994518945706edefcf0b635aa0,ca62de5edaee70211e57ea60da7675b2ca86d6b63589abdfadfef595483a6922,extrasensory-gated-fold3-seed29-full,0.35,0.3500023146004999,30243,0.2784360959401735,0.681469766187499,0.8794351502895487,320378,mean_binary_certainty,0.5992685530058248
V3-1,B4,3,29,natural_missingness,fb82651717076e658cf67e62ccd41ca247d29c994518945706edefcf0b635aa0,ca62de5edaee70211e57ea60da7675b2ca86d6b63589abdfadfef595483a6922,extrasensory-gated-fold3-seed29-full,0.4,0.4000092584019998,34564,0.3007064410796541,0.6634886886740186,0.8558763943965189,366160,mean_binary_certainty,0.5680770470293348
V3-1,B4,3,29,natural_missingness,fb82651717076e658cf67e62ccd41ca247d29c994518945706edefcf0b635aa0,ca62de5edaee70211e57ea60da7675b2ca86d6b63589abdfadfef595483a6922,extrasensory-gated-fold3-seed29-full,0.45,0.4500046292009999,38884,0.3208124687827257,0.6432463548365412,0.8347672341511428,410448,mean_binary_certainty,0.5406901690314327
V3-1,B4,3,29,natural_missingness,fb82651717076e658cf67e62ccd41ca247d29c994518945706edefcf0b635aa0,ca62de5edaee70211e57ea60da7675b2ca86d6b63589abdfadfef595483a6922,extrasensory-gated-fold3-seed29-full,0.5,0.5,43204,0.337810860880604,0.6241344813327555,0.8156843301311848,454423,mean_binary_certainty,0.5159073210701857
V3-1,B4,3,29,natural_missingness,fb82651717076e658cf67e62ccd41ca247d29c994518945706edefcf0b635aa0,ca62de5edaee70211e57ea60da7675b2ca86d6b63589abdfadfef595483a6922,extrasensory-gated-fold3-seed29-full,0.55,0.5500069438014998,47525,0.3533179918709082,0.6085047447349832,0.7995264195121213,497247,mean_binary_certainty,0.4919353936008618
V3-1,B4,3,29,natural_missingness,fb82651717076e658cf67e62ccd41ca247d29c994518945706edefcf0b635aa0,ca62de5edaee70211e57ea60da7675b2ca86d6b63589abdfadfef595483a6922,extrasensory-gated-fold3-seed29-full,0.6,0.6000023146004999,51845,0.3681862791853956,0.5961649650090733,0.7848521750660353,539837,mean_binary_certainty,0.4685804230922223
V3-1,B4,3,29,natural_missingness,fb82651717076e658cf67e62ccd41ca247d29c994518945706edefcf0b635aa0,ca62de5edaee70211e57ea60da7675b2ca86d6b63589abdfadfef595483a6922,extrasensory-gated-fold3-seed29-full,0.65,0.6500092584019999,56166,0.3811040845597414,0.585358997558311,0.7706286058197891,582479,mean_binary_certainty,0.444009233814868
V3-1,B4,3,29,natural_missingness,fb82651717076e658cf67e62ccd41ca247d29c994518945706edefcf0b635aa0,ca62de5edaee70211e57ea60da7675b2ca86d6b63589abdfadfef595483a6922,extrasensory-gated-fold3-seed29-full,0.7,0.7000046292009999,60486,0.3937004430851606,0.5761140020434106,0.7574439288476411,623557,mean_binary_certainty,0.4196734654062681
V3-1,B4,3,29,natural_missingness,fb82651717076e658cf67e62ccd41ca247d29c994518945706edefcf0b635aa0,ca62de5edaee70211e57ea60da7675b2ca86d6b63589abdfadfef595483a6922,extrasensory-gated-fold3-seed29-full,0.75,0.75,64806,0.4050497766897488,0.5669817128049475,0.745052439321834,664173,mean_binary_certainty,0.3943627155857855
V3-1,B4,3,29,natural_missingness,fb82651717076e658cf67e62ccd41ca247d29c994518945706edefcf0b635aa0,ca62de5edaee70211e57ea60da7675b2ca86d6b63589abdfadfef595483a6922,extrasensory-gated-fold3-seed29-full,0.8,0.8000069438014998,69127,0.4143812628066339,0.5583265373291089,0.7338321824515253,704332,mean_binary_certainty,0.3686713535139836
V3-1,B4,3,29,natural_missingness,fb82651717076e658cf67e62ccd41ca247d29c994518945706edefcf0b635aa0,ca62de5edaee70211e57ea60da7675b2ca86d6b63589abdfadfef595483a6922,extrasensory-gated-fold3-seed29-full,0.85,0.8500023146004999,73447,0.423016376440862,0.5503588067685883,0.7234779530744336,744026,mean_binary_certainty,0.3394838594749383
V3-1,B4,3,29,natural_missingness,fb82651717076e658cf67e62ccd41ca247d29c994518945706edefcf0b635aa0,ca62de5edaee70211e57ea60da7675b2ca86d6b63589abdfadfef595483a6922,extrasensory-gated-fold3-seed29-full,0.9,0.9000092584019999,77768,0.4305867036695986,0.5423664482779551,0.713667498603449,783828,mean_binary_certainty,0.3048375775138526
V3-1,B4,3,29,natural_missingness,fb82651717076e658cf67e62ccd41ca247d29c994518945706edefcf0b635aa0,ca62de5edaee70211e57ea60da7675b2ca86d6b63589abdfadfef595483a6922,extrasensory-gated-fold3-seed29-full,0.95,0.950004629201,82088,0.4375849589571938,0.5335930512475444,0.7037105653791876,820248,mean_binary_certainty,0.2570393550927541
V3-1,B4,3,29,natural_missingness,fb82651717076e658cf67e62ccd41ca247d29c994518945706edefcf0b635aa0,ca62de5edaee70211e57ea60da7675b2ca86d6b63589abdfadfef595483a6922,extrasensory-gated-fold3-seed29-full,1.0,1.0,86408,0.4444723726563323,0.522251506104563,0.6924775033966425,856815,mean_binary_certainty,0.0348783372722797
V3-1,B4,3,29,natural_missingness,fb82651717076e658cf67e62ccd41ca247d29c994518945706edefcf0b635aa0,ca62de5edaee70211e57ea60da7675b2ca86d6b63589abdfadfef595483a6922,extrasensory-gated-fold3-seed29-full,0.05,0.0500069438014998,4321,0.2128576337995519,0.3516770396452168,0.9583408152271504,37934,mean_normalized_threshold_margin,0.9810302384281002
V3-1,B4,3,29,natural_missingness,fb82651717076e658cf67e62ccd41ca247d29c994518945706edefcf0b635aa0,ca62de5edaee70211e57ea60da7675b2ca86d6b63589abdfadfef595483a6922,extrasensory-gated-fold3-seed29-full,0.1,0.1000023146004999,8641,0.2325401232201652,0.3736646466881274,0.9512783405692232,83941,mean_normalized_threshold_margin,0.960156434366619
V3-1,B4,3,29,natural_missingness,fb82651717076e658cf67e62ccd41ca247d29c994518945706edefcf0b635aa0,ca62de5edaee70211e57ea60da7675b2ca86d6b63589abdfadfef595483a6922,extrasensory-gated-fold3-seed29-full,0.15,0.1500092584019998,12962,0.2319222019514084,0.4273115900188908,0.9477562409416608,129180,mean_normalized_threshold_margin,0.9340195439553446
V3-1,B4,3,29,natural_missingness,fb82651717076e658cf67e62ccd41ca247d29c994518945706edefcf0b635aa0,ca62de5edaee70211e57ea60da7675b2ca86d6b63589abdfadfef595483a6922,extrasensory-gated-fold3-seed29-full,0.2,0.2000046292009999,17282,0.2300837869209834,0.650696039507396,0.945741656182202,177022,mean_normalized_threshold_margin,0.8863505197018775
V3-1,B4,3,29,natural_missingness,fb82651717076e658cf67e62ccd41ca247d29c994518945706edefcf0b635aa0,ca62de5edaee70211e57ea60da7675b2ca86d6b63589abdfadfef595483a6922,extrasensory-gated-fold3-seed29-full,0.25,0.25,21602,0.2382241057408708,0.6940542874172638,0.9330242752509126,224862,mean_normalized_threshold_margin,0.8336169909312491
V3-1,B4,3,29,natural_missingness,fb82651717076e658cf67e62ccd41ca247d29c994518945706edefcf0b635aa0,ca62de5edaee70211e57ea60da7675b2ca86d6b63589abdfadfef595483a6922,extrasensory-gated-fold3-seed29-full,0.3,0.3000069438014998,25923,0.2554437103671176,0.7018819538937159,0.9092191289676262,273249,mean_normalized_threshold_margin,0.7946378905886221
V3-1,B4,3,29,natural_missingness,fb82651717076e658cf67e62ccd41ca247d29c994518945706edefcf0b635aa0,ca62de5edaee70211e57ea60da7675b2ca86d6b63589abdfadfef595483a6922,extrasensory-gated-fold3-seed29-full,0.35,0.3500023146004999,30243,0.2763537504271139,0.6917061382375171,0.884391284021847,319871,mean_normalized_threshold_margin,0.7670267018036558
V3-1,B4,3,29,natural_missingness,fb82651717076e658cf67e62ccd41ca247d29c994518945706edefcf0b635aa0,ca62de5edaee70211e57ea60da7675b2ca86d6b63589abdfadfef595483a6922,extrasensory-gated-fold3-seed29-full,0.4,0.4000092584019998,34564,0.295322826151495,0.6826699646113905,0.8635533577152746,365030,mean_normalized_threshold_margin,0.7431733908892851
V3-1,B4,3,29,natural_missingness,fb82651717076e658cf67e62ccd41ca247d29c994518945706edefcf0b635aa0,ca62de5edaee70211e57ea60da7675b2ca86d6b63589abdfadfef595483a6922,extrasensory-gated-fold3-seed29-full,0.45,0.4500046292009999,38884,0.3137328604058069,0.665723748654953,0.8441023885866629,409908,mean_normalized_threshold_margin,0.7198848293260283
V3-1,B4,3,29,natural_missingness,fb82651717076e658cf67e62ccd41ca247d29c994518945706edefcf0b635aa0,ca62de5edaee70211e57ea60da7675b2ca86d6b63589abdfadfef595483a6922,extrasensory-gated-fold3-seed29-full,0.5,0.5,43204,0.3296772697641011,0.6502068893013024,0.8267422188703858,454805,mean_normalized_threshold_margin,0.697224243183792
V3-1,B4,3,29,natural_missingness,fb82651717076e658cf67e62ccd41ca247d29c994518945706edefcf0b635aa0,ca62de5edaee70211e57ea60da7675b2ca86d6b63589abdfadfef595483a6922,extrasensory-gated-fold3-seed29-full,0.55,0.5500069438014998,47525,0.3472482326082041,0.633451911176762,0.8091913990388568,498022,mean_normalized_threshold_margin,0.6760294729851435
V3-1,B4,3,29,natural_missingness,fb82651717076e658cf67e62ccd41ca247d29c994518945706edefcf0b635aa0,ca62de5edaee70211e57ea60da7675b2ca86d6b63589abdfadfef595483a6922,extrasensory-gated-fold3-seed29-full,0.6,0.6000023146004999,51845,0.3637949982076973,0.6179612509713384,0.7922622891936604,539842,mean_normalized_threshold_margin,0.6560126849160307
V3-1,B4,3,29,natural_missingness,fb82651717076e658cf67e62ccd41ca247d29c994518945706edefcf0b635aa0,ca62de5edaee70211e57ea60da7675b2ca86d6b63589abdfadfef595483a6922,extrasensory-gated-fold3-seed29-full,0.65,0.6500092584019999,56166,0.3779056333001828,0.6040583574798358,0.7775087574696065,580181,mean_normalized_threshold_margin,0.6352671510385351
V3-1,B4,3,29,natural_missingness,fb82651717076e658cf67e62ccd41ca247d29c994518945706edefcf0b635aa0,ca62de5edaee70211e57ea60da7675b2ca86d6b63589abdfadfef595483a6922,extrasensory-gated-fold3-seed29-full,0.7,0.7000046292009999,60486,0.389155429230041,0.5911182447101881,0.7634509414902948,618520,mean_normalized_threshold_margin,0.614566249708463
V3-1,B4,3,29,natural_missingness,fb82651717076e658cf67e62ccd41ca247d29c994518945706edefcf0b635aa0,ca62de5edaee70211e57ea60da7675b2ca86d6b63589abdfadfef595483a6922,extrasensory-gated-fold3-seed29-full,0.75,0.75,64806,0.3992984379483472,0.5762112620083786,0.7505965464450963,657018,mean_normalized_threshold_margin,0.5925247613697169
V3-1,B4,3,29,natural_missingness,fb82651717076e658cf67e62ccd41ca247d29c994518945706edefcf0b635aa0,ca62de5edaee70211e57ea60da7675b2ca86d6b63589abdfadfef595483a6922,extrasensory-gated-fold3-seed29-full,0.8,0.8000069438014998,69127,0.4090544985269098,0.5666421622008386,0.7388124190695659,695779,mean_normalized_threshold_margin,0.5697475409965043
V3-1,B4,3,29,natural_missingness,fb82651717076e658cf67e62ccd41ca247d29c994518945706edefcf0b635aa0,ca62de5edaee70211e57ea60da7675b2ca86d6b63589abdfadfef595483a6922,extrasensory-gated-fold3-seed29-full,0.85,0.8500023146004999,73447,0.4190756646879281,0.5560410084126883,0.7270830311497227,735840,mean_normalized_threshold_margin,0.5437984539413077
V3-1,B4,3,29,natural_missingness,fb82651717076e658cf67e62ccd41ca247d29c994518945706edefcf0b635aa0,ca62de5edaee70211e57ea60da7675b2ca86d6b63589abdfadfef595483a6922,extrasensory-gated-fold3-seed29-full,0.9,0.9000092584019999,77768,0.4281720965511402,0.5444512680447551,0.7157015316569744,777189,mean_normalized_threshold_margin,0.5129758346864556
V3-1,B4,3,29,natural_missingness,fb82651717076e658cf67e62ccd41ca247d29c994518945706edefcf0b635aa0,ca62de5edaee70211e57ea60da7675b2ca86d6b63589abdfadfef595483a6922,extrasensory-gated-fold3-seed29-full,0.95,0.950004629201,82088,0.4369396422207455,0.5340279939260333,0.7050220586554506,819384,mean_normalized_threshold_margin,0.4692496810438818
V3-1,B4,3,29,natural_missingness,fb82651717076e658cf67e62ccd41ca247d29c994518945706edefcf0b635aa0,ca62de5edaee70211e57ea60da7675b2ca86d6b63589abdfadfef595483a6922,extrasensory-gated-fold3-seed29-full,1.0,1.0,86408,0.4444723726563323,0.522251506104563,0.6924775033966425,856815,mean_normalized_threshold_margin,0.2231415642649737
V3-1,B5,3,29,natural_missingness,fb82651717076e658cf67e62ccd41ca247d29c994518945706edefcf0b635aa0,1ab02e690e33ca2a1cd30580820f321892ad740e3ae565f885418243fe788bfc,extrasensory-robust-gated-fold3-seed29-full,0.05,0.0500069438014998,4321,0.2355439192250225,0.6365190706765759,0.9469690361971216,39227,mean_binary_certainty,0.9229017157782152
V3-1,B5,3,29,natural_missingness,fb82651717076e658cf67e62ccd41ca247d29c994518945706edefcf0b635aa0,1ab02e690e33ca2a1cd30580820f321892ad740e3ae565f885418243fe788bfc,extrasensory-robust-gated-fold3-seed29-full,0.1,0.1000023146004999,8641,0.2225633912557642,0.7220732346743987,0.9474179363943144,85260,mean_binary_certainty,0.8487543842599252
V3-1,B5,3,29,natural_missingness,fb82651717076e658cf67e62ccd41ca247d29c994518945706edefcf0b635aa0,1ab02e690e33ca2a1cd30580820f321892ad740e3ae565f885418243fe788bfc,extrasensory-robust-gated-fold3-seed29-full,0.15,0.1500092584019998,12962,0.241924253595981,0.7146968661567364,0.9419142452932856,130419,mean_binary_certainty,0.7579269052918934
V3-1,B5,3,29,natural_missingness,fb82651717076e658cf67e62ccd41ca247d29c994518945706edefcf0b635aa0,1ab02e690e33ca2a1cd30580820f321892ad740e3ae565f885418243fe788bfc,extrasensory-robust-gated-fold3-seed29-full,0.2,0.2000046292009999,17282,0.2652377755620811,0.6991809499806046,0.9248627898214996,176579,mean_binary_certainty,0.6902602640743407
V3-1,B5,3,29,natural_missingness,fb82651717076e658cf67e62ccd41ca247d29c994518945706edefcf0b635aa0,1ab02e690e33ca2a1cd30580820f321892ad740e3ae565f885418243fe788bfc,extrasensory-robust-gated-fold3-seed29-full,0.25,0.25,21602,0.2942121993961922,0.7116882903415612,0.9039309903734196,221082,mean_binary_certainty,0.6418877388340984
V3-1,B5,3,29,natural_missingness,fb82651717076e658cf67e62ccd41ca247d29c994518945706edefcf0b635aa0,1ab02e690e33ca2a1cd30580820f321892ad740e3ae565f885418243fe788bfc,extrasensory-robust-gated-fold3-seed29-full,0.3,0.3000069438014998,25923,0.3189777864076166,0.705828251116531,0.881312957323375,265455,mean_binary_certainty,0.6009590202473238
V3-1,B5,3,29,natural_missingness,fb82651717076e658cf67e62ccd41ca247d29c994518945706edefcf0b635aa0,1ab02e690e33ca2a1cd30580820f321892ad740e3ae565f885418243fe788bfc,extrasensory-robust-gated-fold3-seed29-full,0.35,0.3500023146004999,30243,0.3407026025280853,0.6920779819894719,0.8592904317970482,309253,mean_binary_certainty,0.5664705611936462
V3-1,B5,3,29,natural_missingness,fb82651717076e658cf67e62ccd41ca247d29c994518945706edefcf0b635aa0,1ab02e690e33ca2a1cd30580820f321892ad740e3ae565f885418243fe788bfc,extrasensory-robust-gated-fold3-seed29-full,0.4,0.4000092584019998,34564,0.3612833820577141,0.6757774475599839,0.837703994905719,351785,mean_binary_certainty,0.5356195994549499
V3-1,B5,3,29,natural_missingness,fb82651717076e658cf67e62ccd41ca247d29c994518945706edefcf0b635aa0,1ab02e690e33ca2a1cd30580820f321892ad740e3ae565f885418243fe788bfc,extrasensory-robust-gated-fold3-seed29-full,0.45,0.4500046292009999,38884,0.375770918823413,0.6589261407362004,0.8177538668459986,394315,mean_binary_certainty,0.5073852227579352
V3-1,B5,3,29,natural_missingness,fb82651717076e658cf67e62ccd41ca247d29c994518945706edefcf0b635aa0,1ab02e690e33ca2a1cd30580820f321892ad740e3ae565f885418243fe788bfc,extrasensory-robust-gated-fold3-seed29-full,0.5,0.5,43204,0.3874389021290857,0.6425819254448585,0.7985465227339296,437418,mean_binary_certainty,0.4809458507630476
V3-1,B5,3,29,natural_missingness,fb82651717076e658cf67e62ccd41ca247d29c994518945706edefcf0b635aa0,1ab02e690e33ca2a1cd30580820f321892ad740e3ae565f885418243fe788bfc,extrasensory-robust-gated-fold3-seed29-full,0.55,0.5500069438014998,47525,0.3990220216572787,0.627148872937907,0.7814236836808942,479894,mean_binary_certainty,0.4553789251154956
V3-1,B5,3,29,natural_missingness,fb82651717076e658cf67e62ccd41ca247d29c994518945706edefcf0b635aa0,1ab02e690e33ca2a1cd30580820f321892ad740e3ae565f885418243fe788bfc,extrasensory-robust-gated-fold3-seed29-full,0.6,0.6000023146004999,51845,0.4094464935638703,0.6129871576130975,0.7662017522329766,522324,mean_binary_certainty,0.4302467876764803
V3-1,B5,3,29,natural_missingness,fb82651717076e658cf67e62ccd41ca247d29c994518945706edefcf0b635aa0,1ab02e690e33ca2a1cd30580820f321892ad740e3ae565f885418243fe788bfc,extrasensory-robust-gated-fold3-seed29-full,0.65,0.6500092584019999,56166,0.4179420699242693,0.6016680505940478,0.7531283829805436,564551,mean_binary_certainty,0.4067253012047209
V3-1,B5,3,29,natural_missingness,fb82651717076e658cf67e62ccd41ca247d29c994518945706edefcf0b635aa0,1ab02e690e33ca2a1cd30580820f321892ad740e3ae565f885418243fe788bfc,extrasensory-robust-gated-fold3-seed29-full,0.7,0.7000046292009999,60486,0.4268140366996205,0.5924535977603639,0.7416426561397184,607056,mean_binary_certainty,0.383330389396325
V3-1,B5,3,29,natural_missingness,fb82651717076e658cf67e62ccd41ca247d29c994518945706edefcf0b635aa0,1ab02e690e33ca2a1cd30580820f321892ad740e3ae565f885418243fe788bfc,extrasensory-robust-gated-fold3-seed29-full,0.75,0.75,64806,0.4352295257083409,0.5834862072035548,0.731007259605663,650025,mean_binary_certainty,0.3609515882281514
V3-1,B5,3,29,natural_missingness,fb82651717076e658cf67e62ccd41ca247d29c994518945706edefcf0b635aa0,1ab02e690e33ca2a1cd30580820f321892ad740e3ae565f885418243fe788bfc,extrasensory-robust-gated-fold3-seed29-full,0.8,0.8000069438014998,69127,0.4416918902392558,0.5755178312322177,0.7221859171158868,693130,mean_binary_certainty,0.3369334832657704
V3-1,B5,3,29,natural_missingness,fb82651717076e658cf67e62ccd41ca247d29c994518945706edefcf0b635aa0,1ab02e690e33ca2a1cd30580820f321892ad740e3ae565f885418243fe788bfc,extrasensory-robust-gated-fold3-seed29-full,0.85,0.8500023146004999,73447,0.4477560037287442,0.5656163950732088,0.7131648302000452,735345,mean_binary_certainty,0.3102698141844815
V3-1,B5,3,29,natural_missingness,fb82651717076e658cf67e62ccd41ca247d29c994518945706edefcf0b635aa0,1ab02e690e33ca2a1cd30580820f321892ad740e3ae565f885418243fe788bfc,extrasensory-robust-gated-fold3-seed29-full,0.9,0.9000092584019999,77768,0.4541366558228992,0.5565314098861488,0.7046796953639869,776566,mean_binary_certainty,0.2779070344397925
V3-1,B5,3,29,natural_missingness,fb82651717076e658cf67e62ccd41ca247d29c994518945706edefcf0b635aa0,1ab02e690e33ca2a1cd30580820f321892ad740e3ae565f885418243fe788bfc,extrasensory-robust-gated-fold3-seed29-full,0.95,0.950004629201,82088,0.4611136380666392,0.5474849113449777,0.6961194029850746,816740,mean_binary_certainty,0.2289674989236478
V3-1,B5,3,29,natural_missingness,fb82651717076e658cf67e62ccd41ca247d29c994518945706edefcf0b635aa0,1ab02e690e33ca2a1cd30580820f321892ad740e3ae565f885418243fe788bfc,extrasensory-robust-gated-fold3-seed29-full,1.0,1.0,86408,0.4693216782990644,0.5370250504572197,0.6856761714190428,856815,mean_binary_certainty,0.0383289999330797
V3-1,B5,3,29,natural_missingness,fb82651717076e658cf67e62ccd41ca247d29c994518945706edefcf0b635aa0,1ab02e690e33ca2a1cd30580820f321892ad740e3ae565f885418243fe788bfc,extrasensory-robust-gated-fold3-seed29-full,0.05,0.0500069438014998,4321,0.2530086539847244,0.6406360499988771,0.9530485385531016,38990,mean_normalized_threshold_margin,0.9743964073838268
V3-1,B5,3,29,natural_missingness,fb82651717076e658cf67e62ccd41ca247d29c994518945706edefcf0b635aa0,1ab02e690e33ca2a1cd30580820f321892ad740e3ae565f885418243fe788bfc,extrasensory-robust-gated-fold3-seed29-full,0.1,0.1000023146004999,8641,0.2306630145970015,0.7252442207571815,0.948823432614777,84759,mean_normalized_threshold_margin,0.938110319956934
V3-1,B5,3,29,natural_missingness,fb82651717076e658cf67e62ccd41ca247d29c994518945706edefcf0b635aa0,1ab02e690e33ca2a1cd30580820f321892ad740e3ae565f885418243fe788bfc,extrasensory-robust-gated-fold3-seed29-full,0.15,0.1500092584019998,12962,0.2470477289295031,0.7098786311881916,0.942898736071618,129838,mean_normalized_threshold_margin,0.8885026526483951
V3-1,B5,3,29,natural_missingness,fb82651717076e658cf67e62ccd41ca247d29c994518945706edefcf0b635aa0,1ab02e690e33ca2a1cd30580820f321892ad740e3ae565f885418243fe788bfc,extrasensory-robust-gated-fold3-seed29-full,0.2,0.2000046292009999,17282,0.2765713466539172,0.7234969705624277,0.9288175098907164,175260,mean_normalized_threshold_margin,0.840487816107213
V3-1,B5,3,29,natural_missingness,fb82651717076e658cf67e62ccd41ca247d29c994518945706edefcf0b635aa0,1ab02e690e33ca2a1cd30580820f321892ad740e3ae565f885418243fe788bfc,extrasensory-robust-gated-fold3-seed29-full,0.25,0.25,21602,0.2984222061515408,0.7342213975672479,0.9077734397287406,221044,mean_normalized_threshold_margin,0.8031765906114104
V3-1,B5,3,29,natural_missingness,fb82651717076e658cf67e62ccd41ca247d29c994518945706edefcf0b635aa0,1ab02e690e33ca2a1cd30580820f321892ad740e3ae565f885418243fe788bfc,extrasensory-robust-gated-fold3-seed29-full,0.3,0.3000069438014998,25923,0.3183275192924402,0.7261616939213252,0.886064903190619,265745,mean_normalized_threshold_margin,0.7726109984042411
V3-1,B5,3,29,natural_missingness,fb82651717076e658cf67e62ccd41ca247d29c994518945706edefcf0b635aa0,1ab02e690e33ca2a1cd30580820f321892ad740e3ae565f885418243fe788bfc,extrasensory-robust-gated-fold3-seed29-full,0.35,0.3500023146004999,30243,0.3377087791172155,0.7115202987830782,0.8625525290006907,310498,mean_normalized_threshold_margin,0.7478746953318356
V3-1,B5,3,29,natural_missingness,fb82651717076e658cf67e62ccd41ca247d29c994518945706edefcf0b635aa0,1ab02e690e33ca2a1cd30580820f321892ad740e3ae565f885418243fe788bfc,extrasensory-robust-gated-fold3-seed29-full,0.4,0.4000092584019998,34564,0.354961339939248,0.694601395781683,0.84076753631523,354412,mean_normalized_threshold_margin,0.7258004388185187
V3-1,B5,3,29,natural_missingness,fb82651717076e658cf67e62ccd41ca247d29c994518945706edefcf0b635aa0,1ab02e690e33ca2a1cd30580820f321892ad740e3ae565f885418243fe788bfc,extrasensory-robust-gated-fold3-seed29-full,0.45,0.4500046292009999,38884,0.3710426613372968,0.6785191691032151,0.8211730518107079,396732,mean_normalized_threshold_margin,0.7047248018045444
V3-1,B5,3,29,natural_missingness,fb82651717076e658cf67e62ccd41ca247d29c994518945706edefcf0b635aa0,1ab02e690e33ca2a1cd30580820f321892ad740e3ae565f885418243fe788bfc,extrasensory-robust-gated-fold3-seed29-full,0.5,0.5,43204,0.3851909912308606,0.664709711971177,0.8042343484206664,438378,mean_normalized_threshold_margin,0.6838492288373275
V3-1,B5,3,29,natural_missingness,fb82651717076e658cf67e62ccd41ca247d29c994518945706edefcf0b635aa0,1ab02e690e33ca2a1cd30580820f321892ad740e3ae565f885418243fe788bfc,extrasensory-robust-gated-fold3-seed29-full,0.55,0.5500069438014998,47525,0.3964056814299015,0.6502499000427695,0.7891504839593353,480875,mean_normalized_threshold_margin,0.6627867302679993
V3-1,B5,3,29,natural_missingness,fb82651717076e658cf67e62ccd41ca247d29c994518945706edefcf0b635aa0,1ab02e690e33ca2a1cd30580820f321892ad740e3ae565f885418243fe788bfc,extrasensory-robust-gated-fold3-seed29-full,0.6,0.6000023146004999,51845,0.4051093157007669,0.6365997653394566,0.7755667470961225,522593,mean_normalized_threshold_margin,0.6404028658583111
V3-1,B5,3,29,natural_missingness,fb82651717076e658cf67e62ccd41ca247d29c994518945706edefcf0b635aa0,1ab02e690e33ca2a1cd30580820f321892ad740e3ae565f885418243fe788bfc,extrasensory-robust-gated-fold3-seed29-full,0.65,0.6500092584019999,56166,0.4141731538002629,0.6234585601295672,0.7624658986339944,563874,mean_normalized_threshold_margin,0.6180462235140249
V3-1,B5,3,29,natural_missingness,fb82651717076e658cf67e62ccd41ca247d29c994518945706edefcf0b635aa0,1ab02e690e33ca2a1cd30580820f321892ad740e3ae565f885418243fe788bfc,extrasensory-robust-gated-fold3-seed29-full,0.7,0.7000046292009999,60486,0.4224245450175385,0.611377657098527,0.7500037867657082,605319,mean_normalized_threshold_margin,0.5944364940143502
V3-1,B5,3,29,natural_missingness,fb82651717076e658cf67e62ccd41ca247d29c994518945706edefcf0b635aa0,1ab02e690e33ca2a1cd30580820f321892ad740e3ae565f885418243fe788bfc,extrasensory-robust-gated-fold3-seed29-full,0.75,0.75,64806,0.4298512268515527,0.5990163929336728,0.7382637311021383,647653,mean_normalized_threshold_margin,0.571058072574483
V3-1,B5,3,29,natural_missingness,fb82651717076e658cf67e62ccd41ca247d29c994518945706edefcf0b635aa0,1ab02e690e33ca2a1cd30580820f321892ad740e3ae565f885418243fe788bfc,extrasensory-robust-gated-fold3-seed29-full,0.8,0.8000069438014998,69127,0.4376965256774102,0.5867120262014204,0.7270522813738651,689974,mean_normalized_threshold_margin,0.547567247383814
V3-1,B5,3,29,natural_missingness,fb82651717076e658cf67e62ccd41ca247d29c994518945706edefcf0b635aa0,1ab02e690e33ca2a1cd30580820f321892ad740e3ae565f885418243fe788bfc,extrasensory-robust-gated-fold3-seed29-full,0.85,0.8500023146004999,73447,0.4455220732466079,0.5752519161711531,0.7163422055699641,732922,mean_normalized_threshold_margin,0.5209911437251903
V3-1,B5,3,29,natural_missingness,fb82651717076e658cf67e62ccd41ca247d29c994518945706edefcf0b635aa0,1ab02e690e33ca2a1cd30580820f321892ad740e3ae565f885418243fe788bfc,extrasensory-robust-gated-fold3-seed29-full,0.9,0.9000092584019999,77768,0.4529453816158771,0.5635226948995599,0.7066538127013834,775780,mean_normalized_threshold_margin,0.4888815589199005
V3-1,B5,3,29,natural_missingness,fb82651717076e658cf67e62ccd41ca247d29c994518945706edefcf0b635aa0,1ab02e690e33ca2a1cd30580820f321892ad740e3ae565f885418243fe788bfc,extrasensory-robust-gated-fold3-seed29-full,0.95,0.950004629201,82088,0.4601635960108632,0.5515028942037947,0.6969331360536147,817541,mean_normalized_threshold_margin,0.4418409707605054
V3-1,B5,3,29,natural_missingness,fb82651717076e658cf67e62ccd41ca247d29c994518945706edefcf0b635aa0,1ab02e690e33ca2a1cd30580820f321892ad740e3ae565f885418243fe788bfc,extrasensory-robust-gated-fold3-seed29-full,1.0,1.0,86408,0.4693216782990645,0.5370250504572197,0.6856761714190428,856815,mean_normalized_threshold_margin,0.2046022165800139
V3-1,P,3,29,natural_missingness,fb82651717076e658cf67e62ccd41ca247d29c994518945706edefcf0b635aa0,14c1abd9aa5e18ad9591235ca1cd46cd03aca983f91a5f03f30b6a325b6695c9,extrasensory-quality-aware-fold3-seed29-full,0.05,0.0500069438014998,4321,0.249880090326895,0.639646139013509,0.95025011368804,38011,mean_binary_certainty,0.9357539897814298
V3-1,P,3,29,natural_missingness,fb82651717076e658cf67e62ccd41ca247d29c994518945706edefcf0b635aa0,14c1abd9aa5e18ad9591235ca1cd46cd03aca983f91a5f03f30b6a325b6695c9,extrasensory-quality-aware-fold3-seed29-full,0.1,0.1000023146004999,8641,0.2325108798514153,0.4589415625747498,0.9525817943573154,85010,mean_binary_certainty,0.893908713657869
V3-1,P,3,29,natural_missingness,fb82651717076e658cf67e62ccd41ca247d29c994518945706edefcf0b635aa0,14c1abd9aa5e18ad9591235ca1cd46cd03aca983f91a5f03f30b6a325b6695c9,extrasensory-quality-aware-fold3-seed29-full,0.15,0.1500092584019998,12962,0.2463826303742361,0.5880286774503086,0.9471715880809848,129823,mean_binary_certainty,0.8357777288347914
V3-1,P,3,29,natural_missingness,fb82651717076e658cf67e62ccd41ca247d29c994518945706edefcf0b635aa0,14c1abd9aa5e18ad9591235ca1cd46cd03aca983f91a5f03f30b6a325b6695c9,extrasensory-quality-aware-fold3-seed29-full,0.2,0.2000046292009999,17282,0.2545103972135286,0.6627663635123572,0.9416183751970996,175532,mean_binary_certainty,0.7701024618455224
V3-1,P,3,29,natural_missingness,fb82651717076e658cf67e62ccd41ca247d29c994518945706edefcf0b635aa0,14c1abd9aa5e18ad9591235ca1cd46cd03aca983f91a5f03f30b6a325b6695c9,extrasensory-quality-aware-fold3-seed29-full,0.25,0.25,21602,0.2611320886842059,0.6823352294294496,0.9296797782152758,221623,mean_binary_certainty,0.7081401001623939
V3-1,P,3,29,natural_missingness,fb82651717076e658cf67e62ccd41ca247d29c994518945706edefcf0b635aa0,14c1abd9aa5e18ad9591235ca1cd46cd03aca983f91a5f03f30b6a325b6695c9,extrasensory-quality-aware-fold3-seed29-full,0.3,0.3000069438014998,25923,0.2705183023968908,0.6945407636755588,0.913314966623332,267322,mean_binary_certainty,0.6540154464863752
V3-1,P,3,29,natural_missingness,fb82651717076e658cf67e62ccd41ca247d29c994518945706edefcf0b635aa0,14c1abd9aa5e18ad9591235ca1cd46cd03aca983f91a5f03f30b6a325b6695c9,extrasensory-quality-aware-fold3-seed29-full,0.35,0.3500023146004999,30243,0.2834616457906747,0.6953900325505463,0.8924752429215678,313208,mean_binary_certainty,0.6033977160992653
V3-1,P,3,29,natural_missingness,fb82651717076e658cf67e62ccd41ca247d29c994518945706edefcf0b635aa0,14c1abd9aa5e18ad9591235ca1cd46cd03aca983f91a5f03f30b6a325b6695c9,extrasensory-quality-aware-fold3-seed29-full,0.4,0.4000092584019998,34564,0.2985145176119021,0.6855671746642428,0.8704472343503892,358601,mean_binary_certainty,0.5628066207296876
V3-1,P,3,29,natural_missingness,fb82651717076e658cf67e62ccd41ca247d29c994518945706edefcf0b635aa0,14c1abd9aa5e18ad9591235ca1cd46cd03aca983f91a5f03f30b6a325b6695c9,extrasensory-quality-aware-fold3-seed29-full,0.45,0.4500046292009999,38884,0.31324218028445,0.6706175093779011,0.8500626221825794,401928,mean_binary_certainty,0.5285265116730845
V3-1,P,3,29,natural_missingness,fb82651717076e658cf67e62ccd41ca247d29c994518945706edefcf0b635aa0,14c1abd9aa5e18ad9591235ca1cd46cd03aca983f91a5f03f30b6a325b6695c9,extrasensory-quality-aware-fold3-seed29-full,0.5,0.5,43204,0.3288094908182878,0.6545028491700655,0.8306958960408964,443877,mean_binary_certainty,0.4990515808755581
V3-1,P,3,29,natural_missingness,fb82651717076e658cf67e62ccd41ca247d29c994518945706edefcf0b635aa0,14c1abd9aa5e18ad9591235ca1cd46cd03aca983f91a5f03f30b6a325b6695c9,extrasensory-quality-aware-fold3-seed29-full,0.55,0.5500069438014998,47525,0.3429537390913703,0.6391999465618184,0.8120149123993123,486012,mean_binary_certainty,0.4719924480874052
V3-1,P,3,29,natural_missingness,fb82651717076e658cf67e62ccd41ca247d29c994518945706edefcf0b635aa0,14c1abd9aa5e18ad9591235ca1cd46cd03aca983f91a5f03f30b6a325b6695c9,extrasensory-quality-aware-fold3-seed29-full,0.6,0.6000023146004999,51845,0.3553010807284142,0.6270273225428298,0.7958769673312988,526631,mean_binary_certainty,0.4462162360589693
V3-1,P,3,29,natural_missingness,fb82651717076e658cf67e62ccd41ca247d29c994518945706edefcf0b635aa0,14c1abd9aa5e18ad9591235ca1cd46cd03aca983f91a5f03f30b6a325b6695c9,extrasensory-quality-aware-fold3-seed29-full,0.65,0.6500092584019999,56166,0.3659876146615277,0.6145228909656667,0.7812428151105099,566916,mean_binary_certainty,0.4199060376083049
V3-1,P,3,29,natural_missingness,fb82651717076e658cf67e62ccd41ca247d29c994518945706edefcf0b635aa0,14c1abd9aa5e18ad9591235ca1cd46cd03aca983f91a5f03f30b6a325b6695c9,extrasensory-quality-aware-fold3-seed29-full,0.7,0.7000046292009999,60486,0.376095574220497,0.6016605890732208,0.7678278701297082,607592,mean_binary_certainty,0.3930966551102638
V3-1,P,3,29,natural_missingness,fb82651717076e658cf67e62ccd41ca247d29c994518945706edefcf0b635aa0,14c1abd9aa5e18ad9591235ca1cd46cd03aca983f91a5f03f30b6a325b6695c9,extrasensory-quality-aware-fold3-seed29-full,0.75,0.75,64806,0.3848363163249979,0.5903642273083016,0.7560667251975417,648135,mean_binary_certainty,0.366034482813087
V3-1,P,3,29,natural_missingness,fb82651717076e658cf67e62ccd41ca247d29c994518945706edefcf0b635aa0,14c1abd9aa5e18ad9591235ca1cd46cd03aca983f91a5f03f30b6a325b6695c9,extrasensory-quality-aware-fold3-seed29-full,0.8,0.8000069438014998,69127,0.3928235859271436,0.5796743719697629,0.7450132987886389,689042,mean_binary_certainty,0.3380395905620851
V3-1,P,3,29,natural_missingness,fb82651717076e658cf67e62ccd41ca247d29c994518945706edefcf0b635aa0,14c1abd9aa5e18ad9591235ca1cd46cd03aca983f91a5f03f30b6a325b6695c9,extrasensory-quality-aware-fold3-seed29-full,0.85,0.8500023146004999,73447,0.4011958517370726,0.5698932500201459,0.7347207135098051,731291,mean_binary_certainty,0.3072503961136591
V3-1,P,3,29,natural_missingness,fb82651717076e658cf67e62ccd41ca247d29c994518945706edefcf0b635aa0,14c1abd9aa5e18ad9591235ca1cd46cd03aca983f91a5f03f30b6a325b6695c9,extrasensory-quality-aware-fold3-seed29-full,0.9,0.9000092584019999,77768,0.410294944544345,0.5596160603101058,0.7252906762913089,774387,mean_binary_certainty,0.2691079166385408
V3-1,P,3,29,natural_missingness,fb82651717076e658cf67e62ccd41ca247d29c994518945706edefcf0b635aa0,14c1abd9aa5e18ad9591235ca1cd46cd03aca983f91a5f03f30b6a325b6695c9,extrasensory-quality-aware-fold3-seed29-full,0.95,0.950004629201,82088,0.4196487200873486,0.5495658484615292,0.7161248546541988,816704,mean_binary_certainty,0.2192841577943983
V3-1,P,3,29,natural_missingness,fb82651717076e658cf67e62ccd41ca247d29c994518945706edefcf0b635aa0,14c1abd9aa5e18ad9591235ca1cd46cd03aca983f91a5f03f30b6a325b6695c9,extrasensory-quality-aware-fold3-seed29-full,1.0,1.0,86408,0.4303001012466186,0.5384447237264011,0.705811009870249,856815,mean_binary_certainty,0.0279765679969405
V3-1,P,3,29,natural_missingness,fb82651717076e658cf67e62ccd41ca247d29c994518945706edefcf0b635aa0,14c1abd9aa5e18ad9591235ca1cd46cd03aca983f91a5f03f30b6a325b6695c9,extrasensory-quality-aware-fold3-seed29-full,0.05,0.0500069438014998,4321,0.2557047266743174,0.6407711175292653,0.9522991364109056,38256,mean_normalized_threshold_margin,0.979689504368542
V3-1,P,3,29,natural_missingness,fb82651717076e658cf67e62ccd41ca247d29c994518945706edefcf0b635aa0,14c1abd9aa5e18ad9591235ca1cd46cd03aca983f91a5f03f30b6a325b6695c9,extrasensory-quality-aware-fold3-seed29-full,0.1,0.1000023146004999,8641,0.2518133901537006,0.4982707245181084,0.9519988537039692,85313,mean_normalized_threshold_margin,0.9556254231242864
V3-1,P,3,29,natural_missingness,fb82651717076e658cf67e62ccd41ca247d29c994518945706edefcf0b635aa0,14c1abd9aa5e18ad9591235ca1cd46cd03aca983f91a5f03f30b6a325b6695c9,extrasensory-quality-aware-fold3-seed29-full,0.15,0.1500092584019998,12962,0.2530486768040892,0.5410241309189491,0.947849216797872,130194,mean_normalized_threshold_margin,0.9274643512181356
V3-1,P,3,29,natural_missingness,fb82651717076e658cf67e62ccd41ca247d29c994518945706edefcf0b635aa0,14c1abd9aa5e18ad9591235ca1cd46cd03aca983f91a5f03f30b6a325b6695c9,extrasensory-quality-aware-fold3-seed29-full,0.2,0.2000046292009999,17282,0.2574323680236711,0.6259013989804871,0.9419949842245772,174714,mean_normalized_threshold_margin,0.8904060995331686
V3-1,P,3,29,natural_missingness,fb82651717076e658cf67e62ccd41ca247d29c994518945706edefcf0b635aa0,14c1abd9aa5e18ad9591235ca1cd46cd03aca983f91a5f03f30b6a325b6695c9,extrasensory-quality-aware-fold3-seed29-full,0.25,0.25,21602,0.2660364377325084,0.6769918034240029,0.9294449063274384,221017,mean_normalized_threshold_margin,0.8495624916238425
V3-1,P,3,29,natural_missingness,fb82651717076e658cf67e62ccd41ca247d29c994518945706edefcf0b635aa0,14c1abd9aa5e18ad9591235ca1cd46cd03aca983f91a5f03f30b6a325b6695c9,extrasensory-quality-aware-fold3-seed29-full,0.3,0.3000069438014998,25923,0.2717933048407634,0.6959735962549185,0.9122458165109264,268098,mean_normalized_threshold_margin,0.8121496632804664
V3-1,P,3,29,natural_missingness,fb82651717076e658cf67e62ccd41ca247d29c994518945706edefcf0b635aa0,14c1abd9aa5e18ad9591235ca1cd46cd03aca983f91a5f03f30b6a325b6695c9,extrasensory-quality-aware-fold3-seed29-full,0.35,0.3500023146004999,30243,0.2853493268203867,0.6981155183323412,0.8924078341013825,314930,mean_normalized_threshold_margin,0.7788330359411948
V3-1,P,3,29,natural_missingness,fb82651717076e658cf67e62ccd41ca247d29c994518945706edefcf0b635aa0,14c1abd9aa5e18ad9591235ca1cd46cd03aca983f91a5f03f30b6a325b6695c9,extrasensory-quality-aware-fold3-seed29-full,0.4,0.4000092584019998,34564,0.2987719719887808,0.6873359978437301,0.871788379935793,360586,mean_normalized_threshold_margin,0.7503346336989304
V3-1,P,3,29,natural_missingness,fb82651717076e658cf67e62ccd41ca247d29c994518945706edefcf0b635aa0,14c1abd9aa5e18ad9591235ca1cd46cd03aca983f91a5f03f30b6a325b6695c9,extrasensory-quality-aware-fold3-seed29-full,0.45,0.4500046292009999,38884,0.3135007278748369,0.6786380129039596,0.851236102086902,404301,mean_normalized_threshold_margin,0.7267259083389427
V3-1,P,3,29,natural_missingness,fb82651717076e658cf67e62ccd41ca247d29c994518945706edefcf0b635aa0,14c1abd9aa5e18ad9591235ca1cd46cd03aca983f91a5f03f30b6a325b6695c9,extrasensory-quality-aware-fold3-seed29-full,0.5,0.5,43204,0.3282638192850899,0.6652820949017944,0.8326436553757712,446438,mean_normalized_threshold_margin,0.704695879800836
V3-1,P,3,29,natural_missingness,fb82651717076e658cf67e62ccd41ca247d29c994518945706edefcf0b635aa0,14c1abd9aa5e18ad9591235ca1cd46cd03aca983f91a5f03f30b6a325b6695c9,extrasensory-quality-aware-fold3-seed29-full,0.55,0.5500069438014998,47525,0.3418392788400887,0.6548085649736872,0.8160893803865611,487612,mean_normalized_threshold_margin,0.6822277741442553
V3-1,P,3,29,natural_missingness,fb82651717076e658cf67e62ccd41ca247d29c994518945706edefcf0b635aa0,14c1abd9aa5e18ad9591235ca1cd46cd03aca983f91a5f03f30b6a325b6695c9,extrasensory-quality-aware-fold3-seed29-full,0.6,0.6000023146004999,51845,0.3532393756878158,0.6443920792249067,0.8013094991376555,529224,mean_normalized_threshold_margin,0.6591703041417029
V3-1,P,3,29,natural_missingness,fb82651717076e658cf67e62ccd41ca247d29c994518945706edefcf0b635aa0,14c1abd9aa5e18ad9591235ca1cd46cd03aca983f91a5f03f30b6a325b6695c9,extrasensory-quality-aware-fold3-seed29-full,0.65,0.6500092584019999,56166,0.3632232760341681,0.6333102998856884,0.7876018487323492,570240,mean_normalized_threshold_margin,0.6363577289510101
V3-1,P,3,29,natural_missingness,fb82651717076e658cf67e62ccd41ca247d29c994518945706edefcf0b635aa0,14c1abd9aa5e18ad9591235ca1cd46cd03aca983f91a5f03f30b6a325b6695c9,extrasensory-quality-aware-fold3-seed29-full,0.7,0.7000046292009999,60486,0.3731538255993789,0.6193769428796979,0.7745534480747149,609235,mean_normalized_threshold_margin,0.6128029769362247
V3-1,P,3,29,natural_missingness,fb82651717076e658cf67e62ccd41ca247d29c994518945706edefcf0b635aa0,14c1abd9aa5e18ad9591235ca1cd46cd03aca983f91a5f03f30b6a325b6695c9,extrasensory-quality-aware-fold3-seed29-full,0.75,0.75,64806,0.3822149924088082,0.6049048723072165,0.7620272703884744,649036,mean_normalized_threshold_margin,0.5890557919108993
V3-1,P,3,29,natural_missingness,fb82651717076e658cf67e62ccd41ca247d29c994518945706edefcf0b635aa0,14c1abd9aa5e18ad9591235ca1cd46cd03aca983f91a5f03f30b6a325b6695c9,extrasensory-quality-aware-fold3-seed29-full,0.8,0.8000069438014998,69127,0.3911441943335405,0.5924324645054583,0.7504564870286721,689169,mean_normalized_threshold_margin,0.5631833464257536
V3-1,P,3,29,natural_missingness,fb82651717076e658cf67e62ccd41ca247d29c994518945706edefcf0b635aa0,14c1abd9aa5e18ad9591235ca1cd46cd03aca983f91a5f03f30b6a325b6695c9,extrasensory-quality-aware-fold3-seed29-full,0.85,0.8500023146004999,73447,0.4001258496999165,0.5795997565443964,0.7389702467568655,730369,mean_normalized_threshold_margin,0.5344059641724207
V3-1,P,3,29,natural_missingness,fb82651717076e658cf67e62ccd41ca247d29c994518945706edefcf0b635aa0,14c1abd9aa5e18ad9591235ca1cd46cd03aca983f91a5f03f30b6a325b6695c9,extrasensory-quality-aware-fold3-seed29-full,0.9,0.9000092584019999,77768,0.4096528174194366,0.565750028886302,0.7280607986411094,773097,mean_normalized_threshold_margin,0.5007249612610698
V3-1,P,3,29,natural_missingness,fb82651717076e658cf67e62ccd41ca247d29c994518945706edefcf0b635aa0,14c1abd9aa5e18ad9591235ca1cd46cd03aca983f91a5f03f30b6a325b6695c9,extrasensory-quality-aware-fold3-seed29-full,0.95,0.950004629201,82088,0.4193594220942081,0.5520935229240603,0.7174684013148757,815959,mean_normalized_threshold_margin,0.4509692075719286
V3-1,P,3,29,natural_missingness,fb82651717076e658cf67e62ccd41ca247d29c994518945706edefcf0b635aa0,14c1abd9aa5e18ad9591235ca1cd46cd03aca983f91a5f03f30b6a325b6695c9,extrasensory-quality-aware-fold3-seed29-full,1.0,1.0,86408,0.4303001012466186,0.5384447237264011,0.705811009870249,856815,mean_normalized_threshold_margin,0.1831154567168701
V3-1,P2,3,29,natural_missingness,fb82651717076e658cf67e62ccd41ca247d29c994518945706edefcf0b635aa0,10d9503e683f16ee3cc2a2ddfc4f697fdc3e0f9813fdab4aa08f1b14b187abdf,extrasensory-p2-fold3-seed29-v2_multiseed,0.05,0.0500069438014998,4321,0.2186205197320467,0.629442348823509,0.9538038659336762,38148,mean_binary_certainty,0.9240243631882552
V3-1,P2,3,29,natural_missingness,fb82651717076e658cf67e62ccd41ca247d29c994518945706edefcf0b635aa0,10d9503e683f16ee3cc2a2ddfc4f697fdc3e0f9813fdab4aa08f1b14b187abdf,extrasensory-p2-fold3-seed29-v2_multiseed,0.1,0.1000023146004999,8641,0.2216285705437946,0.6160253841311925,0.9408144338588652,82978,mean_binary_certainty,0.865931273038889
V3-1,P2,3,29,natural_missingness,fb82651717076e658cf67e62ccd41ca247d29c994518945706edefcf0b635aa0,10d9503e683f16ee3cc2a2ddfc4f697fdc3e0f9813fdab4aa08f1b14b187abdf,extrasensory-p2-fold3-seed29-v2_multiseed,0.15,0.1500092584019998,12962,0.2213102274735758,0.6386187938486049,0.93010855595964,130059,mean_binary_certainty,0.8136979616246318
V3-1,P2,3,29,natural_missingness,fb82651717076e658cf67e62ccd41ca247d29c994518945706edefcf0b635aa0,10d9503e683f16ee3cc2a2ddfc4f697fdc3e0f9813fdab4aa08f1b14b187abdf,extrasensory-p2-fold3-seed29-v2_multiseed,0.2,0.2000046292009999,17282,0.2274346173409863,0.6502337859717087,0.9172462535978776,176465,mean_binary_certainty,0.7598928040340386
V3-1,P2,3,29,natural_missingness,fb82651717076e658cf67e62ccd41ca247d29c994518945706edefcf0b635aa0,10d9503e683f16ee3cc2a2ddfc4f697fdc3e0f9813fdab4aa08f1b14b187abdf,extrasensory-p2-fold3-seed29-v2_multiseed,0.25,0.25,21602,0.2550813671795624,0.6637285810848703,0.8990410605720369,220388,mean_binary_certainty,0.712114619443305
V3-1,P2,3,29,natural_missingness,fb82651717076e658cf67e62ccd41ca247d29c994518945706edefcf0b635aa0,10d9503e683f16ee3cc2a2ddfc4f697fdc3e0f9813fdab4aa08f1b14b187abdf,extrasensory-p2-fold3-seed29-v2_multiseed,0.3,0.3000069438014998,25923,0.2767854079319475,0.6730953520266191,0.8768672402679297,263743,mean_binary_certainty,0.6751068054655793
V3-1,P2,3,29,natural_missingness,fb82651717076e658cf67e62ccd41ca247d29c994518945706edefcf0b635aa0,10d9503e683f16ee3cc2a2ddfc4f697fdc3e0f9813fdab4aa08f1b14b187abdf,extrasensory-p2-fold3-seed29-v2_multiseed,0.35,0.3500023146004999,30243,0.296252525070718,0.663959424743094,0.8543672815144928,306952,mean_binary_certainty,0.6428586337681419
V3-1,P2,3,29,natural_missingness,fb82651717076e658cf67e62ccd41ca247d29c994518945706edefcf0b635aa0,10d9503e683f16ee3cc2a2ddfc4f697fdc3e0f9813fdab4aa08f1b14b187abdf,extrasensory-p2-fold3-seed29-v2_multiseed,0.4,0.4000092584019998,34564,0.312715498958202,0.6517727389211877,0.83372352764294,349076,mean_binary_certainty,0.6139512394113205
V3-1,P2,3,29,natural_missingness,fb82651717076e658cf67e62ccd41ca247d29c994518945706edefcf0b635aa0,10d9503e683f16ee3cc2a2ddfc4f697fdc3e0f9813fdab4aa08f1b14b187abdf,extrasensory-p2-fold3-seed29-v2_multiseed,0.45,0.4500046292009999,38884,0.3245578863729549,0.6399622860574835,0.8152971855222377,390324,mean_binary_certainty,0.5855846153219386
V3-1,P2,3,29,natural_missingness,fb82651717076e658cf67e62ccd41ca247d29c994518945706edefcf0b635aa0,10d9503e683f16ee3cc2a2ddfc4f697fdc3e0f9813fdab4aa08f1b14b187abdf,extrasensory-p2-fold3-seed29-v2_multiseed,0.5,0.5,43204,0.3361762537122543,0.6296671688139693,0.7978666759774098,432070,mean_binary_certainty,0.5585511852987148
V3-1,P2,3,29,natural_missingness,fb82651717076e658cf67e62ccd41ca247d29c994518945706edefcf0b635aa0,10d9503e683f16ee3cc2a2ddfc4f697fdc3e0f9813fdab4aa08f1b14b187abdf,extrasensory-p2-fold3-seed29-v2_multiseed,0.55,0.5500069438014998,47525,0.3456274069166036,0.6161482559294331,0.7817044173699702,474306,mean_binary_certainty,0.5324941560997829
V3-1,P2,3,29,natural_missingness,fb82651717076e658cf67e62ccd41ca247d29c994518945706edefcf0b635aa0,10d9503e683f16ee3cc2a2ddfc4f697fdc3e0f9813fdab4aa08f1b14b187abdf,extrasensory-p2-fold3-seed29-v2_multiseed,0.6,0.6000023146004999,51845,0.3552282595036514,0.6039959585609425,0.7668314362825628,515732,mean_binary_certainty,0.5074944648343778
V3-1,P2,3,29,natural_missingness,fb82651717076e658cf67e62ccd41ca247d29c994518945706edefcf0b635aa0,10d9503e683f16ee3cc2a2ddfc4f697fdc3e0f9813fdab4aa08f1b14b187abdf,extrasensory-p2-fold3-seed29-v2_multiseed,0.65,0.6500092584019999,56166,0.3647704224300009,0.5906960066429142,0.7529786837151724,557819,mean_binary_certainty,0.4831107444724716
V3-1,P2,3,29,natural_missingness,fb82651717076e658cf67e62ccd41ca247d29c994518945706edefcf0b635aa0,10d9503e683f16ee3cc2a2ddfc4f697fdc3e0f9813fdab4aa08f1b14b187abdf,extrasensory-p2-fold3-seed29-v2_multiseed,0.7,0.7000046292009999,60486,0.3741103723372495,0.5781494553890588,0.7402966652707677,600326,mean_binary_certainty,0.4590013105955328
V3-1,P2,3,29,natural_missingness,fb82651717076e658cf67e62ccd41ca247d29c994518945706edefcf0b635aa0,10d9503e683f16ee3cc2a2ddfc4f697fdc3e0f9813fdab4aa08f1b14b187abdf,extrasensory-p2-fold3-seed29-v2_multiseed,0.75,0.75,64806,0.3831052198516907,0.5671220413350824,0.7286456651302076,642561,mean_binary_certainty,0.4349338582444002
V3-1,P2,3,29,natural_missingness,fb82651717076e658cf67e62ccd41ca247d29c994518945706edefcf0b635aa0,10d9503e683f16ee3cc2a2ddfc4f697fdc3e0f9813fdab4aa08f1b14b187abdf,extrasensory-p2-fold3-seed29-v2_multiseed,0.8,0.8000069438014998,69127,0.3915367125011464,0.5583180923749389,0.7179841442152702,686363,mean_binary_certainty,0.4100884715873274
V3-1,P2,3,29,natural_missingness,fb82651717076e658cf67e62ccd41ca247d29c994518945706edefcf0b635aa0,10d9503e683f16ee3cc2a2ddfc4f697fdc3e0f9813fdab4aa08f1b14b187abdf,extrasensory-p2-fold3-seed29-v2_multiseed,0.85,0.8500023146004999,73447,0.3999696391717127,0.5487914744338838,0.7080667458078309,729765,mean_binary_certainty,0.3816911002665628
V3-1,P2,3,29,natural_missingness,fb82651717076e658cf67e62ccd41ca247d29c994518945706edefcf0b635aa0,10d9503e683f16ee3cc2a2ddfc4f697fdc3e0f9813fdab4aa08f1b14b187abdf,extrasensory-p2-fold3-seed29-v2_multiseed,0.9,0.9000092584019999,77768,0.4077948262607071,0.5383879479140184,0.697878474204065,772444,mean_binary_certainty,0.347598944875209
V3-1,P2,3,29,natural_missingness,fb82651717076e658cf67e62ccd41ca247d29c994518945706edefcf0b635aa0,10d9503e683f16ee3cc2a2ddfc4f697fdc3e0f9813fdab4aa08f1b14b187abdf,extrasensory-p2-fold3-seed29-v2_multiseed,0.95,0.950004629201,82088,0.4159849435617666,0.5288869367150588,0.6883637557811773,815002,mean_binary_certainty,0.2971633898960788
V3-1,P2,3,29,natural_missingness,fb82651717076e658cf67e62ccd41ca247d29c994518945706edefcf0b635aa0,10d9503e683f16ee3cc2a2ddfc4f697fdc3e0f9813fdab4aa08f1b14b187abdf,extrasensory-p2-fold3-seed29-v2_multiseed,1.0,1.0,86408,0.4258320735001711,0.5175101340642319,0.6772116485465142,856815,mean_binary_certainty,0.062575685041164
V3-1,P2,3,29,natural_missingness,fb82651717076e658cf67e62ccd41ca247d29c994518945706edefcf0b635aa0,10d9503e683f16ee3cc2a2ddfc4f697fdc3e0f9813fdab4aa08f1b14b187abdf,extrasensory-p2-fold3-seed29-v2_multiseed,0.05,0.0500069438014998,4321,0.2325992185911576,0.4177174105359291,0.9549509564599884,37794,mean_normalized_threshold_margin,0.972323539252672
V3-1,P2,3,29,natural_missingness,fb82651717076e658cf67e62ccd41ca247d29c994518945706edefcf0b635aa0,10d9503e683f16ee3cc2a2ddfc4f697fdc3e0f9813fdab4aa08f1b14b187abdf,extrasensory-p2-fold3-seed29-v2_multiseed,0.1,0.1000023146004999,8641,0.2329289755902714,0.573121508540326,0.9399623575189798,82636,mean_normalized_threshold_margin,0.938759640229257
V3-1,P2,3,29,natural_missingness,fb82651717076e658cf67e62ccd41ca247d29c994518945706edefcf0b635aa0,10d9503e683f16ee3cc2a2ddfc4f697fdc3e0f9813fdab4aa08f1b14b187abdf,extrasensory-p2-fold3-seed29-v2_multiseed,0.15,0.1500092584019998,12962,0.2241140355368601,0.6435261985496326,0.933026290539244,130284,mean_normalized_threshold_margin,0.9049506326153816
V3-1,P2,3,29,natural_missingness,fb82651717076e658cf67e62ccd41ca247d29c994518945706edefcf0b635aa0,10d9503e683f16ee3cc2a2ddfc4f697fdc3e0f9813fdab4aa08f1b14b187abdf,extrasensory-p2-fold3-seed29-v2_multiseed,0.2,0.2000046292009999,17282,0.2331608708845921,0.6574717353113438,0.9185180626500092,176414,mean_normalized_threshold_margin,0.8720245680177958
V3-1,P2,3,29,natural_missingness,fb82651717076e658cf67e62ccd41ca247d29c994518945706edefcf0b635aa0,10d9503e683f16ee3cc2a2ddfc4f697fdc3e0f9813fdab4aa08f1b14b187abdf,extrasensory-p2-fold3-seed29-v2_multiseed,0.25,0.25,21602,0.2594545824595421,0.6620213811659139,0.8972692023480376,220539,mean_normalized_threshold_margin,0.8397611691368992
V3-1,P2,3,29,natural_missingness,fb82651717076e658cf67e62ccd41ca247d29c994518945706edefcf0b635aa0,10d9503e683f16ee3cc2a2ddfc4f697fdc3e0f9813fdab4aa08f1b14b187abdf,extrasensory-p2-fold3-seed29-v2_multiseed,0.3,0.3000069438014998,25923,0.2804520491577746,0.6643502383916966,0.8755817778431002,263620,mean_normalized_threshold_margin,0.8117850689331562
V3-1,P2,3,29,natural_missingness,fb82651717076e658cf67e62ccd41ca247d29c994518945706edefcf0b635aa0,10d9503e683f16ee3cc2a2ddfc4f697fdc3e0f9813fdab4aa08f1b14b187abdf,extrasensory-p2-fold3-seed29-v2_multiseed,0.35,0.3500023146004999,30243,0.2980861393421474,0.6563822845814151,0.85389369592089,307747,mean_normalized_threshold_margin,0.7884902165041168
V3-1,P2,3,29,natural_missingness,fb82651717076e658cf67e62ccd41ca247d29c994518945706edefcf0b635aa0,10d9503e683f16ee3cc2a2ddfc4f697fdc3e0f9813fdab4aa08f1b14b187abdf,extrasensory-p2-fold3-seed29-v2_multiseed,0.4,0.4000092584019998,34564,0.312540455296506,0.65287665676853,0.8353728246602024,351631,mean_normalized_threshold_margin,0.7671137955829702
V3-1,P2,3,29,natural_missingness,fb82651717076e658cf67e62ccd41ca247d29c994518945706edefcf0b635aa0,10d9503e683f16ee3cc2a2ddfc4f697fdc3e0f9813fdab4aa08f1b14b187abdf,extrasensory-p2-fold3-seed29-v2_multiseed,0.45,0.4500046292009999,38884,0.3243558939568507,0.6487010044539728,0.8183736421785701,394397,mean_normalized_threshold_margin,0.7459468439554636
V3-1,P2,3,29,natural_missingness,fb82651717076e658cf67e62ccd41ca247d29c994518945706edefcf0b635aa0,10d9503e683f16ee3cc2a2ddfc4f697fdc3e0f9813fdab4aa08f1b14b187abdf,extrasensory-p2-fold3-seed29-v2_multiseed,0.5,0.5,43204,0.3343849445817916,0.6396001696888995,0.8025894395676286,436932,mean_normalized_threshold_margin,0.7249777541177019
V3-1,P2,3,29,natural_missingness,fb82651717076e658cf67e62ccd41ca247d29c994518945706edefcf0b635aa0,10d9503e683f16ee3cc2a2ddfc4f697fdc3e0f9813fdab4aa08f1b14b187abdf,extrasensory-p2-fold3-seed29-v2_multiseed,0.55,0.5500069438014998,47525,0.3435254561629781,0.6304342526171239,0.7878314095974421,478501,mean_normalized_threshold_margin,0.7046743549479476
V3-1,P2,3,29,natural_missingness,fb82651717076e658cf67e62ccd41ca247d29c994518945706edefcf0b635aa0,10d9503e683f16ee3cc2a2ddfc4f697fdc3e0f9813fdab4aa08f1b14b187abdf,extrasensory-p2-fold3-seed29-v2_multiseed,0.6,0.6000023146004999,51845,0.3537415710250145,0.6167433670984084,0.7733387952222845,520006,mean_normalized_threshold_margin,0.6835992655452301
V3-1,P2,3,29,natural_missingness,fb82651717076e658cf67e62ccd41ca247d29c994518945706edefcf0b635aa0,10d9503e683f16ee3cc2a2ddfc4f697fdc3e0f9813fdab4aa08f1b14b187abdf,extrasensory-p2-fold3-seed29-v2_multiseed,0.65,0.6500092584019999,56166,0.3636883470598141,0.6060541737320019,0.7599201273178527,561672,mean_normalized_threshold_margin,0.6624203166798086
V3-1,P2,3,29,natural_missingness,fb82651717076e658cf67e62ccd41ca247d29c994518945706edefcf0b635aa0,10d9503e683f16ee3cc2a2ddfc4f697fdc3e0f9813fdab4aa08f1b14b187abdf,extrasensory-p2-fold3-seed29-v2_multiseed,0.7,0.7000046292009999,60486,0.3731135134400425,0.5958274079654362,0.7472480568606042,603124,mean_normalized_threshold_margin,0.6397147904926679
V3-1,P2,3,29,natural_missingness,fb82651717076e658cf67e62ccd41ca247d29c994518945706edefcf0b635aa0,10d9503e683f16ee3cc2a2ddfc4f697fdc3e0f9813fdab4aa08f1b14b187abdf,extrasensory-p2-fold3-seed29-v2_multiseed,0.75,0.75,64806,0.3816911409075247,0.5849450025224715,0.7356230748094694,644920,mean_normalized_threshold_margin,0.616312407521124
V3-1,P2,3,29,natural_missingness,fb82651717076e658cf67e62ccd41ca247d29c994518945706edefcf0b635aa0,10d9503e683f16ee3cc2a2ddfc4f697fdc3e0f9813fdab4aa08f1b14b187abdf,extrasensory-p2-fold3-seed29-v2_multiseed,0.8,0.8000069438014998,69127,0.3899457119102444,0.571431797993029,0.7237405780597581,687465,mean_normalized_threshold_margin,0.5900909441316268
V3-1,P2,3,29,natural_missingness,fb82651717076e658cf67e62ccd41ca247d29c994518945706edefcf0b635aa0,10d9503e683f16ee3cc2a2ddfc4f697fdc3e0f9813fdab4aa08f1b14b187abdf,extrasensory-p2-fold3-seed29-v2_multiseed,0.85,0.8500023146004999,73447,0.3980682216222548,0.5581958654428931,0.711847985987706,730439,mean_normalized_threshold_margin,0.5615414110330735
V3-1,P2,3,29,natural_missingness,fb82651717076e658cf67e62ccd41ca247d29c994518945706edefcf0b635aa0,10d9503e683f16ee3cc2a2ddfc4f697fdc3e0f9813fdab4aa08f1b14b187abdf,extrasensory-p2-fold3-seed29-v2_multiseed,0.9,0.9000092584019999,77768,0.4066294648365606,0.5437633273038195,0.7003173977707672,773560,mean_normalized_threshold_margin,0.527521649919252
V3-1,P2,3,29,natural_missingness,fb82651717076e658cf67e62ccd41ca247d29c994518945706edefcf0b635aa0,10d9503e683f16ee3cc2a2ddfc4f697fdc3e0f9813fdab4aa08f1b14b187abdf,extrasensory-p2-fold3-seed29-v2_multiseed,0.95,0.950004629201,82088,0.4157400029329607,0.5307194758117492,0.6893545371202425,816307,mean_normalized_threshold_margin,0.48095806587338
V3-1,P2,3,29,natural_missingness,fb82651717076e658cf67e62ccd41ca247d29c994518945706edefcf0b635aa0,10d9503e683f16ee3cc2a2ddfc4f697fdc3e0f9813fdab4aa08f1b14b187abdf,extrasensory-p2-fold3-seed29-v2_multiseed,1.0,1.0,86408,0.425832073500171,0.5175101340642319,0.6772116485465142,856815,mean_normalized_threshold_margin,0.1889421469512263
V3-1,P2,3,29,natural_missingness,fb82651717076e658cf67e62ccd41ca247d29c994518945706edefcf0b635aa0,10d9503e683f16ee3cc2a2ddfc4f697fdc3e0f9813fdab4aa08f1b14b187abdf,extrasensory-p2-fold3-seed29-v2_multiseed,0.05,0.0500069438014998,4321,0.4901504786824806,0.4700819741865592,0.503741650344031,43558,p2_system_reliability,0.996312379837036
V3-1,P2,3,29,natural_missingness,fb82651717076e658cf67e62ccd41ca247d29c994518945706edefcf0b635aa0,10d9503e683f16ee3cc2a2ddfc4f697fdc3e0f9813fdab4aa08f1b14b187abdf,extrasensory-p2-fold3-seed29-v2_multiseed,0.1,0.1000023146004999,8641,0.4861712634561782,0.5052368304812525,0.5412763535466123,87731,p2_system_reliability,0.9946086406707764
V3-1,P2,3,29,natural_missingness,fb82651717076e658cf67e62ccd41ca247d29c994518945706edefcf0b635aa0,10d9503e683f16ee3cc2a2ddfc4f697fdc3e0f9813fdab4aa08f1b14b187abdf,extrasensory-p2-fold3-seed29-v2_multiseed,0.15,0.1500092584019998,12962,0.4789884923306581,0.5176068632318721,0.5660174655063922,131406,p2_system_reliability,0.993011236190796
V3-1,P2,3,29,natural_missingness,fb82651717076e658cf67e62ccd41ca247d29c994518945706edefcf0b635aa0,10d9503e683f16ee3cc2a2ddfc4f697fdc3e0f9813fdab4aa08f1b14b187abdf,extrasensory-p2-fold3-seed29-v2_multiseed,0.2,0.2000046292009999,17282,0.474239877118227,0.5211607373964375,0.5834374077522196,174323,p2_system_reliability,0.9914805293083192
V3-1,P2,3,29,natural_missingness,fb82651717076e658cf67e62ccd41ca247d29c994518945706edefcf0b635aa0,10d9503e683f16ee3cc2a2ddfc4f697fdc3e0f9813fdab4aa08f1b14b187abdf,extrasensory-p2-fold3-seed29-v2_multiseed,0.25,0.25,21602,0.4677432745424666,0.5247492288852149,0.5989950832786531,217037,p2_system_reliability,0.9899615049362184
V3-1,P2,3,29,natural_missingness,fb82651717076e658cf67e62ccd41ca247d29c994518945706edefcf0b635aa0,10d9503e683f16ee3cc2a2ddfc4f697fdc3e0f9813fdab4aa08f1b14b187abdf,extrasensory-p2-fold3-seed29-v2_multiseed,0.3,0.3000069438014998,25923,0.4603457273968127,0.528734077573562,0.6116424116424116,259560,p2_system_reliability,0.988469898700714
V3-1,P2,3,29,natural_missingness,fb82651717076e658cf67e62ccd41ca247d29c994518945706edefcf0b635aa0,10d9503e683f16ee3cc2a2ddfc4f697fdc3e0f9813fdab4aa08f1b14b187abdf,extrasensory-p2-fold3-seed29-v2_multiseed,0.35,0.3500023146004999,30243,0.4538435888071744,0.5312450277273582,0.6232772499131917,302210,p2_system_reliability,0.9869556427001952
V3-1,P2,3,29,natural_missingness,fb82651717076e658cf67e62ccd41ca247d29c994518945706edefcf0b635aa0,10d9503e683f16ee3cc2a2ddfc4f697fdc3e0f9813fdab4aa08f1b14b187abdf,extrasensory-p2-fold3-seed29-v2_multiseed,0.4,0.4000092584019998,34564,0.4479652542043782,0.5314493951116609,0.6332900795541028,345583,p2_system_reliability,0.9853886961936952
V3-1,P2,3,29,natural_missingness,fb82651717076e658cf67e62ccd41ca247d29c994518945706edefcf0b635aa0,10d9503e683f16ee3cc2a2ddfc4f697fdc3e0f9813fdab4aa08f1b14b187abdf,extrasensory-p2-fold3-seed29-v2_multiseed,0.45,0.4500046292009999,38884,0.4447388017760345,0.532008522088874,0.6408523933661896,388814,p2_system_reliability,0.9836342930793762
V3-1,P2,3,29,natural_missingness,fb82651717076e658cf67e62ccd41ca247d29c994518945706edefcf0b635aa0,10d9503e683f16ee3cc2a2ddfc4f697fdc3e0f9813fdab4aa08f1b14b187abdf,extrasensory-p2-fold3-seed29-v2_multiseed,0.5,0.5,43204,0.4422785940625309,0.531541685368616,0.6477984153786206,431921,p2_system_reliability,0.98164564371109
V3-1,P2,3,29,natural_missingness,fb82651717076e658cf67e62ccd41ca247d29c994518945706edefcf0b635aa0,10d9503e683f16ee3cc2a2ddfc4f697fdc3e0f9813fdab4aa08f1b14b187abdf,extrasensory-p2-fold3-seed29-v2_multiseed,0.55,0.5500069438014998,47525,0.4415289520422859,0.5319489846790235,0.6528088078812319,474494,p2_system_reliability,0.979325234889984
V3-1,P2,3,29,natural_missingness,fb82651717076e658cf67e62ccd41ca247d29c994518945706edefcf0b635aa0,10d9503e683f16ee3cc2a2ddfc4f697fdc3e0f9813fdab4aa08f1b14b187abdf,extrasensory-p2-fold3-seed29-v2_multiseed,0.6,0.6000023146004999,51845,0.4408466253705693,0.5304521030350577,0.6566402529962446,516801,p2_system_reliability,0.9765565395355223
V3-1,P2,3,29,natural_missingness,fb82651717076e658cf67e62ccd41ca247d29c994518945706edefcf0b635aa0,10d9503e683f16ee3cc2a2ddfc4f697fdc3e0f9813fdab4aa08f1b14b187abdf,extrasensory-p2-fold3-seed29-v2_multiseed,0.65,0.6500092584019999,56166,0.440910515139789,0.5294986899880194,0.6596692893005167,558515,p2_system_reliability,0.9733250737190248
V3-1,P2,3,29,natural_missingness,fb82651717076e658cf67e62ccd41ca247d29c994518945706edefcf0b635aa0,10d9503e683f16ee3cc2a2ddfc4f697fdc3e0f9813fdab4aa08f1b14b187abdf,extrasensory-p2-fold3-seed29-v2_multiseed,0.7,0.7000046292009999,60486,0.4401583544404911,0.527828232393015,0.6625202078165685,599908,p2_system_reliability,0.9697365164756776
V3-1,P2,3,29,natural_missingness,fb82651717076e658cf67e62ccd41ca247d29c994518945706edefcf0b635aa0,10d9503e683f16ee3cc2a2ddfc4f697fdc3e0f9813fdab4aa08f1b14b187abdf,extrasensory-p2-fold3-seed29-v2_multiseed,0.75,0.75,64806,0.4373995827926112,0.5260883356881536,0.6657121621543762,641348,p2_system_reliability,0.965652585029602
V3-1,P2,3,29,natural_missingness,fb82651717076e658cf67e62ccd41ca247d29c994518945706edefcf0b635aa0,10d9503e683f16ee3cc2a2ddfc4f697fdc3e0f9813fdab4aa08f1b14b187abdf,extrasensory-p2-fold3-seed29-v2_multiseed,0.8,0.8000069438014998,69127,0.4339660792452614,0.5244799965964678,0.6687880912572137,684026,p2_system_reliability,0.9607537388801576
V3-1,P2,3,29,natural_missingness,fb82651717076e658cf67e62ccd41ca247d29c994518945706edefcf0b635aa0,10d9503e683f16ee3cc2a2ddfc4f697fdc3e0f9813fdab4aa08f1b14b187abdf,extrasensory-p2-fold3-seed29-v2_multiseed,0.85,0.8500023146004999,73447,0.4324059665435036,0.5225131403141763,0.6707721675470817,726232,p2_system_reliability,0.9543663263320924
V3-1,P2,3,29,natural_missingness,fb82651717076e658cf67e62ccd41ca247d29c994518945706edefcf0b635aa0,10d9503e683f16ee3cc2a2ddfc4f697fdc3e0f9813fdab4aa08f1b14b187abdf,extrasensory-p2-fold3-seed29-v2_multiseed,0.9,0.9000092584019999,77768,0.430374717571895,0.5212895702748203,0.6728293134321184,767412,p2_system_reliability,0.9450314044952391
V3-1,P2,3,29,natural_missingness,fb82651717076e658cf67e62ccd41ca247d29c994518945706edefcf0b635aa0,10d9503e683f16ee3cc2a2ddfc4f697fdc3e0f9813fdab4aa08f1b14b187abdf,extrasensory-p2-fold3-seed29-v2_multiseed,0.95,0.950004629201,82088,0.4280854638730292,0.5190864024135894,0.6751071528350358,811775,p2_system_reliability,0.9300694465637208
V3-1,P2,3,29,natural_missingness,fb82651717076e658cf67e62ccd41ca247d29c994518945706edefcf0b635aa0,10d9503e683f16ee3cc2a2ddfc4f697fdc3e0f9813fdab4aa08f1b14b187abdf,extrasensory-p2-fold3-seed29-v2_multiseed,1.0,1.0,86408,0.425832073500171,0.5175101340642319,0.6772116485465142,856815,p2_system_reliability,0.7320342063903809
V3-1,B4,3,47,natural_missingness,fb82651717076e658cf67e62ccd41ca247d29c994518945706edefcf0b635aa0,b442f1fa58938f7ca3ac91b31a74bcaee105dd529c81141d403b323dd1c2935b,extrasensory-gated-fold3-seed47-full,0.05,0.0500069438014998,4321,0.4823670031810099,0.4082809416932744,0.9367726757131454,40477,mean_binary_certainty,0.967571742382489
V3-1,B4,3,47,natural_missingness,fb82651717076e658cf67e62ccd41ca247d29c994518945706edefcf0b635aa0,b442f1fa58938f7ca3ac91b31a74bcaee105dd529c81141d403b323dd1c2935b,extrasensory-gated-fold3-seed47-full,0.1,0.1000023146004999,8641,0.3645543320498353,0.4893656013494484,0.9426851926649972,84568,mean_binary_certainty,0.9352398450960796
V3-1,B4,3,47,natural_missingness,fb82651717076e658cf67e62ccd41ca247d29c994518945706edefcf0b635aa0,b442f1fa58938f7ca3ac91b31a74bcaee105dd529c81141d403b323dd1c2935b,extrasensory-gated-fold3-seed47-full,0.15,0.1500092584019998,12962,0.3222329892920252,0.5399561224378572,0.938242531685762,130736,mean_binary_certainty,0.9028337602797578
V3-1,B4,3,47,natural_missingness,fb82651717076e658cf67e62ccd41ca247d29c994518945706edefcf0b635aa0,b442f1fa58938f7ca3ac91b31a74bcaee105dd529c81141d403b323dd1c2935b,extrasensory-gated-fold3-seed47-full,0.2,0.2000046292009999,17282,0.3103007465962339,0.5995513301457597,0.9314478141474072,175912,mean_binary_certainty,0.8527467257784317
V3-1,B4,3,47,natural_missingness,fb82651717076e658cf67e62ccd41ca247d29c994518945706edefcf0b635aa0,b442f1fa58938f7ca3ac91b31a74bcaee105dd529c81141d403b323dd1c2935b,extrasensory-gated-fold3-seed47-full,0.25,0.25,21602,0.3268009442636712,0.6752297466469864,0.91656175071971,221703,mean_binary_certainty,0.7924881562978788
V3-1,B4,3,47,natural_missingness,fb82651717076e658cf67e62ccd41ca247d29c994518945706edefcf0b635aa0,b442f1fa58938f7ca3ac91b31a74bcaee105dd529c81141d403b323dd1c2935b,extrasensory-gated-fold3-seed47-full,0.3,0.3000069438014998,25923,0.3362496879977342,0.687270949868039,0.894881242710211,269898,mean_binary_certainty,0.7363784616784447
V3-1,B4,3,47,natural_missingness,fb82651717076e658cf67e62ccd41ca247d29c994518945706edefcf0b635aa0,b442f1fa58938f7ca3ac91b31a74bcaee105dd529c81141d403b323dd1c2935b,extrasensory-gated-fold3-seed47-full,0.35,0.3500023146004999,30243,0.3435177992659012,0.6818174166578995,0.8717201829642947,316154,mean_binary_certainty,0.6943160306432927
V3-1,B4,3,47,natural_missingness,fb82651717076e658cf67e62ccd41ca247d29c994518945706edefcf0b635aa0,b442f1fa58938f7ca3ac91b31a74bcaee105dd529c81141d403b323dd1c2935b,extrasensory-gated-fold3-seed47-full,0.4,0.4000092584019998,34564,0.358498475295629,0.661957879228368,0.8478879995203406,361774,mean_binary_certainty,0.6593043623772069
V3-1,B4,3,47,natural_missingness,fb82651717076e658cf67e62ccd41ca247d29c994518945706edefcf0b635aa0,b442f1fa58938f7ca3ac91b31a74bcaee105dd529c81141d403b323dd1c2935b,extrasensory-gated-fold3-seed47-full,0.45,0.4500046292009999,38884,0.3713191066893477,0.6431919870498793,0.8262333295976689,405589,mean_binary_certainty,0.6267648970324637
V3-1,B4,3,47,natural_missingness,fb82651717076e658cf67e62ccd41ca247d29c994518945706edefcf0b635aa0,b442f1fa58938f7ca3ac91b31a74bcaee105dd529c81141d403b323dd1c2935b,extrasensory-gated-fold3-seed47-full,0.5,0.5,43204,0.3802877647563876,0.6300019912064354,0.8072458785586825,446116,mean_binary_certainty,0.5989480020215987
V3-1,B4,3,47,natural_missingness,fb82651717076e658cf67e62ccd41ca247d29c994518945706edefcf0b635aa0,b442f1fa58938f7ca3ac91b31a74bcaee105dd529c81141d403b323dd1c2935b,extrasensory-gated-fold3-seed47-full,0.55,0.5500069438014998,47525,0.3885307039149364,0.6155589050752865,0.7900931496946467,486295,mean_binary_certainty,0.5725757405287986
V3-1,B4,3,47,natural_missingness,fb82651717076e658cf67e62ccd41ca247d29c994518945706edefcf0b635aa0,b442f1fa58938f7ca3ac91b31a74bcaee105dd529c81141d403b323dd1c2935b,extrasensory-gated-fold3-seed47-full,0.6,0.6000023146004999,51845,0.396944976248966,0.6012251951872208,0.7738020127092796,526218,mean_binary_certainty,0.5462824478537979
V3-1,B4,3,47,natural_missingness,fb82651717076e658cf67e62ccd41ca247d29c994518945706edefcf0b635aa0,b442f1fa58938f7ca3ac91b31a74bcaee105dd529c81141d403b323dd1c2935b,extrasensory-gated-fold3-seed47-full,0.65,0.6500092584019999,56166,0.4041564301787286,0.5915482783113082,0.7595152292235314,567035,mean_binary_certainty,0.5196568022729771
V3-1,B4,3,47,natural_missingness,fb82651717076e658cf67e62ccd41ca247d29c994518945706edefcf0b635aa0,b442f1fa58938f7ca3ac91b31a74bcaee105dd529c81141d403b323dd1c2935b,extrasensory-gated-fold3-seed47-full,0.7,0.7000046292009999,60486,0.410589070531785,0.5817009359760039,0.7463932103222921,608261,mean_binary_certainty,0.4932596695732599
V3-1,B4,3,47,natural_missingness,fb82651717076e658cf67e62ccd41ca247d29c994518945706edefcf0b635aa0,b442f1fa58938f7ca3ac91b31a74bcaee105dd529c81141d403b323dd1c2935b,extrasensory-gated-fold3-seed47-full,0.75,0.75,64806,0.4153466366251221,0.5731623821328444,0.734471584257526,650080,mean_binary_certainty,0.4648006392809829
V3-1,B4,3,47,natural_missingness,fb82651717076e658cf67e62ccd41ca247d29c994518945706edefcf0b635aa0,b442f1fa58938f7ca3ac91b31a74bcaee105dd529c81141d403b323dd1c2935b,extrasensory-gated-fold3-seed47-full,0.8,0.8000069438014998,69127,0.4211788306286682,0.5641321022698861,0.7230069872541657,692413,mean_binary_certainty,0.4350275673773677
V3-1,B4,3,47,natural_missingness,fb82651717076e658cf67e62ccd41ca247d29c994518945706edefcf0b635aa0,b442f1fa58938f7ca3ac91b31a74bcaee105dd529c81141d403b323dd1c2935b,extrasensory-gated-fold3-seed47-full,0.85,0.8500023146004999,73447,0.4265460729963071,0.5564240857085441,0.712991510221214,734129,mean_binary_certainty,0.4015613556042047
V3-1,B4,3,47,natural_missingness,fb82651717076e658cf67e62ccd41ca247d29c994518945706edefcf0b635aa0,b442f1fa58938f7ca3ac91b31a74bcaee105dd529c81141d403b323dd1c2935b,extrasensory-gated-fold3-seed47-full,0.9,0.9000092584019999,77768,0.432562301338101,0.5475309470425219,0.7023101749617802,775282,mean_binary_certainty,0.3604950158593444
V3-1,B4,3,47,natural_missingness,fb82651717076e658cf67e62ccd41ca247d29c994518945706edefcf0b635aa0,b442f1fa58938f7ca3ac91b31a74bcaee105dd529c81141d403b323dd1c2935b,extrasensory-gated-fold3-seed47-full,0.95,0.950004629201,82088,0.4393542460560758,0.5388508802006313,0.6920869703079956,816167,mean_binary_certainty,0.3014822982021297
V3-1,B4,3,47,natural_missingness,fb82651717076e658cf67e62ccd41ca247d29c994518945706edefcf0b635aa0,b442f1fa58938f7ca3ac91b31a74bcaee105dd529c81141d403b323dd1c2935b,extrasensory-gated-fold3-seed47-full,1.0,1.0,86408,0.4488955697696807,0.5279508926289215,0.6805572293295954,856815,mean_binary_certainty,0.0462078426991546
V3-1,B4,3,47,natural_missingness,fb82651717076e658cf67e62ccd41ca247d29c994518945706edefcf0b635aa0,b442f1fa58938f7ca3ac91b31a74bcaee105dd529c81141d403b323dd1c2935b,extrasensory-gated-fold3-seed47-full,0.05,0.0500069438014998,4321,0.506593288614209,0.4103116056836125,0.9437747618646212,39123,mean_normalized_threshold_margin,0.9907288894458198
V3-1,B4,3,47,natural_missingness,fb82651717076e658cf67e62ccd41ca247d29c994518945706edefcf0b635aa0,b442f1fa58938f7ca3ac91b31a74bcaee105dd529c81141d403b323dd1c2935b,extrasensory-gated-fold3-seed47-full,0.1,0.1000023146004999,8641,0.3808776864105143,0.4777619409827942,0.9517043782012284,85950,mean_normalized_threshold_margin,0.9721830557884492
V3-1,B4,3,47,natural_missingness,fb82651717076e658cf67e62ccd41ca247d29c994518945706edefcf0b635aa0,b442f1fa58938f7ca3ac91b31a74bcaee105dd529c81141d403b323dd1c2935b,extrasensory-gated-fold3-seed47-full,0.15,0.1500092584019998,12962,0.3391600411465469,0.5308978236030943,0.945518362711952,133240,mean_normalized_threshold_margin,0.948279062429712
V3-1,B4,3,47,natural_missingness,fb82651717076e658cf67e62ccd41ca247d29c994518945706edefcf0b635aa0,b442f1fa58938f7ca3ac91b31a74bcaee105dd529c81141d403b323dd1c2935b,extrasensory-gated-fold3-seed47-full,0.2,0.2000046292009999,17282,0.3158248917094491,0.5811329290198491,0.9330667748735662,177327,mean_normalized_threshold_margin,0.9195948650827652
V3-1,B4,3,47,natural_missingness,fb82651717076e658cf67e62ccd41ca247d29c994518945706edefcf0b635aa0,b442f1fa58938f7ca3ac91b31a74bcaee105dd529c81141d403b323dd1c2935b,extrasensory-gated-fold3-seed47-full,0.25,0.25,21602,0.3187356388623028,0.643793089901524,0.9165144274876148,222713,mean_normalized_threshold_margin,0.8817508801667737
V3-1,B4,3,47,natural_missingness,fb82651717076e658cf67e62ccd41ca247d29c994518945706edefcf0b635aa0,b442f1fa58938f7ca3ac91b31a74bcaee105dd529c81141d403b323dd1c2935b,extrasensory-gated-fold3-seed47-full,0.3,0.3000069438014998,25923,0.3371466759346079,0.6823935284003345,0.8929908900162015,269284,mean_normalized_threshold_margin,0.8475747775213164
V3-1,B4,3,47,natural_missingness,fb82651717076e658cf67e62ccd41ca247d29c994518945706edefcf0b635aa0,b442f1fa58938f7ca3ac91b31a74bcaee105dd529c81141d403b323dd1c2935b,extrasensory-gated-fold3-seed47-full,0.35,0.3500023146004999,30243,0.347185355391644,0.6803292437157484,0.8710099275617772,315236,mean_normalized_threshold_margin,0.8200331826426887
V3-1,B4,3,47,natural_missingness,fb82651717076e658cf67e62ccd41ca247d29c994518945706edefcf0b635aa0,b442f1fa58938f7ca3ac91b31a74bcaee105dd529c81141d403b323dd1c2935b,extrasensory-gated-fold3-seed47-full,0.4,0.4000092584019998,34564,0.3595811910097509,0.6724131627970156,0.8500259470679813,360107,mean_normalized_threshold_margin,0.7956608699447407
V3-1,B4,3,47,natural_missingness,fb82651717076e658cf67e62ccd41ca247d29c994518945706edefcf0b635aa0,b442f1fa58938f7ca3ac91b31a74bcaee105dd529c81141d403b323dd1c2935b,extrasensory-gated-fold3-seed47-full,0.45,0.4500046292009999,38884,0.3712064526150095,0.6583194528976544,0.8290649302060414,404364,mean_normalized_threshold_margin,0.7734825842880971
V3-1,B4,3,47,natural_missingness,fb82651717076e658cf67e62ccd41ca247d29c994518945706edefcf0b635aa0,b442f1fa58938f7ca3ac91b31a74bcaee105dd529c81141d403b323dd1c2935b,extrasensory-gated-fold3-seed47-full,0.5,0.5,43204,0.3807100221185045,0.6426203709355013,0.8115434008286825,446736,mean_normalized_threshold_margin,0.7532115893820068
V3-1,B4,3,47,natural_missingness,fb82651717076e658cf67e62ccd41ca247d29c994518945706edefcf0b635aa0,b442f1fa58938f7ca3ac91b31a74bcaee105dd529c81141d403b323dd1c2935b,extrasensory-gated-fold3-seed47-full,0.55,0.5500069438014998,47525,0.3888431426466168,0.6300722293858753,0.7950626059784822,488155,mean_normalized_threshold_margin,0.7332933284179798
V3-1,B4,3,47,natural_missingness,fb82651717076e658cf67e62ccd41ca247d29c994518945706edefcf0b635aa0,b442f1fa58938f7ca3ac91b31a74bcaee105dd529c81141d403b323dd1c2935b,extrasensory-gated-fold3-seed47-full,0.6,0.6000023146004999,51845,0.395866717707281,0.6175562432271887,0.7799857569366457,528344,mean_normalized_threshold_margin,0.7133975063228556
V3-1,B4,3,47,natural_missingness,fb82651717076e658cf67e62ccd41ca247d29c994518945706edefcf0b635aa0,b442f1fa58938f7ca3ac91b31a74bcaee105dd529c81141d403b323dd1c2935b,extrasensory-gated-fold3-seed47-full,0.65,0.6500092584019999,56166,0.4024713799128723,0.6042285187225395,0.7656086546066899,568239,mean_normalized_threshold_margin,0.6941370777795641
V3-1,B4,3,47,natural_missingness,fb82651717076e658cf67e62ccd41ca247d29c994518945706edefcf0b635aa0,b442f1fa58938f7ca3ac91b31a74bcaee105dd529c81141d403b323dd1c2935b,extrasensory-gated-fold3-seed47-full,0.7,0.7000046292009999,60486,0.4087863879824659,0.5913163281275413,0.7517684045061567,609642,mean_normalized_threshold_margin,0.6727687422826298
V3-1,B4,3,47,natural_missingness,fb82651717076e658cf67e62ccd41ca247d29c994518945706edefcf0b635aa0,b442f1fa58938f7ca3ac91b31a74bcaee105dd529c81141d403b323dd1c2935b,extrasensory-gated-fold3-seed47-full,0.75,0.75,64806,0.4156238711509413,0.5804043099029476,0.7389207089630314,651419,mean_normalized_threshold_margin,0.6494454351551097
V3-1,B4,3,47,natural_missingness,fb82651717076e658cf67e62ccd41ca247d29c994518945706edefcf0b635aa0,b442f1fa58938f7ca3ac91b31a74bcaee105dd529c81141d403b323dd1c2935b,extrasensory-gated-fold3-seed47-full,0.8,0.8000069438014998,69127,0.42175409985381,0.5690421449332825,0.7267720545384861,693123,mean_normalized_threshold_margin,0.624205159267598
V3-1,B4,3,47,natural_missingness,fb82651717076e658cf67e62ccd41ca247d29c994518945706edefcf0b635aa0,b442f1fa58938f7ca3ac91b31a74bcaee105dd529c81141d403b323dd1c2935b,extrasensory-gated-fold3-seed47-full,0.85,0.8500023146004999,73447,0.4288232551983437,0.557836664026725,0.715134243213624,735553,mean_normalized_threshold_margin,0.5950478421520484
V3-1,B4,3,47,natural_missingness,fb82651717076e658cf67e62ccd41ca247d29c994518945706edefcf0b635aa0,b442f1fa58938f7ca3ac91b31a74bcaee105dd529c81141d403b323dd1c2935b,extrasensory-gated-fold3-seed47-full,0.9,0.9000092584019999,77768,0.4355555350764767,0.5479121550741978,0.703697639386596,777377,mean_normalized_threshold_margin,0.5601170919354286
V3-1,B4,3,47,natural_missingness,fb82651717076e658cf67e62ccd41ca247d29c994518945706edefcf0b635aa0,b442f1fa58938f7ca3ac91b31a74bcaee105dd529c81141d403b323dd1c2935b,extrasensory-gated-fold3-seed47-full,0.95,0.950004629201,82088,0.4414906231899702,0.5390628827407146,0.6924900027961103,818652,mean_normalized_threshold_margin,0.5104940201565673
V3-1,B4,3,47,natural_missingness,fb82651717076e658cf67e62ccd41ca247d29c994518945706edefcf0b635aa0,b442f1fa58938f7ca3ac91b31a74bcaee105dd529c81141d403b323dd1c2935b,extrasensory-gated-fold3-seed47-full,1.0,1.0,86408,0.4488955697696807,0.5279508926289215,0.6805572293295954,856815,mean_normalized_threshold_margin,0.2108199845617813
V3-1,B5,3,47,natural_missingness,fb82651717076e658cf67e62ccd41ca247d29c994518945706edefcf0b635aa0,3993d353cf08bfdbac0256c7b4dcc739418954d0b1dcc156e87f3e92d86c230c,extrasensory-robust-gated-fold3-seed47-full,0.05,0.0500069438014998,4321,0.2240202176157249,0.6445763782487398,0.9587443095599392,37069,mean_binary_certainty,0.9272635833078042
V3-1,B5,3,47,natural_missingness,fb82651717076e658cf67e62ccd41ca247d29c994518945706edefcf0b635aa0,3993d353cf08bfdbac0256c7b4dcc739418954d0b1dcc156e87f3e92d86c230c,extrasensory-robust-gated-fold3-seed47-full,0.1,0.1000023146004999,8641,0.2420104779817458,0.546783951938285,0.9520645866621816,83098,mean_binary_certainty,0.877930361841543
V3-1,B5,3,47,natural_missingness,fb82651717076e658cf67e62ccd41ca247d29c994518945706edefcf0b635aa0,3993d353cf08bfdbac0256c7b4dcc739418954d0b1dcc156e87f3e92d86c230c,extrasensory-robust-gated-fold3-seed47-full,0.15,0.1500092584019998,12962,0.2487254504736578,0.665562723393933,0.9481597451851052,129812,mean_binary_certainty,0.8110448681724406
V3-1,B5,3,47,natural_missingness,fb82651717076e658cf67e62ccd41ca247d29c994518945706edefcf0b635aa0,3993d353cf08bfdbac0256c7b4dcc739418954d0b1dcc156e87f3e92d86c230c,extrasensory-robust-gated-fold3-seed47-full,0.2,0.2000046292009999,17282,0.253770547235023,0.7029534053002408,0.9462429521289772,177543,mean_binary_certainty,0.7501429447625942
V3-1,B5,3,47,natural_missingness,fb82651717076e658cf67e62ccd41ca247d29c994518945706edefcf0b635aa0,3993d353cf08bfdbac0256c7b4dcc739418954d0b1dcc156e87f3e92d86c230c,extrasensory-robust-gated-fold3-seed47-full,0.25,0.25,21602,0.2588063291527018,0.6954804243500863,0.9387543659981948,226259,mean_binary_certainty,0.6866764236353076
V3-1,B5,3,47,natural_missingness,fb82651717076e658cf67e62ccd41ca247d29c994518945706edefcf0b635aa0,3993d353cf08bfdbac0256c7b4dcc739418954d0b1dcc156e87f3e92d86c230c,extrasensory-robust-gated-fold3-seed47-full,0.3,0.3000069438014998,25923,0.2707075518112795,0.7068386868297508,0.9230809642953304,273666,mean_binary_certainty,0.6166941836668502
V3-1,B5,3,47,natural_missingness,fb82651717076e658cf67e62ccd41ca247d29c994518945706edefcf0b635aa0,3993d353cf08bfdbac0256c7b4dcc739418954d0b1dcc156e87f3e92d86c230c,extrasensory-robust-gated-fold3-seed47-full,0.35,0.3500023146004999,30243,0.2915741973345614,0.7030300273644061,0.9014242342811076,319162,mean_binary_certainty,0.5640354125319655
V3-1,B5,3,47,natural_missingness,fb82651717076e658cf67e62ccd41ca247d29c994518945706edefcf0b635aa0,3993d353cf08bfdbac0256c7b4dcc739418954d0b1dcc156e87f3e92d86c230c,extrasensory-robust-gated-fold3-seed47-full,0.4,0.4000092584019998,34564,0.3070917012798088,0.6910676597317805,0.8797870992269674,365204,mean_binary_certainty,0.5250073641974371
V3-1,B5,3,47,natural_missingness,fb82651717076e658cf67e62ccd41ca247d29c994518945706edefcf0b635aa0,3993d353cf08bfdbac0256c7b4dcc739418954d0b1dcc156e87f3e92d86c230c,extrasensory-robust-gated-fold3-seed47-full,0.45,0.4500046292009999,38884,0.3220297427084059,0.6690084036859446,0.8586550067181344,410506,mean_binary_certainty,0.4928686335127861
V3-1,B5,3,47,natural_missingness,fb82651717076e658cf67e62ccd41ca247d29c994518945706edefcf0b635aa0,3993d353cf08bfdbac0256c7b4dcc739418954d0b1dcc156e87f3e92d86c230c,extrasensory-robust-gated-fold3-seed47-full,0.5,0.5,43204,0.3382351356314727,0.6482060113955265,0.8390636339132057,453652,mean_binary_certainty,0.4626423123675811
V3-1,B5,3,47,natural_missingness,fb82651717076e658cf67e62ccd41ca247d29c994518945706edefcf0b635aa0,3993d353cf08bfdbac0256c7b4dcc739418954d0b1dcc156e87f3e92d86c230c,extrasensory-robust-gated-fold3-seed47-full,0.55,0.5500069438014998,47525,0.3540534232374406,0.628400638527265,0.8204708462135863,495847,mean_binary_certainty,0.4343772591101336
V3-1,B5,3,47,natural_missingness,fb82651717076e658cf67e62ccd41ca247d29c994518945706edefcf0b635aa0,3993d353cf08bfdbac0256c7b4dcc739418954d0b1dcc156e87f3e92d86c230c,extrasensory-robust-gated-fold3-seed47-full,0.6,0.6000023146004999,51845,0.3674003178481604,0.6132803699817585,0.8041072527472527,537785,mean_binary_certainty,0.406929550143395
V3-1,B5,3,47,natural_missingness,fb82651717076e658cf67e62ccd41ca247d29c994518945706edefcf0b635aa0,3993d353cf08bfdbac0256c7b4dcc739418954d0b1dcc156e87f3e92d86c230c,extrasensory-robust-gated-fold3-seed47-full,0.65,0.6500092584019999,56166,0.3804495205486362,0.6002265201029838,0.7888600443348788,579239,mean_binary_certainty,0.380933644699286
V3-1,B5,3,47,natural_missingness,fb82651717076e658cf67e62ccd41ca247d29c994518945706edefcf0b635aa0,3993d353cf08bfdbac0256c7b4dcc739418954d0b1dcc156e87f3e92d86c230c,extrasensory-robust-gated-fold3-seed47-full,0.7,0.7000046292009999,60486,0.3920979915206571,0.5903130675112315,0.7753040830737533,620308,mean_binary_certainty,0.3556233254309046
V3-1,B5,3,47,natural_missingness,fb82651717076e658cf67e62ccd41ca247d29c994518945706edefcf0b635aa0,3993d353cf08bfdbac0256c7b4dcc739418954d0b1dcc156e87f3e92d86c230c,extrasensory-robust-gated-fold3-seed47-full,0.75,0.75,64806,0.4023126310277688,0.5826666029622067,0.7633473779141069,661191,mean_binary_certainty,0.331612593964405
V3-1,B5,3,47,natural_missingness,fb82651717076e658cf67e62ccd41ca247d29c994518945706edefcf0b635aa0,3993d353cf08bfdbac0256c7b4dcc739418954d0b1dcc156e87f3e92d86c230c,extrasensory-robust-gated-fold3-seed47-full,0.8,0.8000069438014998,69127,0.4111682209598385,0.57465954138319,0.7523191144854625,702185,mean_binary_certainty,0.3071817951917525
V3-1,B5,3,47,natural_missingness,fb82651717076e658cf67e62ccd41ca247d29c994518945706edefcf0b635aa0,3993d353cf08bfdbac0256c7b4dcc739418954d0b1dcc156e87f3e92d86c230c,extrasensory-robust-gated-fold3-seed47-full,0.85,0.8500023146004999,73447,0.4193978719968037,0.567155301766284,0.7424352879570401,741713,mean_binary_certainty,0.2779755253224665
V3-1,B5,3,47,natural_missingness,fb82651717076e658cf67e62ccd41ca247d29c994518945706edefcf0b635aa0,3993d353cf08bfdbac0256c7b4dcc739418954d0b1dcc156e87f3e92d86c230c,extrasensory-robust-gated-fold3-seed47-full,0.9,0.9000092584019999,77768,0.426604133666155,0.5598219406355223,0.7328901916396324,779848,mean_binary_certainty,0.2429307423585907
V3-1,B5,3,47,natural_missingness,fb82651717076e658cf67e62ccd41ca247d29c994518945706edefcf0b635aa0,3993d353cf08bfdbac0256c7b4dcc739418954d0b1dcc156e87f3e92d86c230c,extrasensory-robust-gated-fold3-seed47-full,0.95,0.950004629201,82088,0.4344885602045266,0.5513236975676443,0.7231530951914739,818208,mean_binary_certainty,0.1955311896133528
V3-1,B5,3,47,natural_missingness,fb82651717076e658cf67e62ccd41ca247d29c994518945706edefcf0b635aa0,3993d353cf08bfdbac0256c7b4dcc739418954d0b1dcc156e87f3e92d86c230c,extrasensory-robust-gated-fold3-seed47-full,1.0,1.0,86408,0.4438094301238592,0.5409418419792242,0.7122800853083309,856815,mean_binary_certainty,0.0254955592740486
V3-1,B5,3,47,natural_missingness,fb82651717076e658cf67e62ccd41ca247d29c994518945706edefcf0b635aa0,3993d353cf08bfdbac0256c7b4dcc739418954d0b1dcc156e87f3e92d86c230c,extrasensory-robust-gated-fold3-seed47-full,0.05,0.0500069438014998,4321,0.2496805636804221,0.6452804529325233,0.9592689038470988,36257,mean_normalized_threshold_margin,0.9767770980564592
V3-1,B5,3,47,natural_missingness,fb82651717076e658cf67e62ccd41ca247d29c994518945706edefcf0b635aa0,3993d353cf08bfdbac0256c7b4dcc739418954d0b1dcc156e87f3e92d86c230c,extrasensory-robust-gated-fold3-seed47-full,0.1,0.1000023146004999,8641,0.2663511354856298,0.6728552125098435,0.9515755130076414,81576,mean_normalized_threshold_margin,0.9523933452977696
V3-1,B5,3,47,natural_missingness,fb82651717076e658cf67e62ccd41ca247d29c994518945706edefcf0b635aa0,3993d353cf08bfdbac0256c7b4dcc739418954d0b1dcc156e87f3e92d86c230c,extrasensory-robust-gated-fold3-seed47-full,0.15,0.1500092584019998,12962,0.2635690092398171,0.594903350371002,0.94824630622296,128215,mean_normalized_threshold_margin,0.9196489306970638
V3-1,B5,3,47,natural_missingness,fb82651717076e658cf67e62ccd41ca247d29c994518945706edefcf0b635aa0,3993d353cf08bfdbac0256c7b4dcc739418954d0b1dcc156e87f3e92d86c230c,extrasensory-robust-gated-fold3-seed47-full,0.2,0.2000046292009999,17282,0.2649497765701725,0.7083790884538087,0.945220536802766,176100,mean_normalized_threshold_margin,0.8812912250957834
V3-1,B5,3,47,natural_missingness,fb82651717076e658cf67e62ccd41ca247d29c994518945706edefcf0b635aa0,3993d353cf08bfdbac0256c7b4dcc739418954d0b1dcc156e87f3e92d86c230c,extrasensory-robust-gated-fold3-seed47-full,0.25,0.25,21602,0.2653865381944809,0.6896947833913416,0.9385726833205408,224072,mean_normalized_threshold_margin,0.8383589861371517
V3-1,B5,3,47,natural_missingness,fb82651717076e658cf67e62ccd41ca247d29c994518945706edefcf0b635aa0,3993d353cf08bfdbac0256c7b4dcc739418954d0b1dcc156e87f3e92d86c230c,extrasensory-robust-gated-fold3-seed47-full,0.3,0.3000069438014998,25923,0.2725893899734096,0.6916034795816458,0.9242820527947664,273152,mean_normalized_threshold_margin,0.7916611466982102
V3-1,B5,3,47,natural_missingness,fb82651717076e658cf67e62ccd41ca247d29c994518945706edefcf0b635aa0,3993d353cf08bfdbac0256c7b4dcc739418954d0b1dcc156e87f3e92d86c230c,extrasensory-robust-gated-fold3-seed47-full,0.35,0.3500023146004999,30243,0.2874898343214461,0.7068761322993262,0.9032064694904712,320519,mean_normalized_threshold_margin,0.7528327283941698
V3-1,B5,3,47,natural_missingness,fb82651717076e658cf67e62ccd41ca247d29c994518945706edefcf0b635aa0,3993d353cf08bfdbac0256c7b4dcc739418954d0b1dcc156e87f3e92d86c230c,extrasensory-robust-gated-fold3-seed47-full,0.4,0.4000092584019998,34564,0.3040717591348288,0.6989784020054952,0.8825518080459541,366942,mean_normalized_threshold_margin,0.722858272588752
V3-1,B5,3,47,natural_missingness,fb82651717076e658cf67e62ccd41ca247d29c994518945706edefcf0b635aa0,3993d353cf08bfdbac0256c7b4dcc739418954d0b1dcc156e87f3e92d86c230c,extrasensory-robust-gated-fold3-seed47-full,0.45,0.4500046292009999,38884,0.3189565945653992,0.6814688122045724,0.8609884238646482,412904,mean_normalized_threshold_margin,0.6972639095249504
V3-1,B5,3,47,natural_missingness,fb82651717076e658cf67e62ccd41ca247d29c994518945706edefcf0b635aa0,3993d353cf08bfdbac0256c7b4dcc739418954d0b1dcc156e87f3e92d86c230c,extrasensory-robust-gated-fold3-seed47-full,0.5,0.5,43204,0.3347975582729613,0.6705936301579186,0.8424685211825367,457073,mean_normalized_threshold_margin,0.6750183481305713
V3-1,B5,3,47,natural_missingness,fb82651717076e658cf67e62ccd41ca247d29c994518945706edefcf0b635aa0,3993d353cf08bfdbac0256c7b4dcc739418954d0b1dcc156e87f3e92d86c230c,extrasensory-robust-gated-fold3-seed47-full,0.55,0.5500069438014998,47525,0.3525627487342738,0.6531362100999458,0.82493582528131,498575,mean_normalized_threshold_margin,0.6547100659846983
V3-1,B5,3,47,natural_missingness,fb82651717076e658cf67e62ccd41ca247d29c994518945706edefcf0b635aa0,3993d353cf08bfdbac0256c7b4dcc739418954d0b1dcc156e87f3e92d86c230c,extrasensory-robust-gated-fold3-seed47-full,0.6,0.6000023146004999,51845,0.3683763451436478,0.6414800450157806,0.809188654739881,538502,mean_normalized_threshold_margin,0.6346500627365798
V3-1,B5,3,47,natural_missingness,fb82651717076e658cf67e62ccd41ca247d29c994518945706edefcf0b635aa0,3993d353cf08bfdbac0256c7b4dcc739418954d0b1dcc156e87f3e92d86c230c,extrasensory-robust-gated-fold3-seed47-full,0.65,0.6500092584019999,56166,0.3810511013633475,0.6284985747355435,0.794615003634165,578276,mean_normalized_threshold_margin,0.6147827629109232
V3-1,B5,3,47,natural_missingness,fb82651717076e658cf67e62ccd41ca247d29c994518945706edefcf0b635aa0,3993d353cf08bfdbac0256c7b4dcc739418954d0b1dcc156e87f3e92d86c230c,extrasensory-robust-gated-fold3-seed47-full,0.7,0.7000046292009999,60486,0.3925390025592362,0.6126219791465366,0.7810611634442581,618325,mean_normalized_threshold_margin,0.5935352146666805
V3-1,B5,3,47,natural_missingness,fb82651717076e658cf67e62ccd41ca247d29c994518945706edefcf0b635aa0,3993d353cf08bfdbac0256c7b4dcc739418954d0b1dcc156e87f3e92d86c230c,extrasensory-robust-gated-fold3-seed47-full,0.75,0.75,64806,0.4020388141569753,0.6002250644381338,0.7685039011722006,657874,mean_normalized_threshold_margin,0.5707632880966389
V3-1,B5,3,47,natural_missingness,fb82651717076e658cf67e62ccd41ca247d29c994518945706edefcf0b635aa0,3993d353cf08bfdbac0256c7b4dcc739418954d0b1dcc156e87f3e92d86c230c,extrasensory-robust-gated-fold3-seed47-full,0.8,0.8000069438014998,69127,0.4103200130013655,0.587787109098692,0.7562444264234005,697451,mean_normalized_threshold_margin,0.5468425609839284
V3-1,B5,3,47,natural_missingness,fb82651717076e658cf67e62ccd41ca247d29c994518945706edefcf0b635aa0,3993d353cf08bfdbac0256c7b4dcc739418954d0b1dcc156e87f3e92d86c230c,extrasensory-robust-gated-fold3-seed47-full,0.85,0.8500023146004999,73447,0.4179589356407441,0.5752971367410297,0.7452316215553193,738068,mean_normalized_threshold_margin,0.5188804759180008
V3-1,B5,3,47,natural_missingness,fb82651717076e658cf67e62ccd41ca247d29c994518945706edefcf0b635aa0,3993d353cf08bfdbac0256c7b4dcc739418954d0b1dcc156e87f3e92d86c230c,extrasensory-robust-gated-fold3-seed47-full,0.9,0.9000092584019999,77768,0.4259845849642282,0.5643539579261461,0.7342149330779757,778915,mean_normalized_threshold_margin,0.485024700292608
V3-1,B5,3,47,natural_missingness,fb82651717076e658cf67e62ccd41ca247d29c994518945706edefcf0b635aa0,3993d353cf08bfdbac0256c7b4dcc739418954d0b1dcc156e87f3e92d86c230c,extrasensory-robust-gated-fold3-seed47-full,0.95,0.950004629201,82088,0.4343106780816733,0.5530772147774575,0.7235696784109006,819282,mean_normalized_threshold_margin,0.4383591668852475
V3-1,B5,3,47,natural_missingness,fb82651717076e658cf67e62ccd41ca247d29c994518945706edefcf0b635aa0,3993d353cf08bfdbac0256c7b4dcc739418954d0b1dcc156e87f3e92d86c230c,extrasensory-robust-gated-fold3-seed47-full,1.0,1.0,86408,0.4438094301238593,0.5409418419792242,0.7122800853083309,856815,mean_normalized_threshold_margin,0.1987545594130171
V3-1,P,3,47,natural_missingness,fb82651717076e658cf67e62ccd41ca247d29c994518945706edefcf0b635aa0,b599bd6ad228cd3001481e2f1f7415546aac6e05b2335bde089a61df265d1e76,extrasensory-quality-aware-fold3-seed47-full,0.05,0.0500069438014998,4321,0.1852076169539049,0.6174560341740593,0.9504072321009766,39273,mean_binary_certainty,0.9244244791370106
V3-1,P,3,47,natural_missingness,fb82651717076e658cf67e62ccd41ca247d29c994518945706edefcf0b635aa0,b599bd6ad228cd3001481e2f1f7415546aac6e05b2335bde089a61df265d1e76,extrasensory-quality-aware-fold3-seed47-full,0.1,0.1000023146004999,8641,0.1983061375391308,0.4690272847709164,0.95048787848305,86521,mean_binary_certainty,0.8629502355713002
V3-1,P,3,47,natural_missingness,fb82651717076e658cf67e62ccd41ca247d29c994518945706edefcf0b635aa0,b599bd6ad228cd3001481e2f1f7415546aac6e05b2335bde089a61df265d1e76,extrasensory-quality-aware-fold3-seed47-full,0.15,0.1500092584019998,12962,0.2265097065393216,0.6259999795057493,0.94195376426661,133260,mean_binary_certainty,0.7962757813158301
V3-1,P,3,47,natural_missingness,fb82651717076e658cf67e62ccd41ca247d29c994518945706edefcf0b635aa0,b599bd6ad228cd3001481e2f1f7415546aac6e05b2335bde089a61df265d1e76,extrasensory-quality-aware-fold3-seed47-full,0.2,0.2000046292009999,17282,0.2508526499127449,0.6392478350312278,0.9240721418989416,179087,mean_binary_certainty,0.7349955720696194
V3-1,P,3,47,natural_missingness,fb82651717076e658cf67e62ccd41ca247d29c994518945706edefcf0b635aa0,b599bd6ad228cd3001481e2f1f7415546aac6e05b2335bde089a61df265d1e76,extrasensory-quality-aware-fold3-seed47-full,0.25,0.25,21602,0.2664663979776595,0.6484221705437571,0.9055172688523284,224913,mean_binary_certainty,0.6776635411073595
V3-1,P,3,47,natural_missingness,fb82651717076e658cf67e62ccd41ca247d29c994518945706edefcf0b635aa0,b599bd6ad228cd3001481e2f1f7415546aac6e05b2335bde089a61df265d1e76,extrasensory-quality-aware-fold3-seed47-full,0.3,0.3000069438014998,25923,0.2778736437259349,0.6542435241352483,0.886678252531911,270831,mean_binary_certainty,0.6241874100818627
V3-1,P,3,47,natural_missingness,fb82651717076e658cf67e62ccd41ca247d29c994518945706edefcf0b635aa0,b599bd6ad228cd3001481e2f1f7415546aac6e05b2335bde089a61df265d1e76,extrasensory-quality-aware-fold3-seed47-full,0.35,0.3500023146004999,30243,0.2911091632939844,0.6699825405572177,0.8657787298241977,315586,mean_binary_certainty,0.5791523529182236
V3-1,P,3,47,natural_missingness,fb82651717076e658cf67e62ccd41ca247d29c994518945706edefcf0b635aa0,b599bd6ad228cd3001481e2f1f7415546aac6e05b2335bde089a61df265d1e76,extrasensory-quality-aware-fold3-seed47-full,0.4,0.4000092584019998,34564,0.3062351344560426,0.671761337460463,0.8441592722694877,360874,mean_binary_certainty,0.5414703508174272
V3-1,P,3,47,natural_missingness,fb82651717076e658cf67e62ccd41ca247d29c994518945706edefcf0b635aa0,b599bd6ad228cd3001481e2f1f7415546aac6e05b2335bde089a61df265d1e76,extrasensory-quality-aware-fold3-seed47-full,0.45,0.4500046292009999,38884,0.320953177692759,0.6621025515179054,0.8241553677330675,405546,mean_binary_certainty,0.5089412986471216
V3-1,P,3,47,natural_missingness,fb82651717076e658cf67e62ccd41ca247d29c994518945706edefcf0b635aa0,b599bd6ad228cd3001481e2f1f7415546aac6e05b2335bde089a61df265d1e76,extrasensory-quality-aware-fold3-seed47-full,0.5,0.5,43204,0.3351483017441982,0.6475063111365805,0.8056208220266067,447780,mean_binary_certainty,0.4802179588341493
V3-1,P,3,47,natural_missingness,fb82651717076e658cf67e62ccd41ca247d29c994518945706edefcf0b635aa0,b599bd6ad228cd3001481e2f1f7415546aac6e05b2335bde089a61df265d1e76,extrasensory-quality-aware-fold3-seed47-full,0.55,0.5500069438014998,47525,0.3489888723721979,0.6334515651235954,0.7878973683513306,490542,mean_binary_certainty,0.4541988123022688
V3-1,P,3,47,natural_missingness,fb82651717076e658cf67e62ccd41ca247d29c994518945706edefcf0b635aa0,b599bd6ad228cd3001481e2f1f7415546aac6e05b2335bde089a61df265d1e76,extrasensory-quality-aware-fold3-seed47-full,0.6,0.6000023146004999,51845,0.3621060891484531,0.6184761933978785,0.7720390192165455,532662,mean_binary_certainty,0.4294343813919795
V3-1,P,3,47,natural_missingness,fb82651717076e658cf67e62ccd41ca247d29c994518945706edefcf0b635aa0,b599bd6ad228cd3001481e2f1f7415546aac6e05b2335bde089a61df265d1e76,extrasensory-quality-aware-fold3-seed47-full,0.65,0.6500092584019999,56166,0.3748214347212958,0.6054798402961595,0.7575287922805561,573755,mean_binary_certainty,0.405502430439197
V3-1,P,3,47,natural_missingness,fb82651717076e658cf67e62ccd41ca247d29c994518945706edefcf0b635aa0,b599bd6ad228cd3001481e2f1f7415546aac6e05b2335bde089a61df265d1e76,extrasensory-quality-aware-fold3-seed47-full,0.7,0.7000046292009999,60486,0.3858755313299097,0.5926292662151488,0.7443248331543186,616597,mean_binary_certainty,0.3798481929701913
V3-1,P,3,47,natural_missingness,fb82651717076e658cf67e62ccd41ca247d29c994518945706edefcf0b635aa0,b599bd6ad228cd3001481e2f1f7415546aac6e05b2335bde089a61df265d1e76,extrasensory-quality-aware-fold3-seed47-full,0.75,0.75,64806,0.3959726880186729,0.5815635712521374,0.732006047818385,659328,mean_binary_certainty,0.354959378944195
V3-1,P,3,47,natural_missingness,fb82651717076e658cf67e62ccd41ca247d29c994518945706edefcf0b635aa0,b599bd6ad228cd3001481e2f1f7415546aac6e05b2335bde089a61df265d1e76,extrasensory-quality-aware-fold3-seed47-full,0.8,0.8000069438014998,69127,0.4049137688549508,0.5715207993596234,0.7211641446007996,701519,mean_binary_certainty,0.3287996692653145
V3-1,P,3,47,natural_missingness,fb82651717076e658cf67e62ccd41ca247d29c994518945706edefcf0b635aa0,b599bd6ad228cd3001481e2f1f7415546aac6e05b2335bde089a61df265d1e76,extrasensory-quality-aware-fold3-seed47-full,0.85,0.8500023146004999,73447,0.4126339471427257,0.5626762287955158,0.7114683971525216,742096,mean_binary_certainty,0.2990464316813314
V3-1,P,3,47,natural_missingness,fb82651717076e658cf67e62ccd41ca247d29c994518945706edefcf0b635aa0,b599bd6ad228cd3001481e2f1f7415546aac6e05b2335bde089a61df265d1e76,extrasensory-quality-aware-fold3-seed47-full,0.9,0.9000092584019999,77768,0.4198568045156813,0.5534446558029434,0.7021584652607114,781274,mean_binary_certainty,0.2610630506022502
V3-1,P,3,47,natural_missingness,fb82651717076e658cf67e62ccd41ca247d29c994518945706edefcf0b635aa0,b599bd6ad228cd3001481e2f1f7415546aac6e05b2335bde089a61df265d1e76,extrasensory-quality-aware-fold3-seed47-full,0.95,0.950004629201,82088,0.4272857068728037,0.5438061370457631,0.6930589000165367,819810,mean_binary_certainty,0.2078616352800105
V3-1,P,3,47,natural_missingness,fb82651717076e658cf67e62ccd41ca247d29c994518945706edefcf0b635aa0,b599bd6ad228cd3001481e2f1f7415546aac6e05b2335bde089a61df265d1e76,extrasensory-quality-aware-fold3-seed47-full,1.0,1.0,86408,0.4362718984218328,0.5331755753795883,0.6837095610940044,856815,mean_binary_certainty,0.0292630962303206
V3-1,P,3,47,natural_missingness,fb82651717076e658cf67e62ccd41ca247d29c994518945706edefcf0b635aa0,b599bd6ad228cd3001481e2f1f7415546aac6e05b2335bde089a61df265d1e76,extrasensory-quality-aware-fold3-seed47-full,0.05,0.0500069438014998,4321,0.2003340147878637,0.4535427388494514,0.9540560896725888,38026,mean_normalized_threshold_margin,0.9727531588396292
V3-1,P,3,47,natural_missingness,fb82651717076e658cf67e62ccd41ca247d29c994518945706edefcf0b635aa0,b599bd6ad228cd3001481e2f1f7415546aac6e05b2335bde089a61df265d1e76,extrasensory-quality-aware-fold3-seed47-full,0.1,0.1000023146004999,8641,0.2166839206459613,0.485936402167435,0.9497564885025584,85337,mean_normalized_threshold_margin,0.9401350059968656
V3-1,P,3,47,natural_missingness,fb82651717076e658cf67e62ccd41ca247d29c994518945706edefcf0b635aa0,b599bd6ad228cd3001481e2f1f7415546aac6e05b2335bde089a61df265d1e76,extrasensory-quality-aware-fold3-seed47-full,0.15,0.1500092584019998,12962,0.2276781649164246,0.5793874822494159,0.9429275139701792,133687,mean_normalized_threshold_margin,0.9037002039795514
V3-1,P,3,47,natural_missingness,fb82651717076e658cf67e62ccd41ca247d29c994518945706edefcf0b635aa0,b599bd6ad228cd3001481e2f1f7415546aac6e05b2335bde089a61df265d1e76,extrasensory-quality-aware-fold3-seed47-full,0.2,0.2000046292009999,17282,0.2561391964391455,0.6289343305206728,0.9233817569922236,179043,mean_normalized_threshold_margin,0.8651897804575069
V3-1,P,3,47,natural_missingness,fb82651717076e658cf67e62ccd41ca247d29c994518945706edefcf0b635aa0,b599bd6ad228cd3001481e2f1f7415546aac6e05b2335bde089a61df265d1e76,extrasensory-quality-aware-fold3-seed47-full,0.25,0.25,21602,0.2677954164598747,0.6442952449434787,0.9049979347377116,225909,mean_normalized_threshold_margin,0.8300948875075318
V3-1,P,3,47,natural_missingness,fb82651717076e658cf67e62ccd41ca247d29c994518945706edefcf0b635aa0,b599bd6ad228cd3001481e2f1f7415546aac6e05b2335bde089a61df265d1e76,extrasensory-quality-aware-fold3-seed47-full,0.3,0.3000069438014998,25923,0.2774119772950651,0.6504218312662416,0.8855595190910291,273034,mean_normalized_threshold_margin,0.7948388915364801
V3-1,P,3,47,natural_missingness,fb82651717076e658cf67e62ccd41ca247d29c994518945706edefcf0b635aa0,b599bd6ad228cd3001481e2f1f7415546aac6e05b2335bde089a61df265d1e76,extrasensory-quality-aware-fold3-seed47-full,0.35,0.3500023146004999,30243,0.2882971107183299,0.6750883486395582,0.8662043995081296,319063,mean_normalized_threshold_margin,0.7631343826152206
V3-1,P,3,47,natural_missingness,fb82651717076e658cf67e62ccd41ca247d29c994518945706edefcf0b635aa0,b599bd6ad228cd3001481e2f1f7415546aac6e05b2335bde089a61df265d1e76,extrasensory-quality-aware-fold3-seed47-full,0.4,0.4000092584019998,34564,0.3016899537603551,0.6799904842711686,0.8468072319326889,364080,mean_normalized_threshold_margin,0.7358871159012
V3-1,P,3,47,natural_missingness,fb82651717076e658cf67e62ccd41ca247d29c994518945706edefcf0b635aa0,b599bd6ad228cd3001481e2f1f7415546aac6e05b2335bde089a61df265d1e76,extrasensory-quality-aware-fold3-seed47-full,0.45,0.4500046292009999,38884,0.3159352869149175,0.6708031770981443,0.8276164128875402,409003,mean_normalized_threshold_margin,0.7116332527891217
V3-1,P,3,47,natural_missingness,fb82651717076e658cf67e62ccd41ca247d29c994518945706edefcf0b635aa0,b599bd6ad228cd3001481e2f1f7415546aac6e05b2335bde089a61df265d1e76,extrasensory-quality-aware-fold3-seed47-full,0.5,0.5,43204,0.3291449532516429,0.6603987319886898,0.810259902946864,451657,mean_normalized_threshold_margin,0.6884815420336301
V3-1,P,3,47,natural_missingness,fb82651717076e658cf67e62ccd41ca247d29c994518945706edefcf0b635aa0,b599bd6ad228cd3001481e2f1f7415546aac6e05b2335bde089a61df265d1e76,extrasensory-quality-aware-fold3-seed47-full,0.55,0.5500069438014998,47525,0.3419496436424588,0.6493805793862155,0.7938284126329554,493829,mean_normalized_threshold_margin,0.6664381662037082
V3-1,P,3,47,natural_missingness,fb82651717076e658cf67e62ccd41ca247d29c994518945706edefcf0b635aa0,b599bd6ad228cd3001481e2f1f7415546aac6e05b2335bde089a61df265d1e76,extrasensory-quality-aware-fold3-seed47-full,0.6,0.6000023146004999,51845,0.3550205671935458,0.635459236990319,0.7785013940759489,535384,mean_normalized_threshold_margin,0.644996974651329
V3-1,P,3,47,natural_missingness,fb82651717076e658cf67e62ccd41ca247d29c994518945706edefcf0b635aa0,b599bd6ad228cd3001481e2f1f7415546aac6e05b2335bde089a61df265d1e76,extrasensory-quality-aware-fold3-seed47-full,0.65,0.6500092584019999,56166,0.3680910566768623,0.6221160275143551,0.7634623334499316,577261,mean_normalized_threshold_margin,0.6246309547044662
V3-1,P,3,47,natural_missingness,fb82651717076e658cf67e62ccd41ca247d29c994518945706edefcf0b635aa0,b599bd6ad228cd3001481e2f1f7415546aac6e05b2335bde089a61df265d1e76,extrasensory-quality-aware-fold3-seed47-full,0.7,0.7000046292009999,60486,0.3804119946565695,0.6094910659589601,0.7496507985568321,617398,mean_normalized_threshold_margin,0.6050505288276032
V3-1,P,3,47,natural_missingness,fb82651717076e658cf67e62ccd41ca247d29c994518945706edefcf0b635aa0,b599bd6ad228cd3001481e2f1f7415546aac6e05b2335bde089a61df265d1e76,extrasensory-quality-aware-fold3-seed47-full,0.75,0.75,64806,0.3915318724424343,0.598150684489269,0.7367695407784495,657972,mean_normalized_threshold_margin,0.5842999532679141
V3-1,P,3,47,natural_missingness,fb82651717076e658cf67e62ccd41ca247d29c994518945706edefcf0b635aa0,b599bd6ad228cd3001481e2f1f7415546aac6e05b2335bde089a61df265d1e76,extrasensory-quality-aware-fold3-seed47-full,0.8,0.8000069438014998,69127,0.4014442295321999,0.5849982128494958,0.7251854719560081,698110,mean_normalized_threshold_margin,0.5605020164887965
V3-1,P,3,47,natural_missingness,fb82651717076e658cf67e62ccd41ca247d29c994518945706edefcf0b635aa0,b599bd6ad228cd3001481e2f1f7415546aac6e05b2335bde089a61df265d1e76,extrasensory-quality-aware-fold3-seed47-full,0.85,0.8500023146004999,73447,0.410232497717164,0.5706157463869278,0.7141168844120873,738697,mean_normalized_threshold_margin,0.5317140107370801
V3-1,P,3,47,natural_missingness,fb82651717076e658cf67e62ccd41ca247d29c994518945706edefcf0b635aa0,b599bd6ad228cd3001481e2f1f7415546aac6e05b2335bde089a61df265d1e76,extrasensory-quality-aware-fold3-seed47-full,0.9,0.9000092584019999,77768,0.4182312692191957,0.5582711005066211,0.7041285979253967,779447,mean_normalized_threshold_margin,0.4955805499766493
V3-1,P,3,47,natural_missingness,fb82651717076e658cf67e62ccd41ca247d29c994518945706edefcf0b635aa0,b599bd6ad228cd3001481e2f1f7415546aac6e05b2335bde089a61df265d1e76,extrasensory-quality-aware-fold3-seed47-full,0.95,0.950004629201,82088,0.4263890871237492,0.5463032354127828,0.6944127141792898,819430,mean_normalized_threshold_margin,0.4417104437493839
V3-1,P,3,47,natural_missingness,fb82651717076e658cf67e62ccd41ca247d29c994518945706edefcf0b635aa0,b599bd6ad228cd3001481e2f1f7415546aac6e05b2335bde089a61df265d1e76,extrasensory-quality-aware-fold3-seed47-full,1.0,1.0,86408,0.4362718984218328,0.5331755753795883,0.6837095610940044,856815,mean_normalized_threshold_margin,0.2028453645694765
V3-1,P2,3,47,natural_missingness,fb82651717076e658cf67e62ccd41ca247d29c994518945706edefcf0b635aa0,fddf27fbe61a255d005bf7833cc7779aea0b14df027e31641f7a0b8e0de887ca,extrasensory-p2-fold3-seed47-v2_multiseed,0.05,0.0500069438014998,4321,0.3970028312091492,0.6324961556369647,0.9334828482593404,33782,mean_binary_certainty,0.929500251237486
V3-1,P2,3,47,natural_missingness,fb82651717076e658cf67e62ccd41ca247d29c994518945706edefcf0b635aa0,fddf27fbe61a255d005bf7833cc7779aea0b14df027e31641f7a0b8e0de887ca,extrasensory-p2-fold3-seed47-v2_multiseed,0.1,0.1000023146004999,8641,0.3185976432214281,0.4226956152093192,0.9440920682665273,79396,mean_binary_certainty,0.865732707281954
V3-1,P2,3,47,natural_missingness,fb82651717076e658cf67e62ccd41ca247d29c994518945706edefcf0b635aa0,fddf27fbe61a255d005bf7833cc7779aea0b14df027e31641f7a0b8e0de887ca,extrasensory-p2-fold3-seed47-v2_multiseed,0.15,0.1500092584019998,12962,0.3092748319600338,0.7042457310467719,0.9458091795676192,127728,mean_binary_certainty,0.7906592772314303
V3-1,P2,3,47,natural_missingness,fb82651717076e658cf67e62ccd41ca247d29c994518945706edefcf0b635aa0,fddf27fbe61a255d005bf7833cc7779aea0b14df027e31641f7a0b8e0de887ca,extrasensory-p2-fold3-seed47-v2_multiseed,0.2,0.2000046292009999,17282,0.3096318679836934,0.6904576882734523,0.9430760755246156,175508,mean_binary_certainty,0.726596519194325
V3-1,P2,3,47,natural_missingness,fb82651717076e658cf67e62ccd41ca247d29c994518945706edefcf0b635aa0,fddf27fbe61a255d005bf7833cc7779aea0b14df027e31641f7a0b8e0de887ca,extrasensory-p2-fold3-seed47-v2_multiseed,0.25,0.25,21602,0.3155524276176237,0.6850673917830991,0.93263078052756,220824,mean_binary_certainty,0.6644515089841541
V3-1,P2,3,47,natural_missingness,fb82651717076e658cf67e62ccd41ca247d29c994518945706edefcf0b635aa0,fddf27fbe61a255d005bf7833cc7779aea0b14df027e31641f7a0b8e0de887ca,extrasensory-p2-fold3-seed47-v2_multiseed,0.3,0.3000069438014998,25923,0.3207213129183254,0.7030710221988642,0.9171438240270728,267432,mean_binary_certainty,0.6066173136690975
V3-1,P2,3,47,natural_missingness,fb82651717076e658cf67e62ccd41ca247d29c994518945706edefcf0b635aa0,fddf27fbe61a255d005bf7833cc7779aea0b14df027e31641f7a0b8e0de887ca,extrasensory-p2-fold3-seed47-v2_multiseed,0.35,0.3500023146004999,30243,0.3263053149861197,0.6935238015959629,0.8983229426796826,315028,mean_binary_certainty,0.5633934291481834
V3-1,P2,3,47,natural_missingness,fb82651717076e658cf67e62ccd41ca247d29c994518945706edefcf0b635aa0,fddf27fbe61a255d005bf7833cc7779aea0b14df027e31641f7a0b8e0de887ca,extrasensory-p2-fold3-seed47-v2_multiseed,0.4,0.4000092584019998,34564,0.336500147955349,0.677887683907357,0.8783335654129212,360929,mean_binary_certainty,0.5247451411749198
V3-1,P2,3,47,natural_missingness,fb82651717076e658cf67e62ccd41ca247d29c994518945706edefcf0b635aa0,fddf27fbe61a255d005bf7833cc7779aea0b14df027e31641f7a0b8e0de887ca,extrasensory-p2-fold3-seed47-v2_multiseed,0.45,0.4500046292009999,38884,0.3463066022865821,0.6641293541794793,0.8599383510288714,406561,mean_binary_certainty,0.4899813980607918
V3-1,P2,3,47,natural_missingness,fb82651717076e658cf67e62ccd41ca247d29c994518945706edefcf0b635aa0,fddf27fbe61a255d005bf7833cc7779aea0b14df027e31641f7a0b8e0de887ca,extrasensory-p2-fold3-seed47-v2_multiseed,0.5,0.5,43204,0.3579764429543292,0.6484978773573192,0.8415089102081502,451541,mean_binary_certainty,0.4573067280405692
V3-1,P2,3,47,natural_missingness,fb82651717076e658cf67e62ccd41ca247d29c994518945706edefcf0b635aa0,fddf27fbe61a255d005bf7833cc7779aea0b14df027e31641f7a0b8e0de887ca,extrasensory-p2-fold3-seed47-v2_multiseed,0.55,0.5500069438014998,47525,0.3721281905039539,0.6337922005593104,0.8248241583407205,493790,mean_binary_certainty,0.4289055313209042
V3-1,P2,3,47,natural_missingness,fb82651717076e658cf67e62ccd41ca247d29c994518945706edefcf0b635aa0,fddf27fbe61a255d005bf7833cc7779aea0b14df027e31641f7a0b8e0de887ca,extrasensory-p2-fold3-seed47-v2_multiseed,0.6,0.6000023146004999,51845,0.385953883013085,0.6210792805589761,0.8092177929510995,535811,mean_binary_certainty,0.4007630784231515
V3-1,P2,3,47,natural_missingness,fb82651717076e658cf67e62ccd41ca247d29c994518945706edefcf0b635aa0,fddf27fbe61a255d005bf7833cc7779aea0b14df027e31641f7a0b8e0de887ca,extrasensory-p2-fold3-seed47-v2_multiseed,0.65,0.6500092584019999,56166,0.3992228674728408,0.6108348050959373,0.7946249243900239,577107,mean_binary_certainty,0.3731551668958528
V3-1,P2,3,47,natural_missingness,fb82651717076e658cf67e62ccd41ca247d29c994518945706edefcf0b635aa0,fddf27fbe61a255d005bf7833cc7779aea0b14df027e31641f7a0b8e0de887ca,extrasensory-p2-fold3-seed47-v2_multiseed,0.7,0.7000046292009999,60486,0.4111784493991125,0.5999649424971693,0.7809563713795249,618788,mean_binary_certainty,0.3470232287532614
V3-1,P2,3,47,natural_missingness,fb82651717076e658cf67e62ccd41ca247d29c994518945706edefcf0b635aa0,fddf27fbe61a255d005bf7833cc7779aea0b14df027e31641f7a0b8e0de887ca,extrasensory-p2-fold3-seed47-v2_multiseed,0.75,0.75,64806,0.421500726168419,0.5902202074455986,0.7685025741560035,658912,mean_binary_certainty,0.3219585378479691
V3-1,P2,3,47,natural_missingness,fb82651717076e658cf67e62ccd41ca247d29c994518945706edefcf0b635aa0,fddf27fbe61a255d005bf7833cc7779aea0b14df027e31641f7a0b8e0de887ca,extrasensory-p2-fold3-seed47-v2_multiseed,0.8,0.8000069438014998,69127,0.4294980238857495,0.5821611565799469,0.7580978865406006,699194,mean_binary_certainty,0.2963965869609338
V3-1,P2,3,47,natural_missingness,fb82651717076e658cf67e62ccd41ca247d29c994518945706edefcf0b635aa0,fddf27fbe61a255d005bf7833cc7779aea0b14df027e31641f7a0b8e0de887ca,extrasensory-p2-fold3-seed47-v2_multiseed,0.85,0.8500023146004999,73447,0.4374338263619178,0.5748621393210546,0.7486109757286286,739366,mean_binary_certainty,0.2707390752024197
V3-1,P2,3,47,natural_missingness,fb82651717076e658cf67e62ccd41ca247d29c994518945706edefcf0b635aa0,fddf27fbe61a255d005bf7833cc7779aea0b14df027e31641f7a0b8e0de887ca,extrasensory-p2-fold3-seed47-v2_multiseed,0.9,0.9000092584019999,77768,0.4451085756248069,0.5670584409000708,0.7398877545137574,778496,mean_binary_certainty,0.2412122844038646
V3-1,P2,3,47,natural_missingness,fb82651717076e658cf67e62ccd41ca247d29c994518945706edefcf0b635aa0,fddf27fbe61a255d005bf7833cc7779aea0b14df027e31641f7a0b8e0de887ca,extrasensory-p2-fold3-seed47-v2_multiseed,0.95,0.950004629201,82088,0.452707886519462,0.5572571740105959,0.7308408578552662,817342,mean_binary_certainty,0.2010142300644093
V3-1,P2,3,47,natural_missingness,fb82651717076e658cf67e62ccd41ca247d29c994518945706edefcf0b635aa0,fddf27fbe61a255d005bf7833cc7779aea0b14df027e31641f7a0b8e0de887ca,extrasensory-p2-fold3-seed47-v2_multiseed,1.0,1.0,86408,0.4612080525665025,0.5465091951413192,0.7210616321225802,856815,mean_binary_certainty,0.0247457336406248
V3-1,P2,3,47,natural_missingness,fb82651717076e658cf67e62ccd41ca247d29c994518945706edefcf0b635aa0,fddf27fbe61a255d005bf7833cc7779aea0b14df027e31641f7a0b8e0de887ca,extrasensory-p2-fold3-seed47-v2_multiseed,0.05,0.0500069438014998,4321,0.4100820709270821,0.6341241034409986,0.9353484466834592,33172,mean_normalized_threshold_margin,0.9781861079894708
V3-1,P2,3,47,natural_missingness,fb82651717076e658cf67e62ccd41ca247d29c994518945706edefcf0b635aa0,fddf27fbe61a255d005bf7833cc7779aea0b14df027e31641f7a0b8e0de887ca,extrasensory-p2-fold3-seed47-v2_multiseed,0.1,0.1000023146004999,8641,0.3423862792299746,0.4723157217167292,0.9441755692842964,77644,mean_normalized_threshold_margin,0.947674086709365
V3-1,P2,3,47,natural_missingness,fb82651717076e658cf67e62ccd41ca247d29c994518945706edefcf0b635aa0,fddf27fbe61a255d005bf7833cc7779aea0b14df027e31641f7a0b8e0de887ca,extrasensory-p2-fold3-seed47-v2_multiseed,0.15,0.1500092584019998,12962,0.3156064284783397,0.4614161409265218,0.9447321550897384,127035,mean_normalized_threshold_margin,0.9122948403558038
V3-1,P2,3,47,natural_missingness,fb82651717076e658cf67e62ccd41ca247d29c994518945706edefcf0b635aa0,fddf27fbe61a255d005bf7833cc7779aea0b14df027e31641f7a0b8e0de887ca,extrasensory-p2-fold3-seed47-v2_multiseed,0.2,0.2000046292009999,17282,0.3194407022703782,0.6123547431188441,0.9425651476478244,173483,mean_normalized_threshold_margin,0.8734858953996552
V3-1,P2,3,47,natural_missingness,fb82651717076e658cf67e62ccd41ca247d29c994518945706edefcf0b635aa0,fddf27fbe61a255d005bf7833cc7779aea0b14df027e31641f7a0b8e0de887ca,extrasensory-p2-fold3-seed47-v2_multiseed,0.25,0.25,21602,0.3211497469496701,0.6475731396748915,0.933085501858736,220047,mean_normalized_threshold_margin,0.82819610456094
V3-1,P2,3,47,natural_missingness,fb82651717076e658cf67e62ccd41ca247d29c994518945706edefcf0b635aa0,fddf27fbe61a255d005bf7833cc7779aea0b14df027e31641f7a0b8e0de887ca,extrasensory-p2-fold3-seed47-v2_multiseed,0.3,0.3000069438014998,25923,0.3240686511449732,0.6893038312384674,0.9176059179556152,267169,mean_normalized_threshold_margin,0.7874035311405986
V3-1,P2,3,47,natural_missingness,fb82651717076e658cf67e62ccd41ca247d29c994518945706edefcf0b635aa0,fddf27fbe61a255d005bf7833cc7779aea0b14df027e31641f7a0b8e0de887ca,extrasensory-p2-fold3-seed47-v2_multiseed,0.35,0.3500023146004999,30243,0.3258416013961485,0.7061337778227198,0.90090411953509,315560,mean_normalized_threshold_margin,0.7533785874576522
V3-1,P2,3,47,natural_missingness,fb82651717076e658cf67e62ccd41ca247d29c994518945706edefcf0b635aa0,fddf27fbe61a255d005bf7833cc7779aea0b14df027e31641f7a0b8e0de887ca,extrasensory-p2-fold3-seed47-v2_multiseed,0.4,0.4000092584019998,34564,0.3317568190674811,0.6977187401685406,0.8834725149991892,363020,mean_normalized_threshold_margin,0.7246859136307201
V3-1,P2,3,47,natural_missingness,fb82651717076e658cf67e62ccd41ca247d29c994518945706edefcf0b635aa0,fddf27fbe61a255d005bf7833cc7779aea0b14df027e31641f7a0b8e0de887ca,extrasensory-p2-fold3-seed47-v2_multiseed,0.45,0.4500046292009999,38884,0.3423328533869011,0.6816455099469889,0.8647570341757116,409299,mean_normalized_threshold_margin,0.6983056510651153
V3-1,P2,3,47,natural_missingness,fb82651717076e658cf67e62ccd41ca247d29c994518945706edefcf0b635aa0,fddf27fbe61a255d005bf7833cc7779aea0b14df027e31641f7a0b8e0de887ca,extrasensory-p2-fold3-seed47-v2_multiseed,0.5,0.5,43204,0.3548495280650939,0.6692006807541263,0.8475337616470986,453256,mean_normalized_threshold_margin,0.6741906349972017
V3-1,P2,3,47,natural_missingness,fb82651717076e658cf67e62ccd41ca247d29c994518945706edefcf0b635aa0,fddf27fbe61a255d005bf7833cc7779aea0b14df027e31641f7a0b8e0de887ca,extrasensory-p2-fold3-seed47-v2_multiseed,0.55,0.5500069438014998,47525,0.370099846226666,0.6566395329210702,0.8310467672250436,495563,mean_normalized_threshold_margin,0.6517600630349935
V3-1,P2,3,47,natural_missingness,fb82651717076e658cf67e62ccd41ca247d29c994518945706edefcf0b635aa0,fddf27fbe61a255d005bf7833cc7779aea0b14df027e31641f7a0b8e0de887ca,extrasensory-p2-fold3-seed47-v2_multiseed,0.6,0.6000023146004999,51845,0.3856969530200181,0.6414835171191802,0.8148101310289106,536899,mean_normalized_threshold_margin,0.6299585388493537
V3-1,P2,3,47,natural_missingness,fb82651717076e658cf67e62ccd41ca247d29c994518945706edefcf0b635aa0,fddf27fbe61a255d005bf7833cc7779aea0b14df027e31641f7a0b8e0de887ca,extrasensory-p2-fold3-seed47-v2_multiseed,0.65,0.6500092584019999,56166,0.4003865528417942,0.6272903512714045,0.7994490358126721,577099,mean_normalized_threshold_margin,0.6074729400799257
V3-1,P2,3,47,natural_missingness,fb82651717076e658cf67e62ccd41ca247d29c994518945706edefcf0b635aa0,fddf27fbe61a255d005bf7833cc7779aea0b14df027e31641f7a0b8e0de887ca,extrasensory-p2-fold3-seed47-v2_multiseed,0.7,0.7000046292009999,60486,0.4127244345912396,0.6151640057072881,0.7855592685302786,616328,mean_normalized_threshold_margin,0.585348437640746
V3-1,P2,3,47,natural_missingness,fb82651717076e658cf67e62ccd41ca247d29c994518945706edefcf0b635aa0,fddf27fbe61a255d005bf7833cc7779aea0b14df027e31641f7a0b8e0de887ca,extrasensory-p2-fold3-seed47-v2_multiseed,0.75,0.75,64806,0.4229692274373931,0.6048121733876152,0.7725778272611258,656027,mean_normalized_threshold_margin,0.5626039323026435
V3-1,P2,3,47,natural_missingness,fb82651717076e658cf67e62ccd41ca247d29c994518945706edefcf0b635aa0,fddf27fbe61a255d005bf7833cc7779aea0b14df027e31641f7a0b8e0de887ca,extrasensory-p2-fold3-seed47-v2_multiseed,0.8,0.8000069438014998,69127,0.4308947046044211,0.5933397932208648,0.7613673513679833,696772,mean_normalized_threshold_margin,0.5379612757998873
V3-1,P2,3,47,natural_missingness,fb82651717076e658cf67e62ccd41ca247d29c994518945706edefcf0b635aa0,fddf27fbe61a255d005bf7833cc7779aea0b14df027e31641f7a0b8e0de887ca,extrasensory-p2-fold3-seed47-v2_multiseed,0.85,0.8500023146004999,73447,0.4381651394841163,0.5835632858914309,0.7515175525246497,737708,mean_normalized_threshold_margin,0.5092388569536019
V3-1,P2,3,47,natural_missingness,fb82651717076e658cf67e62ccd41ca247d29c994518945706edefcf0b635aa0,fddf27fbe61a255d005bf7833cc7779aea0b14df027e31641f7a0b8e0de887ca,extrasensory-p2-fold3-seed47-v2_multiseed,0.9,0.9000092584019999,77768,0.4449886721503308,0.5715077643376738,0.7416446544390293,779092,mean_normalized_threshold_margin,0.474695464779952
V3-1,P2,3,47,natural_missingness,fb82651717076e658cf67e62ccd41ca247d29c994518945706edefcf0b635aa0,fddf27fbe61a255d005bf7833cc7779aea0b14df027e31641f7a0b8e0de887ca,extrasensory-p2-fold3-seed47-v2_multiseed,0.95,0.950004629201,82088,0.4525403739055204,0.5596712892091752,0.7317400574414142,819266,mean_normalized_threshold_margin,0.4284697360797372
V3-1,P2,3,47,natural_missingness,fb82651717076e658cf67e62ccd41ca247d29c994518945706edefcf0b635aa0,fddf27fbe61a255d005bf7833cc7779aea0b14df027e31641f7a0b8e0de887ca,extrasensory-p2-fold3-seed47-v2_multiseed,1.0,1.0,86408,0.4612080525665024,0.5465091951413192,0.7210616321225802,856815,mean_normalized_threshold_margin,0.196884839304978
V3-1,P2,3,47,natural_missingness,fb82651717076e658cf67e62ccd41ca247d29c994518945706edefcf0b635aa0,fddf27fbe61a255d005bf7833cc7779aea0b14df027e31641f7a0b8e0de887ca,extrasensory-p2-fold3-seed47-v2_multiseed,0.05,0.0500069438014998,4321,0.3982203521389021,0.4993941546163875,0.7387185669996555,44035,p2_system_reliability,0.9968308806419371
V3-1,P2,3,47,natural_missingness,fb82651717076e658cf67e62ccd41ca247d29c994518945706edefcf0b635aa0,fddf27fbe61a255d005bf7833cc7779aea0b14df027e31641f7a0b8e0de887ca,extrasensory-p2-fold3-seed47-v2_multiseed,0.1,0.1000023146004999,8641,0.3994361091468965,0.5190869278132852,0.7370278077932388,87544,p2_system_reliability,0.9959814548492432
V3-1,P2,3,47,natural_missingness,fb82651717076e658cf67e62ccd41ca247d29c994518945706edefcf0b635aa0,fddf27fbe61a255d005bf7833cc7779aea0b14df027e31641f7a0b8e0de887ca,extrasensory-p2-fold3-seed47-v2_multiseed,0.15,0.1500092584019998,12962,0.3997236718787557,0.5337442866474658,0.7384748467538665,130838,p2_system_reliability,0.9952472448349
V3-1,P2,3,47,natural_missingness,fb82651717076e658cf67e62ccd41ca247d29c994518945706edefcf0b635aa0,fddf27fbe61a255d005bf7833cc7779aea0b14df027e31641f7a0b8e0de887ca,extrasensory-p2-fold3-seed47-v2_multiseed,0.2,0.2000046292009999,17282,0.4023089975173328,0.5422921802126499,0.7386057013830087,173661,p2_system_reliability,0.9945087432861328
V3-1,P2,3,47,natural_missingness,fb82651717076e658cf67e62ccd41ca247d29c994518945706edefcf0b635aa0,fddf27fbe61a255d005bf7833cc7779aea0b14df027e31641f7a0b8e0de887ca,extrasensory-p2-fold3-seed47-v2_multiseed,0.25,0.25,21602,0.4079602233549109,0.5476416977331807,0.7386986270251606,216436,p2_system_reliability,0.9938008785247804
V3-1,P2,3,47,natural_missingness,fb82651717076e658cf67e62ccd41ca247d29c994518945706edefcf0b635aa0,fddf27fbe61a255d005bf7833cc7779aea0b14df027e31641f7a0b8e0de887ca,extrasensory-p2-fold3-seed47-v2_multiseed,0.3,0.3000069438014998,25923,0.4183080064873914,0.5512934133775025,0.7384224576561228,258056,p2_system_reliability,0.9930884838104248
V3-1,P2,3,47,natural_missingness,fb82651717076e658cf67e62ccd41ca247d29c994518945706edefcf0b635aa0,fddf27fbe61a255d005bf7833cc7779aea0b14df027e31641f7a0b8e0de887ca,extrasensory-p2-fold3-seed47-v2_multiseed,0.35,0.3500023146004999,30243,0.4262763288702282,0.5512962549628339,0.7379240671337787,300112,p2_system_reliability,0.9923700094223022
V3-1,P2,3,47,natural_missingness,fb82651717076e658cf67e62ccd41ca247d29c994518945706edefcf0b635aa0,fddf27fbe61a255d005bf7833cc7779aea0b14df027e31641f7a0b8e0de887ca,extrasensory-p2-fold3-seed47-v2_multiseed,0.4,0.4000092584019998,34564,0.434463532724465,0.550122898553917,0.7356203603696274,341357,p2_system_reliability,0.991604208946228
V3-1,P2,3,47,natural_missingness,fb82651717076e658cf67e62ccd41ca247d29c994518945706edefcf0b635aa0,fddf27fbe61a255d005bf7833cc7779aea0b14df027e31641f7a0b8e0de887ca,extrasensory-p2-fold3-seed47-v2_multiseed,0.45,0.4500046292009999,38884,0.4397730081195528,0.5483184818972824,0.7329174214822203,382882,p2_system_reliability,0.99076247215271
V3-1,P2,3,47,natural_missingness,fb82651717076e658cf67e62ccd41ca247d29c994518945706edefcf0b635aa0,fddf27fbe61a255d005bf7833cc7779aea0b14df027e31641f7a0b8e0de887ca,extrasensory-p2-fold3-seed47-v2_multiseed,0.5,0.5,43204,0.4432327443049112,0.5484726103462573,0.7321100328668412,424047,p2_system_reliability,0.9898800253868104
V3-1,P2,3,47,natural_missingness,fb82651717076e658cf67e62ccd41ca247d29c994518945706edefcf0b635aa0,fddf27fbe61a255d005bf7833cc7779aea0b14df027e31641f7a0b8e0de887ca,extrasensory-p2-fold3-seed47-v2_multiseed,0.55,0.5500069438014998,47525,0.4470938410553968,0.5457177236498717,0.7300593028783999,465017,p2_system_reliability,0.9889523983001708
V3-1,P2,3,47,natural_missingness,fb82651717076e658cf67e62ccd41ca247d29c994518945706edefcf0b635aa0,fddf27fbe61a255d005bf7833cc7779aea0b14df027e31641f7a0b8e0de887ca,extrasensory-p2-fold3-seed47-v2_multiseed,0.6,0.6000023146004999,51845,0.4516674284064963,0.5458748834953534,0.727602135792917,505742,p2_system_reliability,0.9878451228141784
V3-1,P2,3,47,natural_missingness,fb82651717076e658cf67e62ccd41ca247d29c994518945706edefcf0b635aa0,fddf27fbe61a255d005bf7833cc7779aea0b14df027e31641f7a0b8e0de887ca,extrasensory-p2-fold3-seed47-v2_multiseed,0.65,0.6500092584019999,56166,0.4580168643679371,0.5460998800956739,0.723734800190464,545182,p2_system_reliability,0.9865621328353882
V3-1,P2,3,47,natural_missingness,fb82651717076e658cf67e62ccd41ca247d29c994518945706edefcf0b635aa0,fddf27fbe61a255d005bf7833cc7779aea0b14df027e31641f7a0b8e0de887ca,extrasensory-p2-fold3-seed47-v2_multiseed,0.7,0.7000046292009999,60486,0.465543444130215,0.5440886574231606,0.7189228307561564,584064,p2_system_reliability,0.984969198703766
V3-1,P2,3,47,natural_missingness,fb82651717076e658cf67e62ccd41ca247d29c994518945706edefcf0b635aa0,fddf27fbe61a255d005bf7833cc7779aea0b14df027e31641f7a0b8e0de887ca,extrasensory-p2-fold3-seed47-v2_multiseed,0.75,0.75,64806,0.4693886935384291,0.5432436872655475,0.7153892745655314,625292,p2_system_reliability,0.9829109907150269
V3-1,P2,3,47,natural_missingness,fb82651717076e658cf67e62ccd41ca247d29c994518945706edefcf0b635aa0,fddf27fbe61a255d005bf7833cc7779aea0b14df027e31641f7a0b8e0de887ca,extrasensory-p2-fold3-seed47-v2_multiseed,0.8,0.8000069438014998,69127,0.4693345970675315,0.5434336853317615,0.7146824231392174,669180,p2_system_reliability,0.9802091121673584
V3-1,P2,3,47,natural_missingness,fb82651717076e658cf67e62ccd41ca247d29c994518945706edefcf0b635aa0,fddf27fbe61a255d005bf7833cc7779aea0b14df027e31641f7a0b8e0de887ca,extrasensory-p2-fold3-seed47-v2_multiseed,0.85,0.8500023146004999,73447,0.4675080184167964,0.5446901913851829,0.7178594038261418,715931,p2_system_reliability,0.977397918701172
V3-1,P2,3,47,natural_missingness,fb82651717076e658cf67e62ccd41ca247d29c994518945706edefcf0b635aa0,fddf27fbe61a255d005bf7833cc7779aea0b14df027e31641f7a0b8e0de887ca,extrasensory-p2-fold3-seed47-v2_multiseed,0.9,0.9000092584019999,77768,0.4651769094218302,0.5461760561823262,0.7214361999694858,764490,p2_system_reliability,0.9738093614578248
V3-1,P2,3,47,natural_missingness,fb82651717076e658cf67e62ccd41ca247d29c994518945706edefcf0b635aa0,fddf27fbe61a255d005bf7833cc7779aea0b14df027e31641f7a0b8e0de887ca,extrasensory-p2-fold3-seed47-v2_multiseed,0.95,0.950004629201,82088,0.46328084016617,0.5472878395964141,0.7222874392084522,812547,p2_system_reliability,0.9660580158233644
V3-1,P2,3,47,natural_missingness,fb82651717076e658cf67e62ccd41ca247d29c994518945706edefcf0b635aa0,fddf27fbe61a255d005bf7833cc7779aea0b14df027e31641f7a0b8e0de887ca,extrasensory-p2-fold3-seed47-v2_multiseed,1.0,1.0,86408,0.4612080525665025,0.5465091951413192,0.7210616321225802,856815,p2_system_reliability,0.8412141799926758
V3-1,B4,4,13,natural_missingness,fb82651717076e658cf67e62ccd41ca247d29c994518945706edefcf0b635aa0,bebbee8e71ac62ea2c3991b0c88624924c3d2366532650959e2076029a37750a,extrasensory-gated-fold4-seed13-credible,0.05,0.0500098019996079,2551,0.6702593584896728,0.532150762121958,0.8427434080782996,23800,mean_binary_certainty,0.9532689891309636
V3-1,B4,4,13,natural_missingness,fb82651717076e658cf67e62ccd41ca247d29c994518945706edefcf0b635aa0,bebbee8e71ac62ea2c3991b0c88624924c3d2366532650959e2076029a37750a,extrasensory-gated-fold4-seed13-credible,0.1,0.1,5101,0.4689667396155158,0.4798129066694852,0.8726265558781326,52441,mean_binary_certainty,0.9135257102048238
V3-1,B4,4,13,natural_missingness,fb82651717076e658cf67e62ccd41ca247d29c994518945706edefcf0b635aa0,bebbee8e71ac62ea2c3991b0c88624924c3d2366532650959e2076029a37750a,extrasensory-gated-fold4-seed13-credible,0.15,0.1500098019996079,7652,0.4386925300170511,0.6119073723612165,0.8761779242174629,79610,mean_binary_certainty,0.8541756759160773
V3-1,B4,4,13,natural_missingness,fb82651717076e658cf67e62ccd41ca247d29c994518945706edefcf0b635aa0,bebbee8e71ac62ea2c3991b0c88624924c3d2366532650959e2076029a37750a,extrasensory-gated-fold4-seed13-credible,0.2,0.2,10202,0.4286351478287146,0.6740742021477183,0.8612336273723603,105822,mean_binary_certainty,0.7890178659807615
V3-1,B4,4,13,natural_missingness,fb82651717076e658cf67e62ccd41ca247d29c994518945706edefcf0b635aa0,bebbee8e71ac62ea2c3991b0c88624924c3d2366532650959e2076029a37750a,extrasensory-gated-fold4-seed13-credible,0.25,0.2500098019996079,12753,0.4177853009381126,0.6903940237168088,0.8445373703154775,132070,mean_binary_certainty,0.7399679052783179
V3-1,B4,4,13,natural_missingness,fb82651717076e658cf67e62ccd41ca247d29c994518945706edefcf0b635aa0,bebbee8e71ac62ea2c3991b0c88624924c3d2366532650959e2076029a37750a,extrasensory-gated-fold4-seed13-credible,0.3,0.3,15303,0.4318521733461035,0.6908124372354961,0.826943763654309,156660,mean_binary_certainty,0.7002801322392107
V3-1,B4,4,13,natural_missingness,fb82651717076e658cf67e62ccd41ca247d29c994518945706edefcf0b635aa0,bebbee8e71ac62ea2c3991b0c88624924c3d2366532650959e2076029a37750a,extrasensory-gated-fold4-seed13-credible,0.35,0.3500098019996079,17854,0.4295740674710065,0.7011093874360822,0.8135236606151857,181816,mean_binary_certainty,0.6539511588789184
V3-1,B4,4,13,natural_missingness,fb82651717076e658cf67e62ccd41ca247d29c994518945706edefcf0b635aa0,bebbee8e71ac62ea2c3991b0c88624924c3d2366532650959e2076029a37750a,extrasensory-gated-fold4-seed13-credible,0.4,0.4,20404,0.4269901042429191,0.7020649365919819,0.8001855462877857,206217,mean_binary_certainty,0.6161957314904896
V3-1,B4,4,13,natural_missingness,fb82651717076e658cf67e62ccd41ca247d29c994518945706edefcf0b635aa0,bebbee8e71ac62ea2c3991b0c88624924c3d2366532650959e2076029a37750a,extrasensory-gated-fold4-seed13-credible,0.45,0.4500098019996079,22955,0.4293252558262458,0.6940245059034275,0.7863509986601922,230864,mean_binary_certainty,0.5849990241837919
V3-1,B4,4,13,natural_missingness,fb82651717076e658cf67e62ccd41ca247d29c994518945706edefcf0b635aa0,bebbee8e71ac62ea2c3991b0c88624924c3d2366532650959e2076029a37750a,extrasensory-gated-fold4-seed13-credible,0.5,0.5,25505,0.4334857811056985,0.6868025217476147,0.7719157274463782,255728,mean_binary_certainty,0.5567328717956362
V3-1,B4,4,13,natural_missingness,fb82651717076e658cf67e62ccd41ca247d29c994518945706edefcf0b635aa0,bebbee8e71ac62ea2c3991b0c88624924c3d2366532650959e2076029a37750a,extrasensory-gated-fold4-seed13-credible,0.55,0.5500098019996079,28056,0.4368710862298279,0.6809720943677305,0.7599284529240978,280531,mean_binary_certainty,0.5328612714355722
V3-1,B4,4,13,natural_missingness,fb82651717076e658cf67e62ccd41ca247d29c994518945706edefcf0b635aa0,bebbee8e71ac62ea2c3991b0c88624924c3d2366532650959e2076029a37750a,extrasensory-gated-fold4-seed13-credible,0.6,0.6,30606,0.4407872806553587,0.6742386384480615,0.7494418064407412,304783,mean_binary_certainty,0.5074481969645129
V3-1,B4,4,13,natural_missingness,fb82651717076e658cf67e62ccd41ca247d29c994518945706edefcf0b635aa0,bebbee8e71ac62ea2c3991b0c88624924c3d2366532650959e2076029a37750a,extrasensory-gated-fold4-seed13-credible,0.65,0.6500098019996079,33157,0.4449281286989843,0.6672423314071901,0.7394948541638579,328762,mean_binary_certainty,0.4818208357779269
V3-1,B4,4,13,natural_missingness,fb82651717076e658cf67e62ccd41ca247d29c994518945706edefcf0b635aa0,bebbee8e71ac62ea2c3991b0c88624924c3d2366532650959e2076029a37750a,extrasensory-gated-fold4-seed13-credible,0.7,0.7,35707,0.4512723840768988,0.6580985476076224,0.7294287308287456,353090,mean_binary_certainty,0.4542332754008146
V3-1,B4,4,13,natural_missingness,fb82651717076e658cf67e62ccd41ca247d29c994518945706edefcf0b635aa0,bebbee8e71ac62ea2c3991b0c88624924c3d2366532650959e2076029a37750a,extrasensory-gated-fold4-seed13-credible,0.75,0.7500098019996079,38258,0.4574574980825852,0.6472533320575543,0.7197049838354078,377550,mean_binary_certainty,0.4260966839823623
V3-1,B4,4,13,natural_missingness,fb82651717076e658cf67e62ccd41ca247d29c994518945706edefcf0b635aa0,bebbee8e71ac62ea2c3991b0c88624924c3d2366532650959e2076029a37750a,extrasensory-gated-fold4-seed13-credible,0.8,0.8,40808,0.4635041970012129,0.6364481497372856,0.7106439801050579,402069,mean_binary_certainty,0.3954051942374139
V3-1,B4,4,13,natural_missingness,fb82651717076e658cf67e62ccd41ca247d29c994518945706edefcf0b635aa0,bebbee8e71ac62ea2c3991b0c88624924c3d2366532650959e2076029a37750a,extrasensory-gated-fold4-seed13-credible,0.85,0.850009801999608,43359,0.470077263047949,0.6265573509361854,0.7014044425706832,427074,mean_binary_certainty,0.3593435609105239
V3-1,B4,4,13,natural_missingness,fb82651717076e658cf67e62ccd41ca247d29c994518945706edefcf0b635aa0,bebbee8e71ac62ea2c3991b0c88624924c3d2366532650959e2076029a37750a,extrasensory-gated-fold4-seed13-credible,0.9,0.9,45909,0.476401491340757,0.6170308017042264,0.6925752469446187,452121,mean_binary_certainty,0.3163317290248586
V3-1,B4,4,13,natural_missingness,fb82651717076e658cf67e62ccd41ca247d29c994518945706edefcf0b635aa0,bebbee8e71ac62ea2c3991b0c88624924c3d2366532650959e2076029a37750a,extrasensory-gated-fold4-seed13-credible,0.95,0.950009801999608,48460,0.4824715140715891,0.6081719462616779,0.6847769648336087,477963,mean_binary_certainty,0.2622659641072293
V3-1,B4,4,13,natural_missingness,fb82651717076e658cf67e62ccd41ca247d29c994518945706edefcf0b635aa0,bebbee8e71ac62ea2c3991b0c88624924c3d2366532650959e2076029a37750a,extrasensory-gated-fold4-seed13-credible,1.0,1.0,51010,0.4884106277982717,0.5997155644492679,0.6785188708694424,504726,mean_binary_certainty,0.0536849529259334
V3-1,B4,4,13,natural_missingness,fb82651717076e658cf67e62ccd41ca247d29c994518945706edefcf0b635aa0,bebbee8e71ac62ea2c3991b0c88624924c3d2366532650959e2076029a37750a,extrasensory-gated-fold4-seed13-credible,0.05,0.0500098019996079,2551,0.6844380365436874,0.5108636891551271,0.843103448275862,24246,mean_normalized_threshold_margin,0.9846509481821986
V3-1,B4,4,13,natural_missingness,fb82651717076e658cf67e62ccd41ca247d29c994518945706edefcf0b635aa0,bebbee8e71ac62ea2c3991b0c88624924c3d2366532650959e2076029a37750a,extrasensory-gated-fold4-seed13-credible,0.1,0.1,5101,0.495114597793388,0.5757863294501742,0.8688783570300158,52790,mean_normalized_threshold_margin,0.9602323701234292
V3-1,B4,4,13,natural_missingness,fb82651717076e658cf67e62ccd41ca247d29c994518945706edefcf0b635aa0,bebbee8e71ac62ea2c3991b0c88624924c3d2366532650959e2076029a37750a,extrasensory-gated-fold4-seed13-credible,0.15,0.1500098019996079,7652,0.4383249811948247,0.5972336324998154,0.8753070301608727,79379,mean_normalized_threshold_margin,0.9307964370692472
V3-1,B4,4,13,natural_missingness,fb82651717076e658cf67e62ccd41ca247d29c994518945706edefcf0b635aa0,bebbee8e71ac62ea2c3991b0c88624924c3d2366532650959e2076029a37750a,extrasensory-gated-fold4-seed13-credible,0.2,0.2,10202,0.4343276297424777,0.6368111793976096,0.8570853124318155,105573,mean_normalized_threshold_margin,0.9003738666354976
V3-1,B4,4,13,natural_missingness,fb82651717076e658cf67e62ccd41ca247d29c994518945706edefcf0b635aa0,bebbee8e71ac62ea2c3991b0c88624924c3d2366532650959e2076029a37750a,extrasensory-gated-fold4-seed13-credible,0.25,0.2500098019996079,12753,0.4212447112558217,0.6721006717561984,0.8446929189284312,130732,mean_normalized_threshold_margin,0.8681267154631886
V3-1,B4,4,13,natural_missingness,fb82651717076e658cf67e62ccd41ca247d29c994518945706edefcf0b635aa0,bebbee8e71ac62ea2c3991b0c88624924c3d2366532650959e2076029a37750a,extrasensory-gated-fold4-seed13-credible,0.3,0.3,15303,0.4283086209853636,0.6935748789877398,0.8293575920934412,156298,mean_normalized_threshold_margin,0.8413953239499354
V3-1,B4,4,13,natural_missingness,fb82651717076e658cf67e62ccd41ca247d29c994518945706edefcf0b635aa0,bebbee8e71ac62ea2c3991b0c88624924c3d2366532650959e2076029a37750a,extrasensory-gated-fold4-seed13-credible,0.35,0.3500098019996079,17854,0.4303364156765572,0.7017024938749442,0.8139892019278132,181684,mean_normalized_threshold_margin,0.8130986395772429
V3-1,B4,4,13,natural_missingness,fb82651717076e658cf67e62ccd41ca247d29c994518945706edefcf0b635aa0,bebbee8e71ac62ea2c3991b0c88624924c3d2366532650959e2076029a37750a,extrasensory-gated-fold4-seed13-credible,0.4,0.4,20404,0.4325568850419137,0.7075435924539272,0.7995750040700215,206690,mean_normalized_threshold_margin,0.787405600853215
V3-1,B4,4,13,natural_missingness,fb82651717076e658cf67e62ccd41ca247d29c994518945706edefcf0b635aa0,bebbee8e71ac62ea2c3991b0c88624924c3d2366532650959e2076029a37750a,extrasensory-gated-fold4-seed13-credible,0.45,0.4500098019996079,22955,0.435742937041138,0.7079165906171611,0.7853862984991833,232008,mean_normalized_threshold_margin,0.7643731582687953
V3-1,B4,4,13,natural_missingness,fb82651717076e658cf67e62ccd41ca247d29c994518945706edefcf0b635aa0,bebbee8e71ac62ea2c3991b0c88624924c3d2366532650959e2076029a37750a,extrasensory-gated-fold4-seed13-credible,0.5,0.5,25505,0.439560793041672,0.7026312770451386,0.7725773354717166,257320,mean_normalized_threshold_margin,0.7435684839987338
V3-1,B4,4,13,natural_missingness,fb82651717076e658cf67e62ccd41ca247d29c994518945706edefcf0b635aa0,bebbee8e71ac62ea2c3991b0c88624924c3d2366532650959e2076029a37750a,extrasensory-gated-fold4-seed13-credible,0.55,0.5500098019996079,28056,0.4439211525957649,0.6968734269659403,0.7604832704208715,282672,mean_normalized_threshold_margin,0.72311757370278
V3-1,B4,4,13,natural_missingness,fb82651717076e658cf67e62ccd41ca247d29c994518945706edefcf0b635aa0,bebbee8e71ac62ea2c3991b0c88624924c3d2366532650959e2076029a37750a,extrasensory-gated-fold4-seed13-credible,0.6,0.6,30606,0.4489728110542892,0.687946233807356,0.7487752511773009,307749,mean_normalized_threshold_margin,0.7030011558644527
V3-1,B4,4,13,natural_missingness,fb82651717076e658cf67e62ccd41ca247d29c994518945706edefcf0b635aa0,bebbee8e71ac62ea2c3991b0c88624924c3d2366532650959e2076029a37750a,extrasensory-gated-fold4-seed13-credible,0.65,0.6500098019996079,33157,0.4533524392831038,0.6792222319567471,0.7392673628377259,332347,mean_normalized_threshold_margin,0.6825268565398414
V3-1,B4,4,13,natural_missingness,fb82651717076e658cf67e62ccd41ca247d29c994518945706edefcf0b635aa0,bebbee8e71ac62ea2c3991b0c88624924c3d2366532650959e2076029a37750a,extrasensory-gated-fold4-seed13-credible,0.7,0.7,35707,0.4579939621081764,0.6693311068692319,0.7297153236698976,356677,mean_normalized_threshold_margin,0.6614661028769174
V3-1,B4,4,13,natural_missingness,fb82651717076e658cf67e62ccd41ca247d29c994518945706edefcf0b635aa0,bebbee8e71ac62ea2c3991b0c88624924c3d2366532650959e2076029a37750a,extrasensory-gated-fold4-seed13-credible,0.75,0.7500098019996079,38258,0.4610488746307377,0.6581053113892471,0.7212246788387002,380371,mean_normalized_threshold_margin,0.6393106612464458
V3-1,B4,4,13,natural_missingness,fb82651717076e658cf67e62ccd41ca247d29c994518945706edefcf0b635aa0,bebbee8e71ac62ea2c3991b0c88624924c3d2366532650959e2076029a37750a,extrasensory-gated-fold4-seed13-credible,0.8,0.8,40808,0.4647879452941003,0.6487490623323425,0.7127760085170317,403955,mean_normalized_threshold_margin,0.6141444214543182
V3-1,B4,4,13,natural_missingness,fb82651717076e658cf67e62ccd41ca247d29c994518945706edefcf0b635aa0,bebbee8e71ac62ea2c3991b0c88624924c3d2366532650959e2076029a37750a,extrasensory-gated-fold4-seed13-credible,0.85,0.850009801999608,43359,0.4688534041564342,0.6373128591365987,0.7047035175002944,428518,mean_normalized_threshold_margin,0.5841938875953868
V3-1,B4,4,13,natural_missingness,fb82651717076e658cf67e62ccd41ca247d29c994518945706edefcf0b635aa0,bebbee8e71ac62ea2c3991b0c88624924c3d2366532650959e2076029a37750a,extrasensory-gated-fold4-seed13-credible,0.9,0.9,45909,0.4741881855015816,0.626491015785277,0.6967462721149231,452938,mean_normalized_threshold_margin,0.5491823037079298
V3-1,B4,4,13,natural_missingness,fb82651717076e658cf67e62ccd41ca247d29c994518945706edefcf0b635aa0,bebbee8e71ac62ea2c3991b0c88624924c3d2366532650959e2076029a37750a,extrasensory-gated-fold4-seed13-credible,0.95,0.950009801999608,48460,0.4805744947082098,0.6141327456954454,0.6880921623521189,478083,mean_normalized_threshold_margin,0.4979355895081465
V3-1,B4,4,13,natural_missingness,fb82651717076e658cf67e62ccd41ca247d29c994518945706edefcf0b635aa0,bebbee8e71ac62ea2c3991b0c88624924c3d2366532650959e2076029a37750a,extrasensory-gated-fold4-seed13-credible,1.0,1.0,51010,0.4884106277982717,0.5997155644492679,0.6785188708694424,504726,mean_normalized_threshold_margin,0.2594751030656309
V3-1,B5,4,13,natural_missingness,fb82651717076e658cf67e62ccd41ca247d29c994518945706edefcf0b635aa0,7ede1eaabab84449191cf6b1033902872d1eff5cd9363449baa2b349f6b2a576,extrasensory-robust-gated-fold4-seed13-credible,0.05,0.0500098019996079,2551,0.3656591670213235,0.4659916208189075,0.8717847249703206,25845,mean_binary_certainty,0.9204894962304754
V3-1,B5,4,13,natural_missingness,fb82651717076e658cf67e62ccd41ca247d29c994518945706edefcf0b635aa0,7ede1eaabab84449191cf6b1033902872d1eff5cd9363449baa2b349f6b2a576,extrasensory-robust-gated-fold4-seed13-credible,0.1,0.1,5101,0.320762138924605,0.5896548767261692,0.8769200981024913,53840,mean_binary_certainty,0.8609573119441403
V3-1,B5,4,13,natural_missingness,fb82651717076e658cf67e62ccd41ca247d29c994518945706edefcf0b635aa0,7ede1eaabab84449191cf6b1033902872d1eff5cd9363449baa2b349f6b2a576,extrasensory-robust-gated-fold4-seed13-credible,0.15,0.1500098019996079,7652,0.3456223412747801,0.68001957577436,0.8565677780694846,79441,mean_binary_certainty,0.7836240178123839
V3-1,B5,4,13,natural_missingness,fb82651717076e658cf67e62ccd41ca247d29c994518945706edefcf0b635aa0,7ede1eaabab84449191cf6b1033902872d1eff5cd9363449baa2b349f6b2a576,extrasensory-robust-gated-fold4-seed13-credible,0.2,0.2,10202,0.3497994367721282,0.6916613880777763,0.839068118683641,104339,mean_binary_certainty,0.7083315269558976
V3-1,B5,4,13,natural_missingness,fb82651717076e658cf67e62ccd41ca247d29c994518945706edefcf0b635aa0,7ede1eaabab84449191cf6b1033902872d1eff5cd9363449baa2b349f6b2a576,extrasensory-robust-gated-fold4-seed13-credible,0.25,0.2500098019996079,12753,0.3489668471273017,0.6999876303921407,0.8195494902992436,130515,mean_binary_certainty,0.6599061732205929
V3-1,B5,4,13,natural_missingness,fb82651717076e658cf67e62ccd41ca247d29c994518945706edefcf0b635aa0,7ede1eaabab84449191cf6b1033902872d1eff5cd9363449baa2b349f6b2a576,extrasensory-robust-gated-fold4-seed13-credible,0.3,0.3,15303,0.3536611708135687,0.6996249369018251,0.7995519180650176,156709,mean_binary_certainty,0.6209609941515593
V3-1,B5,4,13,natural_missingness,fb82651717076e658cf67e62ccd41ca247d29c994518945706edefcf0b635aa0,7ede1eaabab84449191cf6b1033902872d1eff5cd9363449baa2b349f6b2a576,extrasensory-robust-gated-fold4-seed13-credible,0.35,0.3500098019996079,17854,0.3651540785721038,0.694664715044958,0.7816207480982224,181965,mean_binary_certainty,0.5897773788640042
V3-1,B5,4,13,natural_missingness,fb82651717076e658cf67e62ccd41ca247d29c994518945706edefcf0b635aa0,7ede1eaabab84449191cf6b1033902872d1eff5cd9363449baa2b349f6b2a576,extrasensory-robust-gated-fold4-seed13-credible,0.4,0.4,20404,0.3807326098545233,0.6878832651285983,0.76966940703166,206109,mean_binary_certainty,0.5586690300201773
V3-1,B5,4,13,natural_missingness,fb82651717076e658cf67e62ccd41ca247d29c994518945706edefcf0b635aa0,7ede1eaabab84449191cf6b1033902872d1eff5cd9363449baa2b349f6b2a576,extrasensory-robust-gated-fold4-seed13-credible,0.45,0.4500098019996079,22955,0.3940866790320037,0.6779262192851199,0.7579201858771076,230833,mean_binary_certainty,0.5299024928244815
V3-1,B5,4,13,natural_missingness,fb82651717076e658cf67e62ccd41ca247d29c994518945706edefcf0b635aa0,7ede1eaabab84449191cf6b1033902872d1eff5cd9363449baa2b349f6b2a576,extrasensory-robust-gated-fold4-seed13-credible,0.5,0.5,25505,0.4002432411997125,0.6702083734567785,0.7485413527391146,255231,mean_binary_certainty,0.5031641663003641
V3-1,B5,4,13,natural_missingness,fb82651717076e658cf67e62ccd41ca247d29c994518945706edefcf0b635aa0,7ede1eaabab84449191cf6b1033902872d1eff5cd9363449baa2b349f6b2a576,extrasensory-robust-gated-fold4-seed13-credible,0.55,0.5500098019996079,28056,0.4063279384846505,0.6646793045020286,0.7403177853472208,279236,mean_binary_certainty,0.4786346604630211
V3-1,B5,4,13,natural_missingness,fb82651717076e658cf67e62ccd41ca247d29c994518945706edefcf0b635aa0,7ede1eaabab84449191cf6b1033902872d1eff5cd9363449baa2b349f6b2a576,extrasensory-robust-gated-fold4-seed13-credible,0.6,0.6,30606,0.4122190714265367,0.6578666466545509,0.7315429313935625,303524,mean_binary_certainty,0.4538575689816575
V3-1,B5,4,13,natural_missingness,fb82651717076e658cf67e62ccd41ca247d29c994518945706edefcf0b635aa0,7ede1eaabab84449191cf6b1033902872d1eff5cd9363449baa2b349f6b2a576,extrasensory-robust-gated-fold4-seed13-credible,0.65,0.6500098019996079,33157,0.4191948182036448,0.649810552757275,0.7225674630723989,328246,mean_binary_certainty,0.4282502176393926
V3-1,B5,4,13,natural_missingness,fb82651717076e658cf67e62ccd41ca247d29c994518945706edefcf0b635aa0,7ede1eaabab84449191cf6b1033902872d1eff5cd9363449baa2b349f6b2a576,extrasensory-robust-gated-fold4-seed13-credible,0.7,0.7,35707,0.4252886402917526,0.6439450773014355,0.7144842160877031,352237,mean_binary_certainty,0.4016763885693512
V3-1,B5,4,13,natural_missingness,fb82651717076e658cf67e62ccd41ca247d29c994518945706edefcf0b635aa0,7ede1eaabab84449191cf6b1033902872d1eff5cd9363449baa2b349f6b2a576,extrasensory-robust-gated-fold4-seed13-credible,0.75,0.7500098019996079,38258,0.4319473408719522,0.6360117913409044,0.7065005819568609,376803,mean_binary_certainty,0.3750566327677777
V3-1,B5,4,13,natural_missingness,fb82651717076e658cf67e62ccd41ca247d29c994518945706edefcf0b635aa0,7ede1eaabab84449191cf6b1033902872d1eff5cd9363449baa2b349f6b2a576,extrasensory-robust-gated-fold4-seed13-credible,0.8,0.8,40808,0.4388127526003488,0.6278567685734658,0.6984093023255814,401788,mean_binary_certainty,0.3459588491354556
V3-1,B5,4,13,natural_missingness,fb82651717076e658cf67e62ccd41ca247d29c994518945706edefcf0b635aa0,7ede1eaabab84449191cf6b1033902872d1eff5cd9363449baa2b349f6b2a576,extrasensory-robust-gated-fold4-seed13-credible,0.85,0.850009801999608,43359,0.4447299034147096,0.6203977649051103,0.6912860410693665,426200,mean_binary_certainty,0.3139035194758552
V3-1,B5,4,13,natural_missingness,fb82651717076e658cf67e62ccd41ca247d29c994518945706edefcf0b635aa0,7ede1eaabab84449191cf6b1033902872d1eff5cd9363449baa2b349f6b2a576,extrasensory-robust-gated-fold4-seed13-credible,0.9,0.9,45909,0.4509146567424091,0.610979003110284,0.6833944482237967,451578,mean_binary_certainty,0.2747149608194722
V3-1,B5,4,13,natural_missingness,fb82651717076e658cf67e62ccd41ca247d29c994518945706edefcf0b635aa0,7ede1eaabab84449191cf6b1033902872d1eff5cd9363449baa2b349f6b2a576,extrasensory-robust-gated-fold4-seed13-credible,0.95,0.950009801999608,48460,0.458267334233155,0.6014466150623899,0.6750951337751355,477826,mean_binary_certainty,0.2247261965802178
V3-1,B5,4,13,natural_missingness,fb82651717076e658cf67e62ccd41ca247d29c994518945706edefcf0b635aa0,7ede1eaabab84449191cf6b1033902872d1eff5cd9363449baa2b349f6b2a576,extrasensory-robust-gated-fold4-seed13-credible,1.0,1.0,51010,0.4665671660902049,0.5925096590266797,0.6664079048052077,504726,mean_binary_certainty,0.058506307291236
V3-1,B5,4,13,natural_missingness,fb82651717076e658cf67e62ccd41ca247d29c994518945706edefcf0b635aa0,7ede1eaabab84449191cf6b1033902872d1eff5cd9363449baa2b349f6b2a576,extrasensory-robust-gated-fold4-seed13-credible,0.05,0.0500098019996079,2551,0.3969631810059393,0.5025224537034962,0.860966735966736,25513,mean_normalized_threshold_margin,0.969495158370586
V3-1,B5,4,13,natural_missingness,fb82651717076e658cf67e62ccd41ca247d29c994518945706edefcf0b635aa0,7ede1eaabab84449191cf6b1033902872d1eff5cd9363449baa2b349f6b2a576,extrasensory-robust-gated-fold4-seed13-credible,0.1,0.1,5101,0.3344126052113019,0.6078069215407896,0.8721564019713437,52737,mean_normalized_threshold_margin,0.9381476699134332
V3-1,B5,4,13,natural_missingness,fb82651717076e658cf67e62ccd41ca247d29c994518945706edefcf0b635aa0,7ede1eaabab84449191cf6b1033902872d1eff5cd9363449baa2b349f6b2a576,extrasensory-robust-gated-fold4-seed13-credible,0.15,0.1500098019996079,7652,0.3422720296499533,0.6666852619869139,0.8616251182644282,78802,mean_normalized_threshold_margin,0.9044062038720756
V3-1,B5,4,13,natural_missingness,fb82651717076e658cf67e62ccd41ca247d29c994518945706edefcf0b635aa0,7ede1eaabab84449191cf6b1033902872d1eff5cd9363449baa2b349f6b2a576,extrasensory-robust-gated-fold4-seed13-credible,0.2,0.2,10202,0.3511714140662479,0.6582655542564265,0.8431213972296309,103519,mean_normalized_threshold_margin,0.8589472220138518
V3-1,B5,4,13,natural_missingness,fb82651717076e658cf67e62ccd41ca247d29c994518945706edefcf0b635aa0,7ede1eaabab84449191cf6b1033902872d1eff5cd9363449baa2b349f6b2a576,extrasensory-robust-gated-fold4-seed13-credible,0.25,0.2500098019996079,12753,0.3513407912445793,0.710138410235213,0.8239452298786597,129079,mean_normalized_threshold_margin,0.819453046180721
V3-1,B5,4,13,natural_missingness,fb82651717076e658cf67e62ccd41ca247d29c994518945706edefcf0b635aa0,7ede1eaabab84449191cf6b1033902872d1eff5cd9363449baa2b349f6b2a576,extrasensory-robust-gated-fold4-seed13-credible,0.3,0.3,15303,0.3591379042041715,0.7126669068934374,0.8027818144073074,155421,mean_normalized_threshold_margin,0.7934879891790078
V3-1,B5,4,13,natural_missingness,fb82651717076e658cf67e62ccd41ca247d29c994518945706edefcf0b635aa0,7ede1eaabab84449191cf6b1033902872d1eff5cd9363449baa2b349f6b2a576,extrasensory-robust-gated-fold4-seed13-credible,0.35,0.3500098019996079,17854,0.3730935108978445,0.7094487486163366,0.7850297748156327,181360,mean_normalized_threshold_margin,0.7719112105083269
V3-1,B5,4,13,natural_missingness,fb82651717076e658cf67e62ccd41ca247d29c994518945706edefcf0b635aa0,7ede1eaabab84449191cf6b1033902872d1eff5cd9363449baa2b349f6b2a576,extrasensory-robust-gated-fold4-seed13-credible,0.4,0.4,20404,0.3883253721866966,0.7050204966116039,0.7719447359519865,206520,mean_normalized_threshold_margin,0.7501533305801746
V3-1,B5,4,13,natural_missingness,fb82651717076e658cf67e62ccd41ca247d29c994518945706edefcf0b635aa0,7ede1eaabab84449191cf6b1033902872d1eff5cd9363449baa2b349f6b2a576,extrasensory-robust-gated-fold4-seed13-credible,0.45,0.4500098019996079,22955,0.3954294189358527,0.7016231859115699,0.7621175101803374,231756,mean_normalized_threshold_margin,0.7267415487674018
V3-1,B5,4,13,natural_missingness,fb82651717076e658cf67e62ccd41ca247d29c994518945706edefcf0b635aa0,7ede1eaabab84449191cf6b1033902872d1eff5cd9363449baa2b349f6b2a576,extrasensory-robust-gated-fold4-seed13-credible,0.5,0.5,25505,0.4008180425901834,0.6961232729989161,0.753056372307649,256844,mean_normalized_threshold_margin,0.7054003474486719
V3-1,B5,4,13,natural_missingness,fb82651717076e658cf67e62ccd41ca247d29c994518945706edefcf0b635aa0,7ede1eaabab84449191cf6b1033902872d1eff5cd9363449baa2b349f6b2a576,extrasensory-robust-gated-fold4-seed13-credible,0.55,0.5500098019996079,28056,0.4081652271392813,0.6873601625047026,0.7436918138041734,282235,mean_normalized_threshold_margin,0.6856083801043236
V3-1,B5,4,13,natural_missingness,fb82651717076e658cf67e62ccd41ca247d29c994518945706edefcf0b635aa0,7ede1eaabab84449191cf6b1033902872d1eff5cd9363449baa2b349f6b2a576,extrasensory-robust-gated-fold4-seed13-credible,0.6,0.6,30606,0.4144721367673257,0.6798012957906303,0.7357839708863311,307169,mean_normalized_threshold_margin,0.6649524758098961
V3-1,B5,4,13,natural_missingness,fb82651717076e658cf67e62ccd41ca247d29c994518945706edefcf0b635aa0,7ede1eaabab84449191cf6b1033902872d1eff5cd9363449baa2b349f6b2a576,extrasensory-robust-gated-fold4-seed13-credible,0.65,0.6500098019996079,33157,0.420256408417405,0.672589751399065,0.7279689258678907,331676,mean_normalized_threshold_margin,0.6441373339127765
V3-1,B5,4,13,natural_missingness,fb82651717076e658cf67e62ccd41ca247d29c994518945706edefcf0b635aa0,7ede1eaabab84449191cf6b1033902872d1eff5cd9363449baa2b349f6b2a576,extrasensory-robust-gated-fold4-seed13-credible,0.7,0.7,35707,0.4254607652341213,0.6645737408480918,0.7203367045149015,356040,mean_normalized_threshold_margin,0.6228600984273316
V3-1,B5,4,13,natural_missingness,fb82651717076e658cf67e62ccd41ca247d29c994518945706edefcf0b635aa0,7ede1eaabab84449191cf6b1033902872d1eff5cd9363449baa2b349f6b2a576,extrasensory-robust-gated-fold4-seed13-credible,0.75,0.7500098019996079,38258,0.4312258599883172,0.6546659219386128,0.7124858485294617,380556,mean_normalized_threshold_margin,0.5995561236256042
V3-1,B5,4,13,natural_missingness,fb82651717076e658cf67e62ccd41ca247d29c994518945706edefcf0b635aa0,7ede1eaabab84449191cf6b1033902872d1eff5cd9363449baa2b349f6b2a576,extrasensory-robust-gated-fold4-seed13-credible,0.8,0.8,40808,0.4369762565430918,0.6434159597487477,0.7044326387550809,404507,mean_normalized_threshold_margin,0.5744600303409034
V3-1,B5,4,13,natural_missingness,fb82651717076e658cf67e62ccd41ca247d29c994518945706edefcf0b635aa0,7ede1eaabab84449191cf6b1033902872d1eff5cd9363449baa2b349f6b2a576,extrasensory-robust-gated-fold4-seed13-credible,0.85,0.850009801999608,43359,0.4425630939199591,0.6327791303312722,0.6963479349295273,428428,mean_normalized_threshold_margin,0.5443744411502889
V3-1,B5,4,13,natural_missingness,fb82651717076e658cf67e62ccd41ca247d29c994518945706edefcf0b635aa0,7ede1eaabab84449191cf6b1033902872d1eff5cd9363449baa2b349f6b2a576,extrasensory-robust-gated-fold4-seed13-credible,0.9,0.9,45909,0.4494501375198226,0.620537154174684,0.6874335758244836,452900,mean_normalized_threshold_margin,0.5087492527771403
V3-1,B5,4,13,natural_missingness,fb82651717076e658cf67e62ccd41ca247d29c994518945706edefcf0b635aa0,7ede1eaabab84449191cf6b1033902872d1eff5cd9363449baa2b349f6b2a576,extrasensory-robust-gated-fold4-seed13-credible,0.95,0.950009801999608,48460,0.4567475169860034,0.6065373523050739,0.6777066278860664,477837,mean_normalized_threshold_margin,0.4599395859873778
V3-1,B5,4,13,natural_missingness,fb82651717076e658cf67e62ccd41ca247d29c994518945706edefcf0b635aa0,7ede1eaabab84449191cf6b1033902872d1eff5cd9363449baa2b349f6b2a576,extrasensory-robust-gated-fold4-seed13-credible,1.0,1.0,51010,0.4665671660902047,0.5925096590266797,0.6664079048052077,504726,mean_normalized_threshold_margin,0.2432407299002964
V3-1,P,4,13,natural_missingness,fb82651717076e658cf67e62ccd41ca247d29c994518945706edefcf0b635aa0,1ddeb89c2e9bcb6daf8ebe513404fc5c95fffccd2399184403b149525ff535d8,extrasensory-quality-aware-fold4-seed13-credible,0.05,0.0500098019996079,2551,0.2622751327432569,0.3726147288988153,0.878139534883721,25870,mean_binary_certainty,0.9231753599130856
V3-1,P,4,13,natural_missingness,fb82651717076e658cf67e62ccd41ca247d29c994518945706edefcf0b635aa0,1ddeb89c2e9bcb6daf8ebe513404fc5c95fffccd2399184403b149525ff535d8,extrasensory-quality-aware-fold4-seed13-credible,0.1,0.1,5101,0.2422323087901122,0.3972971399751239,0.9028342614027404,54294,mean_binary_certainty,0.8566469247310798
V3-1,P,4,13,natural_missingness,fb82651717076e658cf67e62ccd41ca247d29c994518945706edefcf0b635aa0,1ddeb89c2e9bcb6daf8ebe513404fc5c95fffccd2399184403b149525ff535d8,extrasensory-quality-aware-fold4-seed13-credible,0.15,0.1500098019996079,7652,0.2645711776847512,0.5823978486153246,0.8954007938982065,81583,mean_binary_certainty,0.7293512875900157
V3-1,P,4,13,natural_missingness,fb82651717076e658cf67e62ccd41ca247d29c994518945706edefcf0b635aa0,1ddeb89c2e9bcb6daf8ebe513404fc5c95fffccd2399184403b149525ff535d8,extrasensory-quality-aware-fold4-seed13-credible,0.2,0.2,10202,0.2809275440281987,0.6645208485291924,0.882034528042023,107469,mean_binary_certainty,0.6610796082856744
V3-1,P,4,13,natural_missingness,fb82651717076e658cf67e62ccd41ca247d29c994518945706edefcf0b635aa0,1ddeb89c2e9bcb6daf8ebe513404fc5c95fffccd2399184403b149525ff535d8,extrasensory-quality-aware-fold4-seed13-credible,0.25,0.2500098019996079,12753,0.2853150626420198,0.684525508449997,0.8689734899240693,132691,mean_binary_certainty,0.6111628327064537
V3-1,P,4,13,natural_missingness,fb82651717076e658cf67e62ccd41ca247d29c994518945706edefcf0b635aa0,1ddeb89c2e9bcb6daf8ebe513404fc5c95fffccd2399184403b149525ff535d8,extrasensory-quality-aware-fold4-seed13-credible,0.3,0.3,15303,0.3010008748027277,0.6956176292788626,0.8486706203771573,158551,mean_binary_certainty,0.5687461833066841
V3-1,P,4,13,natural_missingness,fb82651717076e658cf67e62ccd41ca247d29c994518945706edefcf0b635aa0,1ddeb89c2e9bcb6daf8ebe513404fc5c95fffccd2399184403b149525ff535d8,extrasensory-quality-aware-fold4-seed13-credible,0.35,0.3500098019996079,17854,0.3209785293427543,0.6998125394933623,0.8325657291274416,183377,mean_binary_certainty,0.5325252857752685
V3-1,P,4,13,natural_missingness,fb82651717076e658cf67e62ccd41ca247d29c994518945706edefcf0b635aa0,1ddeb89c2e9bcb6daf8ebe513404fc5c95fffccd2399184403b149525ff535d8,extrasensory-quality-aware-fold4-seed13-credible,0.4,0.4,20404,0.3366299394335761,0.7004217334851961,0.8174644386369634,208517,mean_binary_certainty,0.4998651104612327
V3-1,P,4,13,natural_missingness,fb82651717076e658cf67e62ccd41ca247d29c994518945706edefcf0b635aa0,1ddeb89c2e9bcb6daf8ebe513404fc5c95fffccd2399184403b149525ff535d8,extrasensory-quality-aware-fold4-seed13-credible,0.45,0.4500098019996079,22955,0.3482548232525232,0.6982615230232283,0.8035089057553683,233770,mean_binary_certainty,0.4699176541596481
V3-1,P,4,13,natural_missingness,fb82651717076e658cf67e62ccd41ca247d29c994518945706edefcf0b635aa0,1ddeb89c2e9bcb6daf8ebe513404fc5c95fffccd2399184403b149525ff535d8,extrasensory-quality-aware-fold4-seed13-credible,0.5,0.5,25505,0.3606065567243433,0.6949694239683795,0.7899548454324418,258299,mean_binary_certainty,0.443003366775363
V3-1,P,4,13,natural_missingness,fb82651717076e658cf67e62ccd41ca247d29c994518945706edefcf0b635aa0,1ddeb89c2e9bcb6daf8ebe513404fc5c95fffccd2399184403b149525ff535d8,extrasensory-quality-aware-fold4-seed13-credible,0.55,0.5500098019996079,28056,0.371318902249361,0.6931047589145193,0.777782029207321,283238,mean_binary_certainty,0.4180111211972226
V3-1,P,4,13,natural_missingness,fb82651717076e658cf67e62ccd41ca247d29c994518945706edefcf0b635aa0,1ddeb89c2e9bcb6daf8ebe513404fc5c95fffccd2399184403b149525ff535d8,extrasensory-quality-aware-fold4-seed13-credible,0.6,0.6,30606,0.3811467367284789,0.6859795253873204,0.7663243236854856,307515,mean_binary_certainty,0.3940239007641152
V3-1,P,4,13,natural_missingness,fb82651717076e658cf67e62ccd41ca247d29c994518945706edefcf0b635aa0,1ddeb89c2e9bcb6daf8ebe513404fc5c95fffccd2399184403b149525ff535d8,extrasensory-quality-aware-fold4-seed13-credible,0.65,0.6500098019996079,33157,0.390221268262182,0.676576165565312,0.7554996857322439,331326,mean_binary_certainty,0.3712784924678518
V3-1,P,4,13,natural_missingness,fb82651717076e658cf67e62ccd41ca247d29c994518945706edefcf0b635aa0,1ddeb89c2e9bcb6daf8ebe513404fc5c95fffccd2399184403b149525ff535d8,extrasensory-quality-aware-fold4-seed13-credible,0.7,0.7,35707,0.4002076603206144,0.6656331386608705,0.7436621171856859,355446,mean_binary_certainty,0.3468490201883194
V3-1,P,4,13,natural_missingness,fb82651717076e658cf67e62ccd41ca247d29c994518945706edefcf0b635aa0,1ddeb89c2e9bcb6daf8ebe513404fc5c95fffccd2399184403b149525ff535d8,extrasensory-quality-aware-fold4-seed13-credible,0.75,0.7500098019996079,38258,0.4091268683912946,0.6566570560890205,0.7338470715466947,379353,mean_binary_certainty,0.3221064244447064
V3-1,P,4,13,natural_missingness,fb82651717076e658cf67e62ccd41ca247d29c994518945706edefcf0b635aa0,1ddeb89c2e9bcb6daf8ebe513404fc5c95fffccd2399184403b149525ff535d8,extrasensory-quality-aware-fold4-seed13-credible,0.8,0.8,40808,0.4182527617586733,0.6460295745842113,0.7241396643194312,403486,mean_binary_certainty,0.2965186149356825
V3-1,P,4,13,natural_missingness,fb82651717076e658cf67e62ccd41ca247d29c994518945706edefcf0b635aa0,1ddeb89c2e9bcb6daf8ebe513404fc5c95fffccd2399184403b149525ff535d8,extrasensory-quality-aware-fold4-seed13-credible,0.85,0.850009801999608,43359,0.4277305582846012,0.635612478971213,0.7142850980679725,427938,mean_binary_certainty,0.2673796961780437
V3-1,P,4,13,natural_missingness,fb82651717076e658cf67e62ccd41ca247d29c994518945706edefcf0b635aa0,1ddeb89c2e9bcb6daf8ebe513404fc5c95fffccd2399184403b149525ff535d8,extrasensory-quality-aware-fold4-seed13-credible,0.9,0.9,45909,0.4377577709291943,0.6250368092850326,0.7043732016407159,452886,mean_binary_certainty,0.2335106772913632
V3-1,P,4,13,natural_missingness,fb82651717076e658cf67e62ccd41ca247d29c994518945706edefcf0b635aa0,1ddeb89c2e9bcb6daf8ebe513404fc5c95fffccd2399184403b149525ff535d8,extrasensory-quality-aware-fold4-seed13-credible,0.95,0.950009801999608,48460,0.4480096700831323,0.6137329463039843,0.6944893710871903,478311,mean_binary_certainty,0.1902988951323669
V3-1,P,4,13,natural_missingness,fb82651717076e658cf67e62ccd41ca247d29c994518945706edefcf0b635aa0,1ddeb89c2e9bcb6daf8ebe513404fc5c95fffccd2399184403b149525ff535d8,extrasensory-quality-aware-fold4-seed13-credible,1.0,1.0,51010,0.4581310172517762,0.600583953421531,0.6843476253805656,504726,mean_binary_certainty,0.0534817258790395
V3-1,P,4,13,natural_missingness,fb82651717076e658cf67e62ccd41ca247d29c994518945706edefcf0b635aa0,1ddeb89c2e9bcb6daf8ebe513404fc5c95fffccd2399184403b149525ff535d8,extrasensory-quality-aware-fold4-seed13-credible,0.05,0.0500098019996079,2551,0.2746569095249577,0.3714408854142019,0.8755640639956243,25284,mean_normalized_threshold_margin,0.9731547257846556
V3-1,P,4,13,natural_missingness,fb82651717076e658cf67e62ccd41ca247d29c994518945706edefcf0b635aa0,1ddeb89c2e9bcb6daf8ebe513404fc5c95fffccd2399184403b149525ff535d8,extrasensory-quality-aware-fold4-seed13-credible,0.1,0.1,5101,0.2449127142680374,0.3569076847620858,0.901572949043986,53939,mean_normalized_threshold_margin,0.9390316082716608
V3-1,P,4,13,natural_missingness,fb82651717076e658cf67e62ccd41ca247d29c994518945706edefcf0b635aa0,1ddeb89c2e9bcb6daf8ebe513404fc5c95fffccd2399184403b149525ff535d8,extrasensory-quality-aware-fold4-seed13-credible,0.15,0.1500098019996079,7652,0.2710840412139143,0.5264693545081964,0.8922797303294799,80607,mean_normalized_threshold_margin,0.8749763149417611
V3-1,P,4,13,natural_missingness,fb82651717076e658cf67e62ccd41ca247d29c994518945706edefcf0b635aa0,1ddeb89c2e9bcb6daf8ebe513404fc5c95fffccd2399184403b149525ff535d8,extrasensory-quality-aware-fold4-seed13-credible,0.2,0.2,10202,0.2913622398102687,0.6602011322648723,0.8785747616825546,104948,mean_normalized_threshold_margin,0.8280054834684202
V3-1,P,4,13,natural_missingness,fb82651717076e658cf67e62ccd41ca247d29c994518945706edefcf0b635aa0,1ddeb89c2e9bcb6daf8ebe513404fc5c95fffccd2399184403b149525ff535d8,extrasensory-quality-aware-fold4-seed13-credible,0.25,0.2500098019996079,12753,0.294810562919604,0.655339873986202,0.8677099298217311,130990,mean_normalized_threshold_margin,0.7892841695711476
V3-1,P,4,13,natural_missingness,fb82651717076e658cf67e62ccd41ca247d29c994518945706edefcf0b635aa0,1ddeb89c2e9bcb6daf8ebe513404fc5c95fffccd2399184403b149525ff535d8,extrasensory-quality-aware-fold4-seed13-credible,0.3,0.3,15303,0.3105199357839463,0.6872774404798196,0.8495467870741652,157044,mean_normalized_threshold_margin,0.7578886819962241
V3-1,P,4,13,natural_missingness,fb82651717076e658cf67e62ccd41ca247d29c994518945706edefcf0b635aa0,1ddeb89c2e9bcb6daf8ebe513404fc5c95fffccd2399184403b149525ff535d8,extrasensory-quality-aware-fold4-seed13-credible,0.35,0.3500098019996079,17854,0.3244808765031972,0.7022855988212655,0.832793191325672,182797,mean_normalized_threshold_margin,0.734149512908372
V3-1,P,4,13,natural_missingness,fb82651717076e658cf67e62ccd41ca247d29c994518945706edefcf0b635aa0,1ddeb89c2e9bcb6daf8ebe513404fc5c95fffccd2399184403b149525ff535d8,extrasensory-quality-aware-fold4-seed13-credible,0.4,0.4,20404,0.3404436661182073,0.7050310363146098,0.8167198790119308,208659,mean_normalized_threshold_margin,0.7118509265239636
V3-1,P,4,13,natural_missingness,fb82651717076e658cf67e62ccd41ca247d29c994518945706edefcf0b635aa0,1ddeb89c2e9bcb6daf8ebe513404fc5c95fffccd2399184403b149525ff535d8,extrasensory-quality-aware-fold4-seed13-credible,0.45,0.4500098019996079,22955,0.3534176829338358,0.705076144582612,0.8026722175046779,233898,mean_normalized_threshold_margin,0.6908375196795586
V3-1,P,4,13,natural_missingness,fb82651717076e658cf67e62ccd41ca247d29c994518945706edefcf0b635aa0,1ddeb89c2e9bcb6daf8ebe513404fc5c95fffccd2399184403b149525ff535d8,extrasensory-quality-aware-fold4-seed13-credible,0.5,0.5,25505,0.3638777294953867,0.7080030286120176,0.7911876216825494,258848,mean_normalized_threshold_margin,0.6691379198646158
V3-1,P,4,13,natural_missingness,fb82651717076e658cf67e62ccd41ca247d29c994518945706edefcf0b635aa0,1ddeb89c2e9bcb6daf8ebe513404fc5c95fffccd2399184403b149525ff535d8,extrasensory-quality-aware-fold4-seed13-credible,0.55,0.5500098019996079,28056,0.3745964396414136,0.7044228375394458,0.7795887930116118,284212,mean_normalized_threshold_margin,0.6487335484571456
V3-1,P,4,13,natural_missingness,fb82651717076e658cf67e62ccd41ca247d29c994518945706edefcf0b635aa0,1ddeb89c2e9bcb6daf8ebe513404fc5c95fffccd2399184403b149525ff535d8,extrasensory-quality-aware-fold4-seed13-credible,0.6,0.6,30606,0.3847797245022045,0.6998482098648999,0.769134522368261,309411,mean_normalized_threshold_margin,0.6290885138637553
V3-1,P,4,13,natural_missingness,fb82651717076e658cf67e62ccd41ca247d29c994518945706edefcf0b635aa0,1ddeb89c2e9bcb6daf8ebe513404fc5c95fffccd2399184403b149525ff535d8,extrasensory-quality-aware-fold4-seed13-credible,0.65,0.6500098019996079,33157,0.3939804953631717,0.6959792356605841,0.7590817437810677,334467,mean_normalized_threshold_margin,0.6074957738596005
V3-1,P,4,13,natural_missingness,fb82651717076e658cf67e62ccd41ca247d29c994518945706edefcf0b635aa0,1ddeb89c2e9bcb6daf8ebe513404fc5c95fffccd2399184403b149525ff535d8,extrasensory-quality-aware-fold4-seed13-credible,0.7,0.7,35707,0.4035872167686304,0.6876913659875555,0.7486452016192046,359443,mean_normalized_threshold_margin,0.584074704925463
V3-1,P,4,13,natural_missingness,fb82651717076e658cf67e62ccd41ca247d29c994518945706edefcf0b635aa0,1ddeb89c2e9bcb6daf8ebe513404fc5c95fffccd2399184403b149525ff535d8,extrasensory-quality-aware-fold4-seed13-credible,0.75,0.7500098019996079,38258,0.4125643822056156,0.6773924315756492,0.737504448715211,383737,mean_normalized_threshold_margin,0.5594904760575808
V3-1,P,4,13,natural_missingness,fb82651717076e658cf67e62ccd41ca247d29c994518945706edefcf0b635aa0,1ddeb89c2e9bcb6daf8ebe513404fc5c95fffccd2399184403b149525ff535d8,extrasensory-quality-aware-fold4-seed13-credible,0.8,0.8,40808,0.4205674801528241,0.6647700770278782,0.7267997699744816,407257,mean_normalized_threshold_margin,0.5334645079285507
V3-1,P,4,13,natural_missingness,fb82651717076e658cf67e62ccd41ca247d29c994518945706edefcf0b635aa0,1ddeb89c2e9bcb6daf8ebe513404fc5c95fffccd2399184403b149525ff535d8,extrasensory-quality-aware-fold4-seed13-credible,0.85,0.850009801999608,43359,0.4285179094614769,0.65377885101142,0.7174605883482305,430432,mean_normalized_threshold_margin,0.5062153334799686
V3-1,P,4,13,natural_missingness,fb82651717076e658cf67e62ccd41ca247d29c994518945706edefcf0b635aa0,1ddeb89c2e9bcb6daf8ebe513404fc5c95fffccd2399184403b149525ff535d8,extrasensory-quality-aware-fold4-seed13-credible,0.9,0.9,45909,0.4374448486462437,0.6397242103834075,0.7078885896895176,453922,mean_normalized_threshold_margin,0.4737678294882384
V3-1,P,4,13,natural_missingness,fb82651717076e658cf67e62ccd41ca247d29c994518945706edefcf0b635aa0,1ddeb89c2e9bcb6daf8ebe513404fc5c95fffccd2399184403b149525ff535d8,extrasensory-quality-aware-fold4-seed13-credible,0.95,0.950009801999608,48460,0.4470615347432495,0.6226942536625639,0.6972158444114299,478319,mean_normalized_threshold_margin,0.4311861521554369
V3-1,P,4,13,natural_missingness,fb82651717076e658cf67e62ccd41ca247d29c994518945706edefcf0b635aa0,1ddeb89c2e9bcb6daf8ebe513404fc5c95fffccd2399184403b149525ff535d8,extrasensory-quality-aware-fold4-seed13-credible,1.0,1.0,51010,0.4581310172517762,0.600583953421531,0.6843476253805656,504726,mean_normalized_threshold_margin,0.2276609201341
V3-1,P2,4,13,natural_missingness,fb82651717076e658cf67e62ccd41ca247d29c994518945706edefcf0b635aa0,0b49226144b5f16876e528192d37fc62d46964c786b06fe3b4858b92c5043a1f,extrasensory-p2-fold4-seed13-v2_seed13,0.05,0.0500098019996079,2551,0.2165413341424968,0.3879960112867785,0.894770819883796,26963,mean_binary_certainty,0.9088485885752654
V3-1,P2,4,13,natural_missingness,fb82651717076e658cf67e62ccd41ca247d29c994518945706edefcf0b635aa0,0b49226144b5f16876e528192d37fc62d46964c786b06fe3b4858b92c5043a1f,extrasensory-p2-fold4-seed13-v2_seed13,0.1,0.1,5101,0.212508539170605,0.4208944755972947,0.9040619075737328,54692,mean_binary_certainty,0.8385978508359827
V3-1,P2,4,13,natural_missingness,fb82651717076e658cf67e62ccd41ca247d29c994518945706edefcf0b635aa0,0b49226144b5f16876e528192d37fc62d46964c786b06fe3b4858b92c5043a1f,extrasensory-p2-fold4-seed13-v2_seed13,0.15,0.1500098019996079,7652,0.2473623492993405,0.542754716952983,0.8998991850793917,81073,mean_binary_certainty,0.7414627520332642
V3-1,P2,4,13,natural_missingness,fb82651717076e658cf67e62ccd41ca247d29c994518945706edefcf0b635aa0,0b49226144b5f16876e528192d37fc62d46964c786b06fe3b4858b92c5043a1f,extrasensory-p2-fold4-seed13-v2_seed13,0.2,0.2,10202,0.278525668045981,0.6512931547480391,0.8859514895002442,106371,mean_binary_certainty,0.6772155616323272
V3-1,P2,4,13,natural_missingness,fb82651717076e658cf67e62ccd41ca247d29c994518945706edefcf0b635aa0,0b49226144b5f16876e528192d37fc62d46964c786b06fe3b4858b92c5043a1f,extrasensory-p2-fold4-seed13-v2_seed13,0.25,0.2500098019996079,12753,0.2825559092802887,0.6802472339483607,0.8747886728655959,132009,mean_binary_certainty,0.6291341198896557
V3-1,P2,4,13,natural_missingness,fb82651717076e658cf67e62ccd41ca247d29c994518945706edefcf0b635aa0,0b49226144b5f16876e528192d37fc62d46964c786b06fe3b4858b92c5043a1f,extrasensory-p2-fold4-seed13-v2_seed13,0.3,0.3,15303,0.2909150664608274,0.6837685592729932,0.8582736524689031,158084,mean_binary_certainty,0.5903848559674076
V3-1,P2,4,13,natural_missingness,fb82651717076e658cf67e62ccd41ca247d29c994518945706edefcf0b635aa0,0b49226144b5f16876e528192d37fc62d46964c786b06fe3b4858b92c5043a1f,extrasensory-p2-fold4-seed13-v2_seed13,0.35,0.3500098019996079,17854,0.3017754769046652,0.6871955829490759,0.8435781144456238,183394,mean_binary_certainty,0.5530972598765707
V3-1,P2,4,13,natural_missingness,fb82651717076e658cf67e62ccd41ca247d29c994518945706edefcf0b635aa0,0b49226144b5f16876e528192d37fc62d46964c786b06fe3b4858b92c5043a1f,extrasensory-p2-fold4-seed13-v2_seed13,0.4,0.4,20404,0.3164940883281082,0.6890923138442963,0.8290092834472137,208684,mean_binary_certainty,0.5195807560525509
V3-1,P2,4,13,natural_missingness,fb82651717076e658cf67e62ccd41ca247d29c994518945706edefcf0b635aa0,0b49226144b5f16876e528192d37fc62d46964c786b06fe3b4858b92c5043a1f,extrasensory-p2-fold4-seed13-v2_seed13,0.45,0.4500098019996079,22955,0.3329996907348994,0.6858215839043191,0.8156270579046511,232927,mean_binary_certainty,0.4892353348360385
V3-1,P2,4,13,natural_missingness,fb82651717076e658cf67e62ccd41ca247d29c994518945706edefcf0b635aa0,0b49226144b5f16876e528192d37fc62d46964c786b06fe3b4858b92c5043a1f,extrasensory-p2-fold4-seed13-v2_seed13,0.5,0.5,25505,0.3453480439471208,0.6874592573536806,0.8037108555117118,256406,mean_binary_certainty,0.4632159012659024
V3-1,P2,4,13,natural_missingness,fb82651717076e658cf67e62ccd41ca247d29c994518945706edefcf0b635aa0,0b49226144b5f16876e528192d37fc62d46964c786b06fe3b4858b92c5043a1f,extrasensory-p2-fold4-seed13-v2_seed13,0.55,0.5500098019996079,28056,0.356852995122362,0.684904213055044,0.7914223746790148,281057,mean_binary_certainty,0.4387477143485238
V3-1,P2,4,13,natural_missingness,fb82651717076e658cf67e62ccd41ca247d29c994518945706edefcf0b635aa0,0b49226144b5f16876e528192d37fc62d46964c786b06fe3b4858b92c5043a1f,extrasensory-p2-fold4-seed13-v2_seed13,0.6,0.6,30606,0.3687126906583751,0.677787707334048,0.778364603118841,306369,mean_binary_certainty,0.4145574029975667
V3-1,P2,4,13,natural_missingness,fb82651717076e658cf67e62ccd41ca247d29c994518945706edefcf0b635aa0,0b49226144b5f16876e528192d37fc62d46964c786b06fe3b4858b92c5043a1f,extrasensory-p2-fold4-seed13-v2_seed13,0.65,0.6500098019996079,33157,0.3798512350201925,0.6693661980542399,0.7664391783745331,330474,mean_binary_certainty,0.3908322164998619
V3-1,P2,4,13,natural_missingness,fb82651717076e658cf67e62ccd41ca247d29c994518945706edefcf0b635aa0,0b49226144b5f16876e528192d37fc62d46964c786b06fe3b4858b92c5043a1f,extrasensory-p2-fold4-seed13-v2_seed13,0.7,0.7,35707,0.3900124126495722,0.6598211374599502,0.7557794809538944,354508,mean_binary_certainty,0.3674398733187337
V3-1,P2,4,13,natural_missingness,fb82651717076e658cf67e62ccd41ca247d29c994518945706edefcf0b635aa0,0b49226144b5f16876e528192d37fc62d46964c786b06fe3b4858b92c5043a1f,extrasensory-p2-fold4-seed13-v2_seed13,0.75,0.7500098019996079,38258,0.3987868208181073,0.6504771963081197,0.7470434829410066,378975,mean_binary_certainty,0.3426424856827792
V3-1,P2,4,13,natural_missingness,fb82651717076e658cf67e62ccd41ca247d29c994518945706edefcf0b635aa0,0b49226144b5f16876e528192d37fc62d46964c786b06fe3b4858b92c5043a1f,extrasensory-p2-fold4-seed13-v2_seed13,0.8,0.8,40808,0.4076467000030888,0.6418791636624225,0.7379098256728034,403330,mean_binary_certainty,0.3176430088435503
V3-1,P2,4,13,natural_missingness,fb82651717076e658cf67e62ccd41ca247d29c994518945706edefcf0b635aa0,0b49226144b5f16876e528192d37fc62d46964c786b06fe3b4858b92c5043a1f,extrasensory-p2-fold4-seed13-v2_seed13,0.85,0.850009801999608,43359,0.416489083348447,0.6330798940121098,0.7285040249082076,427936,mean_binary_certainty,0.2884098734372274
V3-1,P2,4,13,natural_missingness,fb82651717076e658cf67e62ccd41ca247d29c994518945706edefcf0b635aa0,0b49226144b5f16876e528192d37fc62d46964c786b06fe3b4858b92c5043a1f,extrasensory-p2-fold4-seed13-v2_seed13,0.9,0.9,45909,0.4259420514016705,0.6244447053022004,0.7195409611229763,452681,mean_binary_certainty,0.2539112233524551
V3-1,P2,4,13,natural_missingness,fb82651717076e658cf67e62ccd41ca247d29c994518945706edefcf0b635aa0,0b49226144b5f16876e528192d37fc62d46964c786b06fe3b4858b92c5043a1f,extrasensory-p2-fold4-seed13-v2_seed13,0.95,0.950009801999608,48460,0.435465864429254,0.6137858967136226,0.7093448815561858,478043,mean_binary_certainty,0.2072665363376292
V3-1,P2,4,13,natural_missingness,fb82651717076e658cf67e62ccd41ca247d29c994518945706edefcf0b635aa0,0b49226144b5f16876e528192d37fc62d46964c786b06fe3b4858b92c5043a1f,extrasensory-p2-fold4-seed13-v2_seed13,1.0,1.0,51010,0.4453039070601362,0.601285630296833,0.6988239583604617,504726,mean_binary_certainty,0.0491734563060806
V3-1,P2,4,13,natural_missingness,fb82651717076e658cf67e62ccd41ca247d29c994518945706edefcf0b635aa0,0b49226144b5f16876e528192d37fc62d46964c786b06fe3b4858b92c5043a1f,extrasensory-p2-fold4-seed13-v2_seed13,0.05,0.0500098019996079,2551,0.2540475492081427,0.3709944807981907,0.8705045999442431,25388,mean_normalized_threshold_margin,0.9679455948769712
V3-1,P2,4,13,natural_missingness,fb82651717076e658cf67e62ccd41ca247d29c994518945706edefcf0b635aa0,0b49226144b5f16876e528192d37fc62d46964c786b06fe3b4858b92c5043a1f,extrasensory-p2-fold4-seed13-v2_seed13,0.1,0.1,5101,0.2160087351008377,0.4372553256797583,0.8999875062468765,54796,mean_normalized_threshold_margin,0.93344063346259
V3-1,P2,4,13,natural_missingness,fb82651717076e658cf67e62ccd41ca247d29c994518945706edefcf0b635aa0,0b49226144b5f16876e528192d37fc62d46964c786b06fe3b4858b92c5043a1f,extrasensory-p2-fold4-seed13-v2_seed13,0.15,0.1500098019996079,7652,0.2326028028609016,0.5054455174628812,0.8995233475344835,80981,mean_normalized_threshold_margin,0.8838588765749137
V3-1,P2,4,13,natural_missingness,fb82651717076e658cf67e62ccd41ca247d29c994518945706edefcf0b635aa0,0b49226144b5f16876e528192d37fc62d46964c786b06fe3b4858b92c5043a1f,extrasensory-p2-fold4-seed13-v2_seed13,0.2,0.2,10202,0.2832698498528523,0.6397460423441,0.8847389159299361,105461,mean_normalized_threshold_margin,0.840059346123986
V3-1,P2,4,13,natural_missingness,fb82651717076e658cf67e62ccd41ca247d29c994518945706edefcf0b635aa0,0b49226144b5f16876e528192d37fc62d46964c786b06fe3b4858b92c5043a1f,extrasensory-p2-fold4-seed13-v2_seed13,0.25,0.2500098019996079,12753,0.2889236592691769,0.6619917515813242,0.8740180781233187,130900,mean_normalized_threshold_margin,0.8012041757974415
V3-1,P2,4,13,natural_missingness,fb82651717076e658cf67e62ccd41ca247d29c994518945706edefcf0b635aa0,0b49226144b5f16876e528192d37fc62d46964c786b06fe3b4858b92c5043a1f,extrasensory-p2-fold4-seed13-v2_seed13,0.3,0.3,15303,0.2966464866100242,0.6838300425379861,0.858068624931565,157284,mean_normalized_threshold_margin,0.7722495487353868
V3-1,P2,4,13,natural_missingness,fb82651717076e658cf67e62ccd41ca247d29c994518945706edefcf0b635aa0,0b49226144b5f16876e528192d37fc62d46964c786b06fe3b4858b92c5043a1f,extrasensory-p2-fold4-seed13-v2_seed13,0.35,0.3500098019996079,17854,0.3065404288981097,0.6868786541658587,0.8444329223796905,183088,mean_normalized_threshold_margin,0.7453662323262036
V3-1,P2,4,13,natural_missingness,fb82651717076e658cf67e62ccd41ca247d29c994518945706edefcf0b635aa0,0b49226144b5f16876e528192d37fc62d46964c786b06fe3b4858b92c5043a1f,extrasensory-p2-fold4-seed13-v2_seed13,0.4,0.4,20404,0.3240251426351877,0.6904959732816368,0.8294157889847042,208525,mean_normalized_threshold_margin,0.7209775017752658
V3-1,P2,4,13,natural_missingness,fb82651717076e658cf67e62ccd41ca247d29c994518945706edefcf0b635aa0,0b49226144b5f16876e528192d37fc62d46964c786b06fe3b4858b92c5043a1f,extrasensory-p2-fold4-seed13-v2_seed13,0.45,0.4500098019996079,22955,0.3358333087563184,0.6906020948248252,0.8163858265929194,233687,mean_normalized_threshold_margin,0.6991840919626386
V3-1,P2,4,13,natural_missingness,fb82651717076e658cf67e62ccd41ca247d29c994518945706edefcf0b635aa0,0b49226144b5f16876e528192d37fc62d46964c786b06fe3b4858b92c5043a1f,extrasensory-p2-fold4-seed13-v2_seed13,0.5,0.5,25505,0.3493481248006155,0.6901026275851484,0.8035776848092657,258728,mean_normalized_threshold_margin,0.6780447361300808
V3-1,P2,4,13,natural_missingness,fb82651717076e658cf67e62ccd41ca247d29c994518945706edefcf0b635aa0,0b49226144b5f16876e528192d37fc62d46964c786b06fe3b4858b92c5043a1f,extrasensory-p2-fold4-seed13-v2_seed13,0.55,0.5500098019996079,28056,0.3609327825825434,0.6887146963600294,0.7924587866121996,283400,mean_normalized_threshold_margin,0.6584926246961114
V3-1,P2,4,13,natural_missingness,fb82651717076e658cf67e62ccd41ca247d29c994518945706edefcf0b635aa0,0b49226144b5f16876e528192d37fc62d46964c786b06fe3b4858b92c5043a1f,extrasensory-p2-fold4-seed13-v2_seed13,0.6,0.6,30606,0.3722629328987845,0.6890507136277193,0.7822012681625682,308370,mean_normalized_threshold_margin,0.6391503205266578
V3-1,P2,4,13,natural_missingness,fb82651717076e658cf67e62ccd41ca247d29c994518945706edefcf0b635aa0,0b49226144b5f16876e528192d37fc62d46964c786b06fe3b4858b92c5043a1f,extrasensory-p2-fold4-seed13-v2_seed13,0.65,0.6500098019996079,33157,0.3823771397816396,0.6893792419918616,0.7726181337079202,333393,mean_normalized_threshold_margin,0.6195219582622705
V3-1,P2,4,13,natural_missingness,fb82651717076e658cf67e62ccd41ca247d29c994518945706edefcf0b635aa0,0b49226144b5f16876e528192d37fc62d46964c786b06fe3b4858b92c5043a1f,extrasensory-p2-fold4-seed13-v2_seed13,0.7,0.7,35707,0.391790695230751,0.6818142031617437,0.7628889161453861,357686,mean_normalized_threshold_margin,0.5985024780223287
V3-1,P2,4,13,natural_missingness,fb82651717076e658cf67e62ccd41ca247d29c994518945706edefcf0b635aa0,0b49226144b5f16876e528192d37fc62d46964c786b06fe3b4858b92c5043a1f,extrasensory-p2-fold4-seed13-v2_seed13,0.75,0.7500098019996079,38258,0.4007854664610207,0.6728707190879741,0.7525696797043425,382176,mean_normalized_threshold_margin,0.5761250388157004
V3-1,P2,4,13,natural_missingness,fb82651717076e658cf67e62ccd41ca247d29c994518945706edefcf0b635aa0,0b49226144b5f16876e528192d37fc62d46964c786b06fe3b4858b92c5043a1f,extrasensory-p2-fold4-seed13-v2_seed13,0.8,0.8,40808,0.4088817988978556,0.6614400298475456,0.742692162318471,405851,mean_normalized_threshold_margin,0.5517611826757105
V3-1,P2,4,13,natural_missingness,fb82651717076e658cf67e62ccd41ca247d29c994518945706edefcf0b635aa0,0b49226144b5f16876e528192d37fc62d46964c786b06fe3b4858b92c5043a1f,extrasensory-p2-fold4-seed13-v2_seed13,0.85,0.850009801999608,43359,0.4177238700503611,0.6493188599904193,0.7323393573863416,429528,mean_normalized_threshold_margin,0.5245893484596164
V3-1,P2,4,13,natural_missingness,fb82651717076e658cf67e62ccd41ca247d29c994518945706edefcf0b635aa0,0b49226144b5f16876e528192d37fc62d46964c786b06fe3b4858b92c5043a1f,extrasensory-p2-fold4-seed13-v2_seed13,0.9,0.9,45909,0.4256494051770397,0.6368548447709086,0.722488195712617,453276,mean_normalized_threshold_margin,0.4915711962794223
V3-1,P2,4,13,natural_missingness,fb82651717076e658cf67e62ccd41ca247d29c994518945706edefcf0b635aa0,0b49226144b5f16876e528192d37fc62d46964c786b06fe3b4858b92c5043a1f,extrasensory-p2-fold4-seed13-v2_seed13,0.95,0.950009801999608,48460,0.4341480030975901,0.6206067101899734,0.7118363893469754,478143,mean_normalized_threshold_margin,0.4479822534692272
V3-1,P2,4,13,natural_missingness,fb82651717076e658cf67e62ccd41ca247d29c994518945706edefcf0b635aa0,0b49226144b5f16876e528192d37fc62d46964c786b06fe3b4858b92c5043a1f,extrasensory-p2-fold4-seed13-v2_seed13,1.0,1.0,51010,0.4453039070601362,0.601285630296833,0.6988239583604617,504726,mean_normalized_threshold_margin,0.2452255156974501
V3-1,P2,4,13,natural_missingness,fb82651717076e658cf67e62ccd41ca247d29c994518945706edefcf0b635aa0,0b49226144b5f16876e528192d37fc62d46964c786b06fe3b4858b92c5043a1f,extrasensory-p2-fold4-seed13-v2_seed13,0.05,0.0500098019996079,2551,0.3725811521582886,0.5014722787405324,0.7647326162702621,25919,p2_system_reliability,0.9944870471954346
V3-1,P2,4,13,natural_missingness,fb82651717076e658cf67e62ccd41ca247d29c994518945706edefcf0b635aa0,0b49226144b5f16876e528192d37fc62d46964c786b06fe3b4858b92c5043a1f,extrasensory-p2-fold4-seed13-v2_seed13,0.1,0.1,5101,0.3952568987312125,0.5571914075858666,0.7437217041365166,49874,p2_system_reliability,0.9933100938796996
V3-1,P2,4,13,natural_missingness,fb82651717076e658cf67e62ccd41ca247d29c994518945706edefcf0b635aa0,0b49226144b5f16876e528192d37fc62d46964c786b06fe3b4858b92c5043a1f,extrasensory-p2-fold4-seed13-v2_seed13,0.15,0.1500098019996079,7652,0.4108188597268236,0.5740582460687623,0.7362184441009789,74493,p2_system_reliability,0.9923204183578492
V3-1,P2,4,13,natural_missingness,fb82651717076e658cf67e62ccd41ca247d29c994518945706edefcf0b635aa0,0b49226144b5f16876e528192d37fc62d46964c786b06fe3b4858b92c5043a1f,extrasensory-p2-fold4-seed13-v2_seed13,0.2,0.2,10202,0.4264165214241551,0.5881763227941722,0.726559359987751,99904,p2_system_reliability,0.9914463758468628
V3-1,P2,4,13,natural_missingness,fb82651717076e658cf67e62ccd41ca247d29c994518945706edefcf0b635aa0,0b49226144b5f16876e528192d37fc62d46964c786b06fe3b4858b92c5043a1f,extrasensory-p2-fold4-seed13-v2_seed13,0.25,0.2500098019996079,12753,0.4321705849779497,0.594148749526255,0.7185238233098173,125601,p2_system_reliability,0.9905366897583008
V3-1,P2,4,13,natural_missingness,fb82651717076e658cf67e62ccd41ca247d29c994518945706edefcf0b635aa0,0b49226144b5f16876e528192d37fc62d46964c786b06fe3b4858b92c5043a1f,extrasensory-p2-fold4-seed13-v2_seed13,0.3,0.3,15303,0.4346903221819893,0.6004682899494631,0.7141086604613517,151364,p2_system_reliability,0.9895347356796264
V3-1,P2,4,13,natural_missingness,fb82651717076e658cf67e62ccd41ca247d29c994518945706edefcf0b635aa0,0b49226144b5f16876e528192d37fc62d46964c786b06fe3b4858b92c5043a1f,extrasensory-p2-fold4-seed13-v2_seed13,0.35,0.3500098019996079,17854,0.4367491392433622,0.6074434825185108,0.7099942418217572,176260,p2_system_reliability,0.9884013533592224
V3-1,P2,4,13,natural_missingness,fb82651717076e658cf67e62ccd41ca247d29c994518945706edefcf0b635aa0,0b49226144b5f16876e528192d37fc62d46964c786b06fe3b4858b92c5043a1f,extrasensory-p2-fold4-seed13-v2_seed13,0.4,0.4,20404,0.4360625134298597,0.6085791128798694,0.7072879559150773,200523,p2_system_reliability,0.9870999455451964
V3-1,P2,4,13,natural_missingness,fb82651717076e658cf67e62ccd41ca247d29c994518945706edefcf0b635aa0,0b49226144b5f16876e528192d37fc62d46964c786b06fe3b4858b92c5043a1f,extrasensory-p2-fold4-seed13-v2_seed13,0.45,0.4500098019996079,22955,0.4344703956181877,0.616441753548317,0.7073205908053584,225683,p2_system_reliability,0.98556786775589
V3-1,P2,4,13,natural_missingness,fb82651717076e658cf67e62ccd41ca247d29c994518945706edefcf0b635aa0,0b49226144b5f16876e528192d37fc62d46964c786b06fe3b4858b92c5043a1f,extrasensory-p2-fold4-seed13-v2_seed13,0.5,0.5,25505,0.4376999567148685,0.6175700428134826,0.7038665331182286,250358,p2_system_reliability,0.9835795760154724
V3-1,P2,4,13,natural_missingness,fb82651717076e658cf67e62ccd41ca247d29c994518945706edefcf0b635aa0,0b49226144b5f16876e528192d37fc62d46964c786b06fe3b4858b92c5043a1f,extrasensory-p2-fold4-seed13-v2_seed13,0.55,0.5500098019996079,28056,0.4410072938467654,0.6166606482218626,0.6997524821314348,275308,p2_system_reliability,0.9811811447143556
V3-1,P2,4,13,natural_missingness,fb82651717076e658cf67e62ccd41ca247d29c994518945706edefcf0b635aa0,0b49226144b5f16876e528192d37fc62d46964c786b06fe3b4858b92c5043a1f,extrasensory-p2-fold4-seed13-v2_seed13,0.6,0.6,30606,0.4449305460249337,0.6155764767443862,0.6952244678948309,299948,p2_system_reliability,0.9784492254257202
V3-1,P2,4,13,natural_missingness,fb82651717076e658cf67e62ccd41ca247d29c994518945706edefcf0b635aa0,0b49226144b5f16876e528192d37fc62d46964c786b06fe3b4858b92c5043a1f,extrasensory-p2-fold4-seed13-v2_seed13,0.65,0.6500098019996079,33157,0.4486730499831783,0.6097969757469106,0.6918471727909115,324656,p2_system_reliability,0.9754230976104736
V3-1,P2,4,13,natural_missingness,fb82651717076e658cf67e62ccd41ca247d29c994518945706edefcf0b635aa0,0b49226144b5f16876e528192d37fc62d46964c786b06fe3b4858b92c5043a1f,extrasensory-p2-fold4-seed13-v2_seed13,0.7,0.7,35707,0.4495030278469928,0.6069187254434968,0.6908254430290047,349541,p2_system_reliability,0.9723209142684937
V3-1,P2,4,13,natural_missingness,fb82651717076e658cf67e62ccd41ca247d29c994518945706edefcf0b635aa0,0b49226144b5f16876e528192d37fc62d46964c786b06fe3b4858b92c5043a1f,extrasensory-p2-fold4-seed13-v2_seed13,0.75,0.7500098019996079,38258,0.448926184619955,0.6046995442075176,0.6923321795811122,374953,p2_system_reliability,0.9688522815704346
V3-1,P2,4,13,natural_missingness,fb82651717076e658cf67e62ccd41ca247d29c994518945706edefcf0b635aa0,0b49226144b5f16876e528192d37fc62d46964c786b06fe3b4858b92c5043a1f,extrasensory-p2-fold4-seed13-v2_seed13,0.8,0.8,40808,0.4496234248287404,0.6014567970596068,0.6932057002346105,401132,p2_system_reliability,0.9649123549461364
V3-1,P2,4,13,natural_missingness,fb82651717076e658cf67e62ccd41ca247d29c994518945706edefcf0b635aa0,0b49226144b5f16876e528192d37fc62d46964c786b06fe3b4858b92c5043a1f,extrasensory-p2-fold4-seed13-v2_seed13,0.85,0.850009801999608,43359,0.4491287822437952,0.5997132901146179,0.6950579911649273,426777,p2_system_reliability,0.9604609608650208
V3-1,P2,4,13,natural_missingness,fb82651717076e658cf67e62ccd41ca247d29c994518945706edefcf0b635aa0,0b49226144b5f16876e528192d37fc62d46964c786b06fe3b4858b92c5043a1f,extrasensory-p2-fold4-seed13-v2_seed13,0.9,0.9,45909,0.4495919826753438,0.5969363530035261,0.6951550203064388,452627,p2_system_reliability,0.9546124935150146
V3-1,P2,4,13,natural_missingness,fb82651717076e658cf67e62ccd41ca247d29c994518945706edefcf0b635aa0,0b49226144b5f16876e528192d37fc62d46964c786b06fe3b4858b92c5043a1f,extrasensory-p2-fold4-seed13-v2_seed13,0.95,0.950009801999608,48460,0.4492651076801838,0.5970869232477564,0.6959509432928571,478821,p2_system_reliability,0.9441665410995485
V3-1,P2,4,13,natural_missingness,fb82651717076e658cf67e62ccd41ca247d29c994518945706edefcf0b635aa0,0b49226144b5f16876e528192d37fc62d46964c786b06fe3b4858b92c5043a1f,extrasensory-p2-fold4-seed13-v2_seed13,1.0,1.0,51010,0.445303907060136,0.601285630296833,0.6988239583604617,504726,p2_system_reliability,0.8427388072013855
V3-1,B4,4,29,natural_missingness,fb82651717076e658cf67e62ccd41ca247d29c994518945706edefcf0b635aa0,e6c4342abc6a5888bdd169308f132c2749befe28b8ca9d01efe46d268cd3d1cc,extrasensory-gated-fold4-seed29-full,0.05,0.0500098019996079,2551,0.5738068709295276,0.3590080671572719,0.8337155963302753,24107,mean_binary_certainty,0.9462054140684404
V3-1,B4,4,29,natural_missingness,fb82651717076e658cf67e62ccd41ca247d29c994518945706edefcf0b635aa0,e6c4342abc6a5888bdd169308f132c2749befe28b8ca9d01efe46d268cd3d1cc,extrasensory-gated-fold4-seed29-full,0.1,0.1,5101,0.3916687357728074,0.5000338341055657,0.8610842691013295,52975,mean_binary_certainty,0.912166250549561
V3-1,B4,4,29,natural_missingness,fb82651717076e658cf67e62ccd41ca247d29c994518945706edefcf0b635aa0,e6c4342abc6a5888bdd169308f132c2749befe28b8ca9d01efe46d268cd3d1cc,extrasensory-gated-fold4-seed29-full,0.15,0.1500098019996079,7652,0.371221175402532,0.6649714591978116,0.8661302121433797,79171,mean_binary_certainty,0.8412631856687618
V3-1,B4,4,29,natural_missingness,fb82651717076e658cf67e62ccd41ca247d29c994518945706edefcf0b635aa0,e6c4342abc6a5888bdd169308f132c2749befe28b8ca9d01efe46d268cd3d1cc,extrasensory-gated-fold4-seed29-full,0.2,0.2,10202,0.3604946984126296,0.6840623475587714,0.8582872401296967,103347,mean_binary_certainty,0.7776265319766881
V3-1,B4,4,29,natural_missingness,fb82651717076e658cf67e62ccd41ca247d29c994518945706edefcf0b635aa0,e6c4342abc6a5888bdd169308f132c2749befe28b8ca9d01efe46d268cd3d1cc,extrasensory-gated-fold4-seed29-full,0.25,0.2500098019996079,12753,0.3595549260608741,0.7078131676044445,0.8416643779181544,129038,mean_binary_certainty,0.7317548793082518
V3-1,B4,4,29,natural_missingness,fb82651717076e658cf67e62ccd41ca247d29c994518945706edefcf0b635aa0,e6c4342abc6a5888bdd169308f132c2749befe28b8ca9d01efe46d268cd3d1cc,extrasensory-gated-fold4-seed29-full,0.3,0.3,15303,0.3614067125528403,0.7028932320158956,0.8251873238468412,155078,mean_binary_certainty,0.6864378406098302
V3-1,B4,4,29,natural_missingness,fb82651717076e658cf67e62ccd41ca247d29c994518945706edefcf0b635aa0,e6c4342abc6a5888bdd169308f132c2749befe28b8ca9d01efe46d268cd3d1cc,extrasensory-gated-fold4-seed29-full,0.35,0.3500098019996079,17854,0.372473811173074,0.702700281541184,0.811280599467448,180876,mean_binary_certainty,0.6470768546957313
V3-1,B4,4,29,natural_missingness,fb82651717076e658cf67e62ccd41ca247d29c994518945706edefcf0b635aa0,e6c4342abc6a5888bdd169308f132c2749befe28b8ca9d01efe46d268cd3d1cc,extrasensory-gated-fold4-seed29-full,0.4,0.4,20404,0.3883037180149958,0.6981488134561488,0.7975779150525251,205950,mean_binary_certainty,0.6119380686621074
V3-1,B4,4,29,natural_missingness,fb82651717076e658cf67e62ccd41ca247d29c994518945706edefcf0b635aa0,e6c4342abc6a5888bdd169308f132c2749befe28b8ca9d01efe46d268cd3d1cc,extrasensory-gated-fold4-seed29-full,0.45,0.4500098019996079,22955,0.4036969518887722,0.6928533914367349,0.7854943121111181,230486,mean_binary_certainty,0.576664115139466
V3-1,B4,4,29,natural_missingness,fb82651717076e658cf67e62ccd41ca247d29c994518945706edefcf0b635aa0,e6c4342abc6a5888bdd169308f132c2749befe28b8ca9d01efe46d268cd3d1cc,extrasensory-gated-fold4-seed29-full,0.5,0.5,25505,0.4122907212498691,0.6855776920119856,0.7737499462265368,254794,mean_binary_certainty,0.5461558836491935
V3-1,B4,4,29,natural_missingness,fb82651717076e658cf67e62ccd41ca247d29c994518945706edefcf0b635aa0,e6c4342abc6a5888bdd169308f132c2749befe28b8ca9d01efe46d268cd3d1cc,extrasensory-gated-fold4-seed29-full,0.55,0.5500098019996079,28056,0.4199339511504732,0.681209433669293,0.7615635865556843,279661,mean_binary_certainty,0.5172511946434848
V3-1,B4,4,29,natural_missingness,fb82651717076e658cf67e62ccd41ca247d29c994518945706edefcf0b635aa0,e6c4342abc6a5888bdd169308f132c2749befe28b8ca9d01efe46d268cd3d1cc,extrasensory-gated-fold4-seed29-full,0.6,0.6,30606,0.4291081690944434,0.6736806907170052,0.748537797923673,304219,mean_binary_certainty,0.4905802061383947
V3-1,B4,4,29,natural_missingness,fb82651717076e658cf67e62ccd41ca247d29c994518945706edefcf0b635aa0,e6c4342abc6a5888bdd169308f132c2749befe28b8ca9d01efe46d268cd3d1cc,extrasensory-gated-fold4-seed29-full,0.65,0.6500098019996079,33157,0.4374663774846099,0.6642141170241451,0.7366859549989242,328620,mean_binary_certainty,0.4637449010158714
V3-1,B4,4,29,natural_missingness,fb82651717076e658cf67e62ccd41ca247d29c994518945706edefcf0b635aa0,e6c4342abc6a5888bdd169308f132c2749befe28b8ca9d01efe46d268cd3d1cc,extrasensory-gated-fold4-seed29-full,0.7,0.7,35707,0.4442678634198545,0.6550501515722703,0.7259312616854605,352866,mean_binary_certainty,0.4361531526914676
V3-1,B4,4,29,natural_missingness,fb82651717076e658cf67e62ccd41ca247d29c994518945706edefcf0b635aa0,e6c4342abc6a5888bdd169308f132c2749befe28b8ca9d01efe46d268cd3d1cc,extrasensory-gated-fold4-seed29-full,0.75,0.7500098019996079,38258,0.451314721384863,0.6453618975833091,0.7156848123291076,377006,mean_binary_certainty,0.4066653046097113
V3-1,B4,4,29,natural_missingness,fb82651717076e658cf67e62ccd41ca247d29c994518945706edefcf0b635aa0,e6c4342abc6a5888bdd169308f132c2749befe28b8ca9d01efe46d268cd3d1cc,extrasensory-gated-fold4-seed29-full,0.8,0.8,40808,0.4601150509133048,0.6351125383607917,0.7051952303016132,401546,mean_binary_certainty,0.3738533565718391
V3-1,B4,4,29,natural_missingness,fb82651717076e658cf67e62ccd41ca247d29c994518945706edefcf0b635aa0,e6c4342abc6a5888bdd169308f132c2749befe28b8ca9d01efe46d268cd3d1cc,extrasensory-gated-fold4-seed29-full,0.85,0.850009801999608,43359,0.4693005221507109,0.6235786105737484,0.6949004602281744,426359,mean_binary_certainty,0.3382388127689836
V3-1,B4,4,29,natural_missingness,fb82651717076e658cf67e62ccd41ca247d29c994518945706edefcf0b635aa0,e6c4342abc6a5888bdd169308f132c2749befe28b8ca9d01efe46d268cd3d1cc,extrasensory-gated-fold4-seed29-full,0.9,0.9,45909,0.4777869190219254,0.6122260539151065,0.6854945329064982,451605,mean_binary_certainty,0.297791868833441
V3-1,B4,4,29,natural_missingness,fb82651717076e658cf67e62ccd41ca247d29c994518945706edefcf0b635aa0,e6c4342abc6a5888bdd169308f132c2749befe28b8ca9d01efe46d268cd3d1cc,extrasensory-gated-fold4-seed29-full,0.95,0.950009801999608,48460,0.4862540563947259,0.5999150259699751,0.6757218285669421,477303,mean_binary_certainty,0.2476808498170393
V3-1,B4,4,29,natural_missingness,fb82651717076e658cf67e62ccd41ca247d29c994518945706edefcf0b635aa0,e6c4342abc6a5888bdd169308f132c2749befe28b8ca9d01efe46d268cd3d1cc,extrasensory-gated-fold4-seed29-full,1.0,1.0,51010,0.4944613398406953,0.587419539578042,0.6656745738678326,504726,mean_binary_certainty,0.0568938237016792
V3-1,B4,4,29,natural_missingness,fb82651717076e658cf67e62ccd41ca247d29c994518945706edefcf0b635aa0,e6c4342abc6a5888bdd169308f132c2749befe28b8ca9d01efe46d268cd3d1cc,extrasensory-gated-fold4-seed29-full,0.05,0.0500098019996079,2551,0.5875765937163494,0.5026139250013208,0.8360033726812817,24285,mean_normalized_threshold_margin,0.97888860675867
V3-1,B4,4,29,natural_missingness,fb82651717076e658cf67e62ccd41ca247d29c994518945706edefcf0b635aa0,e6c4342abc6a5888bdd169308f132c2749befe28b8ca9d01efe46d268cd3d1cc,extrasensory-gated-fold4-seed29-full,0.1,0.1,5101,0.4370578747698,0.5298058722907268,0.8509481456620238,51988,mean_normalized_threshold_margin,0.9520430773191512
V3-1,B4,4,29,natural_missingness,fb82651717076e658cf67e62ccd41ca247d29c994518945706edefcf0b635aa0,e6c4342abc6a5888bdd169308f132c2749befe28b8ca9d01efe46d268cd3d1cc,extrasensory-gated-fold4-seed29-full,0.15,0.1500098019996079,7652,0.3745543599459436,0.6083061888079387,0.8633810184448134,78020,mean_normalized_threshold_margin,0.9268420874600456
V3-1,B4,4,29,natural_missingness,fb82651717076e658cf67e62ccd41ca247d29c994518945706edefcf0b635aa0,e6c4342abc6a5888bdd169308f132c2749befe28b8ca9d01efe46d268cd3d1cc,extrasensory-gated-fold4-seed29-full,0.2,0.2,10202,0.3668580813009482,0.6725777034933945,0.8559870268008161,103226,mean_normalized_threshold_margin,0.8910498830040748
V3-1,B4,4,29,natural_missingness,fb82651717076e658cf67e62ccd41ca247d29c994518945706edefcf0b635aa0,e6c4342abc6a5888bdd169308f132c2749befe28b8ca9d01efe46d268cd3d1cc,extrasensory-gated-fold4-seed29-full,0.25,0.2500098019996079,12753,0.3688567013641708,0.6981760478963258,0.8416955137562386,128426,mean_normalized_threshold_margin,0.8577060450973198
V3-1,B4,4,29,natural_missingness,fb82651717076e658cf67e62ccd41ca247d29c994518945706edefcf0b635aa0,e6c4342abc6a5888bdd169308f132c2749befe28b8ca9d01efe46d268cd3d1cc,extrasensory-gated-fold4-seed29-full,0.3,0.3,15303,0.3670378550445937,0.70444314093998,0.826507026627219,154232,mean_normalized_threshold_margin,0.8294275916206874
V3-1,B4,4,29,natural_missingness,fb82651717076e658cf67e62ccd41ca247d29c994518945706edefcf0b635aa0,e6c4342abc6a5888bdd169308f132c2749befe28b8ca9d01efe46d268cd3d1cc,extrasensory-gated-fold4-seed29-full,0.35,0.3500098019996079,17854,0.3820496072671219,0.7050665793550845,0.8107605945604048,180815,mean_normalized_threshold_margin,0.8025791534008915
V3-1,B4,4,29,natural_missingness,fb82651717076e658cf67e62ccd41ca247d29c994518945706edefcf0b635aa0,e6c4342abc6a5888bdd169308f132c2749befe28b8ca9d01efe46d268cd3d1cc,extrasensory-gated-fold4-seed29-full,0.4,0.4,20404,0.3962075501209793,0.7056729786318615,0.7968821641448877,206600,mean_normalized_threshold_margin,0.7798443448173893
V3-1,B4,4,29,natural_missingness,fb82651717076e658cf67e62ccd41ca247d29c994518945706edefcf0b635aa0,e6c4342abc6a5888bdd169308f132c2749befe28b8ca9d01efe46d268cd3d1cc,extrasensory-gated-fold4-seed29-full,0.45,0.4500098019996079,22955,0.4080064939613044,0.7077294221710317,0.7844695622593664,232593,mean_normalized_threshold_margin,0.7548722643851417
V3-1,B4,4,29,natural_missingness,fb82651717076e658cf67e62ccd41ca247d29c994518945706edefcf0b635aa0,e6c4342abc6a5888bdd169308f132c2749befe28b8ca9d01efe46d268cd3d1cc,extrasensory-gated-fold4-seed29-full,0.5,0.5,25505,0.4198901312664082,0.7050472936602711,0.772412922412221,258134,mean_normalized_threshold_margin,0.7319077500283381
V3-1,B4,4,29,natural_missingness,fb82651717076e658cf67e62ccd41ca247d29c994518945706edefcf0b635aa0,e6c4342abc6a5888bdd169308f132c2749befe28b8ca9d01efe46d268cd3d1cc,extrasensory-gated-fold4-seed29-full,0.55,0.5500098019996079,28056,0.4281595894021719,0.7001717722850633,0.7610543067179517,282981,mean_normalized_threshold_margin,0.7091487039736941
V3-1,B4,4,29,natural_missingness,fb82651717076e658cf67e62ccd41ca247d29c994518945706edefcf0b635aa0,e6c4342abc6a5888bdd169308f132c2749befe28b8ca9d01efe46d268cd3d1cc,extrasensory-gated-fold4-seed29-full,0.6,0.6,30606,0.4350119430953444,0.6938557369600293,0.7508221874646891,307656,mean_normalized_threshold_margin,0.6876953274643626
V3-1,B4,4,29,natural_missingness,fb82651717076e658cf67e62ccd41ca247d29c994518945706edefcf0b635aa0,e6c4342abc6a5888bdd169308f132c2749befe28b8ca9d01efe46d268cd3d1cc,extrasensory-gated-fold4-seed29-full,0.65,0.6500098019996079,33157,0.4417308387319317,0.6863671320545685,0.7399183836191383,331914,mean_normalized_threshold_margin,0.6663381798675049
V3-1,B4,4,29,natural_missingness,fb82651717076e658cf67e62ccd41ca247d29c994518945706edefcf0b635aa0,e6c4342abc6a5888bdd169308f132c2749befe28b8ca9d01efe46d268cd3d1cc,extrasensory-gated-fold4-seed29-full,0.7,0.7,35707,0.4476497537937718,0.6745927880689327,0.7290139034994533,355989,mean_normalized_threshold_margin,0.6442513809238676
V3-1,B4,4,29,natural_missingness,fb82651717076e658cf67e62ccd41ca247d29c994518945706edefcf0b635aa0,e6c4342abc6a5888bdd169308f132c2749befe28b8ca9d01efe46d268cd3d1cc,extrasensory-gated-fold4-seed29-full,0.75,0.7500098019996079,38258,0.4544738386121185,0.6626583523603098,0.7185558116979642,379922,mean_normalized_threshold_margin,0.620786090375481
V3-1,B4,4,29,natural_missingness,fb82651717076e658cf67e62ccd41ca247d29c994518945706edefcf0b635aa0,e6c4342abc6a5888bdd169308f132c2749befe28b8ca9d01efe46d268cd3d1cc,extrasensory-gated-fold4-seed29-full,0.8,0.8,40808,0.4609337274614181,0.6514239425248093,0.7086107647213109,403943,mean_normalized_threshold_margin,0.5934540612700331
V3-1,B4,4,29,natural_missingness,fb82651717076e658cf67e62ccd41ca247d29c994518945706edefcf0b635aa0,e6c4342abc6a5888bdd169308f132c2749befe28b8ca9d01efe46d268cd3d1cc,extrasensory-gated-fold4-seed29-full,0.85,0.850009801999608,43359,0.4670504014229896,0.6380950900943373,0.6994964797175055,427810,mean_normalized_threshold_margin,0.5634453866735586
V3-1,B4,4,29,natural_missingness,fb82651717076e658cf67e62ccd41ca247d29c994518945706edefcf0b635aa0,e6c4342abc6a5888bdd169308f132c2749befe28b8ca9d01efe46d268cd3d1cc,extrasensory-gated-fold4-seed29-full,0.9,0.9,45909,0.4740903243379093,0.6232855365873805,0.6895310593053803,451961,mean_normalized_threshold_margin,0.5246144265145448
V3-1,B4,4,29,natural_missingness,fb82651717076e658cf67e62ccd41ca247d29c994518945706edefcf0b635aa0,e6c4342abc6a5888bdd169308f132c2749befe28b8ca9d01efe46d268cd3d1cc,extrasensory-gated-fold4-seed29-full,0.95,0.950009801999608,48460,0.4832628338989899,0.60571702687553,0.6783078152669603,477531,mean_normalized_threshold_margin,0.4724849574319588
V3-1,B4,4,29,natural_missingness,fb82651717076e658cf67e62ccd41ca247d29c994518945706edefcf0b635aa0,e6c4342abc6a5888bdd169308f132c2749befe28b8ca9d01efe46d268cd3d1cc,extrasensory-gated-fold4-seed29-full,1.0,1.0,51010,0.4944613398406953,0.587419539578042,0.6656745738678326,504726,mean_normalized_threshold_margin,0.2335972135094575
V3-1,B5,4,29,natural_missingness,fb82651717076e658cf67e62ccd41ca247d29c994518945706edefcf0b635aa0,6e6d03276a3a9e296c947d952682908c617779fb615c36d7731affe0d97cdfbd,extrasensory-robust-gated-fold4-seed29-full,0.05,0.0500098019996079,2551,0.2380306331280681,0.5852839366345376,0.8976619906479626,26093,mean_binary_certainty,0.9125749105728213
V3-1,B5,4,29,natural_missingness,fb82651717076e658cf67e62ccd41ca247d29c994518945706edefcf0b635aa0,6e6d03276a3a9e296c947d952682908c617779fb615c36d7731affe0d97cdfbd,extrasensory-robust-gated-fold4-seed29-full,0.1,0.1,5101,0.2271972403151307,0.3967242361399318,0.9011196972086422,54990,mean_binary_certainty,0.8427174703882693
V3-1,B5,4,29,natural_missingness,fb82651717076e658cf67e62ccd41ca247d29c994518945706edefcf0b635aa0,6e6d03276a3a9e296c947d952682908c617779fb615c36d7731affe0d97cdfbd,extrasensory-robust-gated-fold4-seed29-full,0.15,0.1500098019996079,7652,0.2300060726545012,0.640089681289325,0.896894358292105,83307,mean_binary_certainty,0.708465237926871
V3-1,B5,4,29,natural_missingness,fb82651717076e658cf67e62ccd41ca247d29c994518945706edefcf0b635aa0,6e6d03276a3a9e296c947d952682908c617779fb615c36d7731affe0d97cdfbd,extrasensory-robust-gated-fold4-seed29-full,0.2,0.2,10202,0.2477944437400421,0.6942654905929978,0.888059338126694,108792,mean_binary_certainty,0.6402766079427817
V3-1,B5,4,29,natural_missingness,fb82651717076e658cf67e62ccd41ca247d29c994518945706edefcf0b635aa0,6e6d03276a3a9e296c947d952682908c617779fb615c36d7731affe0d97cdfbd,extrasensory-robust-gated-fold4-seed29-full,0.25,0.2500098019996079,12753,0.268162785962165,0.6937709963774779,0.8759594352754027,133969,mean_binary_certainty,0.5925416413540114
V3-1,B5,4,29,natural_missingness,fb82651717076e658cf67e62ccd41ca247d29c994518945706edefcf0b635aa0,6e6d03276a3a9e296c947d952682908c617779fb615c36d7731affe0d97cdfbd,extrasensory-robust-gated-fold4-seed29-full,0.3,0.3,15303,0.2873505657620619,0.6950849435515702,0.8597670250896058,159639,mean_binary_certainty,0.5496255500015652
V3-1,B5,4,29,natural_missingness,fb82651717076e658cf67e62ccd41ca247d29c994518945706edefcf0b635aa0,6e6d03276a3a9e296c947d952682908c617779fb615c36d7731affe0d97cdfbd,extrasensory-robust-gated-fold4-seed29-full,0.35,0.3500098019996079,17854,0.3168010190732072,0.6958632973196075,0.838747405046636,184771,mean_binary_certainty,0.5138574822226187
V3-1,B5,4,29,natural_missingness,fb82651717076e658cf67e62ccd41ca247d29c994518945706edefcf0b635aa0,6e6d03276a3a9e296c947d952682908c617779fb615c36d7731affe0d97cdfbd,extrasensory-robust-gated-fold4-seed29-full,0.4,0.4,20404,0.3371304146023019,0.6945161628722422,0.8211710737006102,209785,mean_binary_certainty,0.4827942280896062
V3-1,B5,4,29,natural_missingness,fb82651717076e658cf67e62ccd41ca247d29c994518945706edefcf0b635aa0,6e6d03276a3a9e296c947d952682908c617779fb615c36d7731affe0d97cdfbd,extrasensory-robust-gated-fold4-seed29-full,0.45,0.4500098019996079,22955,0.3520834227109399,0.6940664458539271,0.8062973978852952,234647,mean_binary_certainty,0.4563311622607897
V3-1,B5,4,29,natural_missingness,fb82651717076e658cf67e62ccd41ca247d29c994518945706edefcf0b635aa0,6e6d03276a3a9e296c947d952682908c617779fb615c36d7731affe0d97cdfbd,extrasensory-robust-gated-fold4-seed29-full,0.5,0.5,25505,0.365209460463495,0.6923712090237678,0.7935073840781037,259433,mean_binary_certainty,0.4316831159220456
V3-1,B5,4,29,natural_missingness,fb82651717076e658cf67e62ccd41ca247d29c994518945706edefcf0b635aa0,6e6d03276a3a9e296c947d952682908c617779fb615c36d7731affe0d97cdfbd,extrasensory-robust-gated-fold4-seed29-full,0.55,0.5500098019996079,28056,0.3774302129566421,0.6866389675469409,0.7813704246733532,283670,mean_binary_certainty,0.4068161993447858
V3-1,B5,4,29,natural_missingness,fb82651717076e658cf67e62ccd41ca247d29c994518945706edefcf0b635aa0,6e6d03276a3a9e296c947d952682908c617779fb615c36d7731affe0d97cdfbd,extrasensory-robust-gated-fold4-seed29-full,0.6,0.6,30606,0.3872480715296975,0.6819089800430185,0.7716763871988683,307662,mean_binary_certainty,0.3822947634926765
V3-1,B5,4,29,natural_missingness,fb82651717076e658cf67e62ccd41ca247d29c994518945706edefcf0b635aa0,6e6d03276a3a9e296c947d952682908c617779fb615c36d7731affe0d97cdfbd,extrasensory-robust-gated-fold4-seed29-full,0.65,0.6500098019996079,33157,0.3977065244424057,0.674302887738371,0.7603424079261508,331039,mean_binary_certainty,0.3573058099816941
V3-1,B5,4,29,natural_missingness,fb82651717076e658cf67e62ccd41ca247d29c994518945706edefcf0b635aa0,6e6d03276a3a9e296c947d952682908c617779fb615c36d7731affe0d97cdfbd,extrasensory-robust-gated-fold4-seed29-full,0.7,0.7,35707,0.4073003677226884,0.665295753594261,0.7489024723254983,354432,mean_binary_certainty,0.3322098561734816
V3-1,B5,4,29,natural_missingness,fb82651717076e658cf67e62ccd41ca247d29c994518945706edefcf0b635aa0,6e6d03276a3a9e296c947d952682908c617779fb615c36d7731affe0d97cdfbd,extrasensory-robust-gated-fold4-seed29-full,0.75,0.7500098019996079,38258,0.4181882470384059,0.6555600907527063,0.7376066644596738,377921,mean_binary_certainty,0.3075280940079357
V3-1,B5,4,29,natural_missingness,fb82651717076e658cf67e62ccd41ca247d29c994518945706edefcf0b635aa0,6e6d03276a3a9e296c947d952682908c617779fb615c36d7731affe0d97cdfbd,extrasensory-robust-gated-fold4-seed29-full,0.8,0.8,40808,0.4280450918666917,0.6456320338412088,0.7268125568062644,401742,mean_binary_certainty,0.2823327172310527
V3-1,B5,4,29,natural_missingness,fb82651717076e658cf67e62ccd41ca247d29c994518945706edefcf0b635aa0,6e6d03276a3a9e296c947d952682908c617779fb615c36d7731affe0d97cdfbd,extrasensory-robust-gated-fold4-seed29-full,0.85,0.850009801999608,43359,0.4381178267001643,0.6357550271151851,0.716717306516931,426554,mean_binary_certainty,0.2565572456182411
V3-1,B5,4,29,natural_missingness,fb82651717076e658cf67e62ccd41ca247d29c994518945706edefcf0b635aa0,6e6d03276a3a9e296c947d952682908c617779fb615c36d7731affe0d97cdfbd,extrasensory-robust-gated-fold4-seed29-full,0.9,0.9,45909,0.4478694710080977,0.6262611203019635,0.7070429684736975,451678,mean_binary_certainty,0.22571811248439
V3-1,B5,4,29,natural_missingness,fb82651717076e658cf67e62ccd41ca247d29c994518945706edefcf0b635aa0,6e6d03276a3a9e296c947d952682908c617779fb615c36d7731affe0d97cdfbd,extrasensory-robust-gated-fold4-seed29-full,0.95,0.950009801999608,48460,0.4573529654043964,0.6164812780274687,0.6984759006220975,477604,mean_binary_certainty,0.187091700400954
V3-1,B5,4,29,natural_missingness,fb82651717076e658cf67e62ccd41ca247d29c994518945706edefcf0b635aa0,6e6d03276a3a9e296c947d952682908c617779fb615c36d7731affe0d97cdfbd,extrasensory-robust-gated-fold4-seed29-full,1.0,1.0,51010,0.4671288090759093,0.603662875526986,0.6885668397265903,504726,mean_binary_certainty,0.0505509125560484
V3-1,B5,4,29,natural_missingness,fb82651717076e658cf67e62ccd41ca247d29c994518945706edefcf0b635aa0,6e6d03276a3a9e296c947d952682908c617779fb615c36d7731affe0d97cdfbd,extrasensory-robust-gated-fold4-seed29-full,0.05,0.0500098019996079,2551,0.2939385834888491,0.3641258156275756,0.8593576965669989,24333,mean_normalized_threshold_margin,0.9656733248551476
V3-1,B5,4,29,natural_missingness,fb82651717076e658cf67e62ccd41ca247d29c994518945706edefcf0b635aa0,6e6d03276a3a9e296c947d952682908c617779fb615c36d7731affe0d97cdfbd,extrasensory-robust-gated-fold4-seed29-full,0.1,0.1,5101,0.2228721010882475,0.3958610567116138,0.902337678814984,54731,mean_normalized_threshold_margin,0.9319642305054816
V3-1,B5,4,29,natural_missingness,fb82651717076e658cf67e62ccd41ca247d29c994518945706edefcf0b635aa0,6e6d03276a3a9e296c947d952682908c617779fb615c36d7731affe0d97cdfbd,extrasensory-robust-gated-fold4-seed29-full,0.15,0.1500098019996079,7652,0.2331730389067401,0.6595208136892659,0.895046144054312,81524,mean_normalized_threshold_margin,0.8656594559629497
V3-1,B5,4,29,natural_missingness,fb82651717076e658cf67e62ccd41ca247d29c994518945706edefcf0b635aa0,6e6d03276a3a9e296c947d952682908c617779fb615c36d7731affe0d97cdfbd,extrasensory-robust-gated-fold4-seed29-full,0.2,0.2,10202,0.2671339773479533,0.6747852516916556,0.8828475904224782,106227,mean_normalized_threshold_margin,0.8208252911695432
V3-1,B5,4,29,natural_missingness,fb82651717076e658cf67e62ccd41ca247d29c994518945706edefcf0b635aa0,6e6d03276a3a9e296c947d952682908c617779fb615c36d7731affe0d97cdfbd,extrasensory-robust-gated-fold4-seed29-full,0.25,0.2500098019996079,12753,0.2803262048564806,0.6842147365223326,0.8725138215821445,132552,mean_normalized_threshold_margin,0.7802631287411478
V3-1,B5,4,29,natural_missingness,fb82651717076e658cf67e62ccd41ca247d29c994518945706edefcf0b635aa0,6e6d03276a3a9e296c947d952682908c617779fb615c36d7731affe0d97cdfbd,extrasensory-robust-gated-fold4-seed29-full,0.3,0.3,15303,0.2993572133628998,0.6897808597456695,0.858481681927,158576,mean_normalized_threshold_margin,0.7469089411280899
V3-1,B5,4,29,natural_missingness,fb82651717076e658cf67e62ccd41ca247d29c994518945706edefcf0b635aa0,6e6d03276a3a9e296c947d952682908c617779fb615c36d7731affe0d97cdfbd,extrasensory-robust-gated-fold4-seed29-full,0.35,0.3500098019996079,17854,0.325942350251413,0.6966734881223279,0.8398314941697373,183789,mean_normalized_threshold_margin,0.7191040508695372
V3-1,B5,4,29,natural_missingness,fb82651717076e658cf67e62ccd41ca247d29c994518945706edefcf0b635aa0,6e6d03276a3a9e296c947d952682908c617779fb615c36d7731affe0d97cdfbd,extrasensory-robust-gated-fold4-seed29-full,0.4,0.4,20404,0.3404203740001333,0.6999982822433513,0.821958963504148,209788,mean_normalized_threshold_margin,0.6974858181803402
V3-1,B5,4,29,natural_missingness,fb82651717076e658cf67e62ccd41ca247d29c994518945706edefcf0b635aa0,6e6d03276a3a9e296c947d952682908c617779fb615c36d7731affe0d97cdfbd,extrasensory-robust-gated-fold4-seed29-full,0.45,0.4500098019996079,22955,0.354777432712428,0.7016949285266108,0.8070983782304236,235323,mean_normalized_threshold_margin,0.6774440469816306
V3-1,B5,4,29,natural_missingness,fb82651717076e658cf67e62ccd41ca247d29c994518945706edefcf0b635aa0,6e6d03276a3a9e296c947d952682908c617779fb615c36d7731affe0d97cdfbd,extrasensory-robust-gated-fold4-seed29-full,0.5,0.5,25505,0.3661383649617504,0.7048978921167477,0.7953823635007871,260302,mean_normalized_threshold_margin,0.6584727789574019
V3-1,B5,4,29,natural_missingness,fb82651717076e658cf67e62ccd41ca247d29c994518945706edefcf0b635aa0,6e6d03276a3a9e296c947d952682908c617779fb615c36d7731affe0d97cdfbd,extrasensory-robust-gated-fold4-seed29-full,0.55,0.5500098019996079,28056,0.3774657852013973,0.703534796901332,0.7850820222654493,284973,mean_normalized_threshold_margin,0.6395750594756432
V3-1,B5,4,29,natural_missingness,fb82651717076e658cf67e62ccd41ca247d29c994518945706edefcf0b635aa0,6e6d03276a3a9e296c947d952682908c617779fb615c36d7731affe0d97cdfbd,extrasensory-robust-gated-fold4-seed29-full,0.6,0.6,30606,0.3901095280981672,0.6982671495205576,0.7741893842488822,309647,mean_normalized_threshold_margin,0.6187278292821545
V3-1,B5,4,29,natural_missingness,fb82651717076e658cf67e62ccd41ca247d29c994518945706edefcf0b635aa0,6e6d03276a3a9e296c947d952682908c617779fb615c36d7731affe0d97cdfbd,extrasensory-robust-gated-fold4-seed29-full,0.65,0.6500098019996079,33157,0.4015616460956615,0.6908463222874749,0.763105064793694,334049,mean_normalized_threshold_margin,0.5975499861843996
V3-1,B5,4,29,natural_missingness,fb82651717076e658cf67e62ccd41ca247d29c994518945706edefcf0b635aa0,6e6d03276a3a9e296c947d952682908c617779fb615c36d7731affe0d97cdfbd,extrasensory-robust-gated-fold4-seed29-full,0.7,0.7,35707,0.412104206414941,0.6831499065538963,0.7522788093797742,358477,mean_normalized_threshold_margin,0.5750551324539833
V3-1,B5,4,29,natural_missingness,fb82651717076e658cf67e62ccd41ca247d29c994518945706edefcf0b635aa0,6e6d03276a3a9e296c947d952682908c617779fb615c36d7731affe0d97cdfbd,extrasensory-robust-gated-fold4-seed29-full,0.75,0.7500098019996079,38258,0.4221015645610121,0.6734965025813457,0.7414877886130146,382388,mean_normalized_threshold_margin,0.5533770006163201
V3-1,B5,4,29,natural_missingness,fb82651717076e658cf67e62ccd41ca247d29c994518945706edefcf0b635aa0,6e6d03276a3a9e296c947d952682908c617779fb615c36d7731affe0d97cdfbd,extrasensory-robust-gated-fold4-seed29-full,0.8,0.8,40808,0.4308137644363214,0.6630666501761272,0.7306960055651155,405789,mean_normalized_threshold_margin,0.5306356183757771
V3-1,B5,4,29,natural_missingness,fb82651717076e658cf67e62ccd41ca247d29c994518945706edefcf0b635aa0,6e6d03276a3a9e296c947d952682908c617779fb615c36d7731affe0d97cdfbd,extrasensory-robust-gated-fold4-seed29-full,0.85,0.850009801999608,43359,0.4394599672075736,0.6508556140913728,0.7203545816041258,429769,mean_normalized_threshold_margin,0.5049514172318001
V3-1,B5,4,29,natural_missingness,fb82651717076e658cf67e62ccd41ca247d29c994518945706edefcf0b635aa0,6e6d03276a3a9e296c947d952682908c617779fb615c36d7731affe0d97cdfbd,extrasensory-robust-gated-fold4-seed29-full,0.9,0.9,45909,0.4479547701003369,0.6362838658173687,0.7103225513693685,454288,mean_normalized_threshold_margin,0.4745347937628139
V3-1,B5,4,29,natural_missingness,fb82651717076e658cf67e62ccd41ca247d29c994518945706edefcf0b635aa0,6e6d03276a3a9e296c947d952682908c617779fb615c36d7731affe0d97cdfbd,extrasensory-robust-gated-fold4-seed29-full,0.95,0.950009801999608,48460,0.4565288690324846,0.6198105726980244,0.6997903926017224,479083,mean_normalized_threshold_margin,0.437035404104819
V3-1,B5,4,29,natural_missingness,fb82651717076e658cf67e62ccd41ca247d29c994518945706edefcf0b635aa0,6e6d03276a3a9e296c947d952682908c617779fb615c36d7731affe0d97cdfbd,extrasensory-robust-gated-fold4-seed29-full,1.0,1.0,51010,0.4671288090759093,0.603662875526986,0.6885668397265903,504726,mean_normalized_threshold_margin,0.3005675506305227
V3-1,P,4,29,natural_missingness,fb82651717076e658cf67e62ccd41ca247d29c994518945706edefcf0b635aa0,7f1a39b15375ce508829976650397227209d937e492ca1699706301eaa5bf0b1,extrasensory-quality-aware-fold4-seed29-full,0.05,0.0500098019996079,2551,0.5413438576164724,0.4402025383121787,0.8483353884093712,24408,mean_binary_certainty,0.9471209594398632
V3-1,P,4,29,natural_missingness,fb82651717076e658cf67e62ccd41ca247d29c994518945706edefcf0b635aa0,7f1a39b15375ce508829976650397227209d937e492ca1699706301eaa5bf0b1,extrasensory-quality-aware-fold4-seed29-full,0.1,0.1,5101,0.3837456985409728,0.5989589103513452,0.8726481505183669,53360,mean_binary_certainty,0.9032584561921058
V3-1,P,4,29,natural_missingness,fb82651717076e658cf67e62ccd41ca247d29c994518945706edefcf0b635aa0,7f1a39b15375ce508829976650397227209d937e492ca1699706301eaa5bf0b1,extrasensory-quality-aware-fold4-seed29-full,0.15,0.1500098019996079,7652,0.3744929037626681,0.7016556664046562,0.8661532190590607,78692,mean_binary_certainty,0.84886871607152
V3-1,P,4,29,natural_missingness,fb82651717076e658cf67e62ccd41ca247d29c994518945706edefcf0b635aa0,7f1a39b15375ce508829976650397227209d937e492ca1699706301eaa5bf0b1,extrasensory-quality-aware-fold4-seed29-full,0.2,0.2,10202,0.3646811620478829,0.7000819022195987,0.8558832721948972,105356,mean_binary_certainty,0.7757783155241746
V3-1,P,4,29,natural_missingness,fb82651717076e658cf67e62ccd41ca247d29c994518945706edefcf0b635aa0,7f1a39b15375ce508829976650397227209d937e492ca1699706301eaa5bf0b1,extrasensory-quality-aware-fold4-seed29-full,0.25,0.2500098019996079,12753,0.3568699863209965,0.7052864326367689,0.8420615462936913,131446,mean_binary_certainty,0.7192985385749474
V3-1,P,4,29,natural_missingness,fb82651717076e658cf67e62ccd41ca247d29c994518945706edefcf0b635aa0,7f1a39b15375ce508829976650397227209d937e492ca1699706301eaa5bf0b1,extrasensory-quality-aware-fold4-seed29-full,0.3,0.3,15303,0.3553283334585695,0.7087311877706198,0.8291981708697423,157505,mean_binary_certainty,0.6733718264168613
V3-1,P,4,29,natural_missingness,fb82651717076e658cf67e62ccd41ca247d29c994518945706edefcf0b635aa0,7f1a39b15375ce508829976650397227209d937e492ca1699706301eaa5bf0b1,extrasensory-quality-aware-fold4-seed29-full,0.35,0.3500098019996079,17854,0.3688908358956104,0.7059661051501664,0.8129304839105871,182432,mean_binary_certainty,0.6356649581199032
V3-1,P,4,29,natural_missingness,fb82651717076e658cf67e62ccd41ca247d29c994518945706edefcf0b635aa0,7f1a39b15375ce508829976650397227209d937e492ca1699706301eaa5bf0b1,extrasensory-quality-aware-fold4-seed29-full,0.4,0.4,20404,0.3776355495721628,0.7002913581682576,0.7979059780667752,207054,mean_binary_certainty,0.6029891121484481
V3-1,P,4,29,natural_missingness,fb82651717076e658cf67e62ccd41ca247d29c994518945706edefcf0b635aa0,7f1a39b15375ce508829976650397227209d937e492ca1699706301eaa5bf0b1,extrasensory-quality-aware-fold4-seed29-full,0.45,0.4500098019996079,22955,0.3868551172341725,0.6894061975964749,0.7841668560146046,231823,mean_binary_certainty,0.573445460340019
V3-1,P,4,29,natural_missingness,fb82651717076e658cf67e62ccd41ca247d29c994518945706edefcf0b635aa0,7f1a39b15375ce508829976650397227209d937e492ca1699706301eaa5bf0b1,extrasensory-quality-aware-fold4-seed29-full,0.5,0.5,25505,0.3950077978059304,0.6815626081159755,0.7712775443527389,256250,mean_binary_certainty,0.5435432404032786
V3-1,P,4,29,natural_missingness,fb82651717076e658cf67e62ccd41ca247d29c994518945706edefcf0b635aa0,7f1a39b15375ce508829976650397227209d937e492ca1699706301eaa5bf0b1,extrasensory-quality-aware-fold4-seed29-full,0.55,0.5500098019996079,28056,0.4027258890000604,0.6703164647615677,0.7581563618316224,280994,mean_binary_certainty,0.5168686124839621
V3-1,P,4,29,natural_missingness,fb82651717076e658cf67e62ccd41ca247d29c994518945706edefcf0b635aa0,7f1a39b15375ce508829976650397227209d937e492ca1699706301eaa5bf0b1,extrasensory-quality-aware-fold4-seed29-full,0.6,0.6,30606,0.4094640484266309,0.6607837703565865,0.7464191686191155,305366,mean_binary_certainty,0.4913665850318076
V3-1,P,4,29,natural_missingness,fb82651717076e658cf67e62ccd41ca247d29c994518945706edefcf0b635aa0,7f1a39b15375ce508829976650397227209d937e492ca1699706301eaa5bf0b1,extrasensory-quality-aware-fold4-seed29-full,0.65,0.6500098019996079,33157,0.4155817743192401,0.6518177649604316,0.7359769740170671,329157,mean_binary_certainty,0.4663840450945661
V3-1,P,4,29,natural_missingness,fb82651717076e658cf67e62ccd41ca247d29c994518945706edefcf0b635aa0,7f1a39b15375ce508829976650397227209d937e492ca1699706301eaa5bf0b1,extrasensory-quality-aware-fold4-seed29-full,0.7,0.7,35707,0.4205950214855171,0.6438840341932313,0.7271150996731854,353074,mean_binary_certainty,0.439771445904477
V3-1,P,4,29,natural_missingness,fb82651717076e658cf67e62ccd41ca247d29c994518945706edefcf0b635aa0,7f1a39b15375ce508829976650397227209d937e492ca1699706301eaa5bf0b1,extrasensory-quality-aware-fold4-seed29-full,0.75,0.7500098019996079,38258,0.4262041585464836,0.6365547421953773,0.718580285243995,377210,mean_binary_certainty,0.4109892998425383
V3-1,P,4,29,natural_missingness,fb82651717076e658cf67e62ccd41ca247d29c994518945706edefcf0b635aa0,7f1a39b15375ce508829976650397227209d937e492ca1699706301eaa5bf0b1,extrasensory-quality-aware-fold4-seed29-full,0.8,0.8,40808,0.4323414420154818,0.6275938072951887,0.7096418579660201,401943,mean_binary_certainty,0.3794417013123339
V3-1,P,4,29,natural_missingness,fb82651717076e658cf67e62ccd41ca247d29c994518945706edefcf0b635aa0,7f1a39b15375ce508829976650397227209d937e492ca1699706301eaa5bf0b1,extrasensory-quality-aware-fold4-seed29-full,0.85,0.850009801999608,43359,0.4388988280964899,0.6194017511768866,0.7013868268911673,427029,mean_binary_certainty,0.3416348453437164
V3-1,P,4,29,natural_missingness,fb82651717076e658cf67e62ccd41ca247d29c994518945706edefcf0b635aa0,7f1a39b15375ce508829976650397227209d937e492ca1699706301eaa5bf0b1,extrasensory-quality-aware-fold4-seed29-full,0.9,0.9,45909,0.4454166203515977,0.6108182748757216,0.6928129941660026,451975,mean_binary_certainty,0.2975327435854146
V3-1,P,4,29,natural_missingness,fb82651717076e658cf67e62ccd41ca247d29c994518945706edefcf0b635aa0,7f1a39b15375ce508829976650397227209d937e492ca1699706301eaa5bf0b1,extrasensory-quality-aware-fold4-seed29-full,0.95,0.950009801999608,48460,0.4526675850166318,0.6030557766568708,0.6841423240854944,477995,mean_binary_certainty,0.2387701333615225
V3-1,P,4,29,natural_missingness,fb82651717076e658cf67e62ccd41ca247d29c994518945706edefcf0b635aa0,7f1a39b15375ce508829976650397227209d937e492ca1699706301eaa5bf0b1,extrasensory-quality-aware-fold4-seed29-full,1.0,1.0,51010,0.4610190116809847,0.5940934950146731,0.6749528468702111,504726,mean_binary_certainty,0.0515777101623714
V3-1,P,4,29,natural_missingness,fb82651717076e658cf67e62ccd41ca247d29c994518945706edefcf0b635aa0,7f1a39b15375ce508829976650397227209d937e492ca1699706301eaa5bf0b1,extrasensory-quality-aware-fold4-seed29-full,0.05,0.0500098019996079,2551,0.5596889482068231,0.4403392974905278,0.8444474686989657,24430,mean_normalized_threshold_margin,0.9823406272603472
V3-1,P,4,29,natural_missingness,fb82651717076e658cf67e62ccd41ca247d29c994518945706edefcf0b635aa0,7f1a39b15375ce508829976650397227209d937e492ca1699706301eaa5bf0b1,extrasensory-quality-aware-fold4-seed29-full,0.1,0.1,5101,0.4166726855617606,0.6136019650142026,0.8615639855789171,52517,mean_normalized_threshold_margin,0.9596460155223372
V3-1,P,4,29,natural_missingness,fb82651717076e658cf67e62ccd41ca247d29c994518945706edefcf0b635aa0,7f1a39b15375ce508829976650397227209d937e492ca1699706301eaa5bf0b1,extrasensory-quality-aware-fold4-seed29-full,0.15,0.1500098019996079,7652,0.3847099299185238,0.6605993426809783,0.8626612196008813,78954,mean_normalized_threshold_margin,0.9299674869032458
V3-1,P,4,29,natural_missingness,fb82651717076e658cf67e62ccd41ca247d29c994518945706edefcf0b635aa0,7f1a39b15375ce508829976650397227209d937e492ca1699706301eaa5bf0b1,extrasensory-quality-aware-fold4-seed29-full,0.2,0.2,10202,0.3727907938948334,0.6984432463120046,0.8521068484988912,104654,mean_normalized_threshold_margin,0.8897405857699485
V3-1,P,4,29,natural_missingness,fb82651717076e658cf67e62ccd41ca247d29c994518945706edefcf0b635aa0,7f1a39b15375ce508829976650397227209d937e492ca1699706301eaa5bf0b1,extrasensory-quality-aware-fold4-seed29-full,0.25,0.2500098019996079,12753,0.3670137183812282,0.7155992244158013,0.8392133476098182,130418,mean_normalized_threshold_margin,0.8525308084926696
V3-1,P,4,29,natural_missingness,fb82651717076e658cf67e62ccd41ca247d29c994518945706edefcf0b635aa0,7f1a39b15375ce508829976650397227209d937e492ca1699706301eaa5bf0b1,extrasensory-quality-aware-fold4-seed29-full,0.3,0.3,15303,0.3682890017004542,0.7176761157654764,0.8244971534837024,156223,mean_normalized_threshold_margin,0.8238456783331551
V3-1,P,4,29,natural_missingness,fb82651717076e658cf67e62ccd41ca247d29c994518945706edefcf0b635aa0,7f1a39b15375ce508829976650397227209d937e492ca1699706301eaa5bf0b1,extrasensory-quality-aware-fold4-seed29-full,0.35,0.3500098019996079,17854,0.3805321804474102,0.7177375129259077,0.8099176824441982,181463,mean_normalized_threshold_margin,0.7976302312475545
V3-1,P,4,29,natural_missingness,fb82651717076e658cf67e62ccd41ca247d29c994518945706edefcf0b635aa0,7f1a39b15375ce508829976650397227209d937e492ca1699706301eaa5bf0b1,extrasensory-quality-aware-fold4-seed29-full,0.4,0.4,20404,0.386944941008247,0.710546053591975,0.7965660133233088,206836,mean_normalized_threshold_margin,0.7744625239944367
V3-1,P,4,29,natural_missingness,fb82651717076e658cf67e62ccd41ca247d29c994518945706edefcf0b635aa0,7f1a39b15375ce508829976650397227209d937e492ca1699706301eaa5bf0b1,extrasensory-quality-aware-fold4-seed29-full,0.45,0.4500098019996079,22955,0.3950173237860296,0.7010919451496672,0.7814411831519908,232166,mean_normalized_threshold_margin,0.7527592647407914
V3-1,P,4,29,natural_missingness,fb82651717076e658cf67e62ccd41ca247d29c994518945706edefcf0b635aa0,7f1a39b15375ce508829976650397227209d937e492ca1699706301eaa5bf0b1,extrasensory-quality-aware-fold4-seed29-full,0.5,0.5,25505,0.4012695866072513,0.6949453240170324,0.7691194620589863,257313,mean_normalized_threshold_margin,0.7323541908967905
V3-1,P,4,29,natural_missingness,fb82651717076e658cf67e62ccd41ca247d29c994518945706edefcf0b635aa0,7f1a39b15375ce508829976650397227209d937e492ca1699706301eaa5bf0b1,extrasensory-quality-aware-fold4-seed29-full,0.55,0.5500098019996079,28056,0.4057693649032152,0.6872298068313054,0.7586761425533018,282187,mean_normalized_threshold_margin,0.7125033732666509
V3-1,P,4,29,natural_missingness,fb82651717076e658cf67e62ccd41ca247d29c994518945706edefcf0b635aa0,7f1a39b15375ce508829976650397227209d937e492ca1699706301eaa5bf0b1,extrasensory-quality-aware-fold4-seed29-full,0.6,0.6,30606,0.4118644588428345,0.6774284405010459,0.7481237656352864,306851,mean_normalized_threshold_margin,0.6912748452430838
V3-1,P,4,29,natural_missingness,fb82651717076e658cf67e62ccd41ca247d29c994518945706edefcf0b635aa0,7f1a39b15375ce508829976650397227209d937e492ca1699706301eaa5bf0b1,extrasensory-quality-aware-fold4-seed29-full,0.65,0.6500098019996079,33157,0.4175764038645269,0.6663913031523788,0.7382146550861312,331211,mean_normalized_threshold_margin,0.6688346415840732
V3-1,P,4,29,natural_missingness,fb82651717076e658cf67e62ccd41ca247d29c994518945706edefcf0b635aa0,7f1a39b15375ce508829976650397227209d937e492ca1699706301eaa5bf0b1,extrasensory-quality-aware-fold4-seed29-full,0.7,0.7,35707,0.4229276736944414,0.6560455738683728,0.7288823312430838,355239,mean_normalized_threshold_margin,0.6466103522700654
V3-1,P,4,29,natural_missingness,fb82651717076e658cf67e62ccd41ca247d29c994518945706edefcf0b635aa0,7f1a39b15375ce508829976650397227209d937e492ca1699706301eaa5bf0b1,extrasensory-quality-aware-fold4-seed29-full,0.75,0.7500098019996079,38258,0.4278617710647049,0.6468124859270905,0.7202185792349727,379391,mean_normalized_threshold_margin,0.6226515815065822
V3-1,P,4,29,natural_missingness,fb82651717076e658cf67e62ccd41ca247d29c994518945706edefcf0b635aa0,7f1a39b15375ce508829976650397227209d937e492ca1699706301eaa5bf0b1,extrasensory-quality-aware-fold4-seed29-full,0.8,0.8,40808,0.4330208054720216,0.6366040109625232,0.7120227867873387,403675,mean_normalized_threshold_margin,0.5962608112016952
V3-1,P,4,29,natural_missingness,fb82651717076e658cf67e62ccd41ca247d29c994518945706edefcf0b635aa0,7f1a39b15375ce508829976650397227209d937e492ca1699706301eaa5bf0b1,extrasensory-quality-aware-fold4-seed29-full,0.85,0.850009801999608,43359,0.4388960207971341,0.6274774303076595,0.703410456535226,428292,mean_normalized_threshold_margin,0.5656072851955865
V3-1,P,4,29,natural_missingness,fb82651717076e658cf67e62ccd41ca247d29c994518945706edefcf0b635aa0,7f1a39b15375ce508829976650397227209d937e492ca1699706301eaa5bf0b1,extrasensory-quality-aware-fold4-seed29-full,0.9,0.9,45909,0.4452463012245708,0.617385363374845,0.6949057874591362,452927,mean_normalized_threshold_margin,0.5290397729835113
V3-1,P,4,29,natural_missingness,fb82651717076e658cf67e62ccd41ca247d29c994518945706edefcf0b635aa0,7f1a39b15375ce508829976650397227209d937e492ca1699706301eaa5bf0b1,extrasensory-quality-aware-fold4-seed29-full,0.95,0.950009801999608,48460,0.4520421135585193,0.6064148183891189,0.6856640117098389,478049,mean_normalized_threshold_margin,0.4779403738673083
V3-1,P,4,29,natural_missingness,fb82651717076e658cf67e62ccd41ca247d29c994518945706edefcf0b635aa0,7f1a39b15375ce508829976650397227209d937e492ca1699706301eaa5bf0b1,extrasensory-quality-aware-fold4-seed29-full,1.0,1.0,51010,0.4610190116809847,0.5940934950146731,0.6749528468702111,504726,mean_normalized_threshold_margin,0.2272133110090551
V3-1,P2,4,29,natural_missingness,fb82651717076e658cf67e62ccd41ca247d29c994518945706edefcf0b635aa0,fdfb479e3a4067e69be7dcb34610d1f8aa3d1ffcb924a65827419fb34846aa22,extrasensory-p2-fold4-seed29-v2_multiseed,0.05,0.0500098019996079,2551,0.3654601537227656,0.3765580987707853,0.8552332575858842,24998,mean_binary_certainty,0.9385069321427372
V3-1,P2,4,29,natural_missingness,fb82651717076e658cf67e62ccd41ca247d29c994518945706edefcf0b635aa0,fdfb479e3a4067e69be7dcb34610d1f8aa3d1ffcb924a65827419fb34846aa22,extrasensory-p2-fold4-seed29-v2_multiseed,0.1,0.1,5101,0.2498847239307929,0.3916649271332695,0.8900176541642147,55105,mean_binary_certainty,0.9047215601898134
V3-1,P2,4,29,natural_missingness,fb82651717076e658cf67e62ccd41ca247d29c994518945706edefcf0b635aa0,fdfb479e3a4067e69be7dcb34610d1f8aa3d1ffcb924a65827419fb34846aa22,extrasensory-p2-fold4-seed29-v2_multiseed,0.15,0.1500098019996079,7652,0.2388463063203975,0.6010572689642917,0.8900307897145711,82256,mean_binary_certainty,0.8041040652569647
V3-1,P2,4,29,natural_missingness,fb82651717076e658cf67e62ccd41ca247d29c994518945706edefcf0b635aa0,fdfb479e3a4067e69be7dcb34610d1f8aa3d1ffcb924a65827419fb34846aa22,extrasensory-p2-fold4-seed29-v2_multiseed,0.2,0.2,10202,0.2651113812484653,0.6497060108274622,0.8734419785439358,107157,mean_binary_certainty,0.7256483721832356
V3-1,P2,4,29,natural_missingness,fb82651717076e658cf67e62ccd41ca247d29c994518945706edefcf0b635aa0,fdfb479e3a4067e69be7dcb34610d1f8aa3d1ffcb924a65827419fb34846aa22,extrasensory-p2-fold4-seed29-v2_multiseed,0.25,0.2500098019996079,12753,0.2700268642627199,0.6830080674803468,0.8608227450666025,133186,mean_binary_certainty,0.6649763200945763
V3-1,P2,4,29,natural_missingness,fb82651717076e658cf67e62ccd41ca247d29c994518945706edefcf0b635aa0,fdfb479e3a4067e69be7dcb34610d1f8aa3d1ffcb924a65827419fb34846aa22,extrasensory-p2-fold4-seed29-v2_multiseed,0.3,0.3,15303,0.2814684285507933,0.7001696075375834,0.8451270468661773,158585,mean_binary_certainty,0.6126547971782268
V3-1,P2,4,29,natural_missingness,fb82651717076e658cf67e62ccd41ca247d29c994518945706edefcf0b635aa0,fdfb479e3a4067e69be7dcb34610d1f8aa3d1ffcb924a65827419fb34846aa22,extrasensory-p2-fold4-seed29-v2_multiseed,0.35,0.3500098019996079,17854,0.2979911109285086,0.7066490292853401,0.8288477588492317,183874,mean_binary_certainty,0.5667534778067586
V3-1,P2,4,29,natural_missingness,fb82651717076e658cf67e62ccd41ca247d29c994518945706edefcf0b635aa0,fdfb479e3a4067e69be7dcb34610d1f8aa3d1ffcb924a65827419fb34846aa22,extrasensory-p2-fold4-seed29-v2_multiseed,0.4,0.4,20404,0.3171563798566301,0.7088527845231783,0.8120072294837206,208164,mean_binary_certainty,0.5303584959732596
V3-1,P2,4,29,natural_missingness,fb82651717076e658cf67e62ccd41ca247d29c994518945706edefcf0b635aa0,fdfb479e3a4067e69be7dcb34610d1f8aa3d1ffcb924a65827419fb34846aa22,extrasensory-p2-fold4-seed29-v2_multiseed,0.45,0.4500098019996079,22955,0.3303844513370405,0.7056462270734019,0.7992749339953501,232566,mean_binary_certainty,0.4984805563893593
V3-1,P2,4,29,natural_missingness,fb82651717076e658cf67e62ccd41ca247d29c994518945706edefcf0b635aa0,fdfb479e3a4067e69be7dcb34610d1f8aa3d1ffcb924a65827419fb34846aa22,extrasensory-p2-fold4-seed29-v2_multiseed,0.5,0.5,25505,0.3412337679451921,0.6969812582791711,0.7866988855628089,256339,mean_binary_certainty,0.4703178989394018
V3-1,P2,4,29,natural_missingness,fb82651717076e658cf67e62ccd41ca247d29c994518945706edefcf0b635aa0,fdfb479e3a4067e69be7dcb34610d1f8aa3d1ffcb924a65827419fb34846aa22,extrasensory-p2-fold4-seed29-v2_multiseed,0.55,0.5500098019996079,28056,0.3530815800788753,0.6862838247956314,0.7744552588599275,280170,mean_binary_certainty,0.4452284195082572
V3-1,P2,4,29,natural_missingness,fb82651717076e658cf67e62ccd41ca247d29c994518945706edefcf0b635aa0,fdfb479e3a4067e69be7dcb34610d1f8aa3d1ffcb924a65827419fb34846aa22,extrasensory-p2-fold4-seed29-v2_multiseed,0.6,0.6,30606,0.3652768060333152,0.6765783807076795,0.7628553364148083,304174,mean_binary_certainty,0.4203701737796285
V3-1,P2,4,29,natural_missingness,fb82651717076e658cf67e62ccd41ca247d29c994518945706edefcf0b635aa0,fdfb479e3a4067e69be7dcb34610d1f8aa3d1ffcb924a65827419fb34846aa22,extrasensory-p2-fold4-seed29-v2_multiseed,0.65,0.6500098019996079,33157,0.3749064270752471,0.6697364632481957,0.7528760240929463,327857,mean_binary_certainty,0.395104609680925
V3-1,P2,4,29,natural_missingness,fb82651717076e658cf67e62ccd41ca247d29c994518945706edefcf0b635aa0,fdfb479e3a4067e69be7dcb34610d1f8aa3d1ffcb924a65827419fb34846aa22,extrasensory-p2-fold4-seed29-v2_multiseed,0.7,0.7,35707,0.3846325348747615,0.6618608150217623,0.743173073331092,351728,mean_binary_certainty,0.3687885076789173
V3-1,P2,4,29,natural_missingness,fb82651717076e658cf67e62ccd41ca247d29c994518945706edefcf0b635aa0,fdfb479e3a4067e69be7dcb34610d1f8aa3d1ffcb924a65827419fb34846aa22,extrasensory-p2-fold4-seed29-v2_multiseed,0.75,0.7500098019996079,38258,0.3945307107985351,0.6527401036340268,0.7334849653818022,375569,mean_binary_certainty,0.3418375692051595
V3-1,P2,4,29,natural_missingness,fb82651717076e658cf67e62ccd41ca247d29c994518945706edefcf0b635aa0,fdfb479e3a4067e69be7dcb34610d1f8aa3d1ffcb924a65827419fb34846aa22,extrasensory-p2-fold4-seed29-v2_multiseed,0.8,0.8,40808,0.4055608080519542,0.6440117185318807,0.7235648265920461,400445,mean_binary_certainty,0.312975752497477
V3-1,P2,4,29,natural_missingness,fb82651717076e658cf67e62ccd41ca247d29c994518945706edefcf0b635aa0,fdfb479e3a4067e69be7dcb34610d1f8aa3d1ffcb924a65827419fb34846aa22,extrasensory-p2-fold4-seed29-v2_multiseed,0.85,0.850009801999608,43359,0.4168599379001367,0.6339254072630726,0.7140085163822693,425754,mean_binary_certainty,0.2835479309939112
V3-1,P2,4,29,natural_missingness,fb82651717076e658cf67e62ccd41ca247d29c994518945706edefcf0b635aa0,fdfb479e3a4067e69be7dcb34610d1f8aa3d1ffcb924a65827419fb34846aa22,extrasensory-p2-fold4-seed29-v2_multiseed,0.9,0.9,45909,0.4271105047889845,0.6242987793878484,0.704480413641106,451578,mean_binary_certainty,0.2505024843384162
V3-1,P2,4,29,natural_missingness,fb82651717076e658cf67e62ccd41ca247d29c994518945706edefcf0b635aa0,fdfb479e3a4067e69be7dcb34610d1f8aa3d1ffcb924a65827419fb34846aa22,extrasensory-p2-fold4-seed29-v2_multiseed,0.95,0.950009801999608,48460,0.4379544181218571,0.6133106288298412,0.6943959597398845,477896,mean_binary_certainty,0.2083333137583207
V3-1,P2,4,29,natural_missingness,fb82651717076e658cf67e62ccd41ca247d29c994518945706edefcf0b635aa0,fdfb479e3a4067e69be7dcb34610d1f8aa3d1ffcb924a65827419fb34846aa22,extrasensory-p2-fold4-seed29-v2_multiseed,1.0,1.0,51010,0.44783220093212,0.6024232840375966,0.6845457843808327,504726,mean_binary_certainty,0.0524861281392726
V3-1,P2,4,29,natural_missingness,fb82651717076e658cf67e62ccd41ca247d29c994518945706edefcf0b635aa0,fdfb479e3a4067e69be7dcb34610d1f8aa3d1ffcb924a65827419fb34846aa22,extrasensory-p2-fold4-seed29-v2_multiseed,0.05,0.0500098019996079,2551,0.3830341605931462,0.3752811992527959,0.8503851871874578,24846,mean_normalized_threshold_margin,0.9747463623786712
V3-1,P2,4,29,natural_missingness,fb82651717076e658cf67e62ccd41ca247d29c994518945706edefcf0b635aa0,fdfb479e3a4067e69be7dcb34610d1f8aa3d1ffcb924a65827419fb34846aa22,extrasensory-p2-fold4-seed29-v2_multiseed,0.1,0.1,5101,0.2617636093084385,0.5343378563160691,0.8856587933086899,54248,mean_normalized_threshold_margin,0.9486530979911956
V3-1,P2,4,29,natural_missingness,fb82651717076e658cf67e62ccd41ca247d29c994518945706edefcf0b635aa0,fdfb479e3a4067e69be7dcb34610d1f8aa3d1ffcb924a65827419fb34846aa22,extrasensory-p2-fold4-seed29-v2_multiseed,0.15,0.1500098019996079,7652,0.2581561619180747,0.6101588818168687,0.8900104346344684,80821,mean_normalized_threshold_margin,0.9099484444400848
V3-1,P2,4,29,natural_missingness,fb82651717076e658cf67e62ccd41ca247d29c994518945706edefcf0b635aa0,fdfb479e3a4067e69be7dcb34610d1f8aa3d1ffcb924a65827419fb34846aa22,extrasensory-p2-fold4-seed29-v2_multiseed,0.2,0.2,10202,0.2702066016985185,0.5974636889659983,0.8772174838312801,105898,mean_normalized_threshold_margin,0.8681471400891904
V3-1,P2,4,29,natural_missingness,fb82651717076e658cf67e62ccd41ca247d29c994518945706edefcf0b635aa0,fdfb479e3a4067e69be7dcb34610d1f8aa3d1ffcb924a65827419fb34846aa22,extrasensory-p2-fold4-seed29-v2_multiseed,0.25,0.2500098019996079,12753,0.2753323284475413,0.6247769689358257,0.8626594984976488,131869,mean_normalized_threshold_margin,0.8292798579100665
V3-1,P2,4,29,natural_missingness,fb82651717076e658cf67e62ccd41ca247d29c994518945706edefcf0b635aa0,fdfb479e3a4067e69be7dcb34610d1f8aa3d1ffcb924a65827419fb34846aa22,extrasensory-p2-fold4-seed29-v2_multiseed,0.3,0.3,15303,0.2861347739506291,0.6963447731670744,0.8463715177957407,157872,mean_normalized_threshold_margin,0.7918136749380421
V3-1,P2,4,29,natural_missingness,fb82651717076e658cf67e62ccd41ca247d29c994518945706edefcf0b635aa0,fdfb479e3a4067e69be7dcb34610d1f8aa3d1ffcb924a65827419fb34846aa22,extrasensory-p2-fold4-seed29-v2_multiseed,0.35,0.3500098019996079,17854,0.3073205825406521,0.7148310350237388,0.8276123317209627,183477,mean_normalized_threshold_margin,0.761002126116877
V3-1,P2,4,29,natural_missingness,fb82651717076e658cf67e62ccd41ca247d29c994518945706edefcf0b635aa0,fdfb479e3a4067e69be7dcb34610d1f8aa3d1ffcb924a65827419fb34846aa22,extrasensory-p2-fold4-seed29-v2_multiseed,0.4,0.4,20404,0.3232059644578138,0.7161887740156916,0.8120018591520201,209138,mean_normalized_threshold_margin,0.7316157743245603
V3-1,P2,4,29,natural_missingness,fb82651717076e658cf67e62ccd41ca247d29c994518945706edefcf0b635aa0,fdfb479e3a4067e69be7dcb34610d1f8aa3d1ffcb924a65827419fb34846aa22,extrasensory-p2-fold4-seed29-v2_multiseed,0.45,0.4500098019996079,22955,0.3363932507896665,0.7183595387491055,0.799425983504741,234657,mean_normalized_threshold_margin,0.7061341352632842
V3-1,P2,4,29,natural_missingness,fb82651717076e658cf67e62ccd41ca247d29c994518945706edefcf0b635aa0,fdfb479e3a4067e69be7dcb34610d1f8aa3d1ffcb924a65827419fb34846aa22,extrasensory-p2-fold4-seed29-v2_multiseed,0.5,0.5,25505,0.3467882677695705,0.7174354688873221,0.7888761017234603,259612,mean_normalized_threshold_margin,0.6835554345630217
V3-1,P2,4,29,natural_missingness,fb82651717076e658cf67e62ccd41ca247d29c994518945706edefcf0b635aa0,fdfb479e3a4067e69be7dcb34610d1f8aa3d1ffcb924a65827419fb34846aa22,extrasensory-p2-fold4-seed29-v2_multiseed,0.55,0.5500098019996079,28056,0.3560495908648556,0.7109937747365642,0.7790942295530517,283824,mean_normalized_threshold_margin,0.66404320112937
V3-1,P2,4,29,natural_missingness,fb82651717076e658cf67e62ccd41ca247d29c994518945706edefcf0b635aa0,fdfb479e3a4067e69be7dcb34610d1f8aa3d1ffcb924a65827419fb34846aa22,extrasensory-p2-fold4-seed29-v2_multiseed,0.6,0.6,30606,0.3659247995328419,0.7031610851222551,0.768501051042958,307664,mean_normalized_threshold_margin,0.6451482604658474
V3-1,P2,4,29,natural_missingness,fb82651717076e658cf67e62ccd41ca247d29c994518945706edefcf0b635aa0,fdfb479e3a4067e69be7dcb34610d1f8aa3d1ffcb924a65827419fb34846aa22,extrasensory-p2-fold4-seed29-v2_multiseed,0.65,0.6500098019996079,33157,0.3752472311513561,0.693280262567482,0.758443502398865,331902,mean_normalized_threshold_margin,0.6251780341913514
V3-1,P2,4,29,natural_missingness,fb82651717076e658cf67e62ccd41ca247d29c994518945706edefcf0b635aa0,fdfb479e3a4067e69be7dcb34610d1f8aa3d1ffcb924a65827419fb34846aa22,extrasensory-p2-fold4-seed29-v2_multiseed,0.7,0.7,35707,0.3859894662595909,0.6832947878691908,0.7482637162491037,356008,mean_normalized_threshold_margin,0.6054717970194861
V3-1,P2,4,29,natural_missingness,fb82651717076e658cf67e62ccd41ca247d29c994518945706edefcf0b635aa0,fdfb479e3a4067e69be7dcb34610d1f8aa3d1ffcb924a65827419fb34846aa22,extrasensory-p2-fold4-seed29-v2_multiseed,0.75,0.7500098019996079,38258,0.3970601080902856,0.6729511754086097,0.7382547032857797,380397,mean_normalized_threshold_margin,0.5844791585256955
V3-1,P2,4,29,natural_missingness,fb82651717076e658cf67e62ccd41ca247d29c994518945706edefcf0b635aa0,fdfb479e3a4067e69be7dcb34610d1f8aa3d1ffcb924a65827419fb34846aa22,extrasensory-p2-fold4-seed29-v2_multiseed,0.8,0.8,40808,0.4069954315750216,0.660089506371249,0.7283292843240632,404406,mean_normalized_threshold_margin,0.5613274559864626
V3-1,P2,4,29,natural_missingness,fb82651717076e658cf67e62ccd41ca247d29c994518945706edefcf0b635aa0,fdfb479e3a4067e69be7dcb34610d1f8aa3d1ffcb924a65827419fb34846aa22,extrasensory-p2-fold4-seed29-v2_multiseed,0.85,0.850009801999608,43359,0.4165107038123766,0.6457869248495769,0.7182364200382813,428332,mean_normalized_threshold_margin,0.5344530183808771
V3-1,P2,4,29,natural_missingness,fb82651717076e658cf67e62ccd41ca247d29c994518945706edefcf0b635aa0,fdfb479e3a4067e69be7dcb34610d1f8aa3d1ffcb924a65827419fb34846aa22,extrasensory-p2-fold4-seed29-v2_multiseed,0.9,0.9,45909,0.4262515486847246,0.6320280569409388,0.7077611865636178,452765,mean_normalized_threshold_margin,0.5021802302926516
V3-1,P2,4,29,natural_missingness,fb82651717076e658cf67e62ccd41ca247d29c994518945706edefcf0b635aa0,fdfb479e3a4067e69be7dcb34610d1f8aa3d1ffcb924a65827419fb34846aa22,extrasensory-p2-fold4-seed29-v2_multiseed,0.95,0.950009801999608,48460,0.4364464639537141,0.6188298761697836,0.6968096461751334,477706,mean_normalized_threshold_margin,0.4559053578307642
V3-1,P2,4,29,natural_missingness,fb82651717076e658cf67e62ccd41ca247d29c994518945706edefcf0b635aa0,fdfb479e3a4067e69be7dcb34610d1f8aa3d1ffcb924a65827419fb34846aa22,extrasensory-p2-fold4-seed29-v2_multiseed,1.0,1.0,51010,0.44783220093212,0.6024232840375966,0.6845457843808327,504726,mean_normalized_threshold_margin,0.2225653635116016
V3-1,P2,4,29,natural_missingness,fb82651717076e658cf67e62ccd41ca247d29c994518945706edefcf0b635aa0,fdfb479e3a4067e69be7dcb34610d1f8aa3d1ffcb924a65827419fb34846aa22,extrasensory-p2-fold4-seed29-v2_multiseed,0.05,0.0500098019996079,2551,0.5738928477600668,0.4123656144257809,0.4958309094434749,21013,p2_system_reliability,0.9968563318252563
V3-1,P2,4,29,natural_missingness,fb82651717076e658cf67e62ccd41ca247d29c994518945706edefcf0b635aa0,fdfb479e3a4067e69be7dcb34610d1f8aa3d1ffcb924a65827419fb34846aa22,extrasensory-p2-fold4-seed29-v2_multiseed,0.1,0.1,5101,0.5470143154441479,0.4612423628019256,0.5301238090854697,43785,p2_system_reliability,0.9957842826843262
V3-1,P2,4,29,natural_missingness,fb82651717076e658cf67e62ccd41ca247d29c994518945706edefcf0b635aa0,fdfb479e3a4067e69be7dcb34610d1f8aa3d1ffcb924a65827419fb34846aa22,extrasensory-p2-fold4-seed29-v2_multiseed,0.15,0.1500098019996079,7652,0.5338750147771205,0.5187961911969289,0.5647100320390347,67632,p2_system_reliability,0.994837522506714
V3-1,P2,4,29,natural_missingness,fb82651717076e658cf67e62ccd41ca247d29c994518945706edefcf0b635aa0,fdfb479e3a4067e69be7dcb34610d1f8aa3d1ffcb924a65827419fb34846aa22,extrasensory-p2-fold4-seed29-v2_multiseed,0.2,0.2,10202,0.5222502076680002,0.5478586111074849,0.5904863028243789,92368,p2_system_reliability,0.9938657879829408
V3-1,P2,4,29,natural_missingness,fb82651717076e658cf67e62ccd41ca247d29c994518945706edefcf0b635aa0,fdfb479e3a4067e69be7dcb34610d1f8aa3d1ffcb924a65827419fb34846aa22,extrasensory-p2-fold4-seed29-v2_multiseed,0.25,0.2500098019996079,12753,0.5113375401894203,0.5662843145769764,0.6067449116030308,117704,p2_system_reliability,0.9929555654525756
V3-1,P2,4,29,natural_missingness,fb82651717076e658cf67e62ccd41ca247d29c994518945706edefcf0b635aa0,fdfb479e3a4067e69be7dcb34610d1f8aa3d1ffcb924a65827419fb34846aa22,extrasensory-p2-fold4-seed29-v2_multiseed,0.3,0.3,15303,0.5032125871775862,0.5760283474964651,0.6187848285725851,142555,p2_system_reliability,0.9920796155929564
V3-1,P2,4,29,natural_missingness,fb82651717076e658cf67e62ccd41ca247d29c994518945706edefcf0b635aa0,fdfb479e3a4067e69be7dcb34610d1f8aa3d1ffcb924a65827419fb34846aa22,extrasensory-p2-fold4-seed29-v2_multiseed,0.35,0.3500098019996079,17854,0.4943512017915935,0.5863995968112875,0.6318402321258557,168360,p2_system_reliability,0.9912517070770264
V3-1,P2,4,29,natural_missingness,fb82651717076e658cf67e62ccd41ca247d29c994518945706edefcf0b635aa0,fdfb479e3a4067e69be7dcb34610d1f8aa3d1ffcb924a65827419fb34846aa22,extrasensory-p2-fold4-seed29-v2_multiseed,0.4,0.4,20404,0.4882664369486998,0.5937873475644743,0.6417596192453459,194278,p2_system_reliability,0.99039489030838
V3-1,P2,4,29,natural_missingness,fb82651717076e658cf67e62ccd41ca247d29c994518945706edefcf0b635aa0,fdfb479e3a4067e69be7dcb34610d1f8aa3d1ffcb924a65827419fb34846aa22,extrasensory-p2-fold4-seed29-v2_multiseed,0.45,0.4500098019996079,22955,0.4813268320393429,0.5989168476483006,0.6500129210095615,220212,p2_system_reliability,0.9895482659339904
V3-1,P2,4,29,natural_missingness,fb82651717076e658cf67e62ccd41ca247d29c994518945706edefcf0b635aa0,fdfb479e3a4067e69be7dcb34610d1f8aa3d1ffcb924a65827419fb34846aa22,extrasensory-p2-fold4-seed29-v2_multiseed,0.5,0.5,25505,0.4736843438955944,0.6035468880707009,0.6579546853835735,245943,p2_system_reliability,0.9887000918388368
V3-1,P2,4,29,natural_missingness,fb82651717076e658cf67e62ccd41ca247d29c994518945706edefcf0b635aa0,fdfb479e3a4067e69be7dcb34610d1f8aa3d1ffcb924a65827419fb34846aa22,extrasensory-p2-fold4-seed29-v2_multiseed,0.55,0.5500098019996079,28056,0.4672536295934533,0.6072584627770905,0.6645093945720251,271798,p2_system_reliability,0.9877640008926392
V3-1,P2,4,29,natural_missingness,fb82651717076e658cf67e62ccd41ca247d29c994518945706edefcf0b635aa0,fdfb479e3a4067e69be7dcb34610d1f8aa3d1ffcb924a65827419fb34846aa22,extrasensory-p2-fold4-seed29-v2_multiseed,0.6,0.6,30606,0.4631180121019498,0.6091954568314258,0.6694965799926397,297950,p2_system_reliability,0.9866585731506348
V3-1,P2,4,29,natural_missingness,fb82651717076e658cf67e62ccd41ca247d29c994518945706edefcf0b635aa0,fdfb479e3a4067e69be7dcb34610d1f8aa3d1ffcb924a65827419fb34846aa22,extrasensory-p2-fold4-seed29-v2_multiseed,0.65,0.6500098019996079,33157,0.4603804167776131,0.6106426887132168,0.6723853012793937,324176,p2_system_reliability,0.9853512048721312
V3-1,P2,4,29,natural_missingness,fb82651717076e658cf67e62ccd41ca247d29c994518945706edefcf0b635aa0,fdfb479e3a4067e69be7dcb34610d1f8aa3d1ffcb924a65827419fb34846aa22,extrasensory-p2-fold4-seed29-v2_multiseed,0.7,0.7,35707,0.4601440622518595,0.6101428130081373,0.6726354901259844,349956,p2_system_reliability,0.9837157726287842
V3-1,P2,4,29,natural_missingness,fb82651717076e658cf67e62ccd41ca247d29c994518945706edefcf0b635aa0,fdfb479e3a4067e69be7dcb34610d1f8aa3d1ffcb924a65827419fb34846aa22,extrasensory-p2-fold4-seed29-v2_multiseed,0.75,0.7500098019996079,38258,0.4611799344902497,0.6085273005236834,0.6729508941644535,376033,p2_system_reliability,0.9817550778388976
V3-1,P2,4,29,natural_missingness,fb82651717076e658cf67e62ccd41ca247d29c994518945706edefcf0b635aa0,fdfb479e3a4067e69be7dcb34610d1f8aa3d1ffcb924a65827419fb34846aa22,extrasensory-p2-fold4-seed29-v2_multiseed,0.8,0.8,40808,0.4608215267117947,0.6072810328331351,0.6746003669690152,402568,p2_system_reliability,0.9794109463691713
V3-1,P2,4,29,natural_missingness,fb82651717076e658cf67e62ccd41ca247d29c994518945706edefcf0b635aa0,fdfb479e3a4067e69be7dcb34610d1f8aa3d1ffcb924a65827419fb34846aa22,extrasensory-p2-fold4-seed29-v2_multiseed,0.85,0.850009801999608,43359,0.460056318684711,0.6068109702304472,0.677030982248416,428158,p2_system_reliability,0.9768528342247008
V3-1,P2,4,29,natural_missingness,fb82651717076e658cf67e62ccd41ca247d29c994518945706edefcf0b635aa0,fdfb479e3a4067e69be7dcb34610d1f8aa3d1ffcb924a65827419fb34846aa22,extrasensory-p2-fold4-seed29-v2_multiseed,0.9,0.9,45909,0.4570572633706601,0.6059614761167652,0.679912509113634,454225,p2_system_reliability,0.9730426669120787
V3-1,P2,4,29,natural_missingness,fb82651717076e658cf67e62ccd41ca247d29c994518945706edefcf0b635aa0,fdfb479e3a4067e69be7dcb34610d1f8aa3d1ffcb924a65827419fb34846aa22,extrasensory-p2-fold4-seed29-v2_multiseed,0.95,0.950009801999608,48460,0.4527956893978026,0.6047342371091033,0.6825466217679841,479717,p2_system_reliability,0.9659623503684998
V3-1,P2,4,29,natural_missingness,fb82651717076e658cf67e62ccd41ca247d29c994518945706edefcf0b635aa0,fdfb479e3a4067e69be7dcb34610d1f8aa3d1ffcb924a65827419fb34846aa22,extrasensory-p2-fold4-seed29-v2_multiseed,1.0,1.0,51010,0.44783220093212,0.6024232840375966,0.6845457843808327,504726,p2_system_reliability,0.8569379448890686
V3-1,B4,4,47,natural_missingness,fb82651717076e658cf67e62ccd41ca247d29c994518945706edefcf0b635aa0,8166cfbd3853cd6f35861f2c3a356cfe33be955e2871a61569aa74223e04a1c6,extrasensory-gated-fold4-seed47-full,0.05,0.0500098019996079,2551,0.3496373613851509,0.3639813082394431,0.8576920527606549,26083,mean_binary_certainty,0.9270359525427976
V3-1,B4,4,47,natural_missingness,fb82651717076e658cf67e62ccd41ca247d29c994518945706edefcf0b635aa0,8166cfbd3853cd6f35861f2c3a356cfe33be955e2871a61569aa74223e04a1c6,extrasensory-gated-fold4-seed47-full,0.1,0.1,5101,0.2684512588346229,0.3941152957170617,0.8967181769739523,55527,mean_binary_certainty,0.8794128170029206
V3-1,B4,4,47,natural_missingness,fb82651717076e658cf67e62ccd41ca247d29c994518945706edefcf0b635aa0,8166cfbd3853cd6f35861f2c3a356cfe33be955e2871a61569aa74223e04a1c6,extrasensory-gated-fold4-seed47-full,0.15,0.1500098019996079,7652,0.2540867106744682,0.5839868831285148,0.9011806037828344,83990,mean_binary_certainty,0.7316959972655384
V3-1,B4,4,47,natural_missingness,fb82651717076e658cf67e62ccd41ca247d29c994518945706edefcf0b635aa0,8166cfbd3853cd6f35861f2c3a356cfe33be955e2871a61569aa74223e04a1c6,extrasensory-gated-fold4-seed47-full,0.2,0.2,10202,0.287562369509206,0.6659374807990784,0.8835580743925477,108342,mean_binary_certainty,0.6598953442859048
V3-1,B4,4,47,natural_missingness,fb82651717076e658cf67e62ccd41ca247d29c994518945706edefcf0b635aa0,8166cfbd3853cd6f35861f2c3a356cfe33be955e2871a61569aa74223e04a1c6,extrasensory-gated-fold4-seed47-full,0.25,0.2500098019996079,12753,0.3042563638095365,0.7046880400598082,0.868280076453011,132370,mean_binary_certainty,0.6184264776065831
V3-1,B4,4,47,natural_missingness,fb82651717076e658cf67e62ccd41ca247d29c994518945706edefcf0b635aa0,8166cfbd3853cd6f35861f2c3a356cfe33be955e2871a61569aa74223e04a1c6,extrasensory-gated-fold4-seed47-full,0.3,0.3,15303,0.3155417912823777,0.7100620693254053,0.8500927435220055,157990,mean_binary_certainty,0.5886549472225476
V3-1,B4,4,47,natural_missingness,fb82651717076e658cf67e62ccd41ca247d29c994518945706edefcf0b635aa0,8166cfbd3853cd6f35861f2c3a356cfe33be955e2871a61569aa74223e04a1c6,extrasensory-gated-fold4-seed47-full,0.35,0.3500098019996079,17854,0.3330098108817801,0.7043970498365384,0.8294968111815462,183584,mean_binary_certainty,0.5648692805630915
V3-1,B4,4,47,natural_missingness,fb82651717076e658cf67e62ccd41ca247d29c994518945706edefcf0b635aa0,8166cfbd3853cd6f35861f2c3a356cfe33be955e2871a61569aa74223e04a1c6,extrasensory-gated-fold4-seed47-full,0.4,0.4,20404,0.3485522808934657,0.6970013507386372,0.8123335764318786,209028,mean_binary_certainty,0.5361416855271659
V3-1,B4,4,47,natural_missingness,fb82651717076e658cf67e62ccd41ca247d29c994518945706edefcf0b635aa0,8166cfbd3853cd6f35861f2c3a356cfe33be955e2871a61569aa74223e04a1c6,extrasensory-gated-fold4-seed47-full,0.45,0.4500098019996079,22955,0.3611832867538571,0.6901943711513797,0.7991301693880666,233816,mean_binary_certainty,0.5095630762400527
V3-1,B4,4,47,natural_missingness,fb82651717076e658cf67e62ccd41ca247d29c994518945706edefcf0b635aa0,8166cfbd3853cd6f35861f2c3a356cfe33be955e2871a61569aa74223e04a1c6,extrasensory-gated-fold4-seed47-full,0.5,0.5,25505,0.3735810213477536,0.6901062134048915,0.7858134369794558,258980,mean_binary_certainty,0.4846549501064753
V3-1,B4,4,47,natural_missingness,fb82651717076e658cf67e62ccd41ca247d29c994518945706edefcf0b635aa0,8166cfbd3853cd6f35861f2c3a356cfe33be955e2871a61569aa74223e04a1c6,extrasensory-gated-fold4-seed47-full,0.55,0.5500098019996079,28056,0.383546537142095,0.6823400137308024,0.7744703092730935,284024,mean_binary_certainty,0.4600993043691443
V3-1,B4,4,47,natural_missingness,fb82651717076e658cf67e62ccd41ca247d29c994518945706edefcf0b635aa0,8166cfbd3853cd6f35861f2c3a356cfe33be955e2871a61569aa74223e04a1c6,extrasensory-gated-fold4-seed47-full,0.6,0.6,30606,0.3915572208927458,0.6743543356503234,0.7646538193747862,308502,mean_binary_certainty,0.4361987595339904
V3-1,B4,4,47,natural_missingness,fb82651717076e658cf67e62ccd41ca247d29c994518945706edefcf0b635aa0,8166cfbd3853cd6f35861f2c3a356cfe33be955e2871a61569aa74223e04a1c6,extrasensory-gated-fold4-seed47-full,0.65,0.6500098019996079,33157,0.399909661776798,0.665860782249839,0.7544073549279995,332890,mean_binary_certainty,0.41146211162668
V3-1,B4,4,47,natural_missingness,fb82651717076e658cf67e62ccd41ca247d29c994518945706edefcf0b635aa0,8166cfbd3853cd6f35861f2c3a356cfe33be955e2871a61569aa74223e04a1c6,extrasensory-gated-fold4-seed47-full,0.7,0.7,35707,0.4075931408651815,0.6572073949937404,0.7439357264252974,356756,mean_binary_certainty,0.3855462169824296
V3-1,B4,4,47,natural_missingness,fb82651717076e658cf67e62ccd41ca247d29c994518945706edefcf0b635aa0,8166cfbd3853cd6f35861f2c3a356cfe33be955e2871a61569aa74223e04a1c6,extrasensory-gated-fold4-seed47-full,0.75,0.7500098019996079,38258,0.4144446101047305,0.6493869950448781,0.7341934046129921,380183,mean_binary_certainty,0.3581376443883678
V3-1,B4,4,47,natural_missingness,fb82651717076e658cf67e62ccd41ca247d29c994518945706edefcf0b635aa0,8166cfbd3853cd6f35861f2c3a356cfe33be955e2871a61569aa74223e04a1c6,extrasensory-gated-fold4-seed47-full,0.8,0.8,40808,0.4229129615965072,0.6386286293478883,0.72400073006023,403877,mean_binary_certainty,0.3273682705713006
V3-1,B4,4,47,natural_missingness,fb82651717076e658cf67e62ccd41ca247d29c994518945706edefcf0b635aa0,8166cfbd3853cd6f35861f2c3a356cfe33be955e2871a61569aa74223e04a1c6,extrasensory-gated-fold4-seed47-full,0.85,0.850009801999608,43359,0.4323202197596182,0.6270892959469675,0.7129245832344886,427319,mean_binary_certainty,0.2952637399820097
V3-1,B4,4,47,natural_missingness,fb82651717076e658cf67e62ccd41ca247d29c994518945706edefcf0b635aa0,8166cfbd3853cd6f35861f2c3a356cfe33be955e2871a61569aa74223e04a1c6,extrasensory-gated-fold4-seed47-full,0.9,0.9,45909,0.4415541164007648,0.6141424068518487,0.7023982721030217,451874,mean_binary_certainty,0.2570079125669735
V3-1,B4,4,47,natural_missingness,fb82651717076e658cf67e62ccd41ca247d29c994518945706edefcf0b635aa0,8166cfbd3853cd6f35861f2c3a356cfe33be955e2871a61569aa74223e04a1c6,extrasensory-gated-fold4-seed47-full,0.95,0.950009801999608,48460,0.4507276647152254,0.6005069724440991,0.6920232841769935,477745,mean_binary_certainty,0.2097397277486734
V3-1,B4,4,47,natural_missingness,fb82651717076e658cf67e62ccd41ca247d29c994518945706edefcf0b635aa0,8166cfbd3853cd6f35861f2c3a356cfe33be955e2871a61569aa74223e04a1c6,extrasensory-gated-fold4-seed47-full,1.0,1.0,51010,0.4606354361005287,0.5873510908652485,0.6816184567746437,504726,mean_binary_certainty,0.0580076541327184
V3-1,B4,4,47,natural_missingness,fb82651717076e658cf67e62ccd41ca247d29c994518945706edefcf0b635aa0,8166cfbd3853cd6f35861f2c3a356cfe33be955e2871a61569aa74223e04a1c6,extrasensory-gated-fold4-seed47-full,0.05,0.0500098019996079,2551,0.3639425969472706,0.3539501584586452,0.8464559068219634,26518,mean_normalized_threshold_margin,0.9775006722822608
V3-1,B4,4,47,natural_missingness,fb82651717076e658cf67e62ccd41ca247d29c994518945706edefcf0b635aa0,8166cfbd3853cd6f35861f2c3a356cfe33be955e2871a61569aa74223e04a1c6,extrasensory-gated-fold4-seed47-full,0.1,0.1,5101,0.266183740085307,0.3928815872948949,0.8950529024878467,55819,mean_normalized_threshold_margin,0.9492598818698798
V3-1,B4,4,47,natural_missingness,fb82651717076e658cf67e62ccd41ca247d29c994518945706edefcf0b635aa0,8166cfbd3853cd6f35861f2c3a356cfe33be955e2871a61569aa74223e04a1c6,extrasensory-gated-fold4-seed47-full,0.15,0.1500098019996079,7652,0.2526084264595934,0.491433136695903,0.9016017369218796,83823,mean_normalized_threshold_margin,0.8761554677615725
V3-1,B4,4,47,natural_missingness,fb82651717076e658cf67e62ccd41ca247d29c994518945706edefcf0b635aa0,8166cfbd3853cd6f35861f2c3a356cfe33be955e2871a61569aa74223e04a1c6,extrasensory-gated-fold4-seed47-full,0.2,0.2,10202,0.281238596595228,0.6509770340550686,0.882996181655699,108892,mean_normalized_threshold_margin,0.8264280957322722
V3-1,B4,4,47,natural_missingness,fb82651717076e658cf67e62ccd41ca247d29c994518945706edefcf0b635aa0,8166cfbd3853cd6f35861f2c3a356cfe33be955e2871a61569aa74223e04a1c6,extrasensory-gated-fold4-seed47-full,0.25,0.2500098019996079,12753,0.3060328249594657,0.6952124082393781,0.8688579959199665,132226,mean_normalized_threshold_margin,0.7902341184615461
V3-1,B4,4,47,natural_missingness,fb82651717076e658cf67e62ccd41ca247d29c994518945706edefcf0b635aa0,8166cfbd3853cd6f35861f2c3a356cfe33be955e2871a61569aa74223e04a1c6,extrasensory-gated-fold4-seed47-full,0.3,0.3,15303,0.3244150766099799,0.7039750787552548,0.8488687986833651,157810,mean_normalized_threshold_margin,0.7643701759857461
V3-1,B4,4,47,natural_missingness,fb82651717076e658cf67e62ccd41ca247d29c994518945706edefcf0b635aa0,8166cfbd3853cd6f35861f2c3a356cfe33be955e2871a61569aa74223e04a1c6,extrasensory-gated-fold4-seed47-full,0.35,0.3500098019996079,17854,0.3389885711053426,0.7036730960376955,0.8300383112331609,183600,mean_normalized_threshold_margin,0.7462950630150228
V3-1,B4,4,47,natural_missingness,fb82651717076e658cf67e62ccd41ca247d29c994518945706edefcf0b635aa0,8166cfbd3853cd6f35861f2c3a356cfe33be955e2871a61569aa74223e04a1c6,extrasensory-gated-fold4-seed47-full,0.4,0.4,20404,0.3516970238610827,0.6971852175010685,0.8150186980783227,209985,mean_normalized_threshold_margin,0.7273844805335915
V3-1,B4,4,47,natural_missingness,fb82651717076e658cf67e62ccd41ca247d29c994518945706edefcf0b635aa0,8166cfbd3853cd6f35861f2c3a356cfe33be955e2871a61569aa74223e04a1c6,extrasensory-gated-fold4-seed47-full,0.45,0.4500098019996079,22955,0.3634276262265756,0.6916488422141256,0.8014433420989721,235906,mean_normalized_threshold_margin,0.7089543945412448
V3-1,B4,4,47,natural_missingness,fb82651717076e658cf67e62ccd41ca247d29c994518945706edefcf0b635aa0,8166cfbd3853cd6f35861f2c3a356cfe33be955e2871a61569aa74223e04a1c6,extrasensory-gated-fold4-seed47-full,0.5,0.5,25505,0.3754605819465736,0.6906215190928281,0.7887476551971666,261929,mean_normalized_threshold_margin,0.69020755073403
V3-1,B4,4,47,natural_missingness,fb82651717076e658cf67e62ccd41ca247d29c994518945706edefcf0b635aa0,8166cfbd3853cd6f35861f2c3a356cfe33be955e2871a61569aa74223e04a1c6,extrasensory-gated-fold4-seed47-full,0.55,0.5500098019996079,28056,0.3852592935069605,0.6913587229700471,0.7780895206693832,286703,mean_normalized_threshold_margin,0.6718190527191439
V3-1,B4,4,47,natural_missingness,fb82651717076e658cf67e62ccd41ca247d29c994518945706edefcf0b635aa0,8166cfbd3853cd6f35861f2c3a356cfe33be955e2871a61569aa74223e04a1c6,extrasensory-gated-fold4-seed47-full,0.6,0.6,30606,0.3950446209560568,0.6862294801318926,0.7670309150010374,310996,mean_normalized_threshold_margin,0.6509965792519539
V3-1,B4,4,47,natural_missingness,fb82651717076e658cf67e62ccd41ca247d29c994518945706edefcf0b635aa0,8166cfbd3853cd6f35861f2c3a356cfe33be955e2871a61569aa74223e04a1c6,extrasensory-gated-fold4-seed47-full,0.65,0.6500098019996079,33157,0.4047400385994888,0.6818630599618417,0.7561241651308118,335064,mean_normalized_threshold_margin,0.6287444345624272
V3-1,B4,4,47,natural_missingness,fb82651717076e658cf67e62ccd41ca247d29c994518945706edefcf0b635aa0,8166cfbd3853cd6f35861f2c3a356cfe33be955e2871a61569aa74223e04a1c6,extrasensory-gated-fold4-seed47-full,0.7,0.7,35707,0.4126375971841614,0.6739606297798146,0.7457852505175566,358629,mean_normalized_threshold_margin,0.6062068769581769
V3-1,B4,4,47,natural_missingness,fb82651717076e658cf67e62ccd41ca247d29c994518945706edefcf0b635aa0,8166cfbd3853cd6f35861f2c3a356cfe33be955e2871a61569aa74223e04a1c6,extrasensory-gated-fold4-seed47-full,0.75,0.7500098019996079,38258,0.4196826873962156,0.6636231032473943,0.7358527269707968,382386,mean_normalized_threshold_margin,0.5809512047300973
V3-1,B4,4,47,natural_missingness,fb82651717076e658cf67e62ccd41ca247d29c994518945706edefcf0b635aa0,8166cfbd3853cd6f35861f2c3a356cfe33be955e2871a61569aa74223e04a1c6,extrasensory-gated-fold4-seed47-full,0.8,0.8,40808,0.4282477553278931,0.651794404240384,0.725815258743387,406442,mean_normalized_threshold_margin,0.5538077731339262
V3-1,B4,4,47,natural_missingness,fb82651717076e658cf67e62ccd41ca247d29c994518945706edefcf0b635aa0,8166cfbd3853cd6f35861f2c3a356cfe33be955e2871a61569aa74223e04a1c6,extrasensory-gated-fold4-seed47-full,0.85,0.850009801999608,43359,0.4356760232766715,0.6380640691244067,0.7153772724380051,430282,mean_normalized_threshold_margin,0.5237828699691166
V3-1,B4,4,47,natural_missingness,fb82651717076e658cf67e62ccd41ca247d29c994518945706edefcf0b635aa0,8166cfbd3853cd6f35861f2c3a356cfe33be955e2871a61569aa74223e04a1c6,extrasensory-gated-fold4-seed47-full,0.9,0.9,45909,0.4425819733621741,0.6224633455698143,0.7051627642728493,454507,mean_normalized_threshold_margin,0.4884378123089681
V3-1,B4,4,47,natural_missingness,fb82651717076e658cf67e62ccd41ca247d29c994518945706edefcf0b635aa0,8166cfbd3853cd6f35861f2c3a356cfe33be955e2871a61569aa74223e04a1c6,extrasensory-gated-fold4-seed47-full,0.95,0.950009801999608,48460,0.4499490694533337,0.6074246439177914,0.6943530764807361,478430,mean_normalized_threshold_margin,0.4428781044378073
V3-1,B4,4,47,natural_missingness,fb82651717076e658cf67e62ccd41ca247d29c994518945706edefcf0b635aa0,8166cfbd3853cd6f35861f2c3a356cfe33be955e2871a61569aa74223e04a1c6,extrasensory-gated-fold4-seed47-full,1.0,1.0,51010,0.4606354361005287,0.5873510908652485,0.6816184567746437,504726,mean_normalized_threshold_margin,0.2362244174464273
V3-1,B5,4,47,natural_missingness,fb82651717076e658cf67e62ccd41ca247d29c994518945706edefcf0b635aa0,c08a8d17300394c2ee12ebf143acf47339aa51e0157160f396c2f2e49c11fd35,extrasensory-robust-gated-fold4-seed47-full,0.05,0.0500098019996079,2551,0.2861969934059424,0.3727259437403996,0.8736954776558737,26187,mean_binary_certainty,0.924255446442257
V3-1,B5,4,47,natural_missingness,fb82651717076e658cf67e62ccd41ca247d29c994518945706edefcf0b635aa0,c08a8d17300394c2ee12ebf143acf47339aa51e0157160f396c2f2e49c11fd35,extrasensory-robust-gated-fold4-seed47-full,0.1,0.1,5101,0.2352357722079416,0.3977927280279658,0.903173715918266,55514,mean_binary_certainty,0.8845730250785254
V3-1,B5,4,47,natural_missingness,fb82651717076e658cf67e62ccd41ca247d29c994518945706edefcf0b635aa0,c08a8d17300394c2ee12ebf143acf47339aa51e0157160f396c2f2e49c11fd35,extrasensory-robust-gated-fold4-seed47-full,0.15,0.1500098019996079,7652,0.2275192084607584,0.5313756414460248,0.9100888968438636,84563,mean_binary_certainty,0.742201548756072
V3-1,B5,4,47,natural_missingness,fb82651717076e658cf67e62ccd41ca247d29c994518945706edefcf0b635aa0,c08a8d17300394c2ee12ebf143acf47339aa51e0157160f396c2f2e49c11fd35,extrasensory-robust-gated-fold4-seed47-full,0.2,0.2,10202,0.2339223630168106,0.5957175218926384,0.895356282586822,111849,mean_binary_certainty,0.6483400835157072
V3-1,B5,4,47,natural_missingness,fb82651717076e658cf67e62ccd41ca247d29c994518945706edefcf0b635aa0,c08a8d17300394c2ee12ebf143acf47339aa51e0157160f396c2f2e49c11fd35,extrasensory-robust-gated-fold4-seed47-full,0.25,0.2500098019996079,12753,0.2578346362276061,0.674955841969828,0.8786157091643263,135523,mean_binary_certainty,0.5898561975640881
V3-1,B5,4,47,natural_missingness,fb82651717076e658cf67e62ccd41ca247d29c994518945706edefcf0b635aa0,c08a8d17300394c2ee12ebf143acf47339aa51e0157160f396c2f2e49c11fd35,extrasensory-robust-gated-fold4-seed47-full,0.3,0.3,15303,0.2794346578512262,0.6913318978089605,0.8597199304285777,160242,mean_binary_certainty,0.5516174158454996
V3-1,B5,4,47,natural_missingness,fb82651717076e658cf67e62ccd41ca247d29c994518945706edefcf0b635aa0,c08a8d17300394c2ee12ebf143acf47339aa51e0157160f396c2f2e49c11fd35,extrasensory-robust-gated-fold4-seed47-full,0.35,0.3500098019996079,17854,0.2988044283531191,0.6948534866208717,0.839916194614728,184723,mean_binary_certainty,0.5221628968969787
V3-1,B5,4,47,natural_missingness,fb82651717076e658cf67e62ccd41ca247d29c994518945706edefcf0b635aa0,c08a8d17300394c2ee12ebf143acf47339aa51e0157160f396c2f2e49c11fd35,extrasensory-robust-gated-fold4-seed47-full,0.4,0.4,20404,0.3196972424004435,0.6963838985238463,0.8243643120118364,209018,mean_binary_certainty,0.493668653570145
V3-1,B5,4,47,natural_missingness,fb82651717076e658cf67e62ccd41ca247d29c994518945706edefcf0b635aa0,c08a8d17300394c2ee12ebf143acf47339aa51e0157160f396c2f2e49c11fd35,extrasensory-robust-gated-fold4-seed47-full,0.45,0.4500098019996079,22955,0.3351085544180943,0.6956852384047356,0.8098649532530491,234408,mean_binary_certainty,0.4650644200576591
V3-1,B5,4,47,natural_missingness,fb82651717076e658cf67e62ccd41ca247d29c994518945706edefcf0b635aa0,c08a8d17300394c2ee12ebf143acf47339aa51e0157160f396c2f2e49c11fd35,extrasensory-robust-gated-fold4-seed47-full,0.5,0.5,25505,0.3482088009741109,0.6968413857081023,0.7967965440825829,259431,mean_binary_certainty,0.4382014098534639
V3-1,B5,4,47,natural_missingness,fb82651717076e658cf67e62ccd41ca247d29c994518945706edefcf0b635aa0,c08a8d17300394c2ee12ebf143acf47339aa51e0157160f396c2f2e49c11fd35,extrasensory-robust-gated-fold4-seed47-full,0.55,0.5500098019996079,28056,0.3596516764391096,0.6912716775466058,0.7847492086367964,284768,mean_binary_certainty,0.4125399948232762
V3-1,B5,4,47,natural_missingness,fb82651717076e658cf67e62ccd41ca247d29c994518945706edefcf0b635aa0,c08a8d17300394c2ee12ebf143acf47339aa51e0157160f396c2f2e49c11fd35,extrasensory-robust-gated-fold4-seed47-full,0.6,0.6,30606,0.3693793058663034,0.6849750343802744,0.7737098483855984,309470,mean_binary_certainty,0.3887171850276875
V3-1,B5,4,47,natural_missingness,fb82651717076e658cf67e62ccd41ca247d29c994518945706edefcf0b635aa0,c08a8d17300394c2ee12ebf143acf47339aa51e0157160f396c2f2e49c11fd35,extrasensory-robust-gated-fold4-seed47-full,0.65,0.6500098019996079,33157,0.3795782428776392,0.6766459277973482,0.7629451993960388,333589,mean_binary_certainty,0.3642136058780481
V3-1,B5,4,47,natural_missingness,fb82651717076e658cf67e62ccd41ca247d29c994518945706edefcf0b635aa0,c08a8d17300394c2ee12ebf143acf47339aa51e0157160f396c2f2e49c11fd35,extrasensory-robust-gated-fold4-seed47-full,0.7,0.7,35707,0.3896178012679212,0.6660678425948424,0.7523458497304547,357766,mean_binary_certainty,0.3379730790568428
V3-1,B5,4,47,natural_missingness,fb82651717076e658cf67e62ccd41ca247d29c994518945706edefcf0b635aa0,c08a8d17300394c2ee12ebf143acf47339aa51e0157160f396c2f2e49c11fd35,extrasensory-robust-gated-fold4-seed47-full,0.75,0.7500098019996079,38258,0.3989600056809963,0.6553661211981644,0.7425346492043153,381320,mean_binary_certainty,0.3115091753668216
V3-1,B5,4,47,natural_missingness,fb82651717076e658cf67e62ccd41ca247d29c994518945706edefcf0b635aa0,c08a8d17300394c2ee12ebf143acf47339aa51e0157160f396c2f2e49c11fd35,extrasensory-robust-gated-fold4-seed47-full,0.8,0.8,40808,0.4076232384371237,0.6461088006045805,0.7329404108609063,404980,mean_binary_certainty,0.2842382962747435
V3-1,B5,4,47,natural_missingness,fb82651717076e658cf67e62ccd41ca247d29c994518945706edefcf0b635aa0,c08a8d17300394c2ee12ebf143acf47339aa51e0157160f396c2f2e49c11fd35,extrasensory-robust-gated-fold4-seed47-full,0.85,0.850009801999608,43359,0.4168611532684345,0.6356525122341569,0.7233449416452925,428213,mean_binary_certainty,0.2557457806556354
V3-1,B5,4,47,natural_missingness,fb82651717076e658cf67e62ccd41ca247d29c994518945706edefcf0b635aa0,c08a8d17300394c2ee12ebf143acf47339aa51e0157160f396c2f2e49c11fd35,extrasensory-robust-gated-fold4-seed47-full,0.9,0.9,45909,0.4258223606659268,0.6239478849327129,0.7128710408834099,452368,mean_binary_certainty,0.2230012040959736
V3-1,B5,4,47,natural_missingness,fb82651717076e658cf67e62ccd41ca247d29c994518945706edefcf0b635aa0,c08a8d17300394c2ee12ebf143acf47339aa51e0157160f396c2f2e49c11fd35,extrasensory-robust-gated-fold4-seed47-full,0.95,0.950009801999608,48460,0.4347850355792526,0.6106896042820431,0.7028173995048921,477851,mean_binary_certainty,0.1832146475964962
V3-1,B5,4,47,natural_missingness,fb82651717076e658cf67e62ccd41ca247d29c994518945706edefcf0b635aa0,c08a8d17300394c2ee12ebf143acf47339aa51e0157160f396c2f2e49c11fd35,extrasensory-robust-gated-fold4-seed47-full,1.0,1.0,51010,0.443958979709395,0.5987954589248267,0.6934995600757564,504726,mean_binary_certainty,0.0268875978441466
V3-1,B5,4,47,natural_missingness,fb82651717076e658cf67e62ccd41ca247d29c994518945706edefcf0b635aa0,c08a8d17300394c2ee12ebf143acf47339aa51e0157160f396c2f2e49c11fd35,extrasensory-robust-gated-fold4-seed47-full,0.05,0.0500098019996079,2551,0.3132793764381361,0.357390901712636,0.854654403567447,25719,mean_normalized_threshold_margin,0.9738687356029304
V3-1,B5,4,47,natural_missingness,fb82651717076e658cf67e62ccd41ca247d29c994518945706edefcf0b635aa0,c08a8d17300394c2ee12ebf143acf47339aa51e0157160f396c2f2e49c11fd35,extrasensory-robust-gated-fold4-seed47-full,0.1,0.1,5101,0.2416427001818228,0.3954269101559443,0.8994652406417112,54431,mean_normalized_threshold_margin,0.9513677617598432
V3-1,B5,4,47,natural_missingness,fb82651717076e658cf67e62ccd41ca247d29c994518945706edefcf0b635aa0,c08a8d17300394c2ee12ebf143acf47339aa51e0157160f396c2f2e49c11fd35,extrasensory-robust-gated-fold4-seed47-full,0.15,0.1500098019996079,7652,0.229520459336712,0.5653101618129028,0.908375333828638,83829,mean_normalized_threshold_margin,0.8739989979275873
V3-1,B5,4,47,natural_missingness,fb82651717076e658cf67e62ccd41ca247d29c994518945706edefcf0b635aa0,c08a8d17300394c2ee12ebf143acf47339aa51e0157160f396c2f2e49c11fd35,extrasensory-robust-gated-fold4-seed47-full,0.2,0.2,10202,0.2394092826801521,0.6016424396858092,0.8969975756822279,110288,mean_normalized_threshold_margin,0.8203241445968327
V3-1,B5,4,47,natural_missingness,fb82651717076e658cf67e62ccd41ca247d29c994518945706edefcf0b635aa0,c08a8d17300394c2ee12ebf143acf47339aa51e0157160f396c2f2e49c11fd35,extrasensory-robust-gated-fold4-seed47-full,0.25,0.2500098019996079,12753,0.2604939806363174,0.648525422677574,0.8808203846854584,134728,mean_normalized_threshold_margin,0.779608749492504
V3-1,B5,4,47,natural_missingness,fb82651717076e658cf67e62ccd41ca247d29c994518945706edefcf0b635aa0,c08a8d17300394c2ee12ebf143acf47339aa51e0157160f396c2f2e49c11fd35,extrasensory-robust-gated-fold4-seed47-full,0.3,0.3,15303,0.2934616900866731,0.6835309330200544,0.8614979638670777,158137,mean_normalized_threshold_margin,0.7462939821757821
V3-1,B5,4,47,natural_missingness,fb82651717076e658cf67e62ccd41ca247d29c994518945706edefcf0b635aa0,c08a8d17300394c2ee12ebf143acf47339aa51e0157160f396c2f2e49c11fd35,extrasensory-robust-gated-fold4-seed47-full,0.35,0.3500098019996079,17854,0.3120791709607059,0.6949288911847983,0.8420060075239864,183596,mean_normalized_threshold_margin,0.7222848494275723
V3-1,B5,4,47,natural_missingness,fb82651717076e658cf67e62ccd41ca247d29c994518945706edefcf0b635aa0,c08a8d17300394c2ee12ebf143acf47339aa51e0157160f396c2f2e49c11fd35,extrasensory-robust-gated-fold4-seed47-full,0.4,0.4,20404,0.3255543424704072,0.6937780953202064,0.8248668456261451,209522,mean_normalized_threshold_margin,0.7034324811109086
V3-1,B5,4,47,natural_missingness,fb82651717076e658cf67e62ccd41ca247d29c994518945706edefcf0b635aa0,c08a8d17300394c2ee12ebf143acf47339aa51e0157160f396c2f2e49c11fd35,extrasensory-robust-gated-fold4-seed47-full,0.45,0.4500098019996079,22955,0.3387904205013801,0.6930412235642963,0.8096630391032602,235759,mean_normalized_threshold_margin,0.6852246757449697
V3-1,B5,4,47,natural_missingness,fb82651717076e658cf67e62ccd41ca247d29c994518945706edefcf0b635aa0,c08a8d17300394c2ee12ebf143acf47339aa51e0157160f396c2f2e49c11fd35,extrasensory-robust-gated-fold4-seed47-full,0.5,0.5,25505,0.3499961556448209,0.6913176455573067,0.7977960143905677,261472,mean_normalized_threshold_margin,0.6671646803004615
V3-1,B5,4,47,natural_missingness,fb82651717076e658cf67e62ccd41ca247d29c994518945706edefcf0b635aa0,c08a8d17300394c2ee12ebf143acf47339aa51e0157160f396c2f2e49c11fd35,extrasensory-robust-gated-fold4-seed47-full,0.55,0.5500098019996079,28056,0.3608054644166753,0.6926242639514112,0.7883393986792893,286675,mean_normalized_threshold_margin,0.6486591331128811
V3-1,B5,4,47,natural_missingness,fb82651717076e658cf67e62ccd41ca247d29c994518945706edefcf0b635aa0,c08a8d17300394c2ee12ebf143acf47339aa51e0157160f396c2f2e49c11fd35,extrasensory-robust-gated-fold4-seed47-full,0.6,0.6,30606,0.3717762350782426,0.6896106546496326,0.7783568165733771,311237,mean_normalized_threshold_margin,0.6288241945253251
V3-1,B5,4,47,natural_missingness,fb82651717076e658cf67e62ccd41ca247d29c994518945706edefcf0b635aa0,c08a8d17300394c2ee12ebf143acf47339aa51e0157160f396c2f2e49c11fd35,extrasensory-robust-gated-fold4-seed47-full,0.65,0.6500098019996079,33157,0.3822085385588679,0.6887095506585889,0.7678741189968857,335060,mean_normalized_threshold_margin,0.6070282786754537
V3-1,B5,4,47,natural_missingness,fb82651717076e658cf67e62ccd41ca247d29c994518945706edefcf0b635aa0,c08a8d17300394c2ee12ebf143acf47339aa51e0157160f396c2f2e49c11fd35,extrasensory-robust-gated-fold4-seed47-full,0.7,0.7,35707,0.3923214723664425,0.6788512647131288,0.7567927748760873,359016,mean_normalized_threshold_margin,0.5835124393949955
V3-1,B5,4,47,natural_missingness,fb82651717076e658cf67e62ccd41ca247d29c994518945706edefcf0b635aa0,c08a8d17300394c2ee12ebf143acf47339aa51e0157160f396c2f2e49c11fd35,extrasensory-robust-gated-fold4-seed47-full,0.75,0.7500098019996079,38258,0.4019607201281504,0.6675552260396705,0.7454878089987981,383205,mean_normalized_threshold_margin,0.5583913940336198
V3-1,B5,4,47,natural_missingness,fb82651717076e658cf67e62ccd41ca247d29c994518945706edefcf0b635aa0,c08a8d17300394c2ee12ebf143acf47339aa51e0157160f396c2f2e49c11fd35,extrasensory-robust-gated-fold4-seed47-full,0.8,0.8,40808,0.4107766004593827,0.6581387398787565,0.7352420253072105,407055,mean_normalized_threshold_margin,0.5312215191610165
V3-1,B5,4,47,natural_missingness,fb82651717076e658cf67e62ccd41ca247d29c994518945706edefcf0b635aa0,c08a8d17300394c2ee12ebf143acf47339aa51e0157160f396c2f2e49c11fd35,extrasensory-robust-gated-fold4-seed47-full,0.85,0.850009801999608,43359,0.418105723937303,0.6445477725787095,0.7253038674033149,430575,mean_normalized_threshold_margin,0.5038943907475024
V3-1,B5,4,47,natural_missingness,fb82651717076e658cf67e62ccd41ca247d29c994518945706edefcf0b635aa0,c08a8d17300394c2ee12ebf143acf47339aa51e0157160f396c2f2e49c11fd35,extrasensory-robust-gated-fold4-seed47-full,0.9,0.9,45909,0.4256010873160119,0.630902369070525,0.7152193980153628,454293,mean_normalized_threshold_margin,0.473975927861833
V3-1,B5,4,47,natural_missingness,fb82651717076e658cf67e62ccd41ca247d29c994518945706edefcf0b635aa0,c08a8d17300394c2ee12ebf143acf47339aa51e0157160f396c2f2e49c11fd35,extrasensory-robust-gated-fold4-seed47-full,0.95,0.950009801999608,48460,0.4339855932369175,0.6151894138490471,0.7047665350579693,478541,mean_normalized_threshold_margin,0.4348721573696353
V3-1,B5,4,47,natural_missingness,fb82651717076e658cf67e62ccd41ca247d29c994518945706edefcf0b635aa0,c08a8d17300394c2ee12ebf143acf47339aa51e0157160f396c2f2e49c11fd35,extrasensory-robust-gated-fold4-seed47-full,1.0,1.0,51010,0.4439589797093949,0.5987954589248267,0.6934995600757564,504726,mean_normalized_threshold_margin,0.2773026704089302
V3-1,P,4,47,natural_missingness,fb82651717076e658cf67e62ccd41ca247d29c994518945706edefcf0b635aa0,8787f894c1be1217318ae880c16887ae0ff9ada91722dc741fc0bb393257d9ce,extrasensory-quality-aware-fold4-seed47-full,0.05,0.0500098019996079,2551,0.2958232248836987,0.3638632041695136,0.8696694423416603,27216,mean_binary_certainty,0.9229686814464864
V3-1,P,4,47,natural_missingness,fb82651717076e658cf67e62ccd41ca247d29c994518945706edefcf0b635aa0,8787f894c1be1217318ae880c16887ae0ff9ada91722dc741fc0bb393257d9ce,extrasensory-quality-aware-fold4-seed47-full,0.1,0.1,5101,0.2500706287608679,0.3957880315117525,0.9010975459366136,55399,mean_binary_certainty,0.866848074293218
V3-1,P,4,47,natural_missingness,fb82651717076e658cf67e62ccd41ca247d29c994518945706edefcf0b635aa0,8787f894c1be1217318ae880c16887ae0ff9ada91722dc741fc0bb393257d9ce,extrasensory-quality-aware-fold4-seed47-full,0.15,0.1500098019996079,7652,0.24264606887341,0.5473685674050419,0.904092583693737,84468,mean_binary_certainty,0.7189289998422685
V3-1,P,4,47,natural_missingness,fb82651717076e658cf67e62ccd41ca247d29c994518945706edefcf0b635aa0,8787f894c1be1217318ae880c16887ae0ff9ada91722dc741fc0bb393257d9ce,extrasensory-quality-aware-fold4-seed47-full,0.2,0.2,10202,0.2471845313121306,0.6361603814436021,0.8912958778150082,110626,mean_binary_certainty,0.6360063113724748
V3-1,P,4,47,natural_missingness,fb82651717076e658cf67e62ccd41ca247d29c994518945706edefcf0b635aa0,8787f894c1be1217318ae880c16887ae0ff9ada91722dc741fc0bb393257d9ce,extrasensory-quality-aware-fold4-seed47-full,0.25,0.2500098019996079,12753,0.2702316160294087,0.6676540861126256,0.8741968211024688,135150,mean_binary_certainty,0.5843632092579232
V3-1,P,4,47,natural_missingness,fb82651717076e658cf67e62ccd41ca247d29c994518945706edefcf0b635aa0,8787f894c1be1217318ae880c16887ae0ff9ada91722dc741fc0bb393257d9ce,extrasensory-quality-aware-fold4-seed47-full,0.3,0.3,15303,0.2853746135958241,0.6865394836256967,0.858717834960071,159595,mean_binary_certainty,0.5441785580869679
V3-1,P,4,47,natural_missingness,fb82651717076e658cf67e62ccd41ca247d29c994518945706edefcf0b635aa0,8787f894c1be1217318ae880c16887ae0ff9ada91722dc741fc0bb393257d9ce,extrasensory-quality-aware-fold4-seed47-full,0.35,0.3500098019996079,17854,0.3078284675279284,0.6942340210853938,0.8404551788202508,184039,mean_binary_certainty,0.5094324663031706
V3-1,P,4,47,natural_missingness,fb82651717076e658cf67e62ccd41ca247d29c994518945706edefcf0b635aa0,8787f894c1be1217318ae880c16887ae0ff9ada91722dc741fc0bb393257d9ce,extrasensory-quality-aware-fold4-seed47-full,0.4,0.4,20404,0.3241533263620327,0.7022762397057122,0.8245982188555635,208352,mean_binary_certainty,0.4794788632883754
V3-1,P,4,47,natural_missingness,fb82651717076e658cf67e62ccd41ca247d29c994518945706edefcf0b635aa0,8787f894c1be1217318ae880c16887ae0ff9ada91722dc741fc0bb393257d9ce,extrasensory-quality-aware-fold4-seed47-full,0.45,0.4500098019996079,22955,0.3393800434835739,0.7053374729345703,0.8096685969227948,233489,mean_binary_certainty,0.4502687235141683
V3-1,P,4,47,natural_missingness,fb82651717076e658cf67e62ccd41ca247d29c994518945706edefcf0b635aa0,8787f894c1be1217318ae880c16887ae0ff9ada91722dc741fc0bb393257d9ce,extrasensory-quality-aware-fold4-seed47-full,0.5,0.5,25505,0.3532700922154908,0.7020156163637741,0.7950792373234159,258765,mean_binary_certainty,0.422805932694421
V3-1,P,4,47,natural_missingness,fb82651717076e658cf67e62ccd41ca247d29c994518945706edefcf0b635aa0,8787f894c1be1217318ae880c16887ae0ff9ada91722dc741fc0bb393257d9ce,extrasensory-quality-aware-fold4-seed47-full,0.55,0.5500098019996079,28056,0.365674177126347,0.6961090270422325,0.7811496620697986,284275,mean_binary_certainty,0.3964287131868449
V3-1,P,4,47,natural_missingness,fb82651717076e658cf67e62ccd41ca247d29c994518945706edefcf0b635aa0,8787f894c1be1217318ae880c16887ae0ff9ada91722dc741fc0bb393257d9ce,extrasensory-quality-aware-fold4-seed47-full,0.6,0.6,30606,0.3762986553014061,0.6912812080638856,0.7696292641669016,308965,mean_binary_certainty,0.3722178121919904
V3-1,P,4,47,natural_missingness,fb82651717076e658cf67e62ccd41ca247d29c994518945706edefcf0b635aa0,8787f894c1be1217318ae880c16887ae0ff9ada91722dc741fc0bb393257d9ce,extrasensory-quality-aware-fold4-seed47-full,0.65,0.6500098019996079,33157,0.3866117174831476,0.6817175665828376,0.7578727567904406,333256,mean_binary_certainty,0.3490569706528534
V3-1,P,4,47,natural_missingness,fb82651717076e658cf67e62ccd41ca247d29c994518945706edefcf0b635aa0,8787f894c1be1217318ae880c16887ae0ff9ada91722dc741fc0bb393257d9ce,extrasensory-quality-aware-fold4-seed47-full,0.7,0.7,35707,0.3970941761540288,0.6694424141278856,0.7463915206487338,356931,mean_binary_certainty,0.3246322276295131
V3-1,P,4,47,natural_missingness,fb82651717076e658cf67e62ccd41ca247d29c994518945706edefcf0b635aa0,8787f894c1be1217318ae880c16887ae0ff9ada91722dc741fc0bb393257d9ce,extrasensory-quality-aware-fold4-seed47-full,0.75,0.7500098019996079,38258,0.4071797582750812,0.6579690612990258,0.7353514593317518,380676,mean_binary_certainty,0.2997165210992801
V3-1,P,4,47,natural_missingness,fb82651717076e658cf67e62ccd41ca247d29c994518945706edefcf0b635aa0,8787f894c1be1217318ae880c16887ae0ff9ada91722dc741fc0bb393257d9ce,extrasensory-quality-aware-fold4-seed47-full,0.8,0.8,40808,0.4173263959477962,0.6458264048129994,0.7245905647647983,404192,mean_binary_certainty,0.2730839004367091
V3-1,P,4,47,natural_missingness,fb82651717076e658cf67e62ccd41ca247d29c994518945706edefcf0b635aa0,8787f894c1be1217318ae880c16887ae0ff9ada91722dc741fc0bb393257d9ce,extrasensory-quality-aware-fold4-seed47-full,0.85,0.850009801999608,43359,0.4265854742860605,0.6332870801566785,0.7143755965399612,428222,mean_binary_certainty,0.2450934755673053
V3-1,P,4,47,natural_missingness,fb82651717076e658cf67e62ccd41ca247d29c994518945706edefcf0b635aa0,8787f894c1be1217318ae880c16887ae0ff9ada91722dc741fc0bb393257d9ce,extrasensory-quality-aware-fold4-seed47-full,0.9,0.9,45909,0.4362884187930526,0.6223779273749284,0.7039572279152659,452837,mean_binary_certainty,0.215178393035601
V3-1,P,4,47,natural_missingness,fb82651717076e658cf67e62ccd41ca247d29c994518945706edefcf0b635aa0,8787f894c1be1217318ae880c16887ae0ff9ada91722dc741fc0bb393257d9ce,extrasensory-quality-aware-fold4-seed47-full,0.95,0.950009801999608,48460,0.4460216561525875,0.6102634526999201,0.6932109866125636,478171,mean_binary_certainty,0.1759022932536221
V3-1,P,4,47,natural_missingness,fb82651717076e658cf67e62ccd41ca247d29c994518945706edefcf0b635aa0,8787f894c1be1217318ae880c16887ae0ff9ada91722dc741fc0bb393257d9ce,extrasensory-quality-aware-fold4-seed47-full,1.0,1.0,51010,0.4559451846068229,0.5968868318552956,0.6830153346182012,504726,mean_binary_certainty,0.0283901996003106
V3-1,P,4,47,natural_missingness,fb82651717076e658cf67e62ccd41ca247d29c994518945706edefcf0b635aa0,8787f894c1be1217318ae880c16887ae0ff9ada91722dc741fc0bb393257d9ce,extrasensory-quality-aware-fold4-seed47-full,0.05,0.0500098019996079,2551,0.3134265662481438,0.3517478857006988,0.8559545814628994,26525,mean_normalized_threshold_margin,0.9740976841785652
V3-1,P,4,47,natural_missingness,fb82651717076e658cf67e62ccd41ca247d29c994518945706edefcf0b635aa0,8787f894c1be1217318ae880c16887ae0ff9ada91722dc741fc0bb393257d9ce,extrasensory-quality-aware-fold4-seed47-full,0.1,0.1,5101,0.2563207142520712,0.394091170425684,0.8982580785890125,54713,mean_normalized_threshold_margin,0.945122590679356
V3-1,P,4,47,natural_missingness,fb82651717076e658cf67e62ccd41ca247d29c994518945706edefcf0b635aa0,8787f894c1be1217318ae880c16887ae0ff9ada91722dc741fc0bb393257d9ce,extrasensory-quality-aware-fold4-seed47-full,0.15,0.1500098019996079,7652,0.2465076791316409,0.5110954438890849,0.9023503361976152,83132,mean_normalized_threshold_margin,0.8632780279026658
V3-1,P,4,47,natural_missingness,fb82651717076e658cf67e62ccd41ca247d29c994518945706edefcf0b635aa0,8787f894c1be1217318ae880c16887ae0ff9ada91722dc741fc0bb393257d9ce,extrasensory-quality-aware-fold4-seed47-full,0.2,0.2,10202,0.2583831794480831,0.6351135585517188,0.8910583536720657,109601,mean_normalized_threshold_margin,0.8155829492585587
V3-1,P,4,47,natural_missingness,fb82651717076e658cf67e62ccd41ca247d29c994518945706edefcf0b635aa0,8787f894c1be1217318ae880c16887ae0ff9ada91722dc741fc0bb393257d9ce,extrasensory-quality-aware-fold4-seed47-full,0.25,0.2500098019996079,12753,0.2792598656278654,0.6501467268575264,0.8759780959292736,134013,mean_normalized_threshold_margin,0.7792584296190489
V3-1,P,4,47,natural_missingness,fb82651717076e658cf67e62ccd41ca247d29c994518945706edefcf0b635aa0,8787f894c1be1217318ae880c16887ae0ff9ada91722dc741fc0bb393257d9ce,extrasensory-quality-aware-fold4-seed47-full,0.3,0.3,15303,0.302602261363843,0.6789786980640411,0.8590756624119222,158082,mean_normalized_threshold_margin,0.7464928335065394
V3-1,P,4,47,natural_missingness,fb82651717076e658cf67e62ccd41ca247d29c994518945706edefcf0b635aa0,8787f894c1be1217318ae880c16887ae0ff9ada91722dc741fc0bb393257d9ce,extrasensory-quality-aware-fold4-seed47-full,0.35,0.3500098019996079,17854,0.3207683030352797,0.6913656855103192,0.8388893707655092,184090,mean_normalized_threshold_margin,0.7194106368483107
V3-1,P,4,47,natural_missingness,fb82651717076e658cf67e62ccd41ca247d29c994518945706edefcf0b635aa0,8787f894c1be1217318ae880c16887ae0ff9ada91722dc741fc0bb393257d9ce,extrasensory-quality-aware-fold4-seed47-full,0.4,0.4,20404,0.3326951495309023,0.6954966521930542,0.8221981481794945,209241,mean_normalized_threshold_margin,0.6976883879721751
V3-1,P,4,47,natural_missingness,fb82651717076e658cf67e62ccd41ca247d29c994518945706edefcf0b635aa0,8787f894c1be1217318ae880c16887ae0ff9ada91722dc741fc0bb393257d9ce,extrasensory-quality-aware-fold4-seed47-full,0.45,0.4500098019996079,22955,0.344091284169035,0.698879751068494,0.8074292479507733,235126,mean_normalized_threshold_margin,0.6769552848283938
V3-1,P,4,47,natural_missingness,fb82651717076e658cf67e62ccd41ca247d29c994518945706edefcf0b635aa0,8787f894c1be1217318ae880c16887ae0ff9ada91722dc741fc0bb393257d9ce,extrasensory-quality-aware-fold4-seed47-full,0.5,0.5,25505,0.356393820506712,0.7035776494438694,0.7945983587530893,260501,mean_normalized_threshold_margin,0.6568591062331675
V3-1,P,4,47,natural_missingness,fb82651717076e658cf67e62ccd41ca247d29c994518945706edefcf0b635aa0,8787f894c1be1217318ae880c16887ae0ff9ada91722dc741fc0bb393257d9ce,extrasensory-quality-aware-fold4-seed47-full,0.55,0.5500098019996079,28056,0.3692008456280089,0.7037223358471576,0.7818363898103524,285738,mean_normalized_threshold_margin,0.6367511003095631
V3-1,P,4,47,natural_missingness,fb82651717076e658cf67e62ccd41ca247d29c994518945706edefcf0b635aa0,8787f894c1be1217318ae880c16887ae0ff9ada91722dc741fc0bb393257d9ce,extrasensory-quality-aware-fold4-seed47-full,0.6,0.6,30606,0.3814268682840235,0.699065799969819,0.7706659876386027,310338,mean_normalized_threshold_margin,0.6145571650880768
V3-1,P,4,47,natural_missingness,fb82651717076e658cf67e62ccd41ca247d29c994518945706edefcf0b635aa0,8787f894c1be1217318ae880c16887ae0ff9ada91722dc741fc0bb393257d9ce,extrasensory-quality-aware-fold4-seed47-full,0.65,0.6500098019996079,33157,0.3932083256069399,0.6946041465045504,0.759512593835366,334779,mean_normalized_threshold_margin,0.5910721273555873
V3-1,P,4,47,natural_missingness,fb82651717076e658cf67e62ccd41ca247d29c994518945706edefcf0b635aa0,8787f894c1be1217318ae880c16887ae0ff9ada91722dc741fc0bb393257d9ce,extrasensory-quality-aware-fold4-seed47-full,0.7,0.7,35707,0.4033391831054422,0.6856356584398235,0.7483062313584854,359144,mean_normalized_threshold_margin,0.5677751000970656
V3-1,P,4,47,natural_missingness,fb82651717076e658cf67e62ccd41ca247d29c994518945706edefcf0b635aa0,8787f894c1be1217318ae880c16887ae0ff9ada91722dc741fc0bb393257d9ce,extrasensory-quality-aware-fold4-seed47-full,0.75,0.7500098019996079,38258,0.4125350317346414,0.6768393496785863,0.7378791463587754,383084,mean_normalized_threshold_margin,0.5424587788700571
V3-1,P,4,47,natural_missingness,fb82651717076e658cf67e62ccd41ca247d29c994518945706edefcf0b635aa0,8787f894c1be1217318ae880c16887ae0ff9ada91722dc741fc0bb393257d9ce,extrasensory-quality-aware-fold4-seed47-full,0.8,0.8,40808,0.4215554220788262,0.6629330207640687,0.7268267838953519,406847,mean_normalized_threshold_margin,0.5167135870588041
V3-1,P,4,47,natural_missingness,fb82651717076e658cf67e62ccd41ca247d29c994518945706edefcf0b635aa0,8787f894c1be1217318ae880c16887ae0ff9ada91722dc741fc0bb393257d9ce,extrasensory-quality-aware-fold4-seed47-full,0.85,0.850009801999608,43359,0.4299056408053983,0.6483229369971473,0.7159023026246107,430578,mean_normalized_threshold_margin,0.4902371581138406
V3-1,P,4,47,natural_missingness,fb82651717076e658cf67e62ccd41ca247d29c994518945706edefcf0b635aa0,8787f894c1be1217318ae880c16887ae0ff9ada91722dc741fc0bb393257d9ce,extrasensory-quality-aware-fold4-seed47-full,0.9,0.9,45909,0.4369265812586191,0.6316376630724643,0.7055922046834765,454109,mean_normalized_threshold_margin,0.4629614560598531
V3-1,P,4,47,natural_missingness,fb82651717076e658cf67e62ccd41ca247d29c994518945706edefcf0b635aa0,8787f894c1be1217318ae880c16887ae0ff9ada91722dc741fc0bb393257d9ce,extrasensory-quality-aware-fold4-seed47-full,0.95,0.950009801999608,48460,0.4454526031949678,0.6140644208444108,0.6948523491476816,478606,mean_normalized_threshold_margin,0.4245543621002763
V3-1,P,4,47,natural_missingness,fb82651717076e658cf67e62ccd41ca247d29c994518945706edefcf0b635aa0,8787f894c1be1217318ae880c16887ae0ff9ada91722dc741fc0bb393257d9ce,extrasensory-quality-aware-fold4-seed47-full,1.0,1.0,51010,0.4559451846068229,0.5968868318552956,0.6830153346182012,504726,mean_normalized_threshold_margin,0.2251936142310211
V3-1,P2,4,47,natural_missingness,fb82651717076e658cf67e62ccd41ca247d29c994518945706edefcf0b635aa0,36acd56b56e9691b25833311a6dba037d1103629d12b6c53e97c0f66da24fd24,extrasensory-p2-fold4-seed47-v2_multiseed,0.05,0.0500098019996079,2551,0.2762511540926981,0.3685800440519374,0.8689740420271941,25552,mean_binary_certainty,0.9177673121339563
V3-1,P2,4,47,natural_missingness,fb82651717076e658cf67e62ccd41ca247d29c994518945706edefcf0b635aa0,36acd56b56e9691b25833311a6dba037d1103629d12b6c53e97c0f66da24fd24,extrasensory-p2-fold4-seed47-v2_multiseed,0.1,0.1,5101,0.2365855961743989,0.3962077692699826,0.9004936508429321,54811,mean_binary_certainty,0.8690322994430809
V3-1,P2,4,47,natural_missingness,fb82651717076e658cf67e62ccd41ca247d29c994518945706edefcf0b635aa0,36acd56b56e9691b25833311a6dba037d1103629d12b6c53e97c0f66da24fd24,extrasensory-p2-fold4-seed47-v2_multiseed,0.15,0.1500098019996079,7652,0.2213043180576956,0.4353791133711787,0.9095141458756116,83722,mean_binary_certainty,0.738761384017602
V3-1,P2,4,47,natural_missingness,fb82651717076e658cf67e62ccd41ca247d29c994518945706edefcf0b635aa0,36acd56b56e9691b25833311a6dba037d1103629d12b6c53e97c0f66da24fd24,extrasensory-p2-fold4-seed47-v2_multiseed,0.2,0.2,10202,0.2176927107401506,0.6316289446924831,0.8963361802203244,110929,mean_binary_certainty,0.649307614106327
V3-1,P2,4,47,natural_missingness,fb82651717076e658cf67e62ccd41ca247d29c994518945706edefcf0b635aa0,36acd56b56e9691b25833311a6dba037d1103629d12b6c53e97c0f66da24fd24,extrasensory-p2-fold4-seed47-v2_multiseed,0.25,0.2500098019996079,12753,0.2431376825149184,0.6761384177894851,0.8767919512067976,135732,mean_binary_certainty,0.5805076975741819
V3-1,P2,4,47,natural_missingness,fb82651717076e658cf67e62ccd41ca247d29c994518945706edefcf0b635aa0,36acd56b56e9691b25833311a6dba037d1103629d12b6c53e97c0f66da24fd24,extrasensory-p2-fold4-seed47-v2_multiseed,0.3,0.3,15303,0.2726232821634577,0.6906801591545039,0.8603848496469579,159853,mean_binary_certainty,0.5340464952726167
V3-1,P2,4,47,natural_missingness,fb82651717076e658cf67e62ccd41ca247d29c994518945706edefcf0b635aa0,36acd56b56e9691b25833311a6dba037d1103629d12b6c53e97c0f66da24fd24,extrasensory-p2-fold4-seed47-v2_multiseed,0.35,0.3500098019996079,17854,0.2919625788847995,0.6915139281856807,0.8431115276476101,184788,mean_binary_certainty,0.4980055240689078
V3-1,P2,4,47,natural_missingness,fb82651717076e658cf67e62ccd41ca247d29c994518945706edefcf0b635aa0,36acd56b56e9691b25833311a6dba037d1103629d12b6c53e97c0f66da24fd24,extrasensory-p2-fold4-seed47-v2_multiseed,0.4,0.4,20404,0.3143130743429005,0.6939120369426965,0.827865979742754,208954,mean_binary_certainty,0.4677131172185719
V3-1,P2,4,47,natural_missingness,fb82651717076e658cf67e62ccd41ca247d29c994518945706edefcf0b635aa0,36acd56b56e9691b25833311a6dba037d1103629d12b6c53e97c0f66da24fd24,extrasensory-p2-fold4-seed47-v2_multiseed,0.45,0.4500098019996079,22955,0.3343419671987728,0.692311160219469,0.8129136730234093,233485,mean_binary_certainty,0.4394539256967739
V3-1,P2,4,47,natural_missingness,fb82651717076e658cf67e62ccd41ca247d29c994518945706edefcf0b635aa0,36acd56b56e9691b25833311a6dba037d1103629d12b6c53e97c0f66da24fd24,extrasensory-p2-fold4-seed47-v2_multiseed,0.5,0.5,25505,0.3503460841802356,0.6901966267832118,0.7996191539777648,258327,mean_binary_certainty,0.4117799174110153
V3-1,P2,4,47,natural_missingness,fb82651717076e658cf67e62ccd41ca247d29c994518945706edefcf0b635aa0,36acd56b56e9691b25833311a6dba037d1103629d12b6c53e97c0f66da24fd24,extrasensory-p2-fold4-seed47-v2_multiseed,0.55,0.5500098019996079,28056,0.3637517383975341,0.6831922330622583,0.7868744483817001,283047,mean_binary_certainty,0.3862352327104383
V3-1,P2,4,47,natural_missingness,fb82651717076e658cf67e62ccd41ca247d29c994518945706edefcf0b635aa0,36acd56b56e9691b25833311a6dba037d1103629d12b6c53e97c0f66da24fd24,extrasensory-p2-fold4-seed47-v2_multiseed,0.6,0.6,30606,0.3745482299477567,0.6773907569286701,0.7765455533108319,307366,mean_binary_certainty,0.3613986501361551
V3-1,P2,4,47,natural_missingness,fb82651717076e658cf67e62ccd41ca247d29c994518945706edefcf0b635aa0,36acd56b56e9691b25833311a6dba037d1103629d12b6c53e97c0f66da24fd24,extrasensory-p2-fold4-seed47-v2_multiseed,0.65,0.6500098019996079,33157,0.3839402461640609,0.6695558785521505,0.7660785364796587,331093,mean_binary_certainty,0.3374044943296251
V3-1,P2,4,47,natural_missingness,fb82651717076e658cf67e62ccd41ca247d29c994518945706edefcf0b635aa0,36acd56b56e9691b25833311a6dba037d1103629d12b6c53e97c0f66da24fd24,extrasensory-p2-fold4-seed47-v2_multiseed,0.7,0.7,35707,0.3934850043618055,0.6605223844561614,0.7558145752018393,354864,mean_binary_certainty,0.3134731923878036
V3-1,P2,4,47,natural_missingness,fb82651717076e658cf67e62ccd41ca247d29c994518945706edefcf0b635aa0,36acd56b56e9691b25833311a6dba037d1103629d12b6c53e97c0f66da24fd24,extrasensory-p2-fold4-seed47-v2_multiseed,0.75,0.7500098019996079,38258,0.4033471619643153,0.651156978461778,0.7463127436402363,378994,mean_binary_certainty,0.2895200071339235
V3-1,P2,4,47,natural_missingness,fb82651717076e658cf67e62ccd41ca247d29c994518945706edefcf0b635aa0,36acd56b56e9691b25833311a6dba037d1103629d12b6c53e97c0f66da24fd24,extrasensory-p2-fold4-seed47-v2_multiseed,0.8,0.8,40808,0.4134483585387355,0.641609198330482,0.736763340847525,403018,mean_binary_certainty,0.2637170013012831
V3-1,P2,4,47,natural_missingness,fb82651717076e658cf67e62ccd41ca247d29c994518945706edefcf0b635aa0,36acd56b56e9691b25833311a6dba037d1103629d12b6c53e97c0f66da24fd24,extrasensory-p2-fold4-seed47-v2_multiseed,0.85,0.850009801999608,43359,0.4228353698975462,0.6320084741743657,0.7278323633382169,426949,mean_binary_certainty,0.2371555424061578
V3-1,P2,4,47,natural_missingness,fb82651717076e658cf67e62ccd41ca247d29c994518945706edefcf0b635aa0,36acd56b56e9691b25833311a6dba037d1103629d12b6c53e97c0f66da24fd24,extrasensory-p2-fold4-seed47-v2_multiseed,0.9,0.9,45909,0.4320628824458843,0.6211940743864898,0.7185586534296948,451694,mean_binary_certainty,0.2066780408761067
V3-1,P2,4,47,natural_missingness,fb82651717076e658cf67e62ccd41ca247d29c994518945706edefcf0b635aa0,36acd56b56e9691b25833311a6dba037d1103629d12b6c53e97c0f66da24fd24,extrasensory-p2-fold4-seed47-v2_multiseed,0.95,0.950009801999608,48460,0.4414109296619199,0.6099401724284513,0.709374924473733,477522,mean_binary_certainty,0.1658999233262246
V3-1,P2,4,47,natural_missingness,fb82651717076e658cf67e62ccd41ca247d29c994518945706edefcf0b635aa0,36acd56b56e9691b25833311a6dba037d1103629d12b6c53e97c0f66da24fd24,extrasensory-p2-fold4-seed47-v2_multiseed,1.0,1.0,51010,0.4503193512823913,0.5976761634819686,0.6998710940936614,504726,mean_binary_certainty,0.0390326011617009
V3-1,P2,4,47,natural_missingness,fb82651717076e658cf67e62ccd41ca247d29c994518945706edefcf0b635aa0,36acd56b56e9691b25833311a6dba037d1103629d12b6c53e97c0f66da24fd24,extrasensory-p2-fold4-seed47-v2_multiseed,0.05,0.0500098019996079,2551,0.2923301530317742,0.3641678979377865,0.8614972130106541,25138,mean_normalized_threshold_margin,0.9684449707617454
V3-1,P2,4,47,natural_missingness,fb82651717076e658cf67e62ccd41ca247d29c994518945706edefcf0b635aa0,36acd56b56e9691b25833311a6dba037d1103629d12b6c53e97c0f66da24fd24,extrasensory-p2-fold4-seed47-v2_multiseed,0.1,0.1,5101,0.2350570084528955,0.3962414147869999,0.901270894634696,54547,mean_normalized_threshold_margin,0.939438320879632
V3-1,P2,4,47,natural_missingness,fb82651717076e658cf67e62ccd41ca247d29c994518945706edefcf0b635aa0,36acd56b56e9691b25833311a6dba037d1103629d12b6c53e97c0f66da24fd24,extrasensory-p2-fold4-seed47-v2_multiseed,0.15,0.1500098019996079,7652,0.2260707945645066,0.6377889299709188,0.906709912831948,82673,mean_normalized_threshold_margin,0.8658961547327125
V3-1,P2,4,47,natural_missingness,fb82651717076e658cf67e62ccd41ca247d29c994518945706edefcf0b635aa0,36acd56b56e9691b25833311a6dba037d1103629d12b6c53e97c0f66da24fd24,extrasensory-p2-fold4-seed47-v2_multiseed,0.2,0.2,10202,0.2343221969459086,0.6558947648277318,0.8956985514564333,109676,mean_normalized_threshold_margin,0.8216827551638975
V3-1,P2,4,47,natural_missingness,fb82651717076e658cf67e62ccd41ca247d29c994518945706edefcf0b635aa0,36acd56b56e9691b25833311a6dba037d1103629d12b6c53e97c0f66da24fd24,extrasensory-p2-fold4-seed47-v2_multiseed,0.25,0.2500098019996079,12753,0.2588353484562368,0.6632845697272161,0.8812562365421984,134989,mean_normalized_threshold_margin,0.783496825386504
V3-1,P2,4,47,natural_missingness,fb82651717076e658cf67e62ccd41ca247d29c994518945706edefcf0b635aa0,36acd56b56e9691b25833311a6dba037d1103629d12b6c53e97c0f66da24fd24,extrasensory-p2-fold4-seed47-v2_multiseed,0.3,0.3,15303,0.2803603971784152,0.6848367235432395,0.8648287725492859,158950,mean_normalized_threshold_margin,0.7475986148210388
V3-1,P2,4,47,natural_missingness,fb82651717076e658cf67e62ccd41ca247d29c994518945706edefcf0b635aa0,36acd56b56e9691b25833311a6dba037d1103629d12b6c53e97c0f66da24fd24,extrasensory-p2-fold4-seed47-v2_multiseed,0.35,0.3500098019996079,17854,0.3026637686264755,0.6912932239349767,0.845826159673373,183920,mean_normalized_threshold_margin,0.7191579187212356
V3-1,P2,4,47,natural_missingness,fb82651717076e658cf67e62ccd41ca247d29c994518945706edefcf0b635aa0,36acd56b56e9691b25833311a6dba037d1103629d12b6c53e97c0f66da24fd24,extrasensory-p2-fold4-seed47-v2_multiseed,0.4,0.4,20404,0.3240984693581634,0.6942934979582688,0.8281281133857177,209204,mean_normalized_threshold_margin,0.6983194035454445
V3-1,P2,4,47,natural_missingness,fb82651717076e658cf67e62ccd41ca247d29c994518945706edefcf0b635aa0,36acd56b56e9691b25833311a6dba037d1103629d12b6c53e97c0f66da24fd24,extrasensory-p2-fold4-seed47-v2_multiseed,0.45,0.4500098019996079,22955,0.3367318812776438,0.69054994493965,0.8143603761716536,234397,mean_normalized_threshold_margin,0.6783578713968769
V3-1,P2,4,47,natural_missingness,fb82651717076e658cf67e62ccd41ca247d29c994518945706edefcf0b635aa0,36acd56b56e9691b25833311a6dba037d1103629d12b6c53e97c0f66da24fd24,extrasensory-p2-fold4-seed47-v2_multiseed,0.5,0.5,25505,0.3489971274415677,0.6870340104530064,0.803842499736092,259550,mean_normalized_threshold_margin,0.6585356308352389
V3-1,P2,4,47,natural_missingness,fb82651717076e658cf67e62ccd41ca247d29c994518945706edefcf0b635aa0,36acd56b56e9691b25833311a6dba037d1103629d12b6c53e97c0f66da24fd24,extrasensory-p2-fold4-seed47-v2_multiseed,0.55,0.5500098019996079,28056,0.363423005481704,0.6842638957090565,0.7917384265082468,284764,mean_normalized_threshold_margin,0.6373055135339493
V3-1,P2,4,47,natural_missingness,fb82651717076e658cf67e62ccd41ca247d29c994518945706edefcf0b635aa0,36acd56b56e9691b25833311a6dba037d1103629d12b6c53e97c0f66da24fd24,extrasensory-p2-fold4-seed47-v2_multiseed,0.6,0.6,30606,0.3763931651028963,0.6820809718034905,0.7808950158052931,309757,mean_normalized_threshold_margin,0.6150984869047008
V3-1,P2,4,47,natural_missingness,fb82651717076e658cf67e62ccd41ca247d29c994518945706edefcf0b635aa0,36acd56b56e9691b25833311a6dba037d1103629d12b6c53e97c0f66da24fd24,extrasensory-p2-fold4-seed47-v2_multiseed,0.65,0.6500098019996079,33157,0.388568206885082,0.6799633870052333,0.7698019388033825,334325,mean_normalized_threshold_margin,0.5918369889605465
V3-1,P2,4,47,natural_missingness,fb82651717076e658cf67e62ccd41ca247d29c994518945706edefcf0b635aa0,36acd56b56e9691b25833311a6dba037d1103629d12b6c53e97c0f66da24fd24,extrasensory-p2-fold4-seed47-v2_multiseed,0.7,0.7,35707,0.3997340985108124,0.6738982105274463,0.7595004180602006,358358,mean_normalized_threshold_margin,0.5676907147930254
V3-1,P2,4,47,natural_missingness,fb82651717076e658cf67e62ccd41ca247d29c994518945706edefcf0b635aa0,36acd56b56e9691b25833311a6dba037d1103629d12b6c53e97c0f66da24fd24,extrasensory-p2-fold4-seed47-v2_multiseed,0.75,0.7500098019996079,38258,0.4090647211705539,0.6646729768773019,0.7506715602829901,382536,mean_normalized_threshold_margin,0.5418988948696513
V3-1,P2,4,47,natural_missingness,fb82651717076e658cf67e62ccd41ca247d29c994518945706edefcf0b635aa0,36acd56b56e9691b25833311a6dba037d1103629d12b6c53e97c0f66da24fd24,extrasensory-p2-fold4-seed47-v2_multiseed,0.8,0.8,40808,0.4173587365543832,0.6547342417504011,0.7415554541475362,406468,mean_normalized_threshold_margin,0.5145781983369717
V3-1,P2,4,47,natural_missingness,fb82651717076e658cf67e62ccd41ca247d29c994518945706edefcf0b635aa0,36acd56b56e9691b25833311a6dba037d1103629d12b6c53e97c0f66da24fd24,extrasensory-p2-fold4-seed47-v2_multiseed,0.85,0.850009801999608,43359,0.4248678329374406,0.6420371651585931,0.7314138185612039,430429,mean_normalized_threshold_margin,0.4879526223399003
V3-1,P2,4,47,natural_missingness,fb82651717076e658cf67e62ccd41ca247d29c994518945706edefcf0b635aa0,36acd56b56e9691b25833311a6dba037d1103629d12b6c53e97c0f66da24fd24,extrasensory-p2-fold4-seed47-v2_multiseed,0.9,0.9,45909,0.4313122871081039,0.630427368233627,0.7224535425763041,453329,mean_normalized_threshold_margin,0.459530823196901
V3-1,P2,4,47,natural_missingness,fb82651717076e658cf67e62ccd41ca247d29c994518945706edefcf0b635aa0,36acd56b56e9691b25833311a6dba037d1103629d12b6c53e97c0f66da24fd24,extrasensory-p2-fold4-seed47-v2_multiseed,0.95,0.950009801999608,48460,0.4402116042706701,0.614300788664903,0.7119049722514477,478234,mean_normalized_threshold_margin,0.417465107920701
V3-1,P2,4,47,natural_missingness,fb82651717076e658cf67e62ccd41ca247d29c994518945706edefcf0b635aa0,36acd56b56e9691b25833311a6dba037d1103629d12b6c53e97c0f66da24fd24,extrasensory-p2-fold4-seed47-v2_multiseed,1.0,1.0,51010,0.4503193512823912,0.5976761634819686,0.6998710940936614,504726,mean_normalized_threshold_margin,0.2546285201326793
V3-1,P2,4,47,natural_missingness,fb82651717076e658cf67e62ccd41ca247d29c994518945706edefcf0b635aa0,36acd56b56e9691b25833311a6dba037d1103629d12b6c53e97c0f66da24fd24,extrasensory-p2-fold4-seed47-v2_multiseed,0.05,0.0500098019996079,2551,0.42632249624667,0.6247896911761673,0.7026975502811934,22434,p2_system_reliability,0.993522882461548
V3-1,P2,4,47,natural_missingness,fb82651717076e658cf67e62ccd41ca247d29c994518945706edefcf0b635aa0,36acd56b56e9691b25833311a6dba037d1103629d12b6c53e97c0f66da24fd24,extrasensory-p2-fold4-seed47-v2_multiseed,0.1,0.1,5101,0.4330216462978399,0.637047545028776,0.7066129414553212,44396,p2_system_reliability,0.9921039938926696
V3-1,P2,4,47,natural_missingness,fb82651717076e658cf67e62ccd41ca247d29c994518945706edefcf0b635aa0,36acd56b56e9691b25833311a6dba037d1103629d12b6c53e97c0f66da24fd24,extrasensory-p2-fold4-seed47-v2_multiseed,0.15,0.1500098019996079,7652,0.4371934812039644,0.6410938423195292,0.7050205357690186,67571,p2_system_reliability,0.990791916847229
V3-1,P2,4,47,natural_missingness,fb82651717076e658cf67e62ccd41ca247d29c994518945706edefcf0b635aa0,36acd56b56e9691b25833311a6dba037d1103629d12b6c53e97c0f66da24fd24,extrasensory-p2-fold4-seed47-v2_multiseed,0.2,0.2,10202,0.4538492480443544,0.644791288725519,0.6974561620153125,91413,p2_system_reliability,0.9896233081817628
V3-1,P2,4,47,natural_missingness,fb82651717076e658cf67e62ccd41ca247d29c994518945706edefcf0b635aa0,36acd56b56e9691b25833311a6dba037d1103629d12b6c53e97c0f66da24fd24,extrasensory-p2-fold4-seed47-v2_multiseed,0.25,0.2500098019996079,12753,0.4554256492359573,0.6361994824318323,0.6938312141958921,116563,p2_system_reliability,0.9885545372962952
V3-1,P2,4,47,natural_missingness,fb82651717076e658cf67e62ccd41ca247d29c994518945706edefcf0b635aa0,36acd56b56e9691b25833311a6dba037d1103629d12b6c53e97c0f66da24fd24,extrasensory-p2-fold4-seed47-v2_multiseed,0.3,0.3,15303,0.4514357811982796,0.6297178555764799,0.6945050613129848,142801,p2_system_reliability,0.9875880479812622
V3-1,P2,4,47,natural_missingness,fb82651717076e658cf67e62ccd41ca247d29c994518945706edefcf0b635aa0,36acd56b56e9691b25833311a6dba037d1103629d12b6c53e97c0f66da24fd24,extrasensory-p2-fold4-seed47-v2_multiseed,0.35,0.3500098019996079,17854,0.4480917781106532,0.6257772013105466,0.6967549684413055,169424,p2_system_reliability,0.9867034554481506
V3-1,P2,4,47,natural_missingness,fb82651717076e658cf67e62ccd41ca247d29c994518945706edefcf0b635aa0,36acd56b56e9691b25833311a6dba037d1103629d12b6c53e97c0f66da24fd24,extrasensory-p2-fold4-seed47-v2_multiseed,0.4,0.4,20404,0.4446354998143442,0.6244175131077906,0.6998844743583305,196134,p2_system_reliability,0.9858317375183104
V3-1,P2,4,47,natural_missingness,fb82651717076e658cf67e62ccd41ca247d29c994518945706edefcf0b635aa0,36acd56b56e9691b25833311a6dba037d1103629d12b6c53e97c0f66da24fd24,extrasensory-p2-fold4-seed47-v2_multiseed,0.45,0.4500098019996079,22955,0.441126680917107,0.6234645111197719,0.7045606268226696,222606,p2_system_reliability,0.9849587678909302
V3-1,P2,4,47,natural_missingness,fb82651717076e658cf67e62ccd41ca247d29c994518945706edefcf0b635aa0,36acd56b56e9691b25833311a6dba037d1103629d12b6c53e97c0f66da24fd24,extrasensory-p2-fold4-seed47-v2_multiseed,0.5,0.5,25505,0.4393390024852728,0.6223464514422223,0.7078671832973407,249258,p2_system_reliability,0.9840949773788452
V3-1,P2,4,47,natural_missingness,fb82651717076e658cf67e62ccd41ca247d29c994518945706edefcf0b635aa0,36acd56b56e9691b25833311a6dba037d1103629d12b6c53e97c0f66da24fd24,extrasensory-p2-fold4-seed47-v2_multiseed,0.55,0.5500098019996079,28056,0.4374131481303902,0.6224982624731397,0.7111821265382783,275941,p2_system_reliability,0.983213186264038
V3-1,P2,4,47,natural_missingness,fb82651717076e658cf67e62ccd41ca247d29c994518945706edefcf0b635aa0,36acd56b56e9691b25833311a6dba037d1103629d12b6c53e97c0f66da24fd24,extrasensory-p2-fold4-seed47-v2_multiseed,0.6,0.6,30606,0.4365370245386913,0.6214599310854549,0.7126093531652596,302350,p2_system_reliability,0.9822317957878112
V3-1,P2,4,47,natural_missingness,fb82651717076e658cf67e62ccd41ca247d29c994518945706edefcf0b635aa0,36acd56b56e9691b25833311a6dba037d1103629d12b6c53e97c0f66da24fd24,extrasensory-p2-fold4-seed47-v2_multiseed,0.65,0.6500098019996079,33157,0.4363368719720721,0.6214099623335706,0.7136937243202373,328299,p2_system_reliability,0.9811030626296996
V3-1,P2,4,47,natural_missingness,fb82651717076e658cf67e62ccd41ca247d29c994518945706edefcf0b635aa0,36acd56b56e9691b25833311a6dba037d1103629d12b6c53e97c0f66da24fd24,extrasensory-p2-fold4-seed47-v2_multiseed,0.7,0.7,35707,0.4366062422623136,0.6191098571651477,0.7136380398707131,354117,p2_system_reliability,0.9797248840332032
V3-1,P2,4,47,natural_missingness,fb82651717076e658cf67e62ccd41ca247d29c994518945706edefcf0b635aa0,36acd56b56e9691b25833311a6dba037d1103629d12b6c53e97c0f66da24fd24,extrasensory-p2-fold4-seed47-v2_multiseed,0.75,0.7500098019996079,38258,0.4379857034984212,0.6172093500094977,0.7124756778611679,379930,p2_system_reliability,0.9780938625335692
V3-1,P2,4,47,natural_missingness,fb82651717076e658cf67e62ccd41ca247d29c994518945706edefcf0b635aa0,36acd56b56e9691b25833311a6dba037d1103629d12b6c53e97c0f66da24fd24,extrasensory-p2-fold4-seed47-v2_multiseed,0.8,0.8,40808,0.4412100785502372,0.6135680899590653,0.7100151314545111,405596,p2_system_reliability,0.9760766625404358
V3-1,P2,4,47,natural_missingness,fb82651717076e658cf67e62ccd41ca247d29c994518945706edefcf0b635aa0,36acd56b56e9691b25833311a6dba037d1103629d12b6c53e97c0f66da24fd24,extrasensory-p2-fold4-seed47-v2_multiseed,0.85,0.850009801999608,43359,0.444734610788269,0.6095677852373868,0.7072772345529559,431305,p2_system_reliability,0.9734745621681212
V3-1,P2,4,47,natural_missingness,fb82651717076e658cf67e62ccd41ca247d29c994518945706edefcf0b635aa0,36acd56b56e9691b25833311a6dba037d1103629d12b6c53e97c0f66da24fd24,extrasensory-p2-fold4-seed47-v2_multiseed,0.9,0.9,45909,0.4483486601215271,0.6057885982452456,0.7041049078773494,456895,p2_system_reliability,0.9698034524917604
V3-1,P2,4,47,natural_missingness,fb82651717076e658cf67e62ccd41ca247d29c994518945706edefcf0b635aa0,36acd56b56e9691b25833311a6dba037d1103629d12b6c53e97c0f66da24fd24,extrasensory-p2-fold4-seed47-v2_multiseed,0.95,0.950009801999608,48460,0.4511741637303624,0.6011603311011585,0.700784723306002,481807,p2_system_reliability,0.9633378982543944
V3-1,P2,4,47,natural_missingness,fb82651717076e658cf67e62ccd41ca247d29c994518945706edefcf0b635aa0,36acd56b56e9691b25833311a6dba037d1103629d12b6c53e97c0f66da24fd24,extrasensory-p2-fold4-seed47-v2_multiseed,1.0,1.0,51010,0.4503193512823913,0.5976761634819686,0.6998710940936614,504726,p2_system_reliability,0.8920919895172119
