phase,model_id,fold,seed,scenario,protocol_sha256,source_prediction_sha256,run_id,requested_coverage,coverage,accepted_count,risk_masked_bce,macro_f1,micro_f1,known_target_count,score_method,confidence_cutoff
V3-2,P2,0,13,natural_missingness,ea4f5c2a61cf7df43321c66da250e1480ff9cb431dfabb22d9c4d05d565bb993,0d73ab992cbe5fe6bf4e93419766623e57622e207cab8673bb9ca23ec6927615,extrasensory-p2-fold0-seed13-v2_seed13,0.05,0.0500007685331775,3253,0.1044883847491499,0.426506094714693,0.9593711145870936,40506,mean_binary_certainty,0.9530369242362272
V3-2,P2,0,13,natural_missingness,ea4f5c2a61cf7df43321c66da250e1480ff9cb431dfabb22d9c4d05d565bb993,0d73ab992cbe5fe6bf4e93419766623e57622e207cab8673bb9ca23ec6927615,extrasensory-p2-fold0-seed13-v2_seed13,0.1,0.1000015370663551,6506,0.1404890592930159,0.4413127021310625,0.9491932855280312,83378,mean_binary_certainty,0.9285942112305604
V3-2,P2,0,13,natural_missingness,ea4f5c2a61cf7df43321c66da250e1480ff9cb431dfabb22d9c4d05d565bb993,0d73ab992cbe5fe6bf4e93419766623e57622e207cab8673bb9ca23ec6927615,extrasensory-p2-fold0-seed13-v2_seed13,0.15,0.1500023055995327,9759,0.1603260063889327,0.4312197389144692,0.9376033513394334,124108,mean_binary_certainty,0.8853910819970705
V3-2,P2,0,13,natural_missingness,ea4f5c2a61cf7df43321c66da250e1480ff9cb431dfabb22d9c4d05d565bb993,0d73ab992cbe5fe6bf4e93419766623e57622e207cab8673bb9ca23ec6927615,extrasensory-p2-fold0-seed13-v2_seed13,0.2,0.2000030741327103,13012,0.1900236238159784,0.5310696522641363,0.9217624463998808,162059,mean_binary_certainty,0.7764108315631508
V3-2,P2,0,13,natural_missingness,ea4f5c2a61cf7df43321c66da250e1480ff9cb431dfabb22d9c4d05d565bb993,0d73ab992cbe5fe6bf4e93419766623e57622e207cab8673bb9ca23ec6927615,extrasensory-p2-fold0-seed13-v2_seed13,0.25,0.2500038426658879,16265,0.2040961760762532,0.6045906300670824,0.9067051473949324,196235,mean_binary_certainty,0.6924591376609791
V3-2,P2,0,13,natural_missingness,ea4f5c2a61cf7df43321c66da250e1480ff9cb431dfabb22d9c4d05d565bb993,0d73ab992cbe5fe6bf4e93419766623e57622e207cab8673bb9ca23ec6927615,extrasensory-p2-fold0-seed13-v2_seed13,0.3,0.3000046111990654,19518,0.226763067776085,0.6335816503961456,0.8850375325736066,230005,mean_binary_certainty,0.6407395598412267
V3-2,P2,0,13,natural_missingness,ea4f5c2a61cf7df43321c66da250e1480ff9cb431dfabb22d9c4d05d565bb993,0d73ab992cbe5fe6bf4e93419766623e57622e207cab8673bb9ca23ec6927615,extrasensory-p2-fold0-seed13-v2_seed13,0.35,0.350005379732243,22771,0.248350854900463,0.6460744438843898,0.8639069562341528,263171,mean_binary_certainty,0.6041482556854216
V3-2,P2,0,13,natural_missingness,ea4f5c2a61cf7df43321c66da250e1480ff9cb431dfabb22d9c4d05d565bb993,0d73ab992cbe5fe6bf4e93419766623e57622e207cab8673bb9ca23ec6927615,extrasensory-p2-fold0-seed13-v2_seed13,0.4,0.4000061482654206,26024,0.2697030230428198,0.6490074151437452,0.8439733397574881,295881,mean_binary_certainty,0.5736398285575447
V3-2,P2,0,13,natural_missingness,ea4f5c2a61cf7df43321c66da250e1480ff9cb431dfabb22d9c4d05d565bb993,0d73ab992cbe5fe6bf4e93419766623e57622e207cab8673bb9ca23ec6927615,extrasensory-p2-fold0-seed13-v2_seed13,0.45,0.4500069167985982,29277,0.2879379976587788,0.6520068185754078,0.8271036951423409,327840,mean_binary_certainty,0.5466001841086692
V3-2,P2,0,13,natural_missingness,ea4f5c2a61cf7df43321c66da250e1480ff9cb431dfabb22d9c4d05d565bb993,0d73ab992cbe5fe6bf4e93419766623e57622e207cab8673bb9ca23ec6927615,extrasensory-p2-fold0-seed13-v2_seed13,0.5,0.5000076853317758,32530,0.3043067666756039,0.6484748130922254,0.8119994025022792,358980,mean_binary_certainty,0.5232574078067159
V3-2,P2,0,13,natural_missingness,ea4f5c2a61cf7df43321c66da250e1480ff9cb431dfabb22d9c4d05d565bb993,0d73ab992cbe5fe6bf4e93419766623e57622e207cab8673bb9ca23ec6927615,extrasensory-p2-fold0-seed13-v2_seed13,0.55,0.5500084538649533,35783,0.3200472787460044,0.6414075039990778,0.7982076888242725,389025,mean_binary_certainty,0.5012377901462297
V3-2,P2,0,13,natural_missingness,ea4f5c2a61cf7df43321c66da250e1480ff9cb431dfabb22d9c4d05d565bb993,0d73ab992cbe5fe6bf4e93419766623e57622e207cab8673bb9ca23ec6927615,extrasensory-p2-fold0-seed13-v2_seed13,0.6,0.6000092223981309,39036,0.3322425320593538,0.6371082480244378,0.7868723060822675,418997,mean_binary_certainty,0.4784530090065436
V3-2,P2,0,13,natural_missingness,ea4f5c2a61cf7df43321c66da250e1480ff9cb431dfabb22d9c4d05d565bb993,0d73ab992cbe5fe6bf4e93419766623e57622e207cab8673bb9ca23ec6927615,extrasensory-p2-fold0-seed13-v2_seed13,0.65,0.6500099909313085,42289,0.344034520913229,0.6316955442243877,0.776231276684736,449514,mean_binary_certainty,0.4544016582810005
V3-2,P2,0,13,natural_missingness,ea4f5c2a61cf7df43321c66da250e1480ff9cb431dfabb22d9c4d05d565bb993,0d73ab992cbe5fe6bf4e93419766623e57622e207cab8673bb9ca23ec6927615,extrasensory-p2-fold0-seed13-v2_seed13,0.7,0.7000107594644861,45542,0.3542385957429315,0.62609627710494,0.766255444360768,479981,mean_binary_certainty,0.4285179330458299
V3-2,P2,0,13,natural_missingness,ea4f5c2a61cf7df43321c66da250e1480ff9cb431dfabb22d9c4d05d565bb993,0d73ab992cbe5fe6bf4e93419766623e57622e207cab8673bb9ca23ec6927615,extrasensory-p2-fold0-seed13-v2_seed13,0.75,0.7500115279976637,48795,0.3639699626215537,0.620994176537805,0.7565269701223181,511178,mean_binary_certainty,0.4000576471777833
V3-2,P2,0,13,natural_missingness,ea4f5c2a61cf7df43321c66da250e1480ff9cb431dfabb22d9c4d05d565bb993,0d73ab992cbe5fe6bf4e93419766623e57622e207cab8673bb9ca23ec6927615,extrasensory-p2-fold0-seed13-v2_seed13,0.8,0.8000122965308413,52048,0.3737810642309998,0.6138393561471046,0.7467952019005637,543172,mean_binary_certainty,0.3694438274754567
V3-2,P2,0,13,natural_missingness,ea4f5c2a61cf7df43321c66da250e1480ff9cb431dfabb22d9c4d05d565bb993,0d73ab992cbe5fe6bf4e93419766623e57622e207cab8673bb9ca23ec6927615,extrasensory-p2-fold0-seed13-v2_seed13,0.85,0.8500130650640189,55301,0.3829917679829858,0.6075568008439685,0.7380378635218315,575909,mean_binary_certainty,0.3334310902728501
V3-2,P2,0,13,natural_missingness,ea4f5c2a61cf7df43321c66da250e1480ff9cb431dfabb22d9c4d05d565bb993,0d73ab992cbe5fe6bf4e93419766623e57622e207cab8673bb9ca23ec6927615,extrasensory-p2-fold0-seed13-v2_seed13,0.9,0.9000138335971964,58554,0.3927000631963255,0.6009921886336468,0.7294068828319751,608857,mean_binary_certainty,0.2904993596732641
V3-2,P2,0,13,natural_missingness,ea4f5c2a61cf7df43321c66da250e1480ff9cb431dfabb22d9c4d05d565bb993,0d73ab992cbe5fe6bf4e93419766623e57622e207cab8673bb9ca23ec6927615,extrasensory-p2-fold0-seed13-v2_seed13,0.95,0.950014602130374,61807,0.4022655027633949,0.5931422458339518,0.7215789519264911,641832,mean_binary_certainty,0.2348350774930503
V3-2,P2,0,13,natural_missingness,ea4f5c2a61cf7df43321c66da250e1480ff9cb431dfabb22d9c4d05d565bb993,0d73ab992cbe5fe6bf4e93419766623e57622e207cab8673bb9ca23ec6927615,extrasensory-p2-fold0-seed13-v2_seed13,1.0,1.0,65059,0.413312436456162,0.5864481220663477,0.715372390911304,673892,mean_binary_certainty,0.017540671260924
V3-2,P2,0,13,natural_missingness,ea4f5c2a61cf7df43321c66da250e1480ff9cb431dfabb22d9c4d05d565bb993,0d73ab992cbe5fe6bf4e93419766623e57622e207cab8673bb9ca23ec6927615,extrasensory-p2-fold0-seed13-v2_seed13,0.05,0.0500007685331775,3253,0.4034083797504982,0.4393597541778474,0.7688342006711736,35124,p2_system_reliability,0.9973007440567015
V3-2,P2,0,13,natural_missingness,ea4f5c2a61cf7df43321c66da250e1480ff9cb431dfabb22d9c4d05d565bb993,0d73ab992cbe5fe6bf4e93419766623e57622e207cab8673bb9ca23ec6927615,extrasensory-p2-fold0-seed13-v2_seed13,0.1,0.1000015370663551,6506,0.4163735837486885,0.4660227438227384,0.7511899834437086,66865,p2_system_reliability,0.996352195739746
V3-2,P2,0,13,natural_missingness,ea4f5c2a61cf7df43321c66da250e1480ff9cb431dfabb22d9c4d05d565bb993,0d73ab992cbe5fe6bf4e93419766623e57622e207cab8673bb9ca23ec6927615,extrasensory-p2-fold0-seed13-v2_seed13,0.15,0.1500023055995327,9759,0.4214389282191553,0.5097900705348241,0.7388476655445301,99117,p2_system_reliability,0.9955191612243652
V3-2,P2,0,13,natural_missingness,ea4f5c2a61cf7df43321c66da250e1480ff9cb431dfabb22d9c4d05d565bb993,0d73ab992cbe5fe6bf4e93419766623e57622e207cab8673bb9ca23ec6927615,extrasensory-p2-fold0-seed13-v2_seed13,0.2,0.2000030741327103,13012,0.4223098819287831,0.5379108683767931,0.7313426880361774,131869,p2_system_reliability,0.99473237991333
V3-2,P2,0,13,natural_missingness,ea4f5c2a61cf7df43321c66da250e1480ff9cb431dfabb22d9c4d05d565bb993,0d73ab992cbe5fe6bf4e93419766623e57622e207cab8673bb9ca23ec6927615,extrasensory-p2-fold0-seed13-v2_seed13,0.25,0.2500038426658879,16265,0.4167154147468648,0.5574476625055983,0.731621204870527,165461,p2_system_reliability,0.9939035177230836
V3-2,P2,0,13,natural_missingness,ea4f5c2a61cf7df43321c66da250e1480ff9cb431dfabb22d9c4d05d565bb993,0d73ab992cbe5fe6bf4e93419766623e57622e207cab8673bb9ca23ec6927615,extrasensory-p2-fold0-seed13-v2_seed13,0.3,0.3000046111990654,19518,0.4097128283095719,0.564340707774823,0.7329188151738412,199763,p2_system_reliability,0.993061900138855
V3-2,P2,0,13,natural_missingness,ea4f5c2a61cf7df43321c66da250e1480ff9cb431dfabb22d9c4d05d565bb993,0d73ab992cbe5fe6bf4e93419766623e57622e207cab8673bb9ca23ec6927615,extrasensory-p2-fold0-seed13-v2_seed13,0.35,0.350005379732243,22771,0.4059535881983956,0.5751349733178716,0.7344689076137839,234924,p2_system_reliability,0.992160439491272
V3-2,P2,0,13,natural_missingness,ea4f5c2a61cf7df43321c66da250e1480ff9cb431dfabb22d9c4d05d565bb993,0d73ab992cbe5fe6bf4e93419766623e57622e207cab8673bb9ca23ec6927615,extrasensory-p2-fold0-seed13-v2_seed13,0.4,0.4000061482654206,26024,0.4043230028914749,0.5788595292647029,0.7349143331970402,269826,p2_system_reliability,0.991173505783081
V3-2,P2,0,13,natural_missingness,ea4f5c2a61cf7df43321c66da250e1480ff9cb431dfabb22d9c4d05d565bb993,0d73ab992cbe5fe6bf4e93419766623e57622e207cab8673bb9ca23ec6927615,extrasensory-p2-fold0-seed13-v2_seed13,0.45,0.4500069167985982,29277,0.4035813666850678,0.588406868243141,0.734252095327902,304888,p2_system_reliability,0.9901034832000732
V3-2,P2,0,13,natural_missingness,ea4f5c2a61cf7df43321c66da250e1480ff9cb431dfabb22d9c4d05d565bb993,0d73ab992cbe5fe6bf4e93419766623e57622e207cab8673bb9ca23ec6927615,extrasensory-p2-fold0-seed13-v2_seed13,0.5,0.5000076853317758,32530,0.4039995331923278,0.5951444232573552,0.7327198417930125,339701,p2_system_reliability,0.9888125061988832
V3-2,P2,0,13,natural_missingness,ea4f5c2a61cf7df43321c66da250e1480ff9cb431dfabb22d9c4d05d565bb993,0d73ab992cbe5fe6bf4e93419766623e57622e207cab8673bb9ca23ec6927615,extrasensory-p2-fold0-seed13-v2_seed13,0.55,0.5500084538649533,35783,0.4054206605573229,0.5972084410972704,0.7305627132307426,374267,p2_system_reliability,0.9873774647712708
V3-2,P2,0,13,natural_missingness,ea4f5c2a61cf7df43321c66da250e1480ff9cb431dfabb22d9c4d05d565bb993,0d73ab992cbe5fe6bf4e93419766623e57622e207cab8673bb9ca23ec6927615,extrasensory-p2-fold0-seed13-v2_seed13,0.6,0.6000092223981309,39036,0.4070332074064439,0.6000107560220813,0.728635814392436,408525,p2_system_reliability,0.9856704473495485
V3-2,P2,0,13,natural_missingness,ea4f5c2a61cf7df43321c66da250e1480ff9cb431dfabb22d9c4d05d565bb993,0d73ab992cbe5fe6bf4e93419766623e57622e207cab8673bb9ca23ec6927615,extrasensory-p2-fold0-seed13-v2_seed13,0.65,0.6500099909313085,42289,0.4079999443371221,0.6009538830369991,0.7271628134956294,442513,p2_system_reliability,0.9837020635604858
V3-2,P2,0,13,natural_missingness,ea4f5c2a61cf7df43321c66da250e1480ff9cb431dfabb22d9c4d05d565bb993,0d73ab992cbe5fe6bf4e93419766623e57622e207cab8673bb9ca23ec6927615,extrasensory-p2-fold0-seed13-v2_seed13,0.7,0.7000107594644861,45542,0.4087204130746573,0.6010294062619755,0.7252100488432561,476562,p2_system_reliability,0.9812527894973756
V3-2,P2,0,13,natural_missingness,ea4f5c2a61cf7df43321c66da250e1480ff9cb431dfabb22d9c4d05d565bb993,0d73ab992cbe5fe6bf4e93419766623e57622e207cab8673bb9ca23ec6927615,extrasensory-p2-fold0-seed13-v2_seed13,0.75,0.7500115279976637,48795,0.4094523423043905,0.6002594898016116,0.7233421978210517,509420,p2_system_reliability,0.978266179561615
V3-2,P2,0,13,natural_missingness,ea4f5c2a61cf7df43321c66da250e1480ff9cb431dfabb22d9c4d05d565bb993,0d73ab992cbe5fe6bf4e93419766623e57622e207cab8673bb9ca23ec6927615,extrasensory-p2-fold0-seed13-v2_seed13,0.8,0.8000122965308413,52048,0.4103260173883554,0.5978167161004211,0.7208866109223407,541983,p2_system_reliability,0.9747037291526794
V3-2,P2,0,13,natural_missingness,ea4f5c2a61cf7df43321c66da250e1480ff9cb431dfabb22d9c4d05d565bb993,0d73ab992cbe5fe6bf4e93419766623e57622e207cab8673bb9ca23ec6927615,extrasensory-p2-fold0-seed13-v2_seed13,0.85,0.8500130650640189,55301,0.4105939378571501,0.5961664199914657,0.7197371939340693,574525,p2_system_reliability,0.9699658155441284
V3-2,P2,0,13,natural_missingness,ea4f5c2a61cf7df43321c66da250e1480ff9cb431dfabb22d9c4d05d565bb993,0d73ab992cbe5fe6bf4e93419766623e57622e207cab8673bb9ca23ec6927615,extrasensory-p2-fold0-seed13-v2_seed13,0.9,0.9000138335971964,58554,0.4111840375170621,0.5931666357508256,0.7180867597133157,607264,p2_system_reliability,0.9632570743560792
V3-2,P2,0,13,natural_missingness,ea4f5c2a61cf7df43321c66da250e1480ff9cb431dfabb22d9c4d05d565bb993,0d73ab992cbe5fe6bf4e93419766623e57622e207cab8673bb9ca23ec6927615,extrasensory-p2-fold0-seed13-v2_seed13,0.95,0.950014602130374,61807,0.4121701785670695,0.5904436066582378,0.716428630942633,639993,p2_system_reliability,0.9521130323410034
V3-2,P2,0,13,natural_missingness,ea4f5c2a61cf7df43321c66da250e1480ff9cb431dfabb22d9c4d05d565bb993,0d73ab992cbe5fe6bf4e93419766623e57622e207cab8673bb9ca23ec6927615,extrasensory-p2-fold0-seed13-v2_seed13,1.0,1.0,65059,0.413312436456162,0.5864481220663477,0.715372390911304,673892,p2_system_reliability,0.8367984294891357
V3-2,P2,0,13,natural_missingness,ea4f5c2a61cf7df43321c66da250e1480ff9cb431dfabb22d9c4d05d565bb993,0d73ab992cbe5fe6bf4e93419766623e57622e207cab8673bb9ca23ec6927615,extrasensory-p2-fold0-seed13-v2_seed13,0.05,0.0500007685331775,3253,0.1701646244035222,0.4537251662923966,0.9345340899745044,40294,task_confidence_output_only,0.707126201381443
V3-2,P2,0,13,natural_missingness,ea4f5c2a61cf7df43321c66da250e1480ff9cb431dfabb22d9c4d05d565bb993,0d73ab992cbe5fe6bf4e93419766623e57622e207cab8673bb9ca23ec6927615,extrasensory-p2-fold0-seed13-v2_seed13,0.1,0.1000015370663551,6506,0.1593376407130899,0.4427027678263627,0.9414479730419688,81477,task_confidence_output_only,0.6886379154133646
V3-2,P2,0,13,natural_missingness,ea4f5c2a61cf7df43321c66da250e1480ff9cb431dfabb22d9c4d05d565bb993,0d73ab992cbe5fe6bf4e93419766623e57622e207cab8673bb9ca23ec6927615,extrasensory-p2-fold0-seed13-v2_seed13,0.15,0.1500023055995327,9759,0.1758015517407818,0.4734450188245376,0.9347505411031612,122781,task_confidence_output_only,0.6356895516464259
V3-2,P2,0,13,natural_missingness,ea4f5c2a61cf7df43321c66da250e1480ff9cb431dfabb22d9c4d05d565bb993,0d73ab992cbe5fe6bf4e93419766623e57622e207cab8673bb9ca23ec6927615,extrasensory-p2-fold0-seed13-v2_seed13,0.2,0.2000030741327103,13012,0.2007867317232861,0.5155859085892233,0.9163533834586466,161667,task_confidence_output_only,0.5397779723675706
V3-2,P2,0,13,natural_missingness,ea4f5c2a61cf7df43321c66da250e1480ff9cb431dfabb22d9c4d05d565bb993,0d73ab992cbe5fe6bf4e93419766623e57622e207cab8673bb9ca23ec6927615,extrasensory-p2-fold0-seed13-v2_seed13,0.25,0.2500038426658879,16265,0.2323394274928652,0.5600543243278824,0.8918911645181258,197213,task_confidence_output_only,0.4282515892575806
V3-2,P2,0,13,natural_missingness,ea4f5c2a61cf7df43321c66da250e1480ff9cb431dfabb22d9c4d05d565bb993,0d73ab992cbe5fe6bf4e93419766623e57622e207cab8673bb9ca23ec6927615,extrasensory-p2-fold0-seed13-v2_seed13,0.3,0.3000046111990654,19518,0.2650994806214982,0.5900513098759833,0.8619335751548103,229789,task_confidence_output_only,0.3541470688503456
V3-2,P2,0,13,natural_missingness,ea4f5c2a61cf7df43321c66da250e1480ff9cb431dfabb22d9c4d05d565bb993,0d73ab992cbe5fe6bf4e93419766623e57622e207cab8673bb9ca23ec6927615,extrasensory-p2-fold0-seed13-v2_seed13,0.35,0.350005379732243,22771,0.2871683624368272,0.6029538953306032,0.8386625764287169,262247,task_confidence_output_only,0.3019130228576867
V3-2,P2,0,13,natural_missingness,ea4f5c2a61cf7df43321c66da250e1480ff9cb431dfabb22d9c4d05d565bb993,0d73ab992cbe5fe6bf4e93419766623e57622e207cab8673bb9ca23ec6927615,extrasensory-p2-fold0-seed13-v2_seed13,0.4,0.4000061482654206,26024,0.3031208026185764,0.6095975733241021,0.8197820194620946,293822,task_confidence_output_only,0.2641084529676352
V3-2,P2,0,13,natural_missingness,ea4f5c2a61cf7df43321c66da250e1480ff9cb431dfabb22d9c4d05d565bb993,0d73ab992cbe5fe6bf4e93419766623e57622e207cab8673bb9ca23ec6927615,extrasensory-p2-fold0-seed13-v2_seed13,0.45,0.4500069167985982,29277,0.3169142985465987,0.612402769928066,0.8037694716626392,326233,task_confidence_output_only,0.2344983334699187
V3-2,P2,0,13,natural_missingness,ea4f5c2a61cf7df43321c66da250e1480ff9cb431dfabb22d9c4d05d565bb993,0d73ab992cbe5fe6bf4e93419766623e57622e207cab8673bb9ca23ec6927615,extrasensory-p2-fold0-seed13-v2_seed13,0.5,0.5000076853317758,32530,0.3297419407754193,0.6158190222160502,0.7902088683354338,358659,task_confidence_output_only,0.2096380019532527
V3-2,P2,0,13,natural_missingness,ea4f5c2a61cf7df43321c66da250e1480ff9cb431dfabb22d9c4d05d565bb993,0d73ab992cbe5fe6bf4e93419766623e57622e207cab8673bb9ca23ec6927615,extrasensory-p2-fold0-seed13-v2_seed13,0.55,0.5500084538649533,35783,0.3418840139226404,0.6145532652018528,0.7777670081709007,391039,task_confidence_output_only,0.1894955522182931
V3-2,P2,0,13,natural_missingness,ea4f5c2a61cf7df43321c66da250e1480ff9cb431dfabb22d9c4d05d565bb993,0d73ab992cbe5fe6bf4e93419766623e57622e207cab8673bb9ca23ec6927615,extrasensory-p2-fold0-seed13-v2_seed13,0.6,0.6000092223981309,39036,0.3541872299120361,0.6122225017864886,0.7669405206957534,422838,task_confidence_output_only,0.1721688109655926
V3-2,P2,0,13,natural_missingness,ea4f5c2a61cf7df43321c66da250e1480ff9cb431dfabb22d9c4d05d565bb993,0d73ab992cbe5fe6bf4e93419766623e57622e207cab8673bb9ca23ec6927615,extrasensory-p2-fold0-seed13-v2_seed13,0.65,0.6500099909313085,42289,0.3640840234285755,0.6103501002927465,0.7585214751985364,454420,task_confidence_output_only,0.1564383648684347
V3-2,P2,0,13,natural_missingness,ea4f5c2a61cf7df43321c66da250e1480ff9cb431dfabb22d9c4d05d565bb993,0d73ab992cbe5fe6bf4e93419766623e57622e207cab8673bb9ca23ec6927615,extrasensory-p2-fold0-seed13-v2_seed13,0.7,0.7000107594644861,45542,0.3729528453962797,0.6080358683849949,0.7515825730776392,485795,task_confidence_output_only,0.1422792669910493
V3-2,P2,0,13,natural_missingness,ea4f5c2a61cf7df43321c66da250e1480ff9cb431dfabb22d9c4d05d565bb993,0d73ab992cbe5fe6bf4e93419766623e57622e207cab8673bb9ca23ec6927615,extrasensory-p2-fold0-seed13-v2_seed13,0.75,0.7500115279976637,48795,0.3809872794696123,0.6043976495521447,0.7447997820757287,516969,task_confidence_output_only,0.1295197355692133
V3-2,P2,0,13,natural_missingness,ea4f5c2a61cf7df43321c66da250e1480ff9cb431dfabb22d9c4d05d565bb993,0d73ab992cbe5fe6bf4e93419766623e57622e207cab8673bb9ca23ec6927615,extrasensory-p2-fold0-seed13-v2_seed13,0.8,0.8000122965308413,52048,0.3885872037941055,0.6012122893522248,0.7388942568686431,548079,task_confidence_output_only,0.1169767459108684
V3-2,P2,0,13,natural_missingness,ea4f5c2a61cf7df43321c66da250e1480ff9cb431dfabb22d9c4d05d565bb993,0d73ab992cbe5fe6bf4e93419766623e57622e207cab8673bb9ca23ec6927615,extrasensory-p2-fold0-seed13-v2_seed13,0.85,0.8500130650640189,55301,0.3956607272299251,0.5977238787922066,0.7336687294060917,579502,task_confidence_output_only,0.1051365205589947
V3-2,P2,0,13,natural_missingness,ea4f5c2a61cf7df43321c66da250e1480ff9cb431dfabb22d9c4d05d565bb993,0d73ab992cbe5fe6bf4e93419766623e57622e207cab8673bb9ca23ec6927615,extrasensory-p2-fold0-seed13-v2_seed13,0.9,0.9000138335971964,58554,0.402192226719513,0.5940620242486858,0.7280848247089616,611055,task_confidence_output_only,0.0921670600596044
V3-2,P2,0,13,natural_missingness,ea4f5c2a61cf7df43321c66da250e1480ff9cb431dfabb22d9c4d05d565bb993,0d73ab992cbe5fe6bf4e93419766623e57622e207cab8673bb9ca23ec6927615,extrasensory-p2-fold0-seed13-v2_seed13,0.95,0.950014602130374,61807,0.4084526640153642,0.5897912652422281,0.7221901072448513,642821,task_confidence_output_only,0.0749208487869679
V3-2,P2,0,13,natural_missingness,ea4f5c2a61cf7df43321c66da250e1480ff9cb431dfabb22d9c4d05d565bb993,0d73ab992cbe5fe6bf4e93419766623e57622e207cab8673bb9ca23ec6927615,extrasensory-p2-fold0-seed13-v2_seed13,1.0,1.0,65059,0.413312436456162,0.5864481220663477,0.715372390911304,673892,task_confidence_output_only,0.0250947255624944
V3-2,P2,0,13,natural_missingness,ea4f5c2a61cf7df43321c66da250e1480ff9cb431dfabb22d9c4d05d565bb993,0d73ab992cbe5fe6bf4e93419766623e57622e207cab8673bb9ca23ec6927615,extrasensory-p2-fold0-seed13-v2_seed13,0.05,0.0500007685331775,3253,0.1866240588583364,0.4476777436805164,0.9340277777777778,38689,task_confidence_full,0.7132253240264145
V3-2,P2,0,13,natural_missingness,ea4f5c2a61cf7df43321c66da250e1480ff9cb431dfabb22d9c4d05d565bb993,0d73ab992cbe5fe6bf4e93419766623e57622e207cab8673bb9ca23ec6927615,extrasensory-p2-fold0-seed13-v2_seed13,0.1,0.1000015370663551,6506,0.176778163294746,0.5180544699287437,0.93763701275654,79513,task_confidence_full,0.6522866445069866
V3-2,P2,0,13,natural_missingness,ea4f5c2a61cf7df43321c66da250e1480ff9cb431dfabb22d9c4d05d565bb993,0d73ab992cbe5fe6bf4e93419766623e57622e207cab8673bb9ca23ec6927615,extrasensory-p2-fold0-seed13-v2_seed13,0.15,0.1500023055995327,9759,0.1763509548971694,0.5574512361963252,0.934877112027124,121302,task_confidence_full,0.5792451747780122
V3-2,P2,0,13,natural_missingness,ea4f5c2a61cf7df43321c66da250e1480ff9cb431dfabb22d9c4d05d565bb993,0d73ab992cbe5fe6bf4e93419766623e57622e207cab8673bb9ca23ec6927615,extrasensory-p2-fold0-seed13-v2_seed13,0.2,0.2000030741327103,13012,0.1974858879634753,0.5923735691329459,0.9163702047514676,158860,task_confidence_full,0.4773228771982014
V3-2,P2,0,13,natural_missingness,ea4f5c2a61cf7df43321c66da250e1480ff9cb431dfabb22d9c4d05d565bb993,0d73ab992cbe5fe6bf4e93419766623e57622e207cab8673bb9ca23ec6927615,extrasensory-p2-fold0-seed13-v2_seed13,0.25,0.2500038426658879,16265,0.2334726523365213,0.5964316649202865,0.8863088227045824,192284,task_confidence_full,0.393003393753764
V3-2,P2,0,13,natural_missingness,ea4f5c2a61cf7df43321c66da250e1480ff9cb431dfabb22d9c4d05d565bb993,0d73ab992cbe5fe6bf4e93419766623e57622e207cab8673bb9ca23ec6927615,extrasensory-p2-fold0-seed13-v2_seed13,0.3,0.3000046111990654,19518,0.2565497030476092,0.6113881664033424,0.8627402983126081,224868,task_confidence_full,0.3345322785599671
V3-2,P2,0,13,natural_missingness,ea4f5c2a61cf7df43321c66da250e1480ff9cb431dfabb22d9c4d05d565bb993,0d73ab992cbe5fe6bf4e93419766623e57622e207cab8673bb9ca23ec6927615,extrasensory-p2-fold0-seed13-v2_seed13,0.35,0.350005379732243,22771,0.2716350327086722,0.6146649741793992,0.8458230606043231,258675,task_confidence_full,0.2965786360476501
V3-2,P2,0,13,natural_missingness,ea4f5c2a61cf7df43321c66da250e1480ff9cb431dfabb22d9c4d05d565bb993,0d73ab992cbe5fe6bf4e93419766623e57622e207cab8673bb9ca23ec6927615,extrasensory-p2-fold0-seed13-v2_seed13,0.4,0.4000061482654206,26024,0.2881186048499453,0.6161437994025555,0.8290919829490011,291606,task_confidence_full,0.2603723526178568
V3-2,P2,0,13,natural_missingness,ea4f5c2a61cf7df43321c66da250e1480ff9cb431dfabb22d9c4d05d565bb993,0d73ab992cbe5fe6bf4e93419766623e57622e207cab8673bb9ca23ec6927615,extrasensory-p2-fold0-seed13-v2_seed13,0.45,0.4500069167985982,29277,0.3027031872431245,0.6173961611709529,0.8142324714651759,323520,task_confidence_full,0.2292790550167479
V3-2,P2,0,13,natural_missingness,ea4f5c2a61cf7df43321c66da250e1480ff9cb431dfabb22d9c4d05d565bb993,0d73ab992cbe5fe6bf4e93419766623e57622e207cab8673bb9ca23ec6927615,extrasensory-p2-fold0-seed13-v2_seed13,0.5,0.5000076853317758,32530,0.3172253534655379,0.6179337382104987,0.8003424948944861,355325,task_confidence_full,0.2031148574991208
V3-2,P2,0,13,natural_missingness,ea4f5c2a61cf7df43321c66da250e1480ff9cb431dfabb22d9c4d05d565bb993,0d73ab992cbe5fe6bf4e93419766623e57622e207cab8673bb9ca23ec6927615,extrasensory-p2-fold0-seed13-v2_seed13,0.55,0.5500084538649533,35783,0.3302359776997687,0.6189185795482897,0.7881663628767036,386734,task_confidence_full,0.1810563407294227
V3-2,P2,0,13,natural_missingness,ea4f5c2a61cf7df43321c66da250e1480ff9cb431dfabb22d9c4d05d565bb993,0d73ab992cbe5fe6bf4e93419766623e57622e207cab8673bb9ca23ec6927615,extrasensory-p2-fold0-seed13-v2_seed13,0.6,0.6000092223981309,39036,0.3411985092128219,0.6174780308389896,0.7781892836632164,417637,task_confidence_full,0.1614874437982296
V3-2,P2,0,13,natural_missingness,ea4f5c2a61cf7df43321c66da250e1480ff9cb431dfabb22d9c4d05d565bb993,0d73ab992cbe5fe6bf4e93419766623e57622e207cab8673bb9ca23ec6927615,extrasensory-p2-fold0-seed13-v2_seed13,0.65,0.6500099909313085,42289,0.3524808084046618,0.6141819540428742,0.7687125622913136,449200,task_confidence_full,0.1441004096696856
V3-2,P2,0,13,natural_missingness,ea4f5c2a61cf7df43321c66da250e1480ff9cb431dfabb22d9c4d05d565bb993,0d73ab992cbe5fe6bf4e93419766623e57622e207cab8673bb9ca23ec6927615,extrasensory-p2-fold0-seed13-v2_seed13,0.7,0.7000107594644861,45542,0.3622270081035936,0.6104197819622601,0.7604541353735838,480797,task_confidence_full,0.1292396235804318
V3-2,P2,0,13,natural_missingness,ea4f5c2a61cf7df43321c66da250e1480ff9cb431dfabb22d9c4d05d565bb993,0d73ab992cbe5fe6bf4e93419766623e57622e207cab8673bb9ca23ec6927615,extrasensory-p2-fold0-seed13-v2_seed13,0.75,0.7500115279976637,48795,0.3722289097976396,0.6060050932931972,0.7526022745942789,512296,task_confidence_full,0.1157782320268875
V3-2,P2,0,13,natural_missingness,ea4f5c2a61cf7df43321c66da250e1480ff9cb431dfabb22d9c4d05d565bb993,0d73ab992cbe5fe6bf4e93419766623e57622e207cab8673bb9ca23ec6927615,extrasensory-p2-fold0-seed13-v2_seed13,0.8,0.8000122965308413,52048,0.3817139388690549,0.6019194403480373,0.7452883537770284,543519,task_confidence_full,0.1022541535497687
V3-2,P2,0,13,natural_missingness,ea4f5c2a61cf7df43321c66da250e1480ff9cb431dfabb22d9c4d05d565bb993,0d73ab992cbe5fe6bf4e93419766623e57622e207cab8673bb9ca23ec6927615,extrasensory-p2-fold0-seed13-v2_seed13,0.85,0.8500130650640189,55301,0.3902641856701752,0.5980452210361421,0.738206656009301,574795,task_confidence_full,0.0878675099530436
V3-2,P2,0,13,natural_missingness,ea4f5c2a61cf7df43321c66da250e1480ff9cb431dfabb22d9c4d05d565bb993,0d73ab992cbe5fe6bf4e93419766623e57622e207cab8673bb9ca23ec6927615,extrasensory-p2-fold0-seed13-v2_seed13,0.9,0.9000138335971964,58554,0.3979302840009741,0.59433593248696,0.731219482421875,606627,task_confidence_full,0.0726797729607872
V3-2,P2,0,13,natural_missingness,ea4f5c2a61cf7df43321c66da250e1480ff9cb431dfabb22d9c4d05d565bb993,0d73ab992cbe5fe6bf4e93419766623e57622e207cab8673bb9ca23ec6927615,extrasensory-p2-fold0-seed13-v2_seed13,0.95,0.950014602130374,61807,0.404869329353299,0.5910546597114889,0.7241056355942003,639156,task_confidence_full,0.0525857537153829
V3-2,P2,0,13,natural_missingness,ea4f5c2a61cf7df43321c66da250e1480ff9cb431dfabb22d9c4d05d565bb993,0d73ab992cbe5fe6bf4e93419766623e57622e207cab8673bb9ca23ec6927615,extrasensory-p2-fold0-seed13-v2_seed13,1.0,1.0,65059,0.413312436456162,0.5864481220663477,0.715372390911304,673892,task_confidence_full,0.0025685513340854
V3-2,P2,0,29,natural_missingness,ea4f5c2a61cf7df43321c66da250e1480ff9cb431dfabb22d9c4d05d565bb993,7d8326c7084490bf1a1a9cb0a75ab3e5549a365050be18355173ff12f9c3d0e2,extrasensory-p2-fold0-seed29-v2_multiseed,0.05,0.0500007685331775,3253,0.1755855400469421,0.6272040837794286,0.942396032359039,41463,mean_binary_certainty,0.9433388955812332
V3-2,P2,0,29,natural_missingness,ea4f5c2a61cf7df43321c66da250e1480ff9cb431dfabb22d9c4d05d565bb993,7d8326c7084490bf1a1a9cb0a75ab3e5549a365050be18355173ff12f9c3d0e2,extrasensory-p2-fold0-seed29-v2_multiseed,0.1,0.1000015370663551,6506,0.1564567060669881,0.4590561518980565,0.947392031320093,84423,mean_binary_certainty,0.9091684047681596
V3-2,P2,0,29,natural_missingness,ea4f5c2a61cf7df43321c66da250e1480ff9cb431dfabb22d9c4d05d565bb993,7d8326c7084490bf1a1a9cb0a75ab3e5549a365050be18355173ff12f9c3d0e2,extrasensory-p2-fold0-seed29-v2_multiseed,0.15,0.1500023055995327,9759,0.1728394403454851,0.5834485668606363,0.9386254646968588,125202,mean_binary_certainty,0.8412179011626166
V3-2,P2,0,29,natural_missingness,ea4f5c2a61cf7df43321c66da250e1480ff9cb431dfabb22d9c4d05d565bb993,7d8326c7084490bf1a1a9cb0a75ab3e5549a365050be18355173ff12f9c3d0e2,extrasensory-p2-fold0-seed29-v2_multiseed,0.2,0.2000030741327103,13012,0.2064076896466823,0.5872590896291016,0.9193109119842788,162967,mean_binary_certainty,0.736737223847536
V3-2,P2,0,29,natural_missingness,ea4f5c2a61cf7df43321c66da250e1480ff9cb431dfabb22d9c4d05d565bb993,7d8326c7084490bf1a1a9cb0a75ab3e5549a365050be18355173ff12f9c3d0e2,extrasensory-p2-fold0-seed29-v2_multiseed,0.25,0.2500038426658879,16265,0.2357904516031318,0.6174237566011297,0.8979628146962014,197796,mean_binary_certainty,0.6649145989013626
V3-2,P2,0,29,natural_missingness,ea4f5c2a61cf7df43321c66da250e1480ff9cb431dfabb22d9c4d05d565bb993,7d8326c7084490bf1a1a9cb0a75ab3e5549a365050be18355173ff12f9c3d0e2,extrasensory-p2-fold0-seed29-v2_multiseed,0.3,0.3000046111990654,19518,0.2633812996456143,0.6301704354333236,0.8745606090840714,232089,mean_binary_certainty,0.6216583851897933
V3-2,P2,0,29,natural_missingness,ea4f5c2a61cf7df43321c66da250e1480ff9cb431dfabb22d9c4d05d565bb993,7d8326c7084490bf1a1a9cb0a75ab3e5549a365050be18355173ff12f9c3d0e2,extrasensory-p2-fold0-seed29-v2_multiseed,0.35,0.350005379732243,22771,0.286317798415299,0.6518643755429712,0.854388483335261,264785,mean_binary_certainty,0.5895167979698093
V3-2,P2,0,29,natural_missingness,ea4f5c2a61cf7df43321c66da250e1480ff9cb431dfabb22d9c4d05d565bb993,7d8326c7084490bf1a1a9cb0a75ab3e5549a365050be18355173ff12f9c3d0e2,extrasensory-p2-fold0-seed29-v2_multiseed,0.4,0.4000061482654206,26024,0.304797566416547,0.6532459535261832,0.8372004704268143,296534,mean_binary_certainty,0.5631150003289906
V3-2,P2,0,29,natural_missingness,ea4f5c2a61cf7df43321c66da250e1480ff9cb431dfabb22d9c4d05d565bb993,7d8326c7084490bf1a1a9cb0a75ab3e5549a365050be18355173ff12f9c3d0e2,extrasensory-p2-fold0-seed29-v2_multiseed,0.45,0.4500069167985982,29277,0.3209351975697322,0.65058589071518,0.8230118216012896,326884,mean_binary_certainty,0.5393859482157632
V3-2,P2,0,29,natural_missingness,ea4f5c2a61cf7df43321c66da250e1480ff9cb431dfabb22d9c4d05d565bb993,7d8326c7084490bf1a1a9cb0a75ab3e5549a365050be18355173ff12f9c3d0e2,extrasensory-p2-fold0-seed29-v2_multiseed,0.5,0.5000076853317758,32530,0.3372975321155128,0.6449821756084855,0.8089586267015356,356804,mean_binary_certainty,0.5171224413433528
V3-2,P2,0,29,natural_missingness,ea4f5c2a61cf7df43321c66da250e1480ff9cb431dfabb22d9c4d05d565bb993,7d8326c7084490bf1a1a9cb0a75ab3e5549a365050be18355173ff12f9c3d0e2,extrasensory-p2-fold0-seed29-v2_multiseed,0.55,0.5500084538649533,35783,0.3506478373293024,0.6393430341433912,0.7971154489895463,387227,mean_binary_certainty,0.4948407957711503
V3-2,P2,0,29,natural_missingness,ea4f5c2a61cf7df43321c66da250e1480ff9cb431dfabb22d9c4d05d565bb993,7d8326c7084490bf1a1a9cb0a75ab3e5549a365050be18355173ff12f9c3d0e2,extrasensory-p2-fold0-seed29-v2_multiseed,0.6,0.6000092223981309,39036,0.3630001840940353,0.6349833024659512,0.7867290969899665,417237,mean_binary_certainty,0.4720862375232983
V3-2,P2,0,29,natural_missingness,ea4f5c2a61cf7df43321c66da250e1480ff9cb431dfabb22d9c4d05d565bb993,7d8326c7084490bf1a1a9cb0a75ab3e5549a365050be18355173ff12f9c3d0e2,extrasensory-p2-fold0-seed29-v2_multiseed,0.65,0.6500099909313085,42289,0.3719151590977843,0.6282304848931308,0.7771248889648816,448009,mean_binary_certainty,0.4485045105054165
V3-2,P2,0,29,natural_missingness,ea4f5c2a61cf7df43321c66da250e1480ff9cb431dfabb22d9c4d05d565bb993,7d8326c7084490bf1a1a9cb0a75ab3e5549a365050be18355173ff12f9c3d0e2,extrasensory-p2-fold0-seed29-v2_multiseed,0.7,0.7000107594644861,45542,0.3811849813832837,0.6211208795270725,0.7674799416911899,479854,mean_binary_certainty,0.4226790765551808
V3-2,P2,0,29,natural_missingness,ea4f5c2a61cf7df43321c66da250e1480ff9cb431dfabb22d9c4d05d565bb993,7d8326c7084490bf1a1a9cb0a75ab3e5549a365050be18355173ff12f9c3d0e2,extrasensory-p2-fold0-seed29-v2_multiseed,0.75,0.7500115279976637,48795,0.3888012916861594,0.6160397090980237,0.7585956416464891,512372,mean_binary_certainty,0.3947558212971191
V3-2,P2,0,29,natural_missingness,ea4f5c2a61cf7df43321c66da250e1480ff9cb431dfabb22d9c4d05d565bb993,7d8326c7084490bf1a1a9cb0a75ab3e5549a365050be18355173ff12f9c3d0e2,extrasensory-p2-fold0-seed29-v2_multiseed,0.8,0.8000122965308413,52048,0.3967520747728496,0.6102210185765526,0.7497075337242086,545152,mean_binary_certainty,0.3632095578091298
V3-2,P2,0,29,natural_missingness,ea4f5c2a61cf7df43321c66da250e1480ff9cb431dfabb22d9c4d05d565bb993,7d8326c7084490bf1a1a9cb0a75ab3e5549a365050be18355173ff12f9c3d0e2,extrasensory-p2-fold0-seed29-v2_multiseed,0.85,0.8500130650640189,55301,0.4049917351339818,0.6033941486193702,0.7413671875,577811,mean_binary_certainty,0.3275035206311466
V3-2,P2,0,29,natural_missingness,ea4f5c2a61cf7df43321c66da250e1480ff9cb431dfabb22d9c4d05d565bb993,7d8326c7084490bf1a1a9cb0a75ab3e5549a365050be18355173ff12f9c3d0e2,extrasensory-p2-fold0-seed29-v2_multiseed,0.9,0.9000138335971964,58554,0.4135652692529754,0.5952796747505011,0.7330795158195148,610679,mean_binary_certainty,0.2827403860609602
V3-2,P2,0,29,natural_missingness,ea4f5c2a61cf7df43321c66da250e1480ff9cb431dfabb22d9c4d05d565bb993,7d8326c7084490bf1a1a9cb0a75ab3e5549a365050be18355173ff12f9c3d0e2,extrasensory-p2-fold0-seed29-v2_multiseed,0.95,0.950014602130374,61807,0.4231760839781945,0.5865559747873451,0.7251532632451249,642156,mean_binary_certainty,0.2261735683419758
V3-2,P2,0,29,natural_missingness,ea4f5c2a61cf7df43321c66da250e1480ff9cb431dfabb22d9c4d05d565bb993,7d8326c7084490bf1a1a9cb0a75ab3e5549a365050be18355173ff12f9c3d0e2,extrasensory-p2-fold0-seed29-v2_multiseed,1.0,1.0,65059,0.4334111127946805,0.5776016285911816,0.7181435090139885,673892,mean_binary_certainty,0.0244148696101834
V3-2,P2,0,29,natural_missingness,ea4f5c2a61cf7df43321c66da250e1480ff9cb431dfabb22d9c4d05d565bb993,7d8326c7084490bf1a1a9cb0a75ab3e5549a365050be18355173ff12f9c3d0e2,extrasensory-p2-fold0-seed29-v2_multiseed,0.05,0.0500007685331775,3253,0.5353804605626966,0.544853241876487,0.6208301798917156,33969,p2_system_reliability,0.9952460527420044
V3-2,P2,0,29,natural_missingness,ea4f5c2a61cf7df43321c66da250e1480ff9cb431dfabb22d9c4d05d565bb993,7d8326c7084490bf1a1a9cb0a75ab3e5549a365050be18355173ff12f9c3d0e2,extrasensory-p2-fold0-seed29-v2_multiseed,0.1,0.1000015370663551,6506,0.5023103181477803,0.5688487382799082,0.6567674333903006,68991,p2_system_reliability,0.9941715002059937
V3-2,P2,0,29,natural_missingness,ea4f5c2a61cf7df43321c66da250e1480ff9cb431dfabb22d9c4d05d565bb993,7d8326c7084490bf1a1a9cb0a75ab3e5549a365050be18355173ff12f9c3d0e2,extrasensory-p2-fold0-seed29-v2_multiseed,0.15,0.1500023055995327,9759,0.4868668892982071,0.5769361751911354,0.670948763777182,103124,p2_system_reliability,0.9931910037994384
V3-2,P2,0,29,natural_missingness,ea4f5c2a61cf7df43321c66da250e1480ff9cb431dfabb22d9c4d05d565bb993,7d8326c7084490bf1a1a9cb0a75ab3e5549a365050be18355173ff12f9c3d0e2,extrasensory-p2-fold0-seed29-v2_multiseed,0.2,0.2000030741327103,13012,0.4747618875821082,0.5785833362977962,0.6793853855245776,137127,p2_system_reliability,0.9922913312911988
V3-2,P2,0,29,natural_missingness,ea4f5c2a61cf7df43321c66da250e1480ff9cb431dfabb22d9c4d05d565bb993,7d8326c7084490bf1a1a9cb0a75ab3e5549a365050be18355173ff12f9c3d0e2,extrasensory-p2-fold0-seed29-v2_multiseed,0.25,0.2500038426658879,16265,0.4667968164297957,0.5772775206225652,0.6879342249603865,170922,p2_system_reliability,0.9913910627365112
V3-2,P2,0,29,natural_missingness,ea4f5c2a61cf7df43321c66da250e1480ff9cb431dfabb22d9c4d05d565bb993,7d8326c7084490bf1a1a9cb0a75ab3e5549a365050be18355173ff12f9c3d0e2,extrasensory-p2-fold0-seed29-v2_multiseed,0.3,0.3000046111990654,19518,0.4622497422613206,0.5754408108479868,0.6915562593796323,204810,p2_system_reliability,0.9905064105987548
V3-2,P2,0,29,natural_missingness,ea4f5c2a61cf7df43321c66da250e1480ff9cb431dfabb22d9c4d05d565bb993,7d8326c7084490bf1a1a9cb0a75ab3e5549a365050be18355173ff12f9c3d0e2,extrasensory-p2-fold0-seed29-v2_multiseed,0.35,0.350005379732243,22771,0.4575861304796179,0.574999368959,0.6968676745905636,238568,p2_system_reliability,0.9895945191383362
V3-2,P2,0,29,natural_missingness,ea4f5c2a61cf7df43321c66da250e1480ff9cb431dfabb22d9c4d05d565bb993,7d8326c7084490bf1a1a9cb0a75ab3e5549a365050be18355173ff12f9c3d0e2,extrasensory-p2-fold0-seed29-v2_multiseed,0.4,0.4000061482654206,26024,0.4519210205428027,0.5779175136782562,0.7027393972640312,272536,p2_system_reliability,0.9886724948883056
V3-2,P2,0,29,natural_missingness,ea4f5c2a61cf7df43321c66da250e1480ff9cb431dfabb22d9c4d05d565bb993,7d8326c7084490bf1a1a9cb0a75ab3e5549a365050be18355173ff12f9c3d0e2,extrasensory-p2-fold0-seed29-v2_multiseed,0.45,0.4500069167985982,29277,0.4478867059679147,0.5795873101855122,0.7076921205338135,306416,p2_system_reliability,0.9876927137374878
V3-2,P2,0,29,natural_missingness,ea4f5c2a61cf7df43321c66da250e1480ff9cb431dfabb22d9c4d05d565bb993,7d8326c7084490bf1a1a9cb0a75ab3e5549a365050be18355173ff12f9c3d0e2,extrasensory-p2-fold0-seed29-v2_multiseed,0.5,0.5000076853317758,32530,0.4443025809418612,0.5793657568484716,0.7108329689549628,340437,p2_system_reliability,0.986685276031494
V3-2,P2,0,29,natural_missingness,ea4f5c2a61cf7df43321c66da250e1480ff9cb431dfabb22d9c4d05d565bb993,7d8326c7084490bf1a1a9cb0a75ab3e5549a365050be18355173ff12f9c3d0e2,extrasensory-p2-fold0-seed29-v2_multiseed,0.55,0.5500084538649533,35783,0.442196329219532,0.5792642705710265,0.7126079464476369,374142,p2_system_reliability,0.98558247089386
V3-2,P2,0,29,natural_missingness,ea4f5c2a61cf7df43321c66da250e1480ff9cb431dfabb22d9c4d05d565bb993,7d8326c7084490bf1a1a9cb0a75ab3e5549a365050be18355173ff12f9c3d0e2,extrasensory-p2-fold0-seed29-v2_multiseed,0.6,0.6000092223981309,39036,0.4413142193914227,0.5796647237156907,0.7141219603169549,407721,p2_system_reliability,0.9843692779541016
V3-2,P2,0,29,natural_missingness,ea4f5c2a61cf7df43321c66da250e1480ff9cb431dfabb22d9c4d05d565bb993,7d8326c7084490bf1a1a9cb0a75ab3e5549a365050be18355173ff12f9c3d0e2,extrasensory-p2-fold0-seed29-v2_multiseed,0.65,0.6500099909313085,42289,0.4401782405612693,0.5800395466720332,0.7149923448357084,440963,p2_system_reliability,0.9829427003860474
V3-2,P2,0,29,natural_missingness,ea4f5c2a61cf7df43321c66da250e1480ff9cb431dfabb22d9c4d05d565bb993,7d8326c7084490bf1a1a9cb0a75ab3e5549a365050be18355173ff12f9c3d0e2,extrasensory-p2-fold0-seed29-v2_multiseed,0.7,0.7000107594644861,45542,0.4380977706269044,0.5804074085798968,0.7163447442798673,474557,p2_system_reliability,0.9812993407249452
V3-2,P2,0,29,natural_missingness,ea4f5c2a61cf7df43321c66da250e1480ff9cb431dfabb22d9c4d05d565bb993,7d8326c7084490bf1a1a9cb0a75ab3e5549a365050be18355173ff12f9c3d0e2,extrasensory-p2-fold0-seed29-v2_multiseed,0.75,0.7500115279976637,48795,0.4367342614131756,0.5807869688392023,0.717427408610589,508112,p2_system_reliability,0.9793846607208252
V3-2,P2,0,29,natural_missingness,ea4f5c2a61cf7df43321c66da250e1480ff9cb431dfabb22d9c4d05d565bb993,7d8326c7084490bf1a1a9cb0a75ab3e5549a365050be18355173ff12f9c3d0e2,extrasensory-p2-fold0-seed29-v2_multiseed,0.8,0.8000122965308413,52048,0.4355677954757319,0.5819752843115832,0.718659136754215,541926,p2_system_reliability,0.9769119024276732
V3-2,P2,0,29,natural_missingness,ea4f5c2a61cf7df43321c66da250e1480ff9cb431dfabb22d9c4d05d565bb993,7d8326c7084490bf1a1a9cb0a75ab3e5549a365050be18355173ff12f9c3d0e2,extrasensory-p2-fold0-seed29-v2_multiseed,0.85,0.8500130650640189,55301,0.434588936859035,0.5828684653455837,0.719079435783222,575464,p2_system_reliability,0.9736175537109376
V3-2,P2,0,29,natural_missingness,ea4f5c2a61cf7df43321c66da250e1480ff9cb431dfabb22d9c4d05d565bb993,7d8326c7084490bf1a1a9cb0a75ab3e5549a365050be18355173ff12f9c3d0e2,extrasensory-p2-fold0-seed29-v2_multiseed,0.9,0.9000138335971964,58554,0.4345794372258859,0.5807993204938053,0.718948857300841,608542,p2_system_reliability,0.9690585136413574
V3-2,P2,0,29,natural_missingness,ea4f5c2a61cf7df43321c66da250e1480ff9cb431dfabb22d9c4d05d565bb993,7d8326c7084490bf1a1a9cb0a75ab3e5549a365050be18355173ff12f9c3d0e2,extrasensory-p2-fold0-seed29-v2_multiseed,0.95,0.950014602130374,61807,0.4348193717108646,0.5785616015491228,0.7182717225831193,641510,p2_system_reliability,0.9597870111465454
V3-2,P2,0,29,natural_missingness,ea4f5c2a61cf7df43321c66da250e1480ff9cb431dfabb22d9c4d05d565bb993,7d8326c7084490bf1a1a9cb0a75ab3e5549a365050be18355173ff12f9c3d0e2,extrasensory-p2-fold0-seed29-v2_multiseed,1.0,1.0,65059,0.4334111127946805,0.5776016285911816,0.7181435090139885,673892,p2_system_reliability,0.8518236875534058
V3-2,P2,0,29,natural_missingness,ea4f5c2a61cf7df43321c66da250e1480ff9cb431dfabb22d9c4d05d565bb993,7d8326c7084490bf1a1a9cb0a75ab3e5549a365050be18355173ff12f9c3d0e2,extrasensory-p2-fold0-seed29-v2_multiseed,0.05,0.0500007685331775,3253,0.2635609498332814,0.3931740862845281,0.8987714574217435,40672,task_confidence_output_only,0.7094139924023228
V3-2,P2,0,29,natural_missingness,ea4f5c2a61cf7df43321c66da250e1480ff9cb431dfabb22d9c4d05d565bb993,7d8326c7084490bf1a1a9cb0a75ab3e5549a365050be18355173ff12f9c3d0e2,extrasensory-p2-fold0-seed29-v2_multiseed,0.1,0.1000015370663551,6506,0.2547752561574493,0.4295374437326135,0.9075258956670348,82923,task_confidence_output_only,0.6812555777102622
V3-2,P2,0,29,natural_missingness,ea4f5c2a61cf7df43321c66da250e1480ff9cb431dfabb22d9c4d05d565bb993,7d8326c7084490bf1a1a9cb0a75ab3e5549a365050be18355173ff12f9c3d0e2,extrasensory-p2-fold0-seed29-v2_multiseed,0.15,0.1500023055995327,9759,0.2264040311341466,0.4930662302136679,0.9170367491950704,124099,task_confidence_output_only,0.6536833333300267
V3-2,P2,0,29,natural_missingness,ea4f5c2a61cf7df43321c66da250e1480ff9cb431dfabb22d9c4d05d565bb993,7d8326c7084490bf1a1a9cb0a75ab3e5549a365050be18355173ff12f9c3d0e2,extrasensory-p2-fold0-seed29-v2_multiseed,0.2,0.2000030741327103,13012,0.2280937527402542,0.5973256007855604,0.9115705461569484,162918,task_confidence_output_only,0.5604777986448426
V3-2,P2,0,29,natural_missingness,ea4f5c2a61cf7df43321c66da250e1480ff9cb431dfabb22d9c4d05d565bb993,7d8326c7084490bf1a1a9cb0a75ab3e5549a365050be18355173ff12f9c3d0e2,extrasensory-p2-fold0-seed29-v2_multiseed,0.25,0.2500038426658879,16265,0.2493103486452726,0.6435645485558581,0.8918605273964043,197712,task_confidence_output_only,0.4570831936232679
V3-2,P2,0,29,natural_missingness,ea4f5c2a61cf7df43321c66da250e1480ff9cb431dfabb22d9c4d05d565bb993,7d8326c7084490bf1a1a9cb0a75ab3e5549a365050be18355173ff12f9c3d0e2,extrasensory-p2-fold0-seed29-v2_multiseed,0.3,0.3000046111990654,19518,0.2748457432081898,0.659941052057336,0.8696672271536386,230658,task_confidence_output_only,0.3890294450574434
V3-2,P2,0,29,natural_missingness,ea4f5c2a61cf7df43321c66da250e1480ff9cb431dfabb22d9c4d05d565bb993,7d8326c7084490bf1a1a9cb0a75ab3e5549a365050be18355173ff12f9c3d0e2,extrasensory-p2-fold0-seed29-v2_multiseed,0.35,0.350005379732243,22771,0.2925564094726988,0.6602272120478946,0.8499309305538114,262810,task_confidence_output_only,0.3427038456587805
V3-2,P2,0,29,natural_missingness,ea4f5c2a61cf7df43321c66da250e1480ff9cb431dfabb22d9c4d05d565bb993,7d8326c7084490bf1a1a9cb0a75ab3e5549a365050be18355173ff12f9c3d0e2,extrasensory-p2-fold0-seed29-v2_multiseed,0.4,0.4000061482654206,26024,0.3096196111728151,0.6551014761699585,0.8310982171513439,295224,task_confidence_output_only,0.3067807128035699
V3-2,P2,0,29,natural_missingness,ea4f5c2a61cf7df43321c66da250e1480ff9cb431dfabb22d9c4d05d565bb993,7d8326c7084490bf1a1a9cb0a75ab3e5549a365050be18355173ff12f9c3d0e2,extrasensory-p2-fold0-seed29-v2_multiseed,0.45,0.4500069167985982,29277,0.3232751302653479,0.6498856848850391,0.816107059032819,326827,task_confidence_output_only,0.2759806233813405
V3-2,P2,0,29,natural_missingness,ea4f5c2a61cf7df43321c66da250e1480ff9cb431dfabb22d9c4d05d565bb993,7d8326c7084490bf1a1a9cb0a75ab3e5549a365050be18355173ff12f9c3d0e2,extrasensory-p2-fold0-seed29-v2_multiseed,0.5,0.5000076853317758,32530,0.3371087613763522,0.6432941614135885,0.8024022696289747,358975,task_confidence_output_only,0.2484559035663824
V3-2,P2,0,29,natural_missingness,ea4f5c2a61cf7df43321c66da250e1480ff9cb431dfabb22d9c4d05d565bb993,7d8326c7084490bf1a1a9cb0a75ab3e5549a365050be18355173ff12f9c3d0e2,extrasensory-p2-fold0-seed29-v2_multiseed,0.55,0.5500084538649533,35783,0.3486290849115013,0.636496388493664,0.7909505692336847,390332,task_confidence_output_only,0.2246675873139959
V3-2,P2,0,29,natural_missingness,ea4f5c2a61cf7df43321c66da250e1480ff9cb431dfabb22d9c4d05d565bb993,7d8326c7084490bf1a1a9cb0a75ab3e5549a365050be18355173ff12f9c3d0e2,extrasensory-p2-fold0-seed29-v2_multiseed,0.6,0.6000092223981309,39036,0.3601097773975473,0.6298872331160471,0.7812995460397046,420834,task_confidence_output_only,0.2028680077393859
V3-2,P2,0,29,natural_missingness,ea4f5c2a61cf7df43321c66da250e1480ff9cb431dfabb22d9c4d05d565bb993,7d8326c7084490bf1a1a9cb0a75ab3e5549a365050be18355173ff12f9c3d0e2,extrasensory-p2-fold0-seed29-v2_multiseed,0.65,0.6500099909313085,42289,0.3711339499358444,0.6226266725082265,0.7715390838305187,451326,task_confidence_output_only,0.1830730324932631
V3-2,P2,0,29,natural_missingness,ea4f5c2a61cf7df43321c66da250e1480ff9cb431dfabb22d9c4d05d565bb993,7d8326c7084490bf1a1a9cb0a75ab3e5549a365050be18355173ff12f9c3d0e2,extrasensory-p2-fold0-seed29-v2_multiseed,0.7,0.7000107594644861,45542,0.3815389558733569,0.6158709229061557,0.7624765448840253,482263,task_confidence_output_only,0.1645971186042352
V3-2,P2,0,29,natural_missingness,ea4f5c2a61cf7df43321c66da250e1480ff9cb431dfabb22d9c4d05d565bb993,7d8326c7084490bf1a1a9cb0a75ab3e5549a365050be18355173ff12f9c3d0e2,extrasensory-p2-fold0-seed29-v2_multiseed,0.75,0.7500115279976637,48795,0.3914655375907353,0.6094167547979736,0.7540822290783448,513138,task_confidence_output_only,0.1475810878461079
V3-2,P2,0,29,natural_missingness,ea4f5c2a61cf7df43321c66da250e1480ff9cb431dfabb22d9c4d05d565bb993,7d8326c7084490bf1a1a9cb0a75ab3e5549a365050be18355173ff12f9c3d0e2,extrasensory-p2-fold0-seed29-v2_multiseed,0.8,0.8000122965308413,52048,0.4012935191963921,0.6032396091449644,0.7459854928333484,544475,task_confidence_output_only,0.1308701037024198
V3-2,P2,0,29,natural_missingness,ea4f5c2a61cf7df43321c66da250e1480ff9cb431dfabb22d9c4d05d565bb993,7d8326c7084490bf1a1a9cb0a75ab3e5549a365050be18355173ff12f9c3d0e2,extrasensory-p2-fold0-seed29-v2_multiseed,0.85,0.8500130650640189,55301,0.409048045652451,0.59736487517023,0.7393451151954609,576804,task_confidence_output_only,0.1141766368894677
V3-2,P2,0,29,natural_missingness,ea4f5c2a61cf7df43321c66da250e1480ff9cb431dfabb22d9c4d05d565bb993,7d8326c7084490bf1a1a9cb0a75ab3e5549a365050be18355173ff12f9c3d0e2,extrasensory-p2-fold0-seed29-v2_multiseed,0.9,0.9000138335971964,58554,0.4171227283045681,0.5909546991995095,0.7327715222898685,609324,task_confidence_output_only,0.096012989000747
V3-2,P2,0,29,natural_missingness,ea4f5c2a61cf7df43321c66da250e1480ff9cb431dfabb22d9c4d05d565bb993,7d8326c7084490bf1a1a9cb0a75ab3e5549a365050be18355173ff12f9c3d0e2,extrasensory-p2-fold0-seed29-v2_multiseed,0.95,0.950014602130374,61807,0.4253866761799919,0.5847090882767739,0.7261017443982191,641624,task_confidence_output_only,0.0755184361336946
V3-2,P2,0,29,natural_missingness,ea4f5c2a61cf7df43321c66da250e1480ff9cb431dfabb22d9c4d05d565bb993,7d8326c7084490bf1a1a9cb0a75ab3e5549a365050be18355173ff12f9c3d0e2,extrasensory-p2-fold0-seed29-v2_multiseed,1.0,1.0,65059,0.4334111127946805,0.5776016285911816,0.7181435090139885,673892,task_confidence_output_only,0.0254674622135328
V3-2,P2,0,29,natural_missingness,ea4f5c2a61cf7df43321c66da250e1480ff9cb431dfabb22d9c4d05d565bb993,7d8326c7084490bf1a1a9cb0a75ab3e5549a365050be18355173ff12f9c3d0e2,extrasensory-p2-fold0-seed29-v2_multiseed,0.05,0.0500007685331775,3253,0.1280272256467898,0.4714994997972543,0.9546890588626538,41898,task_confidence_full,0.7209724575025653
V3-2,P2,0,29,natural_missingness,ea4f5c2a61cf7df43321c66da250e1480ff9cb431dfabb22d9c4d05d565bb993,7d8326c7084490bf1a1a9cb0a75ab3e5549a365050be18355173ff12f9c3d0e2,extrasensory-p2-fold0-seed29-v2_multiseed,0.1,0.1000015370663551,6506,0.1270547404865325,0.6161482279967357,0.95522449398952,83448,task_confidence_full,0.6601981348220267
V3-2,P2,0,29,natural_missingness,ea4f5c2a61cf7df43321c66da250e1480ff9cb431dfabb22d9c4d05d565bb993,7d8326c7084490bf1a1a9cb0a75ab3e5549a365050be18355173ff12f9c3d0e2,extrasensory-p2-fold0-seed29-v2_multiseed,0.15,0.1500023055995327,9759,0.1504985275170351,0.6449603465189465,0.9437234327999888,122018,task_confidence_full,0.5783294643395159
V3-2,P2,0,29,natural_missingness,ea4f5c2a61cf7df43321c66da250e1480ff9cb431dfabb22d9c4d05d565bb993,7d8326c7084490bf1a1a9cb0a75ab3e5549a365050be18355173ff12f9c3d0e2,extrasensory-p2-fold0-seed29-v2_multiseed,0.2,0.2000030741327103,13012,0.1841972348075096,0.6574668583092783,0.9234324553950722,157121,task_confidence_full,0.4774983509905093
V3-2,P2,0,29,natural_missingness,ea4f5c2a61cf7df43321c66da250e1480ff9cb431dfabb22d9c4d05d565bb993,7d8326c7084490bf1a1a9cb0a75ab3e5549a365050be18355173ff12f9c3d0e2,extrasensory-p2-fold0-seed29-v2_multiseed,0.25,0.2500038426658879,16265,0.2156562556635954,0.666509118217706,0.8986826624491292,190162,task_confidence_full,0.4085208410475232
V3-2,P2,0,29,natural_missingness,ea4f5c2a61cf7df43321c66da250e1480ff9cb431dfabb22d9c4d05d565bb993,7d8326c7084490bf1a1a9cb0a75ab3e5549a365050be18355173ff12f9c3d0e2,extrasensory-p2-fold0-seed29-v2_multiseed,0.3,0.3000046111990654,19518,0.2428724504069269,0.6582829747710499,0.8756784046447053,221745,task_confidence_full,0.3533918541923527
V3-2,P2,0,29,natural_missingness,ea4f5c2a61cf7df43321c66da250e1480ff9cb431dfabb22d9c4d05d565bb993,7d8326c7084490bf1a1a9cb0a75ab3e5549a365050be18355173ff12f9c3d0e2,extrasensory-p2-fold0-seed29-v2_multiseed,0.35,0.350005379732243,22771,0.2674409805915465,0.6508057794479559,0.8555785339145701,253328,task_confidence_full,0.3121016010124084
V3-2,P2,0,29,natural_missingness,ea4f5c2a61cf7df43321c66da250e1480ff9cb431dfabb22d9c4d05d565bb993,7d8326c7084490bf1a1a9cb0a75ab3e5549a365050be18355173ff12f9c3d0e2,extrasensory-p2-fold0-seed29-v2_multiseed,0.4,0.4000061482654206,26024,0.2904178639181075,0.645490766074826,0.8386654235482153,284616,task_confidence_full,0.280257938695823
V3-2,P2,0,29,natural_missingness,ea4f5c2a61cf7df43321c66da250e1480ff9cb431dfabb22d9c4d05d565bb993,7d8326c7084490bf1a1a9cb0a75ab3e5549a365050be18355173ff12f9c3d0e2,extrasensory-p2-fold0-seed29-v2_multiseed,0.45,0.4500069167985982,29277,0.3099457056866746,0.6383357362084006,0.8232260081275399,316768,task_confidence_full,0.2528996328031978
V3-2,P2,0,29,natural_missingness,ea4f5c2a61cf7df43321c66da250e1480ff9cb431dfabb22d9c4d05d565bb993,7d8326c7084490bf1a1a9cb0a75ab3e5549a365050be18355173ff12f9c3d0e2,extrasensory-p2-fold0-seed29-v2_multiseed,0.5,0.5000076853317758,32530,0.3273045761196552,0.6346535024159797,0.8117946532944402,348820,task_confidence_full,0.2286882988062614
V3-2,P2,0,29,natural_missingness,ea4f5c2a61cf7df43321c66da250e1480ff9cb431dfabb22d9c4d05d565bb993,7d8326c7084490bf1a1a9cb0a75ab3e5549a365050be18355173ff12f9c3d0e2,extrasensory-p2-fold0-seed29-v2_multiseed,0.55,0.5500084538649533,35783,0.3419991159600839,0.6295947062840234,0.8005935967753256,380041,task_confidence_full,0.2056815484216305
V3-2,P2,0,29,natural_missingness,ea4f5c2a61cf7df43321c66da250e1480ff9cb431dfabb22d9c4d05d565bb993,7d8326c7084490bf1a1a9cb0a75ab3e5549a365050be18355173ff12f9c3d0e2,extrasensory-p2-fold0-seed29-v2_multiseed,0.6,0.6000092223981309,39036,0.3558775191854213,0.6246025555418968,0.7903363772974222,411762,task_confidence_full,0.1848046765733841
V3-2,P2,0,29,natural_missingness,ea4f5c2a61cf7df43321c66da250e1480ff9cb431dfabb22d9c4d05d565bb993,7d8326c7084490bf1a1a9cb0a75ab3e5549a365050be18355173ff12f9c3d0e2,extrasensory-p2-fold0-seed29-v2_multiseed,0.65,0.6500099909313085,42289,0.3671794661831735,0.620056747124322,0.7815288862979759,443596,task_confidence_full,0.1646406816942334
V3-2,P2,0,29,natural_missingness,ea4f5c2a61cf7df43321c66da250e1480ff9cb431dfabb22d9c4d05d565bb993,7d8326c7084490bf1a1a9cb0a75ab3e5549a365050be18355173ff12f9c3d0e2,extrasensory-p2-fold0-seed29-v2_multiseed,0.7,0.7000107594644861,45542,0.3776436613591333,0.6148429519396232,0.7727278170040034,475332,task_confidence_full,0.1451291712540728
V3-2,P2,0,29,natural_missingness,ea4f5c2a61cf7df43321c66da250e1480ff9cb431dfabb22d9c4d05d565bb993,7d8326c7084490bf1a1a9cb0a75ab3e5549a365050be18355173ff12f9c3d0e2,extrasensory-p2-fold0-seed29-v2_multiseed,0.75,0.7500115279976637,48795,0.3883231958469192,0.6091746612270661,0.7634839595742458,507053,task_confidence_full,0.125953896712209
V3-2,P2,0,29,natural_missingness,ea4f5c2a61cf7df43321c66da250e1480ff9cb431dfabb22d9c4d05d565bb993,7d8326c7084490bf1a1a9cb0a75ab3e5549a365050be18355173ff12f9c3d0e2,extrasensory-p2-fold0-seed29-v2_multiseed,0.8,0.8000122965308413,52048,0.3977315384996437,0.6040648698856913,0.7548431782723374,539231,task_confidence_full,0.107920780178235
V3-2,P2,0,29,natural_missingness,ea4f5c2a61cf7df43321c66da250e1480ff9cb431dfabb22d9c4d05d565bb993,7d8326c7084490bf1a1a9cb0a75ab3e5549a365050be18355173ff12f9c3d0e2,extrasensory-p2-fold0-seed29-v2_multiseed,0.85,0.8500130650640189,55301,0.4068230858793684,0.5979545873819808,0.7459197350784514,572092,task_confidence_full,0.089073175499156
V3-2,P2,0,29,natural_missingness,ea4f5c2a61cf7df43321c66da250e1480ff9cb431dfabb22d9c4d05d565bb993,7d8326c7084490bf1a1a9cb0a75ab3e5549a365050be18355173ff12f9c3d0e2,extrasensory-p2-fold0-seed29-v2_multiseed,0.9,0.9000138335971964,58554,0.4154199243387018,0.5918735238663969,0.7370121230498846,605515,task_confidence_full,0.0702151862697574
V3-2,P2,0,29,natural_missingness,ea4f5c2a61cf7df43321c66da250e1480ff9cb431dfabb22d9c4d05d565bb993,7d8326c7084490bf1a1a9cb0a75ab3e5549a365050be18355173ff12f9c3d0e2,extrasensory-p2-fold0-seed29-v2_multiseed,0.95,0.950014602130374,61807,0.424511075222006,0.5848426145853807,0.7271685392601428,639057,task_confidence_full,0.04730802118324
V3-2,P2,0,29,natural_missingness,ea4f5c2a61cf7df43321c66da250e1480ff9cb431dfabb22d9c4d05d565bb993,7d8326c7084490bf1a1a9cb0a75ab3e5549a365050be18355173ff12f9c3d0e2,extrasensory-p2-fold0-seed29-v2_multiseed,1.0,1.0,65059,0.4334111127946804,0.5776016285911816,0.7181435090139885,673892,task_confidence_full,0.005108598479293
V3-2,P2,0,47,natural_missingness,ea4f5c2a61cf7df43321c66da250e1480ff9cb431dfabb22d9c4d05d565bb993,4713ca0d554d4ba66875cada7f2b9ad8e1a37c83062a6da42fc3f5f33ec0cd2f,extrasensory-p2-fold0-seed47-v2_multiseed,0.05,0.0500007685331775,3253,0.1283918734192015,0.4669467027436116,0.9383417768441864,41069,mean_binary_certainty,0.9396212001801604
V3-2,P2,0,47,natural_missingness,ea4f5c2a61cf7df43321c66da250e1480ff9cb431dfabb22d9c4d05d565bb993,4713ca0d554d4ba66875cada7f2b9ad8e1a37c83062a6da42fc3f5f33ec0cd2f,extrasensory-p2-fold0-seed47-v2_multiseed,0.1,0.1000015370663551,6506,0.15564231107868,0.4159587708796797,0.9362255428052506,83718,mean_binary_certainty,0.908600545950944
V3-2,P2,0,47,natural_missingness,ea4f5c2a61cf7df43321c66da250e1480ff9cb431dfabb22d9c4d05d565bb993,4713ca0d554d4ba66875cada7f2b9ad8e1a37c83062a6da42fc3f5f33ec0cd2f,extrasensory-p2-fold0-seed47-v2_multiseed,0.15,0.1500023055995327,9759,0.1694730506396526,0.508142137645459,0.930203572912339,125134,mean_binary_certainty,0.8314947200436541
V3-2,P2,0,47,natural_missingness,ea4f5c2a61cf7df43321c66da250e1480ff9cb431dfabb22d9c4d05d565bb993,4713ca0d554d4ba66875cada7f2b9ad8e1a37c83062a6da42fc3f5f33ec0cd2f,extrasensory-p2-fold0-seed47-v2_multiseed,0.2,0.2000030741327103,13012,0.184748965506648,0.5764495276606137,0.9221146431325508,162624,mean_binary_certainty,0.7210056529260597
V3-2,P2,0,47,natural_missingness,ea4f5c2a61cf7df43321c66da250e1480ff9cb431dfabb22d9c4d05d565bb993,4713ca0d554d4ba66875cada7f2b9ad8e1a37c83062a6da42fc3f5f33ec0cd2f,extrasensory-p2-fold0-seed47-v2_multiseed,0.25,0.2500038426658879,16265,0.2018250756380301,0.6402716473082435,0.9083903648219,197175,mean_binary_certainty,0.6481237864985328
V3-2,P2,0,47,natural_missingness,ea4f5c2a61cf7df43321c66da250e1480ff9cb431dfabb22d9c4d05d565bb993,4713ca0d554d4ba66875cada7f2b9ad8e1a37c83062a6da42fc3f5f33ec0cd2f,extrasensory-p2-fold0-seed47-v2_multiseed,0.3,0.3000046111990654,19518,0.2219271260783533,0.6685649194056397,0.8901026975642444,230433,mean_binary_certainty,0.6028354217315954
V3-2,P2,0,47,natural_missingness,ea4f5c2a61cf7df43321c66da250e1480ff9cb431dfabb22d9c4d05d565bb993,4713ca0d554d4ba66875cada7f2b9ad8e1a37c83062a6da42fc3f5f33ec0cd2f,extrasensory-p2-fold0-seed47-v2_multiseed,0.35,0.350005379732243,22771,0.2418955538190431,0.6588835213469306,0.8727878553257383,262220,mean_binary_certainty,0.5682146325590403
V3-2,P2,0,47,natural_missingness,ea4f5c2a61cf7df43321c66da250e1480ff9cb431dfabb22d9c4d05d565bb993,4713ca0d554d4ba66875cada7f2b9ad8e1a37c83062a6da42fc3f5f33ec0cd2f,extrasensory-p2-fold0-seed47-v2_multiseed,0.4,0.4000061482654206,26024,0.2616028196875394,0.6571673422404546,0.8543800338072984,293920,mean_binary_certainty,0.5411690550017887
V3-2,P2,0,47,natural_missingness,ea4f5c2a61cf7df43321c66da250e1480ff9cb431dfabb22d9c4d05d565bb993,4713ca0d554d4ba66875cada7f2b9ad8e1a37c83062a6da42fc3f5f33ec0cd2f,extrasensory-p2-fold0-seed47-v2_multiseed,0.45,0.4500069167985982,29277,0.2819426366378839,0.6472890448204819,0.8366694625167185,324499,mean_binary_certainty,0.5168883862784375
V3-2,P2,0,47,natural_missingness,ea4f5c2a61cf7df43321c66da250e1480ff9cb431dfabb22d9c4d05d565bb993,4713ca0d554d4ba66875cada7f2b9ad8e1a37c83062a6da42fc3f5f33ec0cd2f,extrasensory-p2-fold0-seed47-v2_multiseed,0.5,0.5000076853317758,32530,0.2987835126881096,0.6432098854252924,0.8219467846220374,355139,mean_binary_certainty,0.4930544639418319
V3-2,P2,0,47,natural_missingness,ea4f5c2a61cf7df43321c66da250e1480ff9cb431dfabb22d9c4d05d565bb993,4713ca0d554d4ba66875cada7f2b9ad8e1a37c83062a6da42fc3f5f33ec0cd2f,extrasensory-p2-fold0-seed47-v2_multiseed,0.55,0.5500084538649533,35783,0.3155145586300903,0.6389675133799683,0.8082473630699696,385778,mean_binary_certainty,0.4699313628138644
V3-2,P2,0,47,natural_missingness,ea4f5c2a61cf7df43321c66da250e1480ff9cb431dfabb22d9c4d05d565bb993,4713ca0d554d4ba66875cada7f2b9ad8e1a37c83062a6da42fc3f5f33ec0cd2f,extrasensory-p2-fold0-seed47-v2_multiseed,0.6,0.6000092223981309,39036,0.3303939458070422,0.6313885344823102,0.7961744027548605,416204,mean_binary_certainty,0.4465938073968521
V3-2,P2,0,47,natural_missingness,ea4f5c2a61cf7df43321c66da250e1480ff9cb431dfabb22d9c4d05d565bb993,4713ca0d554d4ba66875cada7f2b9ad8e1a37c83062a6da42fc3f5f33ec0cd2f,extrasensory-p2-fold0-seed47-v2_multiseed,0.65,0.6500099909313085,42289,0.3429697816266423,0.625201667646875,0.7847555229818867,447244,mean_binary_certainty,0.4219460551541024
V3-2,P2,0,47,natural_missingness,ea4f5c2a61cf7df43321c66da250e1480ff9cb431dfabb22d9c4d05d565bb993,4713ca0d554d4ba66875cada7f2b9ad8e1a37c83062a6da42fc3f5f33ec0cd2f,extrasensory-p2-fold0-seed47-v2_multiseed,0.7,0.7000107594644861,45542,0.3539518977054489,0.6201257463208539,0.7745895855872806,478954,mean_binary_certainty,0.3963412140317791
V3-2,P2,0,47,natural_missingness,ea4f5c2a61cf7df43321c66da250e1480ff9cb431dfabb22d9c4d05d565bb993,4713ca0d554d4ba66875cada7f2b9ad8e1a37c83062a6da42fc3f5f33ec0cd2f,extrasensory-p2-fold0-seed47-v2_multiseed,0.75,0.7500115279976637,48795,0.3646250972295869,0.613129794970111,0.7641819172273671,510795,mean_binary_certainty,0.3686606962899518
V3-2,P2,0,47,natural_missingness,ea4f5c2a61cf7df43321c66da250e1480ff9cb431dfabb22d9c4d05d565bb993,4713ca0d554d4ba66875cada7f2b9ad8e1a37c83062a6da42fc3f5f33ec0cd2f,extrasensory-p2-fold0-seed47-v2_multiseed,0.8,0.8000122965308413,52048,0.3751683586447783,0.6054973751355324,0.7538499889208952,543171,mean_binary_certainty,0.3379506711772573
V3-2,P2,0,47,natural_missingness,ea4f5c2a61cf7df43321c66da250e1480ff9cb431dfabb22d9c4d05d565bb993,4713ca0d554d4ba66875cada7f2b9ad8e1a37c83062a6da42fc3f5f33ec0cd2f,extrasensory-p2-fold0-seed47-v2_multiseed,0.85,0.8500130650640189,55301,0.3857376185485299,0.596983995328,0.7438657021688133,575466,mean_binary_certainty,0.3031094636040442
V3-2,P2,0,47,natural_missingness,ea4f5c2a61cf7df43321c66da250e1480ff9cb431dfabb22d9c4d05d565bb993,4713ca0d554d4ba66875cada7f2b9ad8e1a37c83062a6da42fc3f5f33ec0cd2f,extrasensory-p2-fold0-seed47-v2_multiseed,0.9,0.9000138335971964,58554,0.3961952460759259,0.5881490238451433,0.7341747926447937,608051,mean_binary_certainty,0.2627211165653271
V3-2,P2,0,47,natural_missingness,ea4f5c2a61cf7df43321c66da250e1480ff9cb431dfabb22d9c4d05d565bb993,4713ca0d554d4ba66875cada7f2b9ad8e1a37c83062a6da42fc3f5f33ec0cd2f,extrasensory-p2-fold0-seed47-v2_multiseed,0.95,0.950014602130374,61807,0.4068570267209815,0.5789186747097698,0.7246799811659009,640596,mean_binary_certainty,0.2101152726671481
V3-2,P2,0,47,natural_missingness,ea4f5c2a61cf7df43321c66da250e1480ff9cb431dfabb22d9c4d05d565bb993,4713ca0d554d4ba66875cada7f2b9ad8e1a37c83062a6da42fc3f5f33ec0cd2f,extrasensory-p2-fold0-seed47-v2_multiseed,1.0,1.0,65059,0.4181073355770862,0.5716197763884875,0.7167951290389538,673892,mean_binary_certainty,0.0268310751088106
V3-2,P2,0,47,natural_missingness,ea4f5c2a61cf7df43321c66da250e1480ff9cb431dfabb22d9c4d05d565bb993,4713ca0d554d4ba66875cada7f2b9ad8e1a37c83062a6da42fc3f5f33ec0cd2f,extrasensory-p2-fold0-seed47-v2_multiseed,0.05,0.0500007685331775,3253,0.4768268975826918,0.5467316817574984,0.6042272639131278,32767,p2_system_reliability,0.9956885576248168
V3-2,P2,0,47,natural_missingness,ea4f5c2a61cf7df43321c66da250e1480ff9cb431dfabb22d9c4d05d565bb993,4713ca0d554d4ba66875cada7f2b9ad8e1a37c83062a6da42fc3f5f33ec0cd2f,extrasensory-p2-fold0-seed47-v2_multiseed,0.1,0.1000015370663551,6506,0.4644613090023653,0.5585424248611104,0.628962939894114,66291,p2_system_reliability,0.9947141408920288
V3-2,P2,0,47,natural_missingness,ea4f5c2a61cf7df43321c66da250e1480ff9cb431dfabb22d9c4d05d565bb993,4713ca0d554d4ba66875cada7f2b9ad8e1a37c83062a6da42fc3f5f33ec0cd2f,extrasensory-p2-fold0-seed47-v2_multiseed,0.15,0.1500023055995327,9759,0.4481398941983128,0.5740797668912191,0.6557317295425551,100151,p2_system_reliability,0.9939663410186768
V3-2,P2,0,47,natural_missingness,ea4f5c2a61cf7df43321c66da250e1480ff9cb431dfabb22d9c4d05d565bb993,4713ca0d554d4ba66875cada7f2b9ad8e1a37c83062a6da42fc3f5f33ec0cd2f,extrasensory-p2-fold0-seed47-v2_multiseed,0.2,0.2000030741327103,13012,0.4369785860698295,0.580564003942555,0.6742414155311941,134890,p2_system_reliability,0.9933104515075684
V3-2,P2,0,47,natural_missingness,ea4f5c2a61cf7df43321c66da250e1480ff9cb431dfabb22d9c4d05d565bb993,4713ca0d554d4ba66875cada7f2b9ad8e1a37c83062a6da42fc3f5f33ec0cd2f,extrasensory-p2-fold0-seed47-v2_multiseed,0.25,0.2500038426658879,16265,0.4272697933945921,0.579501516688193,0.6884160646674874,169903,p2_system_reliability,0.9926761388778688
V3-2,P2,0,47,natural_missingness,ea4f5c2a61cf7df43321c66da250e1480ff9cb431dfabb22d9c4d05d565bb993,4713ca0d554d4ba66875cada7f2b9ad8e1a37c83062a6da42fc3f5f33ec0cd2f,extrasensory-p2-fold0-seed47-v2_multiseed,0.3,0.3000046111990654,19518,0.4193054602152747,0.5808941196130634,0.699741246789455,204872,p2_system_reliability,0.9920637607574464
V3-2,P2,0,47,natural_missingness,ea4f5c2a61cf7df43321c66da250e1480ff9cb431dfabb22d9c4d05d565bb993,4713ca0d554d4ba66875cada7f2b9ad8e1a37c83062a6da42fc3f5f33ec0cd2f,extrasensory-p2-fold0-seed47-v2_multiseed,0.35,0.350005379732243,22771,0.4150738983802355,0.5795241236056826,0.7050490462552028,239440,p2_system_reliability,0.9914196133613586
V3-2,P2,0,47,natural_missingness,ea4f5c2a61cf7df43321c66da250e1480ff9cb431dfabb22d9c4d05d565bb993,4713ca0d554d4ba66875cada7f2b9ad8e1a37c83062a6da42fc3f5f33ec0cd2f,extrasensory-p2-fold0-seed47-v2_multiseed,0.4,0.4000061482654206,26024,0.4120588754843905,0.5780372810753477,0.7095320892317872,273905,p2_system_reliability,0.9906931519508362
V3-2,P2,0,47,natural_missingness,ea4f5c2a61cf7df43321c66da250e1480ff9cb431dfabb22d9c4d05d565bb993,4713ca0d554d4ba66875cada7f2b9ad8e1a37c83062a6da42fc3f5f33ec0cd2f,extrasensory-p2-fold0-seed47-v2_multiseed,0.45,0.4500069167985982,29277,0.4121631824277422,0.5756651947674686,0.7107123232928718,307151,p2_system_reliability,0.9898720383644104
V3-2,P2,0,47,natural_missingness,ea4f5c2a61cf7df43321c66da250e1480ff9cb431dfabb22d9c4d05d565bb993,4713ca0d554d4ba66875cada7f2b9ad8e1a37c83062a6da42fc3f5f33ec0cd2f,extrasensory-p2-fold0-seed47-v2_multiseed,0.5,0.5000076853317758,32530,0.412871690390941,0.5766399377836773,0.7114796933963586,340157,p2_system_reliability,0.9889090061187744
V3-2,P2,0,47,natural_missingness,ea4f5c2a61cf7df43321c66da250e1480ff9cb431dfabb22d9c4d05d565bb993,4713ca0d554d4ba66875cada7f2b9ad8e1a37c83062a6da42fc3f5f33ec0cd2f,extrasensory-p2-fold0-seed47-v2_multiseed,0.55,0.5500084538649533,35783,0.4142828846294457,0.5755797830945719,0.7119196362655099,372961,p2_system_reliability,0.9878247380256652
V3-2,P2,0,47,natural_missingness,ea4f5c2a61cf7df43321c66da250e1480ff9cb431dfabb22d9c4d05d565bb993,4713ca0d554d4ba66875cada7f2b9ad8e1a37c83062a6da42fc3f5f33ec0cd2f,extrasensory-p2-fold0-seed47-v2_multiseed,0.6,0.6000092223981309,39036,0.4165035847503516,0.5744254418978857,0.7115839353758471,405415,p2_system_reliability,0.9864811897277832
V3-2,P2,0,47,natural_missingness,ea4f5c2a61cf7df43321c66da250e1480ff9cb431dfabb22d9c4d05d565bb993,4713ca0d554d4ba66875cada7f2b9ad8e1a37c83062a6da42fc3f5f33ec0cd2f,extrasensory-p2-fold0-seed47-v2_multiseed,0.65,0.6500099909313085,42289,0.4181223548998322,0.5737666476985993,0.7117785417043604,437594,p2_system_reliability,0.9848722219467164
V3-2,P2,0,47,natural_missingness,ea4f5c2a61cf7df43321c66da250e1480ff9cb431dfabb22d9c4d05d565bb993,4713ca0d554d4ba66875cada7f2b9ad8e1a37c83062a6da42fc3f5f33ec0cd2f,extrasensory-p2-fold0-seed47-v2_multiseed,0.7,0.7000107594644861,45542,0.4190814117046746,0.5727675801479511,0.7119593038136678,470111,p2_system_reliability,0.982997179031372
V3-2,P2,0,47,natural_missingness,ea4f5c2a61cf7df43321c66da250e1480ff9cb431dfabb22d9c4d05d565bb993,4713ca0d554d4ba66875cada7f2b9ad8e1a37c83062a6da42fc3f5f33ec0cd2f,extrasensory-p2-fold0-seed47-v2_multiseed,0.75,0.7500115279976637,48795,0.4197826113787505,0.5727066183136402,0.7115653167449537,502815,p2_system_reliability,0.9806127548217772
V3-2,P2,0,47,natural_missingness,ea4f5c2a61cf7df43321c66da250e1480ff9cb431dfabb22d9c4d05d565bb993,4713ca0d554d4ba66875cada7f2b9ad8e1a37c83062a6da42fc3f5f33ec0cd2f,extrasensory-p2-fold0-seed47-v2_multiseed,0.8,0.8000122965308413,52048,0.419793107733506,0.5733749006031575,0.7118701007838746,535604,p2_system_reliability,0.9775732755661012
V3-2,P2,0,47,natural_missingness,ea4f5c2a61cf7df43321c66da250e1480ff9cb431dfabb22d9c4d05d565bb993,4713ca0d554d4ba66875cada7f2b9ad8e1a37c83062a6da42fc3f5f33ec0cd2f,extrasensory-p2-fold0-seed47-v2_multiseed,0.85,0.8500130650640189,55301,0.4190429302425533,0.5734864772007026,0.7128422671367688,569463,p2_system_reliability,0.9738026261329652
V3-2,P2,0,47,natural_missingness,ea4f5c2a61cf7df43321c66da250e1480ff9cb431dfabb22d9c4d05d565bb993,4713ca0d554d4ba66875cada7f2b9ad8e1a37c83062a6da42fc3f5f33ec0cd2f,extrasensory-p2-fold0-seed47-v2_multiseed,0.9,0.9000138335971964,58554,0.4176185337861211,0.5745028582752746,0.7148735782972983,603672,p2_system_reliability,0.9685654044151306
V3-2,P2,0,47,natural_missingness,ea4f5c2a61cf7df43321c66da250e1480ff9cb431dfabb22d9c4d05d565bb993,4713ca0d554d4ba66875cada7f2b9ad8e1a37c83062a6da42fc3f5f33ec0cd2f,extrasensory-p2-fold0-seed47-v2_multiseed,0.95,0.950014602130374,61807,0.4172111513328521,0.5739443682162044,0.716200425342962,638546,p2_system_reliability,0.9591469168663024
V3-2,P2,0,47,natural_missingness,ea4f5c2a61cf7df43321c66da250e1480ff9cb431dfabb22d9c4d05d565bb993,4713ca0d554d4ba66875cada7f2b9ad8e1a37c83062a6da42fc3f5f33ec0cd2f,extrasensory-p2-fold0-seed47-v2_multiseed,1.0,1.0,65059,0.4181073355770862,0.5716197763884875,0.7167951290389538,673892,p2_system_reliability,0.8240059614181519
V3-2,P2,0,47,natural_missingness,ea4f5c2a61cf7df43321c66da250e1480ff9cb431dfabb22d9c4d05d565bb993,4713ca0d554d4ba66875cada7f2b9ad8e1a37c83062a6da42fc3f5f33ec0cd2f,extrasensory-p2-fold0-seed47-v2_multiseed,0.05,0.0500007685331775,3253,0.0656448739114856,0.5443644666300442,0.9814559628331824,41458,task_confidence_output_only,0.7486088988501316
V3-2,P2,0,47,natural_missingness,ea4f5c2a61cf7df43321c66da250e1480ff9cb431dfabb22d9c4d05d565bb993,4713ca0d554d4ba66875cada7f2b9ad8e1a37c83062a6da42fc3f5f33ec0cd2f,extrasensory-p2-fold0-seed47-v2_multiseed,0.1,0.1000015370663551,6506,0.1116866597094967,0.5039693087519178,0.957947313300572,81657,task_confidence_output_only,0.730654236496093
V3-2,P2,0,47,natural_missingness,ea4f5c2a61cf7df43321c66da250e1480ff9cb431dfabb22d9c4d05d565bb993,4713ca0d554d4ba66875cada7f2b9ad8e1a37c83062a6da42fc3f5f33ec0cd2f,extrasensory-p2-fold0-seed47-v2_multiseed,0.15,0.1500023055995327,9759,0.1495527157014539,0.5317276434922944,0.9425501080090782,123066,task_confidence_output_only,0.6804358179008626
V3-2,P2,0,47,natural_missingness,ea4f5c2a61cf7df43321c66da250e1480ff9cb431dfabb22d9c4d05d565bb993,4713ca0d554d4ba66875cada7f2b9ad8e1a37c83062a6da42fc3f5f33ec0cd2f,extrasensory-p2-fold0-seed47-v2_multiseed,0.2,0.2000030741327103,13012,0.1840734872156403,0.5818504024979939,0.9238935816148126,163406,task_confidence_output_only,0.5920177889252555
V3-2,P2,0,47,natural_missingness,ea4f5c2a61cf7df43321c66da250e1480ff9cb431dfabb22d9c4d05d565bb993,4713ca0d554d4ba66875cada7f2b9ad8e1a37c83062a6da42fc3f5f33ec0cd2f,extrasensory-p2-fold0-seed47-v2_multiseed,0.25,0.2500038426658879,16265,0.2192382416618362,0.6352968395848904,0.9002663928985495,198025,task_confidence_output_only,0.464367319338093
V3-2,P2,0,47,natural_missingness,ea4f5c2a61cf7df43321c66da250e1480ff9cb431dfabb22d9c4d05d565bb993,4713ca0d554d4ba66875cada7f2b9ad8e1a37c83062a6da42fc3f5f33ec0cd2f,extrasensory-p2-fold0-seed47-v2_multiseed,0.3,0.3000046111990654,19518,0.2465980954797514,0.6459319156408915,0.8769865265051088,230724,task_confidence_output_only,0.3929905381246988
V3-2,P2,0,47,natural_missingness,ea4f5c2a61cf7df43321c66da250e1480ff9cb431dfabb22d9c4d05d565bb993,4713ca0d554d4ba66875cada7f2b9ad8e1a37c83062a6da42fc3f5f33ec0cd2f,extrasensory-p2-fold0-seed47-v2_multiseed,0.35,0.350005379732243,22771,0.2671981734924673,0.6467290699058516,0.857200425209652,262176,task_confidence_output_only,0.3454533448307556
V3-2,P2,0,47,natural_missingness,ea4f5c2a61cf7df43321c66da250e1480ff9cb431dfabb22d9c4d05d565bb993,4713ca0d554d4ba66875cada7f2b9ad8e1a37c83062a6da42fc3f5f33ec0cd2f,extrasensory-p2-fold0-seed47-v2_multiseed,0.4,0.4000061482654206,26024,0.28526160310552,0.6394120880637549,0.8389349134758732,293516,task_confidence_output_only,0.3096073715668056
V3-2,P2,0,47,natural_missingness,ea4f5c2a61cf7df43321c66da250e1480ff9cb431dfabb22d9c4d05d565bb993,4713ca0d554d4ba66875cada7f2b9ad8e1a37c83062a6da42fc3f5f33ec0cd2f,extrasensory-p2-fold0-seed47-v2_multiseed,0.45,0.4500069167985982,29277,0.3025525180646673,0.6310014269162251,0.8219076005961252,325059,task_confidence_output_only,0.2805773050675594
V3-2,P2,0,47,natural_missingness,ea4f5c2a61cf7df43321c66da250e1480ff9cb431dfabb22d9c4d05d565bb993,4713ca0d554d4ba66875cada7f2b9ad8e1a37c83062a6da42fc3f5f33ec0cd2f,extrasensory-p2-fold0-seed47-v2_multiseed,0.5,0.5000076853317758,32530,0.3164310846594089,0.6256421510578016,0.8079767161571133,356248,task_confidence_output_only,0.255832578114668
V3-2,P2,0,47,natural_missingness,ea4f5c2a61cf7df43321c66da250e1480ff9cb431dfabb22d9c4d05d565bb993,4713ca0d554d4ba66875cada7f2b9ad8e1a37c83062a6da42fc3f5f33ec0cd2f,extrasensory-p2-fold0-seed47-v2_multiseed,0.55,0.5500084538649533,35783,0.3293047083691279,0.6215734343019688,0.795491721717689,387820,task_confidence_output_only,0.2329328927565788
V3-2,P2,0,47,natural_missingness,ea4f5c2a61cf7df43321c66da250e1480ff9cb431dfabb22d9c4d05d565bb993,4713ca0d554d4ba66875cada7f2b9ad8e1a37c83062a6da42fc3f5f33ec0cd2f,extrasensory-p2-fold0-seed47-v2_multiseed,0.6,0.6000092223981309,39036,0.3419218738159162,0.6168937917487748,0.784281237618413,419119,task_confidence_output_only,0.2111287275076901
V3-2,P2,0,47,natural_missingness,ea4f5c2a61cf7df43321c66da250e1480ff9cb431dfabb22d9c4d05d565bb993,4713ca0d554d4ba66875cada7f2b9ad8e1a37c83062a6da42fc3f5f33ec0cd2f,extrasensory-p2-fold0-seed47-v2_multiseed,0.65,0.6500099909313085,42289,0.3534469098747743,0.6109322000632211,0.774188944715181,449930,task_confidence_output_only,0.1917157011997747
V3-2,P2,0,47,natural_missingness,ea4f5c2a61cf7df43321c66da250e1480ff9cb431dfabb22d9c4d05d565bb993,4713ca0d554d4ba66875cada7f2b9ad8e1a37c83062a6da42fc3f5f33ec0cd2f,extrasensory-p2-fold0-seed47-v2_multiseed,0.7,0.7000107594644861,45542,0.3657430376359955,0.6044130506037442,0.7645574595189436,480581,task_confidence_output_only,0.1729329757975922
V3-2,P2,0,47,natural_missingness,ea4f5c2a61cf7df43321c66da250e1480ff9cb431dfabb22d9c4d05d565bb993,4713ca0d554d4ba66875cada7f2b9ad8e1a37c83062a6da42fc3f5f33ec0cd2f,extrasensory-p2-fold0-seed47-v2_multiseed,0.75,0.7500115279976637,48795,0.3763890924396958,0.5990658272708019,0.7559289157026379,511740,task_confidence_output_only,0.1541439035648478
V3-2,P2,0,47,natural_missingness,ea4f5c2a61cf7df43321c66da250e1480ff9cb431dfabb22d9c4d05d565bb993,4713ca0d554d4ba66875cada7f2b9ad8e1a37c83062a6da42fc3f5f33ec0cd2f,extrasensory-p2-fold0-seed47-v2_multiseed,0.8,0.8000122965308413,52048,0.3865244321389371,0.593760468706823,0.7477938341963514,542408,task_confidence_output_only,0.136013279673428
V3-2,P2,0,47,natural_missingness,ea4f5c2a61cf7df43321c66da250e1480ff9cb431dfabb22d9c4d05d565bb993,4713ca0d554d4ba66875cada7f2b9ad8e1a37c83062a6da42fc3f5f33ec0cd2f,extrasensory-p2-fold0-seed47-v2_multiseed,0.85,0.8500130650640189,55301,0.3945171983466355,0.5890849591275892,0.7403216882576911,574226,task_confidence_output_only,0.1173109982533738
V3-2,P2,0,47,natural_missingness,ea4f5c2a61cf7df43321c66da250e1480ff9cb431dfabb22d9c4d05d565bb993,4713ca0d554d4ba66875cada7f2b9ad8e1a37c83062a6da42fc3f5f33ec0cd2f,extrasensory-p2-fold0-seed47-v2_multiseed,0.9,0.9000138335971964,58554,0.4026997890240906,0.5842693189005561,0.7328722674429384,606858,task_confidence_output_only,0.0976605189245778
V3-2,P2,0,47,natural_missingness,ea4f5c2a61cf7df43321c66da250e1480ff9cb431dfabb22d9c4d05d565bb993,4713ca0d554d4ba66875cada7f2b9ad8e1a37c83062a6da42fc3f5f33ec0cd2f,extrasensory-p2-fold0-seed47-v2_multiseed,0.95,0.950014602130374,61807,0.4103486522582993,0.5788613138153151,0.7249890411759549,639889,task_confidence_output_only,0.0746444508832108
V3-2,P2,0,47,natural_missingness,ea4f5c2a61cf7df43321c66da250e1480ff9cb431dfabb22d9c4d05d565bb993,4713ca0d554d4ba66875cada7f2b9ad8e1a37c83062a6da42fc3f5f33ec0cd2f,extrasensory-p2-fold0-seed47-v2_multiseed,1.0,1.0,65059,0.4181073355770862,0.5716197763884875,0.7167951290389538,673892,task_confidence_output_only,0.013029266322415
V3-2,P2,0,47,natural_missingness,ea4f5c2a61cf7df43321c66da250e1480ff9cb431dfabb22d9c4d05d565bb993,4713ca0d554d4ba66875cada7f2b9ad8e1a37c83062a6da42fc3f5f33ec0cd2f,extrasensory-p2-fold0-seed47-v2_multiseed,0.05,0.0500007685331775,3253,0.11401274681323,0.439371523771237,0.9581618935104086,42168,task_confidence_full,0.7768713419431004
V3-2,P2,0,47,natural_missingness,ea4f5c2a61cf7df43321c66da250e1480ff9cb431dfabb22d9c4d05d565bb993,4713ca0d554d4ba66875cada7f2b9ad8e1a37c83062a6da42fc3f5f33ec0cd2f,extrasensory-p2-fold0-seed47-v2_multiseed,0.1,0.1000015370663551,6506,0.1274960215175649,0.4537767423292764,0.9532388124012556,82937,task_confidence_full,0.727474485507734
V3-2,P2,0,47,natural_missingness,ea4f5c2a61cf7df43321c66da250e1480ff9cb431dfabb22d9c4d05d565bb993,4713ca0d554d4ba66875cada7f2b9ad8e1a37c83062a6da42fc3f5f33ec0cd2f,extrasensory-p2-fold0-seed47-v2_multiseed,0.15,0.1500023055995327,9759,0.1407242155230498,0.5072018638737117,0.9472534763497636,123498,task_confidence_full,0.6577146455102221
V3-2,P2,0,47,natural_missingness,ea4f5c2a61cf7df43321c66da250e1480ff9cb431dfabb22d9c4d05d565bb993,4713ca0d554d4ba66875cada7f2b9ad8e1a37c83062a6da42fc3f5f33ec0cd2f,extrasensory-p2-fold0-seed47-v2_multiseed,0.2,0.2000030741327103,13012,0.1807594391125203,0.6099672544580967,0.9267706820688074,159446,task_confidence_full,0.5286634273576027
V3-2,P2,0,47,natural_missingness,ea4f5c2a61cf7df43321c66da250e1480ff9cb431dfabb22d9c4d05d565bb993,4713ca0d554d4ba66875cada7f2b9ad8e1a37c83062a6da42fc3f5f33ec0cd2f,extrasensory-p2-fold0-seed47-v2_multiseed,0.25,0.2500038426658879,16265,0.2164823992600721,0.6516766795426642,0.9005906608715034,192100,task_confidence_full,0.4363384683461495
V3-2,P2,0,47,natural_missingness,ea4f5c2a61cf7df43321c66da250e1480ff9cb431dfabb22d9c4d05d565bb993,4713ca0d554d4ba66875cada7f2b9ad8e1a37c83062a6da42fc3f5f33ec0cd2f,extrasensory-p2-fold0-seed47-v2_multiseed,0.3,0.3000046111990654,19518,0.2391052194938356,0.6516540245480252,0.8793226381461675,224083,task_confidence_full,0.3792854786123747
V3-2,P2,0,47,natural_missingness,ea4f5c2a61cf7df43321c66da250e1480ff9cb431dfabb22d9c4d05d565bb993,4713ca0d554d4ba66875cada7f2b9ad8e1a37c83062a6da42fc3f5f33ec0cd2f,extrasensory-p2-fold0-seed47-v2_multiseed,0.35,0.350005379732243,22771,0.2592577928041432,0.6438374183118245,0.8595652423615897,256334,task_confidence_full,0.3367098989433237
V3-2,P2,0,47,natural_missingness,ea4f5c2a61cf7df43321c66da250e1480ff9cb431dfabb22d9c4d05d565bb993,4713ca0d554d4ba66875cada7f2b9ad8e1a37c83062a6da42fc3f5f33ec0cd2f,extrasensory-p2-fold0-seed47-v2_multiseed,0.4,0.4000061482654206,26024,0.278050698723636,0.6371203603103007,0.8414754447159556,288101,task_confidence_full,0.3014728174768042
V3-2,P2,0,47,natural_missingness,ea4f5c2a61cf7df43321c66da250e1480ff9cb431dfabb22d9c4d05d565bb993,4713ca0d554d4ba66875cada7f2b9ad8e1a37c83062a6da42fc3f5f33ec0cd2f,extrasensory-p2-fold0-seed47-v2_multiseed,0.45,0.4500069167985982,29277,0.2930124993330197,0.6314129195864812,0.8279175106088642,319971,task_confidence_full,0.2741757560958078
V3-2,P2,0,47,natural_missingness,ea4f5c2a61cf7df43321c66da250e1480ff9cb431dfabb22d9c4d05d565bb993,4713ca0d554d4ba66875cada7f2b9ad8e1a37c83062a6da42fc3f5f33ec0cd2f,extrasensory-p2-fold0-seed47-v2_multiseed,0.5,0.5000076853317758,32530,0.3094457056512779,0.6247290210664205,0.8144743297143954,351691,task_confidence_full,0.2492137886877262
V3-2,P2,0,47,natural_missingness,ea4f5c2a61cf7df43321c66da250e1480ff9cb431dfabb22d9c4d05d565bb993,4713ca0d554d4ba66875cada7f2b9ad8e1a37c83062a6da42fc3f5f33ec0cd2f,extrasensory-p2-fold0-seed47-v2_multiseed,0.55,0.5500084538649533,35783,0.323734688651968,0.6197175017096176,0.8018114822065541,383271,task_confidence_full,0.2246467913913852
V3-2,P2,0,47,natural_missingness,ea4f5c2a61cf7df43321c66da250e1480ff9cb431dfabb22d9c4d05d565bb993,4713ca0d554d4ba66875cada7f2b9ad8e1a37c83062a6da42fc3f5f33ec0cd2f,extrasensory-p2-fold0-seed47-v2_multiseed,0.6,0.6000092223981309,39036,0.3376122868997542,0.6174512915175264,0.7908782188646352,414398,task_confidence_full,0.2008140730546846
V3-2,P2,0,47,natural_missingness,ea4f5c2a61cf7df43321c66da250e1480ff9cb431dfabb22d9c4d05d565bb993,4713ca0d554d4ba66875cada7f2b9ad8e1a37c83062a6da42fc3f5f33ec0cd2f,extrasensory-p2-fold0-seed47-v2_multiseed,0.65,0.6500099909313085,42289,0.3497127543479696,0.6126390481259633,0.7805055249552258,445556,task_confidence_full,0.1784215400021435
V3-2,P2,0,47,natural_missingness,ea4f5c2a61cf7df43321c66da250e1480ff9cb431dfabb22d9c4d05d565bb993,4713ca0d554d4ba66875cada7f2b9ad8e1a37c83062a6da42fc3f5f33ec0cd2f,extrasensory-p2-fold0-seed47-v2_multiseed,0.7,0.7000107594644861,45542,0.3607005638507355,0.6069193398350009,0.7707397908857763,476678,task_confidence_full,0.156470139808123
V3-2,P2,0,47,natural_missingness,ea4f5c2a61cf7df43321c66da250e1480ff9cb431dfabb22d9c4d05d565bb993,4713ca0d554d4ba66875cada7f2b9ad8e1a37c83062a6da42fc3f5f33ec0cd2f,extrasensory-p2-fold0-seed47-v2_multiseed,0.75,0.7500115279976637,48795,0.3704116258880883,0.6024084651025273,0.762101277244052,508203,task_confidence_full,0.1357076672237666
V3-2,P2,0,47,natural_missingness,ea4f5c2a61cf7df43321c66da250e1480ff9cb431dfabb22d9c4d05d565bb993,4713ca0d554d4ba66875cada7f2b9ad8e1a37c83062a6da42fc3f5f33ec0cd2f,extrasensory-p2-fold0-seed47-v2_multiseed,0.8,0.8000122965308413,52048,0.3791783950323479,0.5977659088703351,0.7538004907446668,539748,task_confidence_full,0.1158967445832522
V3-2,P2,0,47,natural_missingness,ea4f5c2a61cf7df43321c66da250e1480ff9cb431dfabb22d9c4d05d565bb993,4713ca0d554d4ba66875cada7f2b9ad8e1a37c83062a6da42fc3f5f33ec0cd2f,extrasensory-p2-fold0-seed47-v2_multiseed,0.85,0.8500130650640189,55301,0.3883627007497115,0.5925510116499985,0.7456482730618607,571677,task_confidence_full,0.0961472482638853
V3-2,P2,0,47,natural_missingness,ea4f5c2a61cf7df43321c66da250e1480ff9cb431dfabb22d9c4d05d565bb993,4713ca0d554d4ba66875cada7f2b9ad8e1a37c83062a6da42fc3f5f33ec0cd2f,extrasensory-p2-fold0-seed47-v2_multiseed,0.9,0.9000138335971964,58554,0.3973857830428695,0.5866112232177046,0.7373991048012677,604684,task_confidence_full,0.0752808364342562
V3-2,P2,0,47,natural_missingness,ea4f5c2a61cf7df43321c66da250e1480ff9cb431dfabb22d9c4d05d565bb993,4713ca0d554d4ba66875cada7f2b9ad8e1a37c83062a6da42fc3f5f33ec0cd2f,extrasensory-p2-fold0-seed47-v2_multiseed,0.95,0.950014602130374,61807,0.4075438696652792,0.5793882209816196,0.7278249913027717,637873,task_confidence_full,0.0498191109653793
V3-2,P2,0,47,natural_missingness,ea4f5c2a61cf7df43321c66da250e1480ff9cb431dfabb22d9c4d05d565bb993,4713ca0d554d4ba66875cada7f2b9ad8e1a37c83062a6da42fc3f5f33ec0cd2f,extrasensory-p2-fold0-seed47-v2_multiseed,1.0,1.0,65059,0.4181073355770862,0.5716197763884875,0.7167951290389538,673892,task_confidence_full,0.0028463889669266
V3-2,P2,1,13,natural_missingness,ea4f5c2a61cf7df43321c66da250e1480ff9cb431dfabb22d9c4d05d565bb993,55799d64eb4b670d768a32f8b9fd53879e682405ee16749e6da649f3ba29497d,extrasensory-p2-fold1-seed13-v2_seed13,0.05,0.0500121159904149,3715,0.4177091896202738,0.4507216178371386,0.889377426446513,39466,mean_binary_certainty,0.9400786823982652
V3-2,P2,1,13,natural_missingness,ea4f5c2a61cf7df43321c66da250e1480ff9cb431dfabb22d9c4d05d565bb993,55799d64eb4b670d768a32f8b9fd53879e682405ee16749e6da649f3ba29497d,extrasensory-p2-fold1-seed13-v2_seed13,0.1,0.1000107697692577,7429,0.3806631174480379,0.304966964438113,0.903491732600559,75688,mean_binary_certainty,0.9205942245613976
V3-2,P2,1,13,natural_missingness,ea4f5c2a61cf7df43321c66da250e1480ff9cb431dfabb22d9c4d05d565bb993,55799d64eb4b670d768a32f8b9fd53879e682405ee16749e6da649f3ba29497d,extrasensory-p2-fold1-seed13-v2_seed13,0.15,0.1500094235481004,11143,0.3472288151305926,0.4956259316535311,0.911944334720914,116190,mean_binary_certainty,0.8771928253817333
V3-2,P2,1,13,natural_missingness,ea4f5c2a61cf7df43321c66da250e1480ff9cb431dfabb22d9c4d05d565bb993,55799d64eb4b670d768a32f8b9fd53879e682405ee16749e6da649f3ba29497d,extrasensory-p2-fold1-seed13-v2_seed13,0.2,0.2000080773269432,14857,0.3344396829613473,0.58816800492057,0.905754527162978,154849,mean_binary_certainty,0.7916887984727355
V3-2,P2,1,13,natural_missingness,ea4f5c2a61cf7df43321c66da250e1480ff9cb431dfabb22d9c4d05d565bb993,55799d64eb4b670d768a32f8b9fd53879e682405ee16749e6da649f3ba29497d,extrasensory-p2-fold1-seed13-v2_seed13,0.25,0.2500067311057861,18571,0.3257410285125021,0.6559989091544491,0.8928353185608588,193209,mean_binary_certainty,0.7191275591173472
V3-2,P2,1,13,natural_missingness,ea4f5c2a61cf7df43321c66da250e1480ff9cb431dfabb22d9c4d05d565bb993,55799d64eb4b670d768a32f8b9fd53879e682405ee16749e6da649f3ba29497d,extrasensory-p2-fold1-seed13-v2_seed13,0.3,0.3000053848846288,22285,0.3244560989744253,0.6694257998585278,0.8771329146834127,230743,mean_binary_certainty,0.6655767384284037
V3-2,P2,1,13,natural_missingness,ea4f5c2a61cf7df43321c66da250e1480ff9cb431dfabb22d9c4d05d565bb993,55799d64eb4b670d768a32f8b9fd53879e682405ee16749e6da649f3ba29497d,extrasensory-p2-fold1-seed13-v2_seed13,0.35,0.3500040386634716,25999,0.3289651272217206,0.6803940876507923,0.8602288419806668,265449,mean_binary_certainty,0.6185340126615165
V3-2,P2,1,13,natural_missingness,ea4f5c2a61cf7df43321c66da250e1480ff9cb431dfabb22d9c4d05d565bb993,55799d64eb4b670d768a32f8b9fd53879e682405ee16749e6da649f3ba29497d,extrasensory-p2-fold1-seed13-v2_seed13,0.4,0.4000026924423144,29713,0.3373828286406769,0.6821533092082976,0.8413390463304017,302189,mean_binary_certainty,0.58141434719537
V3-2,P2,1,13,natural_missingness,ea4f5c2a61cf7df43321c66da250e1480ff9cb431dfabb22d9c4d05d565bb993,55799d64eb4b670d768a32f8b9fd53879e682405ee16749e6da649f3ba29497d,extrasensory-p2-fold1-seed13-v2_seed13,0.45,0.4500013462211572,33427,0.3500602874735919,0.6773360855861764,0.8205705030144875,340253,mean_binary_certainty,0.5506025940935488
V3-2,P2,1,13,natural_missingness,ea4f5c2a61cf7df43321c66da250e1480ff9cb431dfabb22d9c4d05d565bb993,55799d64eb4b670d768a32f8b9fd53879e682405ee16749e6da649f3ba29497d,extrasensory-p2-fold1-seed13-v2_seed13,0.5,0.5,37141,0.3623572783635048,0.6719199036653013,0.8023820093994458,378265,mean_binary_certainty,0.5236786704702504
V3-2,P2,1,13,natural_missingness,ea4f5c2a61cf7df43321c66da250e1480ff9cb431dfabb22d9c4d05d565bb993,55799d64eb4b670d768a32f8b9fd53879e682405ee16749e6da649f3ba29497d,extrasensory-p2-fold1-seed13-v2_seed13,0.55,0.5500121159904149,40856,0.3723403693260679,0.6662923379311574,0.785537542463315,416621,mean_binary_certainty,0.4996024273403121
V3-2,P2,1,13,natural_missingness,ea4f5c2a61cf7df43321c66da250e1480ff9cb431dfabb22d9c4d05d565bb993,55799d64eb4b670d768a32f8b9fd53879e682405ee16749e6da649f3ba29497d,extrasensory-p2-fold1-seed13-v2_seed13,0.6,0.6000107697692577,44570,0.3802667849024632,0.6595204859955651,0.7710726738458111,454973,mean_binary_certainty,0.4772084151665967
V3-2,P2,1,13,natural_missingness,ea4f5c2a61cf7df43321c66da250e1480ff9cb431dfabb22d9c4d05d565bb993,55799d64eb4b670d768a32f8b9fd53879e682405ee16749e6da649f3ba29497d,extrasensory-p2-fold1-seed13-v2_seed13,0.65,0.6500094235481004,48284,0.3886563253362496,0.6529812006644711,0.7582907228662751,492832,mean_binary_certainty,0.4548530646759149
V3-2,P2,1,13,natural_missingness,ea4f5c2a61cf7df43321c66da250e1480ff9cb431dfabb22d9c4d05d565bb993,55799d64eb4b670d768a32f8b9fd53879e682405ee16749e6da649f3ba29497d,extrasensory-p2-fold1-seed13-v2_seed13,0.7,0.7000080773269433,51998,0.3964689824667435,0.6461266475979774,0.7461578875821604,531102,mean_binary_certainty,0.4325902975148643
V3-2,P2,1,13,natural_missingness,ea4f5c2a61cf7df43321c66da250e1480ff9cb431dfabb22d9c4d05d565bb993,55799d64eb4b670d768a32f8b9fd53879e682405ee16749e6da649f3ba29497d,extrasensory-p2-fold1-seed13-v2_seed13,0.75,0.7500067311057861,55712,0.4040544532606107,0.6382356897611017,0.734571644925972,569085,mean_binary_certainty,0.4095244126039182
V3-2,P2,1,13,natural_missingness,ea4f5c2a61cf7df43321c66da250e1480ff9cb431dfabb22d9c4d05d565bb993,55799d64eb4b670d768a32f8b9fd53879e682405ee16749e6da649f3ba29497d,extrasensory-p2-fold1-seed13-v2_seed13,0.8,0.8000053848846288,59426,0.4120522731931179,0.6304241479931196,0.723476395814403,606582,mean_binary_certainty,0.3837633548688054
V3-2,P2,1,13,natural_missingness,ea4f5c2a61cf7df43321c66da250e1480ff9cb431dfabb22d9c4d05d565bb993,55799d64eb4b670d768a32f8b9fd53879e682405ee16749e6da649f3ba29497d,extrasensory-p2-fold1-seed13-v2_seed13,0.85,0.8500040386634716,63140,0.4198633690777267,0.6223262578088845,0.7127189738604907,644654,mean_binary_certainty,0.353325124624648
V3-2,P2,1,13,natural_missingness,ea4f5c2a61cf7df43321c66da250e1480ff9cb431dfabb22d9c4d05d565bb993,55799d64eb4b670d768a32f8b9fd53879e682405ee16749e6da649f3ba29497d,extrasensory-p2-fold1-seed13-v2_seed13,0.9,0.9000026924423145,66854,0.4274191991979487,0.6134265626980799,0.7027311611917277,682914,mean_binary_certainty,0.3179682894790453
V3-2,P2,1,13,natural_missingness,ea4f5c2a61cf7df43321c66da250e1480ff9cb431dfabb22d9c4d05d565bb993,55799d64eb4b670d768a32f8b9fd53879e682405ee16749e6da649f3ba29497d,extrasensory-p2-fold1-seed13-v2_seed13,0.95,0.9500013462211572,70568,0.4352436532448133,0.6045718491004408,0.6931790053702688,720849,mean_binary_certainty,0.2689232375318959
V3-2,P2,1,13,natural_missingness,ea4f5c2a61cf7df43321c66da250e1480ff9cb431dfabb22d9c4d05d565bb993,55799d64eb4b670d768a32f8b9fd53879e682405ee16749e6da649f3ba29497d,extrasensory-p2-fold1-seed13-v2_seed13,1.0,1.0,74282,0.4434743201797353,0.5955340123603474,0.6842692412750847,756803,mean_binary_certainty,0.0420572040274948
V3-2,P2,1,13,natural_missingness,ea4f5c2a61cf7df43321c66da250e1480ff9cb431dfabb22d9c4d05d565bb993,55799d64eb4b670d768a32f8b9fd53879e682405ee16749e6da649f3ba29497d,extrasensory-p2-fold1-seed13-v2_seed13,0.05,0.0500121159904149,3715,0.4272627227016416,0.5365020036095315,0.7428068438136106,34399,p2_system_reliability,0.9942522048950196
V3-2,P2,1,13,natural_missingness,ea4f5c2a61cf7df43321c66da250e1480ff9cb431dfabb22d9c4d05d565bb993,55799d64eb4b670d768a32f8b9fd53879e682405ee16749e6da649f3ba29497d,extrasensory-p2-fold1-seed13-v2_seed13,0.1,0.1000107697692577,7429,0.410906092904438,0.5407790196986764,0.7297591805600959,69869,p2_system_reliability,0.9927303791046144
V3-2,P2,1,13,natural_missingness,ea4f5c2a61cf7df43321c66da250e1480ff9cb431dfabb22d9c4d05d565bb993,55799d64eb4b670d768a32f8b9fd53879e682405ee16749e6da649f3ba29497d,extrasensory-p2-fold1-seed13-v2_seed13,0.15,0.1500094235481004,11143,0.411290576163361,0.551385331647931,0.7195528324196496,106320,p2_system_reliability,0.9914065599441528
V3-2,P2,1,13,natural_missingness,ea4f5c2a61cf7df43321c66da250e1480ff9cb431dfabb22d9c4d05d565bb993,55799d64eb4b670d768a32f8b9fd53879e682405ee16749e6da649f3ba29497d,extrasensory-p2-fold1-seed13-v2_seed13,0.2,0.2000080773269432,14857,0.41861660886534,0.5716618107040656,0.7134973741035963,143112,p2_system_reliability,0.990103244781494
V3-2,P2,1,13,natural_missingness,ea4f5c2a61cf7df43321c66da250e1480ff9cb431dfabb22d9c4d05d565bb993,55799d64eb4b670d768a32f8b9fd53879e682405ee16749e6da649f3ba29497d,extrasensory-p2-fold1-seed13-v2_seed13,0.25,0.2500067311057861,18571,0.4261795891904286,0.5788398086481763,0.70873919028255,180943,p2_system_reliability,0.9887686967849731
V3-2,P2,1,13,natural_missingness,ea4f5c2a61cf7df43321c66da250e1480ff9cb431dfabb22d9c4d05d565bb993,55799d64eb4b670d768a32f8b9fd53879e682405ee16749e6da649f3ba29497d,extrasensory-p2-fold1-seed13-v2_seed13,0.3,0.3000053848846288,22285,0.4282521682328649,0.5805307286191489,0.7084955782842705,219218,p2_system_reliability,0.987467885017395
V3-2,P2,1,13,natural_missingness,ea4f5c2a61cf7df43321c66da250e1480ff9cb431dfabb22d9c4d05d565bb993,55799d64eb4b670d768a32f8b9fd53879e682405ee16749e6da649f3ba29497d,extrasensory-p2-fold1-seed13-v2_seed13,0.35,0.3500040386634716,25999,0.4296612039046377,0.587124400063183,0.7070197189750856,257515,p2_system_reliability,0.986109495162964
V3-2,P2,1,13,natural_missingness,ea4f5c2a61cf7df43321c66da250e1480ff9cb431dfabb22d9c4d05d565bb993,55799d64eb4b670d768a32f8b9fd53879e682405ee16749e6da649f3ba29497d,extrasensory-p2-fold1-seed13-v2_seed13,0.4,0.4000026924423144,29713,0.4334490475092549,0.5925700634637668,0.7045301226493282,296608,p2_system_reliability,0.984694004058838
V3-2,P2,1,13,natural_missingness,ea4f5c2a61cf7df43321c66da250e1480ff9cb431dfabb22d9c4d05d565bb993,55799d64eb4b670d768a32f8b9fd53879e682405ee16749e6da649f3ba29497d,extrasensory-p2-fold1-seed13-v2_seed13,0.45,0.4500013462211572,33427,0.4360792771138863,0.5950499140372253,0.6997649722941792,334223,p2_system_reliability,0.9830319881439208
V3-2,P2,1,13,natural_missingness,ea4f5c2a61cf7df43321c66da250e1480ff9cb431dfabb22d9c4d05d565bb993,55799d64eb4b670d768a32f8b9fd53879e682405ee16749e6da649f3ba29497d,extrasensory-p2-fold1-seed13-v2_seed13,0.5,0.5,37141,0.4365834532056634,0.5960307942549,0.6950114198902451,371109,p2_system_reliability,0.9811189770698548
V3-2,P2,1,13,natural_missingness,ea4f5c2a61cf7df43321c66da250e1480ff9cb431dfabb22d9c4d05d565bb993,55799d64eb4b670d768a32f8b9fd53879e682405ee16749e6da649f3ba29497d,extrasensory-p2-fold1-seed13-v2_seed13,0.55,0.5500121159904149,40856,0.4374916684263428,0.5949431020001641,0.6899661781285231,407818,p2_system_reliability,0.9789540767669678
V3-2,P2,1,13,natural_missingness,ea4f5c2a61cf7df43321c66da250e1480ff9cb431dfabb22d9c4d05d565bb993,55799d64eb4b670d768a32f8b9fd53879e682405ee16749e6da649f3ba29497d,extrasensory-p2-fold1-seed13-v2_seed13,0.6,0.6000107697692577,44570,0.4403343174881449,0.5947471143726674,0.685326157718849,443651,p2_system_reliability,0.9764406681060792
V3-2,P2,1,13,natural_missingness,ea4f5c2a61cf7df43321c66da250e1480ff9cb431dfabb22d9c4d05d565bb993,55799d64eb4b670d768a32f8b9fd53879e682405ee16749e6da649f3ba29497d,extrasensory-p2-fold1-seed13-v2_seed13,0.65,0.6500094235481004,48284,0.4429837696901175,0.5944146911014151,0.6815077705022021,480268,p2_system_reliability,0.973726451396942
V3-2,P2,1,13,natural_missingness,ea4f5c2a61cf7df43321c66da250e1480ff9cb431dfabb22d9c4d05d565bb993,55799d64eb4b670d768a32f8b9fd53879e682405ee16749e6da649f3ba29497d,extrasensory-p2-fold1-seed13-v2_seed13,0.7,0.7000080773269433,51998,0.4441632190727723,0.5963755192212529,0.6793790417264578,517488,p2_system_reliability,0.9703469276428224
V3-2,P2,1,13,natural_missingness,ea4f5c2a61cf7df43321c66da250e1480ff9cb431dfabb22d9c4d05d565bb993,55799d64eb4b670d768a32f8b9fd53879e682405ee16749e6da649f3ba29497d,extrasensory-p2-fold1-seed13-v2_seed13,0.75,0.7500067311057861,55712,0.4449247871972157,0.5964499797262393,0.6774089232128017,555003,p2_system_reliability,0.9661962985992432
V3-2,P2,1,13,natural_missingness,ea4f5c2a61cf7df43321c66da250e1480ff9cb431dfabb22d9c4d05d565bb993,55799d64eb4b670d768a32f8b9fd53879e682405ee16749e6da649f3ba29497d,extrasensory-p2-fold1-seed13-v2_seed13,0.8,0.8000053848846288,59426,0.4455577009433985,0.5961787017343892,0.6752137309500675,592442,p2_system_reliability,0.9605535268783568
V3-2,P2,1,13,natural_missingness,ea4f5c2a61cf7df43321c66da250e1480ff9cb431dfabb22d9c4d05d565bb993,55799d64eb4b670d768a32f8b9fd53879e682405ee16749e6da649f3ba29497d,extrasensory-p2-fold1-seed13-v2_seed13,0.85,0.8500040386634716,63140,0.445359342784016,0.5970134683366496,0.6742020828160016,630579,p2_system_reliability,0.951343834400177
V3-2,P2,1,13,natural_missingness,ea4f5c2a61cf7df43321c66da250e1480ff9cb431dfabb22d9c4d05d565bb993,55799d64eb4b670d768a32f8b9fd53879e682405ee16749e6da649f3ba29497d,extrasensory-p2-fold1-seed13-v2_seed13,0.9,0.9000026924423145,66854,0.4439888600741893,0.5977309237943221,0.675319339765938,669157,p2_system_reliability,0.92915016412735
V3-2,P2,1,13,natural_missingness,ea4f5c2a61cf7df43321c66da250e1480ff9cb431dfabb22d9c4d05d565bb993,55799d64eb4b670d768a32f8b9fd53879e682405ee16749e6da649f3ba29497d,extrasensory-p2-fold1-seed13-v2_seed13,0.95,0.9500013462211572,70568,0.4435466095239855,0.5970213304590675,0.6790936009792453,712136,p2_system_reliability,0.8906126618385315
V3-2,P2,1,13,natural_missingness,ea4f5c2a61cf7df43321c66da250e1480ff9cb431dfabb22d9c4d05d565bb993,55799d64eb4b670d768a32f8b9fd53879e682405ee16749e6da649f3ba29497d,extrasensory-p2-fold1-seed13-v2_seed13,1.0,1.0,74282,0.4434743201797353,0.5955340123603474,0.6842692412750847,756803,p2_system_reliability,0.7833995223045349
V3-2,P2,1,13,natural_missingness,ea4f5c2a61cf7df43321c66da250e1480ff9cb431dfabb22d9c4d05d565bb993,55799d64eb4b670d768a32f8b9fd53879e682405ee16749e6da649f3ba29497d,extrasensory-p2-fold1-seed13-v2_seed13,0.05,0.0500121159904149,3715,0.3098867978874085,0.6479276889357591,0.8617509035007282,35730,task_confidence_output_only,0.6015549444603363
V3-2,P2,1,13,natural_missingness,ea4f5c2a61cf7df43321c66da250e1480ff9cb431dfabb22d9c4d05d565bb993,55799d64eb4b670d768a32f8b9fd53879e682405ee16749e6da649f3ba29497d,extrasensory-p2-fold1-seed13-v2_seed13,0.1,0.1000107697692577,7429,0.3016644444850782,0.670649655697358,0.8710801393728222,73849,task_confidence_output_only,0.5790942820759551
V3-2,P2,1,13,natural_missingness,ea4f5c2a61cf7df43321c66da250e1480ff9cb431dfabb22d9c4d05d565bb993,55799d64eb4b670d768a32f8b9fd53879e682405ee16749e6da649f3ba29497d,extrasensory-p2-fold1-seed13-v2_seed13,0.15,0.1500094235481004,11143,0.3284713085407504,0.6705230182075678,0.8792619592916358,116722,task_confidence_output_only,0.5644416197209066
V3-2,P2,1,13,natural_missingness,ea4f5c2a61cf7df43321c66da250e1480ff9cb431dfabb22d9c4d05d565bb993,55799d64eb4b670d768a32f8b9fd53879e682405ee16749e6da649f3ba29497d,extrasensory-p2-fold1-seed13-v2_seed13,0.2,0.2000080773269432,14857,0.3272689258464814,0.6803702915862231,0.8778908194582055,155456,task_confidence_output_only,0.5372371313289016
V3-2,P2,1,13,natural_missingness,ea4f5c2a61cf7df43321c66da250e1480ff9cb431dfabb22d9c4d05d565bb993,55799d64eb4b670d768a32f8b9fd53879e682405ee16749e6da649f3ba29497d,extrasensory-p2-fold1-seed13-v2_seed13,0.25,0.2500067311057861,18571,0.3336980185394269,0.6802057560317591,0.8698840415338587,192943,task_confidence_output_only,0.5063348756655002
V3-2,P2,1,13,natural_missingness,ea4f5c2a61cf7df43321c66da250e1480ff9cb431dfabb22d9c4d05d565bb993,55799d64eb4b670d768a32f8b9fd53879e682405ee16749e6da649f3ba29497d,extrasensory-p2-fold1-seed13-v2_seed13,0.3,0.3000053848846288,22285,0.3349338172941249,0.6811748113995283,0.8635206288779571,229991,task_confidence_output_only,0.4794055832974491
V3-2,P2,1,13,natural_missingness,ea4f5c2a61cf7df43321c66da250e1480ff9cb431dfabb22d9c4d05d565bb993,55799d64eb4b670d768a32f8b9fd53879e682405ee16749e6da649f3ba29497d,extrasensory-p2-fold1-seed13-v2_seed13,0.35,0.3500040386634716,25999,0.3376507310998533,0.6825287336454284,0.852257279816842,267739,task_confidence_output_only,0.4442878015167132
V3-2,P2,1,13,natural_missingness,ea4f5c2a61cf7df43321c66da250e1480ff9cb431dfabb22d9c4d05d565bb993,55799d64eb4b670d768a32f8b9fd53879e682405ee16749e6da649f3ba29497d,extrasensory-p2-fold1-seed13-v2_seed13,0.4,0.4000026924423144,29713,0.34322747507657,0.6809179391067556,0.8354966211908709,303946,task_confidence_output_only,0.4014175781832254
V3-2,P2,1,13,natural_missingness,ea4f5c2a61cf7df43321c66da250e1480ff9cb431dfabb22d9c4d05d565bb993,55799d64eb4b670d768a32f8b9fd53879e682405ee16749e6da649f3ba29497d,extrasensory-p2-fold1-seed13-v2_seed13,0.45,0.4500013462211572,33427,0.3514285346263884,0.6734789941589815,0.818338507898822,341436,task_confidence_output_only,0.3639064375810437
V3-2,P2,1,13,natural_missingness,ea4f5c2a61cf7df43321c66da250e1480ff9cb431dfabb22d9c4d05d565bb993,55799d64eb4b670d768a32f8b9fd53879e682405ee16749e6da649f3ba29497d,extrasensory-p2-fold1-seed13-v2_seed13,0.5,0.5,37141,0.3622078021852541,0.6663609917871864,0.801250567501754,379465,task_confidence_output_only,0.3264184472467206
V3-2,P2,1,13,natural_missingness,ea4f5c2a61cf7df43321c66da250e1480ff9cb431dfabb22d9c4d05d565bb993,55799d64eb4b670d768a32f8b9fd53879e682405ee16749e6da649f3ba29497d,extrasensory-p2-fold1-seed13-v2_seed13,0.55,0.5500121159904149,40856,0.3738169523597363,0.6582696026249995,0.783974241290195,417335,task_confidence_output_only,0.2930967204900464
V3-2,P2,1,13,natural_missingness,ea4f5c2a61cf7df43321c66da250e1480ff9cb431dfabb22d9c4d05d565bb993,55799d64eb4b670d768a32f8b9fd53879e682405ee16749e6da649f3ba29497d,extrasensory-p2-fold1-seed13-v2_seed13,0.6,0.6000107697692577,44570,0.3844640316183966,0.6510602913695506,0.7687582196995916,455015,task_confidence_output_only,0.2644511987965101
V3-2,P2,1,13,natural_missingness,ea4f5c2a61cf7df43321c66da250e1480ff9cb431dfabb22d9c4d05d565bb993,55799d64eb4b670d768a32f8b9fd53879e682405ee16749e6da649f3ba29497d,extrasensory-p2-fold1-seed13-v2_seed13,0.65,0.6500094235481004,48284,0.3934808131716923,0.64369067686694,0.7549517511437875,492664,task_confidence_output_only,0.2385146897242651
V3-2,P2,1,13,natural_missingness,ea4f5c2a61cf7df43321c66da250e1480ff9cb431dfabb22d9c4d05d565bb993,55799d64eb4b670d768a32f8b9fd53879e682405ee16749e6da649f3ba29497d,extrasensory-p2-fold1-seed13-v2_seed13,0.7,0.7000080773269433,51998,0.4010123009340507,0.636234130674522,0.7422116934136361,530211,task_confidence_output_only,0.2138830279694291
V3-2,P2,1,13,natural_missingness,ea4f5c2a61cf7df43321c66da250e1480ff9cb431dfabb22d9c4d05d565bb993,55799d64eb4b670d768a32f8b9fd53879e682405ee16749e6da649f3ba29497d,extrasensory-p2-fold1-seed13-v2_seed13,0.75,0.7500067311057861,55712,0.4087778908874184,0.6294980244777041,0.7304399030135088,568074,task_confidence_output_only,0.1907066507396553
V3-2,P2,1,13,natural_missingness,ea4f5c2a61cf7df43321c66da250e1480ff9cb431dfabb22d9c4d05d565bb993,55799d64eb4b670d768a32f8b9fd53879e682405ee16749e6da649f3ba29497d,extrasensory-p2-fold1-seed13-v2_seed13,0.8,0.8000053848846288,59426,0.4154879881476054,0.6228669328585266,0.7200031105005313,606064,task_confidence_output_only,0.1681375175603104
V3-2,P2,1,13,natural_missingness,ea4f5c2a61cf7df43321c66da250e1480ff9cb431dfabb22d9c4d05d565bb993,55799d64eb4b670d768a32f8b9fd53879e682405ee16749e6da649f3ba29497d,extrasensory-p2-fold1-seed13-v2_seed13,0.85,0.8500040386634716,63140,0.4224504872291764,0.6155425113815426,0.7100204200256239,643783,task_confidence_output_only,0.1460736245165774
V3-2,P2,1,13,natural_missingness,ea4f5c2a61cf7df43321c66da250e1480ff9cb431dfabb22d9c4d05d565bb993,55799d64eb4b670d768a32f8b9fd53879e682405ee16749e6da649f3ba29497d,extrasensory-p2-fold1-seed13-v2_seed13,0.9,0.9000026924423145,66854,0.4293254273376545,0.6093522882328329,0.7009210277454594,681707,task_confidence_output_only,0.1223359075624905
V3-2,P2,1,13,natural_missingness,ea4f5c2a61cf7df43321c66da250e1480ff9cb431dfabb22d9c4d05d565bb993,55799d64eb4b670d768a32f8b9fd53879e682405ee16749e6da649f3ba29497d,extrasensory-p2-fold1-seed13-v2_seed13,0.95,0.9500013462211572,70568,0.4357355125524293,0.6027168775802039,0.6924214367777252,719424,task_confidence_output_only,0.0934267083062604
V3-2,P2,1,13,natural_missingness,ea4f5c2a61cf7df43321c66da250e1480ff9cb431dfabb22d9c4d05d565bb993,55799d64eb4b670d768a32f8b9fd53879e682405ee16749e6da649f3ba29497d,extrasensory-p2-fold1-seed13-v2_seed13,1.0,1.0,74282,0.4434743201797353,0.5955340123603474,0.6842692412750847,756803,task_confidence_output_only,0.0147966881860076
V3-2,P2,1,13,natural_missingness,ea4f5c2a61cf7df43321c66da250e1480ff9cb431dfabb22d9c4d05d565bb993,55799d64eb4b670d768a32f8b9fd53879e682405ee16749e6da649f3ba29497d,extrasensory-p2-fold1-seed13-v2_seed13,0.05,0.0500121159904149,3715,0.3420614472153563,0.3915624979838257,0.8535664613550566,47295,task_confidence_full,0.8463430088075511
V3-2,P2,1,13,natural_missingness,ea4f5c2a61cf7df43321c66da250e1480ff9cb431dfabb22d9c4d05d565bb993,55799d64eb4b670d768a32f8b9fd53879e682405ee16749e6da649f3ba29497d,extrasensory-p2-fold1-seed13-v2_seed13,0.1,0.1000107697692577,7429,0.4056688299619664,0.5345368070206201,0.8159970980321031,84700,task_confidence_full,0.7140044114107477
V3-2,P2,1,13,natural_missingness,ea4f5c2a61cf7df43321c66da250e1480ff9cb431dfabb22d9c4d05d565bb993,55799d64eb4b670d768a32f8b9fd53879e682405ee16749e6da649f3ba29497d,extrasensory-p2-fold1-seed13-v2_seed13,0.15,0.1500094235481004,11143,0.3643325382115056,0.5951744378161643,0.8302905022643713,122257,task_confidence_full,0.6598817851090324
V3-2,P2,1,13,natural_missingness,ea4f5c2a61cf7df43321c66da250e1480ff9cb431dfabb22d9c4d05d565bb993,55799d64eb4b670d768a32f8b9fd53879e682405ee16749e6da649f3ba29497d,extrasensory-p2-fold1-seed13-v2_seed13,0.2,0.2000080773269432,14857,0.3563776522514667,0.6293331262172778,0.8306563529511144,159197,task_confidence_full,0.6071924765052645
V3-2,P2,1,13,natural_missingness,ea4f5c2a61cf7df43321c66da250e1480ff9cb431dfabb22d9c4d05d565bb993,55799d64eb4b670d768a32f8b9fd53879e682405ee16749e6da649f3ba29497d,extrasensory-p2-fold1-seed13-v2_seed13,0.25,0.2500067311057861,18571,0.3631044940945216,0.6421450662758701,0.8223705053065103,194589,task_confidence_full,0.561733548236736
V3-2,P2,1,13,natural_missingness,ea4f5c2a61cf7df43321c66da250e1480ff9cb431dfabb22d9c4d05d565bb993,55799d64eb4b670d768a32f8b9fd53879e682405ee16749e6da649f3ba29497d,extrasensory-p2-fold1-seed13-v2_seed13,0.3,0.3000053848846288,22285,0.3610582951132682,0.6516171139648611,0.8183239550847387,231201,task_confidence_full,0.5258846117497775
V3-2,P2,1,13,natural_missingness,ea4f5c2a61cf7df43321c66da250e1480ff9cb431dfabb22d9c4d05d565bb993,55799d64eb4b670d768a32f8b9fd53879e682405ee16749e6da649f3ba29497d,extrasensory-p2-fold1-seed13-v2_seed13,0.35,0.3500040386634716,25999,0.3603898862730894,0.6575236691111228,0.8164910911692027,267505,task_confidence_full,0.493204408618628
V3-2,P2,1,13,natural_missingness,ea4f5c2a61cf7df43321c66da250e1480ff9cb431dfabb22d9c4d05d565bb993,55799d64eb4b670d768a32f8b9fd53879e682405ee16749e6da649f3ba29497d,extrasensory-p2-fold1-seed13-v2_seed13,0.4,0.4000026924423144,29713,0.364551990825033,0.6599911416196299,0.8108118475140806,303089,task_confidence_full,0.459715351285295
V3-2,P2,1,13,natural_missingness,ea4f5c2a61cf7df43321c66da250e1480ff9cb431dfabb22d9c4d05d565bb993,55799d64eb4b670d768a32f8b9fd53879e682405ee16749e6da649f3ba29497d,extrasensory-p2-fold1-seed13-v2_seed13,0.45,0.4500013462211572,33427,0.3745213667382407,0.6582581344592798,0.7996538840626217,339565,task_confidence_full,0.4181708157107499
V3-2,P2,1,13,natural_missingness,ea4f5c2a61cf7df43321c66da250e1480ff9cb431dfabb22d9c4d05d565bb993,55799d64eb4b670d768a32f8b9fd53879e682405ee16749e6da649f3ba29497d,extrasensory-p2-fold1-seed13-v2_seed13,0.5,0.5,37141,0.3826625733910879,0.6530164619811736,0.7865061241436578,377050,task_confidence_full,0.37345228530182
V3-2,P2,1,13,natural_missingness,ea4f5c2a61cf7df43321c66da250e1480ff9cb431dfabb22d9c4d05d565bb993,55799d64eb4b670d768a32f8b9fd53879e682405ee16749e6da649f3ba29497d,extrasensory-p2-fold1-seed13-v2_seed13,0.55,0.5500121159904149,40856,0.3903404143295295,0.6477283123554906,0.7729219494458689,415343,task_confidence_full,0.3317242313482128
V3-2,P2,1,13,natural_missingness,ea4f5c2a61cf7df43321c66da250e1480ff9cb431dfabb22d9c4d05d565bb993,55799d64eb4b670d768a32f8b9fd53879e682405ee16749e6da649f3ba29497d,extrasensory-p2-fold1-seed13-v2_seed13,0.6,0.6000107697692577,44570,0.3970905027441904,0.6428374048510989,0.7604857514914751,453880,task_confidence_full,0.2947463891891352
V3-2,P2,1,13,natural_missingness,ea4f5c2a61cf7df43321c66da250e1480ff9cb431dfabb22d9c4d05d565bb993,55799d64eb4b670d768a32f8b9fd53879e682405ee16749e6da649f3ba29497d,extrasensory-p2-fold1-seed13-v2_seed13,0.65,0.6500094235481004,48284,0.4038518714945421,0.6368513177579482,0.7484980873847334,491656,task_confidence_full,0.2610940425516542
V3-2,P2,1,13,natural_missingness,ea4f5c2a61cf7df43321c66da250e1480ff9cb431dfabb22d9c4d05d565bb993,55799d64eb4b670d768a32f8b9fd53879e682405ee16749e6da649f3ba29497d,extrasensory-p2-fold1-seed13-v2_seed13,0.7,0.7000080773269433,51998,0.4107129229566474,0.6308900392387915,0.7375418484890054,529617,task_confidence_full,0.2316180345137554
V3-2,P2,1,13,natural_missingness,ea4f5c2a61cf7df43321c66da250e1480ff9cb431dfabb22d9c4d05d565bb993,55799d64eb4b670d768a32f8b9fd53879e682405ee16749e6da649f3ba29497d,extrasensory-p2-fold1-seed13-v2_seed13,0.75,0.7500067311057861,55712,0.4163872034140127,0.6256668681710207,0.7275497828317905,567546,task_confidence_full,0.2029947955008576
V3-2,P2,1,13,natural_missingness,ea4f5c2a61cf7df43321c66da250e1480ff9cb431dfabb22d9c4d05d565bb993,55799d64eb4b670d768a32f8b9fd53879e682405ee16749e6da649f3ba29497d,extrasensory-p2-fold1-seed13-v2_seed13,0.8,0.8000053848846288,59426,0.4220754250912492,0.6199900451841482,0.7180760279286268,605375,task_confidence_full,0.1763075270788267
V3-2,P2,1,13,natural_missingness,ea4f5c2a61cf7df43321c66da250e1480ff9cb431dfabb22d9c4d05d565bb993,55799d64eb4b670d768a32f8b9fd53879e682405ee16749e6da649f3ba29497d,extrasensory-p2-fold1-seed13-v2_seed13,0.85,0.8500040386634716,63140,0.4273343180300914,0.61514768421473,0.7098825356761479,643340,task_confidence_full,0.1496672254737707
V3-2,P2,1,13,natural_missingness,ea4f5c2a61cf7df43321c66da250e1480ff9cb431dfabb22d9c4d05d565bb993,55799d64eb4b670d768a32f8b9fd53879e682405ee16749e6da649f3ba29497d,extrasensory-p2-fold1-seed13-v2_seed13,0.9,0.9000026924423145,66854,0.4323034474836222,0.6090820077319568,0.7013203629498673,681473,task_confidence_full,0.1228393309788816
V3-2,P2,1,13,natural_missingness,ea4f5c2a61cf7df43321c66da250e1480ff9cb431dfabb22d9c4d05d565bb993,55799d64eb4b670d768a32f8b9fd53879e682405ee16749e6da649f3ba29497d,extrasensory-p2-fold1-seed13-v2_seed13,0.95,0.9500013462211572,70568,0.4377251196396909,0.6025229175292613,0.6926337545160446,719254,task_confidence_full,0.0922202968974819
V3-2,P2,1,13,natural_missingness,ea4f5c2a61cf7df43321c66da250e1480ff9cb431dfabb22d9c4d05d565bb993,55799d64eb4b670d768a32f8b9fd53879e682405ee16749e6da649f3ba29497d,extrasensory-p2-fold1-seed13-v2_seed13,1.0,1.0,74282,0.4434743201797353,0.5955340123603474,0.6842692412750847,756803,task_confidence_full,0.0126620068330487
V3-2,P2,1,29,natural_missingness,ea4f5c2a61cf7df43321c66da250e1480ff9cb431dfabb22d9c4d05d565bb993,f52c8661a0b6d6269cb249637d65fbdd91d0f67599b6461a875df807a2fb997e,extrasensory-p2-fold1-seed29-v2_multiseed,0.05,0.0500121159904149,3715,0.4869518259406057,0.5096489912592166,0.8865777080062794,37985,mean_binary_certainty,0.9413269272955744
V3-2,P2,1,29,natural_missingness,ea4f5c2a61cf7df43321c66da250e1480ff9cb431dfabb22d9c4d05d565bb993,f52c8661a0b6d6269cb249637d65fbdd91d0f67599b6461a875df807a2fb997e,extrasensory-p2-fold1-seed29-v2_multiseed,0.1,0.1000107697692577,7429,0.395827016613142,0.4426009002002213,0.8915063281878703,75416,mean_binary_certainty,0.9140281275847212
V3-2,P2,1,29,natural_missingness,ea4f5c2a61cf7df43321c66da250e1480ff9cb431dfabb22d9c4d05d565bb993,f52c8661a0b6d6269cb249637d65fbdd91d0f67599b6461a875df807a2fb997e,extrasensory-p2-fold1-seed29-v2_multiseed,0.15,0.1500094235481004,11143,0.3522261339627509,0.4816918217914417,0.895279607081379,116879,mean_binary_certainty,0.8614616447902647
V3-2,P2,1,29,natural_missingness,ea4f5c2a61cf7df43321c66da250e1480ff9cb431dfabb22d9c4d05d565bb993,f52c8661a0b6d6269cb249637d65fbdd91d0f67599b6461a875df807a2fb997e,extrasensory-p2-fold1-seed29-v2_multiseed,0.2,0.2000080773269432,14857,0.3365986767522422,0.6074376734105684,0.8908495024580236,156496,mean_binary_certainty,0.789287249807584
V3-2,P2,1,29,natural_missingness,ea4f5c2a61cf7df43321c66da250e1480ff9cb431dfabb22d9c4d05d565bb993,f52c8661a0b6d6269cb249637d65fbdd91d0f67599b6461a875df807a2fb997e,extrasensory-p2-fold1-seed29-v2_multiseed,0.25,0.2500067311057861,18571,0.332912074103587,0.6848583255949645,0.8768792145491344,193270,mean_binary_certainty,0.7255662272532457
V3-2,P2,1,29,natural_missingness,ea4f5c2a61cf7df43321c66da250e1480ff9cb431dfabb22d9c4d05d565bb993,f52c8661a0b6d6269cb249637d65fbdd91d0f67599b6461a875df807a2fb997e,extrasensory-p2-fold1-seed29-v2_multiseed,0.3,0.3000053848846288,22285,0.3383858809368267,0.6996038350903349,0.857611776993087,228916,mean_binary_certainty,0.6782197170301814
V3-2,P2,1,29,natural_missingness,ea4f5c2a61cf7df43321c66da250e1480ff9cb431dfabb22d9c4d05d565bb993,f52c8661a0b6d6269cb249637d65fbdd91d0f67599b6461a875df807a2fb997e,extrasensory-p2-fold1-seed29-v2_multiseed,0.35,0.3500040386634716,25999,0.3462668703715197,0.6980191129115013,0.8376825438177529,265212,mean_binary_certainty,0.6376008304174616
V3-2,P2,1,29,natural_missingness,ea4f5c2a61cf7df43321c66da250e1480ff9cb431dfabb22d9c4d05d565bb993,f52c8661a0b6d6269cb249637d65fbdd91d0f67599b6461a875df807a2fb997e,extrasensory-p2-fold1-seed29-v2_multiseed,0.4,0.4000026924423144,29713,0.3565764909017931,0.6921868709571785,0.8179077227697312,302108,mean_binary_certainty,0.6024220247521186
V3-2,P2,1,29,natural_missingness,ea4f5c2a61cf7df43321c66da250e1480ff9cb431dfabb22d9c4d05d565bb993,f52c8661a0b6d6269cb249637d65fbdd91d0f67599b6461a875df807a2fb997e,extrasensory-p2-fold1-seed29-v2_multiseed,0.45,0.4500013462211572,33427,0.3644894362348341,0.6836481582845783,0.7990010612282563,339529,mean_binary_certainty,0.573295980438183
V3-2,P2,1,29,natural_missingness,ea4f5c2a61cf7df43321c66da250e1480ff9cb431dfabb22d9c4d05d565bb993,f52c8661a0b6d6269cb249637d65fbdd91d0f67599b6461a875df807a2fb997e,extrasensory-p2-fold1-seed29-v2_multiseed,0.5,0.5,37141,0.3701041538923598,0.6741195217003391,0.7819963930055673,376805,mean_binary_certainty,0.5457039577441215
V3-2,P2,1,29,natural_missingness,ea4f5c2a61cf7df43321c66da250e1480ff9cb431dfabb22d9c4d05d565bb993,f52c8661a0b6d6269cb249637d65fbdd91d0f67599b6461a875df807a2fb997e,extrasensory-p2-fold1-seed29-v2_multiseed,0.55,0.5500121159904149,40856,0.3754641214377606,0.6645842749071573,0.7665456349869029,414757,mean_binary_certainty,0.5190000126309785
V3-2,P2,1,29,natural_missingness,ea4f5c2a61cf7df43321c66da250e1480ff9cb431dfabb22d9c4d05d565bb993,f52c8661a0b6d6269cb249637d65fbdd91d0f67599b6461a875df807a2fb997e,extrasensory-p2-fold1-seed29-v2_multiseed,0.6,0.6000107697692577,44570,0.3815973810922032,0.656577793992379,0.7532283278378414,452911,mean_binary_certainty,0.4933411034634219
V3-2,P2,1,29,natural_missingness,ea4f5c2a61cf7df43321c66da250e1480ff9cb431dfabb22d9c4d05d565bb993,f52c8661a0b6d6269cb249637d65fbdd91d0f67599b6461a875df807a2fb997e,extrasensory-p2-fold1-seed29-v2_multiseed,0.65,0.6500094235481004,48284,0.3872363724342541,0.6486660488673479,0.7409653635255069,491305,mean_binary_certainty,0.4673952380399283
V3-2,P2,1,29,natural_missingness,ea4f5c2a61cf7df43321c66da250e1480ff9cb431dfabb22d9c4d05d565bb993,f52c8661a0b6d6269cb249637d65fbdd91d0f67599b6461a875df807a2fb997e,extrasensory-p2-fold1-seed29-v2_multiseed,0.7,0.7000080773269433,51998,0.3935919286121059,0.6409508637091664,0.7295934977603646,529236,mean_binary_certainty,0.4421518216445551
V3-2,P2,1,29,natural_missingness,ea4f5c2a61cf7df43321c66da250e1480ff9cb431dfabb22d9c4d05d565bb993,f52c8661a0b6d6269cb249637d65fbdd91d0f67599b6461a875df807a2fb997e,extrasensory-p2-fold1-seed29-v2_multiseed,0.75,0.7500067311057861,55712,0.4012434751049299,0.6327295191418282,0.7191765074720452,567324,mean_binary_certainty,0.414636301384553
V3-2,P2,1,29,natural_missingness,ea4f5c2a61cf7df43321c66da250e1480ff9cb431dfabb22d9c4d05d565bb993,f52c8661a0b6d6269cb249637d65fbdd91d0f67599b6461a875df807a2fb997e,extrasensory-p2-fold1-seed29-v2_multiseed,0.8,0.8000053848846288,59426,0.408515527258834,0.6247662530691298,0.7094921559955252,605251,mean_binary_certainty,0.3843454667914241
V3-2,P2,1,29,natural_missingness,ea4f5c2a61cf7df43321c66da250e1480ff9cb431dfabb22d9c4d05d565bb993,f52c8661a0b6d6269cb249637d65fbdd91d0f67599b6461a875df807a2fb997e,extrasensory-p2-fold1-seed29-v2_multiseed,0.85,0.8500040386634716,63140,0.4159840006505248,0.6166427970457231,0.6993926293516813,643768,mean_binary_certainty,0.3525578233496793
V3-2,P2,1,29,natural_missingness,ea4f5c2a61cf7df43321c66da250e1480ff9cb431dfabb22d9c4d05d565bb993,f52c8661a0b6d6269cb249637d65fbdd91d0f67599b6461a875df807a2fb997e,extrasensory-p2-fold1-seed29-v2_multiseed,0.9,0.9000026924423145,66854,0.4233878717354515,0.6078180676252258,0.6890421885318779,682236,mean_binary_certainty,0.313714727905902
V3-2,P2,1,29,natural_missingness,ea4f5c2a61cf7df43321c66da250e1480ff9cb431dfabb22d9c4d05d565bb993,f52c8661a0b6d6269cb249637d65fbdd91d0f67599b6461a875df807a2fb997e,extrasensory-p2-fold1-seed29-v2_multiseed,0.95,0.9500013462211572,70568,0.4312683866456365,0.5992173801823808,0.679425065033936,720799,mean_binary_certainty,0.2551477881671081
V3-2,P2,1,29,natural_missingness,ea4f5c2a61cf7df43321c66da250e1480ff9cb431dfabb22d9c4d05d565bb993,f52c8661a0b6d6269cb249637d65fbdd91d0f67599b6461a875df807a2fb997e,extrasensory-p2-fold1-seed29-v2_multiseed,1.0,1.0,74282,0.4418665989971377,0.5897960850388606,0.6703722119619264,756803,mean_binary_certainty,0.028949374138106
V3-2,P2,1,29,natural_missingness,ea4f5c2a61cf7df43321c66da250e1480ff9cb431dfabb22d9c4d05d565bb993,f52c8661a0b6d6269cb249637d65fbdd91d0f67599b6461a875df807a2fb997e,extrasensory-p2-fold1-seed29-v2_multiseed,0.05,0.0500121159904149,3715,0.4234913346576884,0.5579437364179516,0.5635913166588014,37767,p2_system_reliability,0.9955055713653564
V3-2,P2,1,29,natural_missingness,ea4f5c2a61cf7df43321c66da250e1480ff9cb431dfabb22d9c4d05d565bb993,f52c8661a0b6d6269cb249637d65fbdd91d0f67599b6461a875df807a2fb997e,extrasensory-p2-fold1-seed29-v2_multiseed,0.1,0.1000107697692577,7429,0.4012484632735569,0.5958801540679395,0.6032861787189175,75258,p2_system_reliability,0.9938597679138184
V3-2,P2,1,29,natural_missingness,ea4f5c2a61cf7df43321c66da250e1480ff9cb431dfabb22d9c4d05d565bb993,f52c8661a0b6d6269cb249637d65fbdd91d0f67599b6461a875df807a2fb997e,extrasensory-p2-fold1-seed29-v2_multiseed,0.15,0.1500094235481004,11143,0.4059055119271894,0.6007510050384021,0.6164891153311718,112866,p2_system_reliability,0.992363691329956
V3-2,P2,1,29,natural_missingness,ea4f5c2a61cf7df43321c66da250e1480ff9cb431dfabb22d9c4d05d565bb993,f52c8661a0b6d6269cb249637d65fbdd91d0f67599b6461a875df807a2fb997e,extrasensory-p2-fold1-seed29-v2_multiseed,0.2,0.2000080773269432,14857,0.4186477600409339,0.6020752014478149,0.6177782928666627,148260,p2_system_reliability,0.9908709526062012
V3-2,P2,1,29,natural_missingness,ea4f5c2a61cf7df43321c66da250e1480ff9cb431dfabb22d9c4d05d565bb993,f52c8661a0b6d6269cb249637d65fbdd91d0f67599b6461a875df807a2fb997e,extrasensory-p2-fold1-seed29-v2_multiseed,0.25,0.2500067311057861,18571,0.4253729556855048,0.6008531218833598,0.62,183865,p2_system_reliability,0.9893977046012878
V3-2,P2,1,29,natural_missingness,ea4f5c2a61cf7df43321c66da250e1480ff9cb431dfabb22d9c4d05d565bb993,f52c8661a0b6d6269cb249637d65fbdd91d0f67599b6461a875df807a2fb997e,extrasensory-p2-fold1-seed29-v2_multiseed,0.3,0.3000053848846288,22285,0.4257559381764599,0.6036930961590864,0.6262174707046112,220351,p2_system_reliability,0.9878327250480652
V3-2,P2,1,29,natural_missingness,ea4f5c2a61cf7df43321c66da250e1480ff9cb431dfabb22d9c4d05d565bb993,f52c8661a0b6d6269cb249637d65fbdd91d0f67599b6461a875df807a2fb997e,extrasensory-p2-fold1-seed29-v2_multiseed,0.35,0.3500040386634716,25999,0.4248819568054035,0.6051885598628829,0.6336167408669378,256704,p2_system_reliability,0.9862452745437622
V3-2,P2,1,29,natural_missingness,ea4f5c2a61cf7df43321c66da250e1480ff9cb431dfabb22d9c4d05d565bb993,f52c8661a0b6d6269cb249637d65fbdd91d0f67599b6461a875df807a2fb997e,extrasensory-p2-fold1-seed29-v2_multiseed,0.4,0.4000026924423144,29713,0.4257367672543036,0.6052519161653901,0.6401014132380495,293037,p2_system_reliability,0.984643816947937
V3-2,P2,1,29,natural_missingness,ea4f5c2a61cf7df43321c66da250e1480ff9cb431dfabb22d9c4d05d565bb993,f52c8661a0b6d6269cb249637d65fbdd91d0f67599b6461a875df807a2fb997e,extrasensory-p2-fold1-seed29-v2_multiseed,0.45,0.4500013462211572,33427,0.4290082478361149,0.6057039242445615,0.6464527234722734,329625,p2_system_reliability,0.98301899433136
V3-2,P2,1,29,natural_missingness,ea4f5c2a61cf7df43321c66da250e1480ff9cb431dfabb22d9c4d05d565bb993,f52c8661a0b6d6269cb249637d65fbdd91d0f67599b6461a875df807a2fb997e,extrasensory-p2-fold1-seed29-v2_multiseed,0.5,0.5,37141,0.431813888698537,0.6068438725445572,0.651831395028992,366008,p2_system_reliability,0.9811591506004332
V3-2,P2,1,29,natural_missingness,ea4f5c2a61cf7df43321c66da250e1480ff9cb431dfabb22d9c4d05d565bb993,f52c8661a0b6d6269cb249637d65fbdd91d0f67599b6461a875df807a2fb997e,extrasensory-p2-fold1-seed29-v2_multiseed,0.55,0.5500121159904149,40856,0.4317620227393412,0.6065226449065854,0.6557437243528356,402753,p2_system_reliability,0.9789415597915648
V3-2,P2,1,29,natural_missingness,ea4f5c2a61cf7df43321c66da250e1480ff9cb431dfabb22d9c4d05d565bb993,f52c8661a0b6d6269cb249637d65fbdd91d0f67599b6461a875df807a2fb997e,extrasensory-p2-fold1-seed29-v2_multiseed,0.6,0.6000107697692577,44570,0.4324226375494804,0.60609880525366,0.6572794515605268,440293,p2_system_reliability,0.9762032628059388
V3-2,P2,1,29,natural_missingness,ea4f5c2a61cf7df43321c66da250e1480ff9cb431dfabb22d9c4d05d565bb993,f52c8661a0b6d6269cb249637d65fbdd91d0f67599b6461a875df807a2fb997e,extrasensory-p2-fold1-seed29-v2_multiseed,0.65,0.6500094235481004,48284,0.4320095588660242,0.6047747148488312,0.6592687085361373,478261,p2_system_reliability,0.9728968739509584
V3-2,P2,1,29,natural_missingness,ea4f5c2a61cf7df43321c66da250e1480ff9cb431dfabb22d9c4d05d565bb993,f52c8661a0b6d6269cb249637d65fbdd91d0f67599b6461a875df807a2fb997e,extrasensory-p2-fold1-seed29-v2_multiseed,0.7,0.7000080773269433,51998,0.4321722788442282,0.6036705680627649,0.6604357344847508,516846,p2_system_reliability,0.968725085258484
V3-2,P2,1,29,natural_missingness,ea4f5c2a61cf7df43321c66da250e1480ff9cb431dfabb22d9c4d05d565bb993,f52c8661a0b6d6269cb249637d65fbdd91d0f67599b6461a875df807a2fb997e,extrasensory-p2-fold1-seed29-v2_multiseed,0.75,0.7500067311057861,55712,0.4324028390787811,0.602543464662808,0.6616160725931828,554901,p2_system_reliability,0.9632661938667296
V3-2,P2,1,29,natural_missingness,ea4f5c2a61cf7df43321c66da250e1480ff9cb431dfabb22d9c4d05d565bb993,f52c8661a0b6d6269cb249637d65fbdd91d0f67599b6461a875df807a2fb997e,extrasensory-p2-fold1-seed29-v2_multiseed,0.8,0.8000053848846288,59426,0.4340483506962455,0.6008922155069878,0.6623702535803443,592545,p2_system_reliability,0.9556609392166138
V3-2,P2,1,29,natural_missingness,ea4f5c2a61cf7df43321c66da250e1480ff9cb431dfabb22d9c4d05d565bb993,f52c8661a0b6d6269cb249637d65fbdd91d0f67599b6461a875df807a2fb997e,extrasensory-p2-fold1-seed29-v2_multiseed,0.85,0.8500040386634716,63140,0.4364308349115131,0.5986531875157215,0.6636341901509903,630296,p2_system_reliability,0.9465326070785522
V3-2,P2,1,29,natural_missingness,ea4f5c2a61cf7df43321c66da250e1480ff9cb431dfabb22d9c4d05d565bb993,f52c8661a0b6d6269cb249637d65fbdd91d0f67599b6461a875df807a2fb997e,extrasensory-p2-fold1-seed29-v2_multiseed,0.9,0.9000026924423145,66854,0.4393995882770329,0.5958707690423277,0.6649412655874302,669391,p2_system_reliability,0.9351643323898317
V3-2,P2,1,29,natural_missingness,ea4f5c2a61cf7df43321c66da250e1480ff9cb431dfabb22d9c4d05d565bb993,f52c8661a0b6d6269cb249637d65fbdd91d0f67599b6461a875df807a2fb997e,extrasensory-p2-fold1-seed29-v2_multiseed,0.95,0.9500013462211572,70568,0.4440411819000993,0.5927995278331463,0.6659324087787801,710407,p2_system_reliability,0.9118347764015198
V3-2,P2,1,29,natural_missingness,ea4f5c2a61cf7df43321c66da250e1480ff9cb431dfabb22d9c4d05d565bb993,f52c8661a0b6d6269cb249637d65fbdd91d0f67599b6461a875df807a2fb997e,extrasensory-p2-fold1-seed29-v2_multiseed,1.0,1.0,74282,0.4418665989971377,0.5897960850388606,0.6703722119619264,756803,p2_system_reliability,0.7879309058189392
V3-2,P2,1,29,natural_missingness,ea4f5c2a61cf7df43321c66da250e1480ff9cb431dfabb22d9c4d05d565bb993,f52c8661a0b6d6269cb249637d65fbdd91d0f67599b6461a875df807a2fb997e,extrasensory-p2-fold1-seed29-v2_multiseed,0.05,0.0500121159904149,3715,0.3348569362024619,0.5749470237040899,0.8738983050847458,35507,task_confidence_output_only,0.584789919486495
V3-2,P2,1,29,natural_missingness,ea4f5c2a61cf7df43321c66da250e1480ff9cb431dfabb22d9c4d05d565bb993,f52c8661a0b6d6269cb249637d65fbdd91d0f67599b6461a875df807a2fb997e,extrasensory-p2-fold1-seed29-v2_multiseed,0.1,0.1000107697692577,7429,0.3718702525287337,0.6119127200454673,0.875073817576636,73740,task_confidence_output_only,0.5622960908716699
V3-2,P2,1,29,natural_missingness,ea4f5c2a61cf7df43321c66da250e1480ff9cb431dfabb22d9c4d05d565bb993,f52c8661a0b6d6269cb249637d65fbdd91d0f67599b6461a875df807a2fb997e,extrasensory-p2-fold1-seed29-v2_multiseed,0.15,0.1500094235481004,11143,0.3487956968880375,0.6351365233108541,0.8791694505833376,114587,task_confidence_output_only,0.5308918008913968
V3-2,P2,1,29,natural_missingness,ea4f5c2a61cf7df43321c66da250e1480ff9cb431dfabb22d9c4d05d565bb993,f52c8661a0b6d6269cb249637d65fbdd91d0f67599b6461a875df807a2fb997e,extrasensory-p2-fold1-seed29-v2_multiseed,0.2,0.2000080773269432,14857,0.3350404547812075,0.643759080665341,0.8722446624350837,153146,task_confidence_output_only,0.4924973962171587
V3-2,P2,1,29,natural_missingness,ea4f5c2a61cf7df43321c66da250e1480ff9cb431dfabb22d9c4d05d565bb993,f52c8661a0b6d6269cb249637d65fbdd91d0f67599b6461a875df807a2fb997e,extrasensory-p2-fold1-seed29-v2_multiseed,0.25,0.2500067311057861,18571,0.3357420312658755,0.6517122784716504,0.8586929460580913,190328,task_confidence_output_only,0.4535143869004705
V3-2,P2,1,29,natural_missingness,ea4f5c2a61cf7df43321c66da250e1480ff9cb431dfabb22d9c4d05d565bb993,f52c8661a0b6d6269cb249637d65fbdd91d0f67599b6461a875df807a2fb997e,extrasensory-p2-fold1-seed29-v2_multiseed,0.3,0.3000053848846288,22285,0.3388233713310106,0.659227737391501,0.8432758244158113,227630,task_confidence_output_only,0.4176563474257465
V3-2,P2,1,29,natural_missingness,ea4f5c2a61cf7df43321c66da250e1480ff9cb431dfabb22d9c4d05d565bb993,f52c8661a0b6d6269cb249637d65fbdd91d0f67599b6461a875df807a2fb997e,extrasensory-p2-fold1-seed29-v2_multiseed,0.35,0.3500040386634716,25999,0.3460279784443063,0.6640420381753852,0.8265083595832323,263781,task_confidence_output_only,0.3845442415899206
V3-2,P2,1,29,natural_missingness,ea4f5c2a61cf7df43321c66da250e1480ff9cb431dfabb22d9c4d05d565bb993,f52c8661a0b6d6269cb249637d65fbdd91d0f67599b6461a875df807a2fb997e,extrasensory-p2-fold1-seed29-v2_multiseed,0.4,0.4000026924423144,29713,0.3563954544749362,0.6634519413466234,0.8086809748417183,300582,task_confidence_output_only,0.3507360035584782
V3-2,P2,1,29,natural_missingness,ea4f5c2a61cf7df43321c66da250e1480ff9cb431dfabb22d9c4d05d565bb993,f52c8661a0b6d6269cb249637d65fbdd91d0f67599b6461a875df807a2fb997e,extrasensory-p2-fold1-seed29-v2_multiseed,0.45,0.4500013462211572,33427,0.3664000862579815,0.6622276518537451,0.7919341358891833,338815,task_confidence_output_only,0.3181437549999685
V3-2,P2,1,29,natural_missingness,ea4f5c2a61cf7df43321c66da250e1480ff9cb431dfabb22d9c4d05d565bb993,f52c8661a0b6d6269cb249637d65fbdd91d0f67599b6461a875df807a2fb997e,extrasensory-p2-fold1-seed29-v2_multiseed,0.5,0.5,37141,0.3753921259906528,0.6580991721664036,0.7761445667426066,376886,task_confidence_output_only,0.288130289198186
V3-2,P2,1,29,natural_missingness,ea4f5c2a61cf7df43321c66da250e1480ff9cb431dfabb22d9c4d05d565bb993,f52c8661a0b6d6269cb249637d65fbdd91d0f67599b6461a875df807a2fb997e,extrasensory-p2-fold1-seed29-v2_multiseed,0.55,0.5500121159904149,40856,0.3848599766372125,0.6520333162813173,0.7615688706301837,415038,task_confidence_output_only,0.2615783626477638
V3-2,P2,1,29,natural_missingness,ea4f5c2a61cf7df43321c66da250e1480ff9cb431dfabb22d9c4d05d565bb993,f52c8661a0b6d6269cb249637d65fbdd91d0f67599b6461a875df807a2fb997e,extrasensory-p2-fold1-seed29-v2_multiseed,0.6,0.6000107697692577,44570,0.3922475999163975,0.6451261907307436,0.7482541357584034,452886,task_confidence_output_only,0.2366197653463336
V3-2,P2,1,29,natural_missingness,ea4f5c2a61cf7df43321c66da250e1480ff9cb431dfabb22d9c4d05d565bb993,f52c8661a0b6d6269cb249637d65fbdd91d0f67599b6461a875df807a2fb997e,extrasensory-p2-fold1-seed29-v2_multiseed,0.65,0.6500094235481004,48284,0.3991154825310603,0.6376484581200245,0.7359993460980444,490694,task_confidence_output_only,0.2130846590331723
V3-2,P2,1,29,natural_missingness,ea4f5c2a61cf7df43321c66da250e1480ff9cb431dfabb22d9c4d05d565bb993,f52c8661a0b6d6269cb249637d65fbdd91d0f67599b6461a875df807a2fb997e,extrasensory-p2-fold1-seed29-v2_multiseed,0.7,0.7000080773269433,51998,0.4056193383815626,0.6305167578552617,0.724762654634102,528297,task_confidence_output_only,0.1910942682504302
V3-2,P2,1,29,natural_missingness,ea4f5c2a61cf7df43321c66da250e1480ff9cb431dfabb22d9c4d05d565bb993,f52c8661a0b6d6269cb249637d65fbdd91d0f67599b6461a875df807a2fb997e,extrasensory-p2-fold1-seed29-v2_multiseed,0.75,0.7500067311057861,55712,0.4108824561858973,0.6235233221361657,0.7146627627902393,565842,task_confidence_output_only,0.1699330628031284
V3-2,P2,1,29,natural_missingness,ea4f5c2a61cf7df43321c66da250e1480ff9cb431dfabb22d9c4d05d565bb993,f52c8661a0b6d6269cb249637d65fbdd91d0f67599b6461a875df807a2fb997e,extrasensory-p2-fold1-seed29-v2_multiseed,0.8,0.8000053848846288,59426,0.4167668958943666,0.6171413100769587,0.7050770744506396,603866,task_confidence_output_only,0.1500221759110666
V3-2,P2,1,29,natural_missingness,ea4f5c2a61cf7df43321c66da250e1480ff9cb431dfabb22d9c4d05d565bb993,f52c8661a0b6d6269cb249637d65fbdd91d0f67599b6461a875df807a2fb997e,extrasensory-p2-fold1-seed29-v2_multiseed,0.85,0.8500040386634716,63140,0.4222997073029025,0.6102009711070606,0.6956143067869224,642051,task_confidence_output_only,0.1303927522635627
V3-2,P2,1,29,natural_missingness,ea4f5c2a61cf7df43321c66da250e1480ff9cb431dfabb22d9c4d05d565bb993,f52c8661a0b6d6269cb249637d65fbdd91d0f67599b6461a875df807a2fb997e,extrasensory-p2-fold1-seed29-v2_multiseed,0.9,0.9000026924423145,66854,0.4278231369673488,0.6030780115797089,0.6867110885075008,680647,task_confidence_output_only,0.1097358135202739
V3-2,P2,1,29,natural_missingness,ea4f5c2a61cf7df43321c66da250e1480ff9cb431dfabb22d9c4d05d565bb993,f52c8661a0b6d6269cb249637d65fbdd91d0f67599b6461a875df807a2fb997e,extrasensory-p2-fold1-seed29-v2_multiseed,0.95,0.9500013462211572,70568,0.4342168522000106,0.5965779171287452,0.678499497154135,718962,task_confidence_output_only,0.0856400501192653
V3-2,P2,1,29,natural_missingness,ea4f5c2a61cf7df43321c66da250e1480ff9cb431dfabb22d9c4d05d565bb993,f52c8661a0b6d6269cb249637d65fbdd91d0f67599b6461a875df807a2fb997e,extrasensory-p2-fold1-seed29-v2_multiseed,1.0,1.0,74282,0.4418665989971376,0.5897960850388606,0.6703722119619264,756803,task_confidence_output_only,0.0180523820515542
V3-2,P2,1,29,natural_missingness,ea4f5c2a61cf7df43321c66da250e1480ff9cb431dfabb22d9c4d05d565bb993,f52c8661a0b6d6269cb249637d65fbdd91d0f67599b6461a875df807a2fb997e,extrasensory-p2-fold1-seed29-v2_multiseed,0.05,0.0500121159904149,3715,0.3125873165689419,0.6108731771856987,0.862920945249092,41409,task_confidence_full,0.7561477105038529
V3-2,P2,1,29,natural_missingness,ea4f5c2a61cf7df43321c66da250e1480ff9cb431dfabb22d9c4d05d565bb993,f52c8661a0b6d6269cb249637d65fbdd91d0f67599b6461a875df807a2fb997e,extrasensory-p2-fold1-seed29-v2_multiseed,0.1,0.1000107697692577,7429,0.3038399353649326,0.6232159248449124,0.8536685802872853,78611,task_confidence_full,0.6826605856291512
V3-2,P2,1,29,natural_missingness,ea4f5c2a61cf7df43321c66da250e1480ff9cb431dfabb22d9c4d05d565bb993,f52c8661a0b6d6269cb249637d65fbdd91d0f67599b6461a875df807a2fb997e,extrasensory-p2-fold1-seed29-v2_multiseed,0.15,0.1500094235481004,11143,0.2996522031604159,0.6357183561724877,0.854956386393852,118489,task_confidence_full,0.6289730232765932
V3-2,P2,1,29,natural_missingness,ea4f5c2a61cf7df43321c66da250e1480ff9cb431dfabb22d9c4d05d565bb993,f52c8661a0b6d6269cb249637d65fbdd91d0f67599b6461a875df807a2fb997e,extrasensory-p2-fold1-seed29-v2_multiseed,0.2,0.2000080773269432,14857,0.3034866560231446,0.6403833579550486,0.8464346255212264,156207,task_confidence_full,0.5815211434960883
V3-2,P2,1,29,natural_missingness,ea4f5c2a61cf7df43321c66da250e1480ff9cb431dfabb22d9c4d05d565bb993,f52c8661a0b6d6269cb249637d65fbdd91d0f67599b6461a875df807a2fb997e,extrasensory-p2-fold1-seed29-v2_multiseed,0.25,0.2500067311057861,18571,0.3232053063643834,0.6424343815437509,0.8302865187315799,191853,task_confidence_full,0.5321459536937558
V3-2,P2,1,29,natural_missingness,ea4f5c2a61cf7df43321c66da250e1480ff9cb431dfabb22d9c4d05d565bb993,f52c8661a0b6d6269cb249637d65fbdd91d0f67599b6461a875df807a2fb997e,extrasensory-p2-fold1-seed29-v2_multiseed,0.3,0.3000053848846288,22285,0.3492438740583141,0.6426124662990761,0.8166608306501891,228686,task_confidence_full,0.4934022301968308
V3-2,P2,1,29,natural_missingness,ea4f5c2a61cf7df43321c66da250e1480ff9cb431dfabb22d9c4d05d565bb993,f52c8661a0b6d6269cb249637d65fbdd91d0f67599b6461a875df807a2fb997e,extrasensory-p2-fold1-seed29-v2_multiseed,0.35,0.3500040386634716,25999,0.3639329739399607,0.6415265550508052,0.8004340974638005,263532,task_confidence_full,0.4489424993939808
V3-2,P2,1,29,natural_missingness,ea4f5c2a61cf7df43321c66da250e1480ff9cb431dfabb22d9c4d05d565bb993,f52c8661a0b6d6269cb249637d65fbdd91d0f67599b6461a875df807a2fb997e,extrasensory-p2-fold1-seed29-v2_multiseed,0.4,0.4000026924423144,29713,0.3748399174147367,0.6410115517041319,0.7845985291319779,299266,task_confidence_full,0.4048188002351967
V3-2,P2,1,29,natural_missingness,ea4f5c2a61cf7df43321c66da250e1480ff9cb431dfabb22d9c4d05d565bb993,f52c8661a0b6d6269cb249637d65fbdd91d0f67599b6461a875df807a2fb997e,extrasensory-p2-fold1-seed29-v2_multiseed,0.45,0.4500013462211572,33427,0.3829350420347847,0.6398205674487413,0.7708169046993195,336657,task_confidence_full,0.3645530490649092
V3-2,P2,1,29,natural_missingness,ea4f5c2a61cf7df43321c66da250e1480ff9cb431dfabb22d9c4d05d565bb993,f52c8661a0b6d6269cb249637d65fbdd91d0f67599b6461a875df807a2fb997e,extrasensory-p2-fold1-seed29-v2_multiseed,0.5,0.5,37141,0.3895533456344305,0.6376189177451518,0.7586677658351142,374544,task_confidence_full,0.3275918001383959
V3-2,P2,1,29,natural_missingness,ea4f5c2a61cf7df43321c66da250e1480ff9cb431dfabb22d9c4d05d565bb993,f52c8661a0b6d6269cb249637d65fbdd91d0f67599b6461a875df807a2fb997e,extrasensory-p2-fold1-seed29-v2_multiseed,0.55,0.5500121159904149,40856,0.3948423352882082,0.636057679841588,0.7485316044454395,412679,task_confidence_full,0.2944439158380666
V3-2,P2,1,29,natural_missingness,ea4f5c2a61cf7df43321c66da250e1480ff9cb431dfabb22d9c4d05d565bb993,f52c8661a0b6d6269cb249637d65fbdd91d0f67599b6461a875df807a2fb997e,extrasensory-p2-fold1-seed29-v2_multiseed,0.6,0.6000107697692577,44570,0.4003567863223649,0.6331703664677223,0.7390470712299876,450667,task_confidence_full,0.2644473767367826
V3-2,P2,1,29,natural_missingness,ea4f5c2a61cf7df43321c66da250e1480ff9cb431dfabb22d9c4d05d565bb993,f52c8661a0b6d6269cb249637d65fbdd91d0f67599b6461a875df807a2fb997e,extrasensory-p2-fold1-seed29-v2_multiseed,0.65,0.6500094235481004,48284,0.4056330238320778,0.6296636686489584,0.7295526362221901,488791,task_confidence_full,0.2364211066041158
V3-2,P2,1,29,natural_missingness,ea4f5c2a61cf7df43321c66da250e1480ff9cb431dfabb22d9c4d05d565bb993,f52c8661a0b6d6269cb249637d65fbdd91d0f67599b6461a875df807a2fb997e,extrasensory-p2-fold1-seed29-v2_multiseed,0.7,0.7000080773269433,51998,0.4131111496699718,0.6250401448815023,0.7206224175954955,526180,task_confidence_full,0.2105893990889643
V3-2,P2,1,29,natural_missingness,ea4f5c2a61cf7df43321c66da250e1480ff9cb431dfabb22d9c4d05d565bb993,f52c8661a0b6d6269cb249637d65fbdd91d0f67599b6461a875df807a2fb997e,extrasensory-p2-fold1-seed29-v2_multiseed,0.75,0.7500067311057861,55712,0.4186858722148084,0.6187910085498479,0.7113188421340326,564615,task_confidence_full,0.1855094366996607
V3-2,P2,1,29,natural_missingness,ea4f5c2a61cf7df43321c66da250e1480ff9cb431dfabb22d9c4d05d565bb993,f52c8661a0b6d6269cb249637d65fbdd91d0f67599b6461a875df807a2fb997e,extrasensory-p2-fold1-seed29-v2_multiseed,0.8,0.8000053848846288,59426,0.4224905142189549,0.6127570085273935,0.7028043543587208,603033,task_confidence_full,0.1595055622103073
V3-2,P2,1,29,natural_missingness,ea4f5c2a61cf7df43321c66da250e1480ff9cb431dfabb22d9c4d05d565bb993,f52c8661a0b6d6269cb249637d65fbdd91d0f67599b6461a875df807a2fb997e,extrasensory-p2-fold1-seed29-v2_multiseed,0.85,0.8500040386634716,63140,0.4260721857606289,0.6067475346120569,0.6943880795905388,641962,task_confidence_full,0.133115872152351
V3-2,P2,1,29,natural_missingness,ea4f5c2a61cf7df43321c66da250e1480ff9cb431dfabb22d9c4d05d565bb993,f52c8661a0b6d6269cb249637d65fbdd91d0f67599b6461a875df807a2fb997e,extrasensory-p2-fold1-seed29-v2_multiseed,0.9,0.9000026924423145,66854,0.4304445099913881,0.6007317472639835,0.6863090946911304,680389,task_confidence_full,0.1051094011680067
V3-2,P2,1,29,natural_missingness,ea4f5c2a61cf7df43321c66da250e1480ff9cb431dfabb22d9c4d05d565bb993,f52c8661a0b6d6269cb249637d65fbdd91d0f67599b6461a875df807a2fb997e,extrasensory-p2-fold1-seed29-v2_multiseed,0.95,0.9500013462211572,70568,0.4352373240373882,0.595769392531763,0.6787840010323302,718612,task_confidence_full,0.0717030171253902
V3-2,P2,1,29,natural_missingness,ea4f5c2a61cf7df43321c66da250e1480ff9cb431dfabb22d9c4d05d565bb993,f52c8661a0b6d6269cb249637d65fbdd91d0f67599b6461a875df807a2fb997e,extrasensory-p2-fold1-seed29-v2_multiseed,1.0,1.0,74282,0.4418665989971377,0.5897960850388606,0.6703722119619264,756803,task_confidence_full,0.0069017824349224
V3-2,P2,1,47,natural_missingness,ea4f5c2a61cf7df43321c66da250e1480ff9cb431dfabb22d9c4d05d565bb993,fb9bacb9054577d3496b06c24fdfc18f5eb1bd887eab1bbeda4472dcd3d24c72,extrasensory-p2-fold1-seed47-v2_multiseed,0.05,0.0500121159904149,3715,0.3398605260708616,0.7390466668376149,0.9138704190505644,34816,mean_binary_certainty,0.9081007654970764
V3-2,P2,1,47,natural_missingness,ea4f5c2a61cf7df43321c66da250e1480ff9cb431dfabb22d9c4d05d565bb993,fb9bacb9054577d3496b06c24fdfc18f5eb1bd887eab1bbeda4472dcd3d24c72,extrasensory-p2-fold1-seed47-v2_multiseed,0.1,0.1000107697692577,7429,0.2875378479352252,0.5325772803528955,0.923164296362905,73704,mean_binary_certainty,0.8626276332290207
V3-2,P2,1,47,natural_missingness,ea4f5c2a61cf7df43321c66da250e1480ff9cb431dfabb22d9c4d05d565bb993,fb9bacb9054577d3496b06c24fdfc18f5eb1bd887eab1bbeda4472dcd3d24c72,extrasensory-p2-fold1-seed47-v2_multiseed,0.15,0.1500094235481004,11143,0.2640020278871877,0.3979864936182802,0.921876875075003,116294,mean_binary_certainty,0.7929255563459814
V3-2,P2,1,47,natural_missingness,ea4f5c2a61cf7df43321c66da250e1480ff9cb431dfabb22d9c4d05d565bb993,fb9bacb9054577d3496b06c24fdfc18f5eb1bd887eab1bbeda4472dcd3d24c72,extrasensory-p2-fold1-seed47-v2_multiseed,0.2,0.2000080773269432,14857,0.2545826976778888,0.6072322286268956,0.9163990354162268,158571,mean_binary_certainty,0.7072350901302293
V3-2,P2,1,47,natural_missingness,ea4f5c2a61cf7df43321c66da250e1480ff9cb431dfabb22d9c4d05d565bb993,fb9bacb9054577d3496b06c24fdfc18f5eb1bd887eab1bbeda4472dcd3d24c72,extrasensory-p2-fold1-seed47-v2_multiseed,0.25,0.2500067311057861,18571,0.2580779805784641,0.6407477466821141,0.9028270469847244,198254,mean_binary_certainty,0.6266930804643429
V3-2,P2,1,47,natural_missingness,ea4f5c2a61cf7df43321c66da250e1480ff9cb431dfabb22d9c4d05d565bb993,fb9bacb9054577d3496b06c24fdfc18f5eb1bd887eab1bbeda4472dcd3d24c72,extrasensory-p2-fold1-seed47-v2_multiseed,0.3,0.3000053848846288,22285,0.2730245049834306,0.6725222936828428,0.8829650704312464,236810,mean_binary_certainty,0.5664523424254214
V3-2,P2,1,47,natural_missingness,ea4f5c2a61cf7df43321c66da250e1480ff9cb431dfabb22d9c4d05d565bb993,fb9bacb9054577d3496b06c24fdfc18f5eb1bd887eab1bbeda4472dcd3d24c72,extrasensory-p2-fold1-seed47-v2_multiseed,0.35,0.3500040386634716,25999,0.2917836026825828,0.6816568129287787,0.8612403205901897,274243,mean_binary_certainty,0.5233317117859999
V3-2,P2,1,47,natural_missingness,ea4f5c2a61cf7df43321c66da250e1480ff9cb431dfabb22d9c4d05d565bb993,fb9bacb9054577d3496b06c24fdfc18f5eb1bd887eab1bbeda4472dcd3d24c72,extrasensory-p2-fold1-seed47-v2_multiseed,0.4,0.4000026924423144,29713,0.3062071964038632,0.6832567135280393,0.841838378802342,310031,mean_binary_certainty,0.4915634124161493
V3-2,P2,1,47,natural_missingness,ea4f5c2a61cf7df43321c66da250e1480ff9cb431dfabb22d9c4d05d565bb993,fb9bacb9054577d3496b06c24fdfc18f5eb1bd887eab1bbeda4472dcd3d24c72,extrasensory-p2-fold1-seed47-v2_multiseed,0.45,0.4500013462211572,33427,0.3169347684849508,0.6778055108036265,0.8250534232279225,345070,mean_binary_certainty,0.4665230185182693
V3-2,P2,1,47,natural_missingness,ea4f5c2a61cf7df43321c66da250e1480ff9cb431dfabb22d9c4d05d565bb993,fb9bacb9054577d3496b06c24fdfc18f5eb1bd887eab1bbeda4472dcd3d24c72,extrasensory-p2-fold1-seed47-v2_multiseed,0.5,0.5,37141,0.3259756883806031,0.6748231718233281,0.8099294502366798,380857,mean_binary_certainty,0.4443358137671785
V3-2,P2,1,47,natural_missingness,ea4f5c2a61cf7df43321c66da250e1480ff9cb431dfabb22d9c4d05d565bb993,fb9bacb9054577d3496b06c24fdfc18f5eb1bd887eab1bbeda4472dcd3d24c72,extrasensory-p2-fold1-seed47-v2_multiseed,0.55,0.5500121159904149,40856,0.3369178572335694,0.6696638600026928,0.7953758511520972,417894,mean_binary_certainty,0.4233177390665888
V3-2,P2,1,47,natural_missingness,ea4f5c2a61cf7df43321c66da250e1480ff9cb431dfabb22d9c4d05d565bb993,fb9bacb9054577d3496b06c24fdfc18f5eb1bd887eab1bbeda4472dcd3d24c72,extrasensory-p2-fold1-seed47-v2_multiseed,0.6,0.6000107697692577,44570,0.3475148243597526,0.6606424889552044,0.7810459756327433,454894,mean_binary_certainty,0.4021939102727541
V3-2,P2,1,47,natural_missingness,ea4f5c2a61cf7df43321c66da250e1480ff9cb431dfabb22d9c4d05d565bb993,fb9bacb9054577d3496b06c24fdfc18f5eb1bd887eab1bbeda4472dcd3d24c72,extrasensory-p2-fold1-seed47-v2_multiseed,0.65,0.6500094235481004,48284,0.3580197885764855,0.651040313155962,0.7673766638076178,493520,mean_binary_certainty,0.3815961789430473
V3-2,P2,1,47,natural_missingness,ea4f5c2a61cf7df43321c66da250e1480ff9cb431dfabb22d9c4d05d565bb993,fb9bacb9054577d3496b06c24fdfc18f5eb1bd887eab1bbeda4472dcd3d24c72,extrasensory-p2-fold1-seed47-v2_multiseed,0.7,0.7000080773269433,51998,0.3682647759125825,0.6427500286066145,0.7548933273145716,531647,mean_binary_certainty,0.3605699403278974
V3-2,P2,1,47,natural_missingness,ea4f5c2a61cf7df43321c66da250e1480ff9cb431dfabb22d9c4d05d565bb993,fb9bacb9054577d3496b06c24fdfc18f5eb1bd887eab1bbeda4472dcd3d24c72,extrasensory-p2-fold1-seed47-v2_multiseed,0.75,0.7500067311057861,55712,0.3785602656136817,0.6348943352200502,0.7439192417140364,569743,mean_binary_certainty,0.3379864723963052
V3-2,P2,1,47,natural_missingness,ea4f5c2a61cf7df43321c66da250e1480ff9cb431dfabb22d9c4d05d565bb993,fb9bacb9054577d3496b06c24fdfc18f5eb1bd887eab1bbeda4472dcd3d24c72,extrasensory-p2-fold1-seed47-v2_multiseed,0.8,0.8000053848846288,59426,0.3889496735144158,0.6251319616552522,0.7326366789198177,608220,mean_binary_certainty,0.3129431128098975
V3-2,P2,1,47,natural_missingness,ea4f5c2a61cf7df43321c66da250e1480ff9cb431dfabb22d9c4d05d565bb993,fb9bacb9054577d3496b06c24fdfc18f5eb1bd887eab1bbeda4472dcd3d24c72,extrasensory-p2-fold1-seed47-v2_multiseed,0.85,0.8500040386634716,63140,0.3988824640481914,0.6151374738644027,0.7218882861750476,646414,mean_binary_certainty,0.2860737035209918
V3-2,P2,1,47,natural_missingness,ea4f5c2a61cf7df43321c66da250e1480ff9cb431dfabb22d9c4d05d565bb993,fb9bacb9054577d3496b06c24fdfc18f5eb1bd887eab1bbeda4472dcd3d24c72,extrasensory-p2-fold1-seed47-v2_multiseed,0.9,0.9000026924423145,66854,0.4091792604421189,0.6060675568203665,0.7120716793800702,684305,mean_binary_certainty,0.2540231332153119
V3-2,P2,1,47,natural_missingness,ea4f5c2a61cf7df43321c66da250e1480ff9cb431dfabb22d9c4d05d565bb993,fb9bacb9054577d3496b06c24fdfc18f5eb1bd887eab1bbeda4472dcd3d24c72,extrasensory-p2-fold1-seed47-v2_multiseed,0.95,0.9500013462211572,70568,0.4187257041857277,0.596805764884867,0.702372378271023,721733,mean_binary_certainty,0.2111279704972281
V3-2,P2,1,47,natural_missingness,ea4f5c2a61cf7df43321c66da250e1480ff9cb431dfabb22d9c4d05d565bb993,fb9bacb9054577d3496b06c24fdfc18f5eb1bd887eab1bbeda4472dcd3d24c72,extrasensory-p2-fold1-seed47-v2_multiseed,1.0,1.0,74282,0.4277175798563684,0.5900286318594605,0.6948837546397196,756803,mean_binary_certainty,0.0329562464654046
V3-2,P2,1,47,natural_missingness,ea4f5c2a61cf7df43321c66da250e1480ff9cb431dfabb22d9c4d05d565bb993,fb9bacb9054577d3496b06c24fdfc18f5eb1bd887eab1bbeda4472dcd3d24c72,extrasensory-p2-fold1-seed47-v2_multiseed,0.05,0.0500121159904149,3715,0.3627586890109217,0.5423563291970922,0.7929602717750307,42903,p2_system_reliability,0.9954696893692015
V3-2,P2,1,47,natural_missingness,ea4f5c2a61cf7df43321c66da250e1480ff9cb431dfabb22d9c4d05d565bb993,fb9bacb9054577d3496b06c24fdfc18f5eb1bd887eab1bbeda4472dcd3d24c72,extrasensory-p2-fold1-seed47-v2_multiseed,0.1,0.1000107697692577,7429,0.360537041589286,0.5858866793791587,0.7711733293407197,80143,p2_system_reliability,0.9943671226501464
V3-2,P2,1,47,natural_missingness,ea4f5c2a61cf7df43321c66da250e1480ff9cb431dfabb22d9c4d05d565bb993,fb9bacb9054577d3496b06c24fdfc18f5eb1bd887eab1bbeda4472dcd3d24c72,extrasensory-p2-fold1-seed47-v2_multiseed,0.15,0.1500094235481004,11143,0.3657919404576231,0.5859445712171815,0.757418827297196,115956,p2_system_reliability,0.993436872959137
V3-2,P2,1,47,natural_missingness,ea4f5c2a61cf7df43321c66da250e1480ff9cb431dfabb22d9c4d05d565bb993,fb9bacb9054577d3496b06c24fdfc18f5eb1bd887eab1bbeda4472dcd3d24c72,extrasensory-p2-fold1-seed47-v2_multiseed,0.2,0.2000080773269432,14857,0.372097951639465,0.5813071083009783,0.7488239376879772,152599,p2_system_reliability,0.9926711320877076
V3-2,P2,1,47,natural_missingness,ea4f5c2a61cf7df43321c66da250e1480ff9cb431dfabb22d9c4d05d565bb993,fb9bacb9054577d3496b06c24fdfc18f5eb1bd887eab1bbeda4472dcd3d24c72,extrasensory-p2-fold1-seed47-v2_multiseed,0.25,0.2500067311057861,18571,0.3764246580849258,0.5767052689559423,0.7443185298621746,191175,p2_system_reliability,0.9919044375419616
V3-2,P2,1,47,natural_missingness,ea4f5c2a61cf7df43321c66da250e1480ff9cb431dfabb22d9c4d05d565bb993,fb9bacb9054577d3496b06c24fdfc18f5eb1bd887eab1bbeda4472dcd3d24c72,extrasensory-p2-fold1-seed47-v2_multiseed,0.3,0.3000053848846288,22285,0.3808122298639816,0.5726961520475088,0.7396230895798348,229418,p2_system_reliability,0.9911451935768129
V3-2,P2,1,47,natural_missingness,ea4f5c2a61cf7df43321c66da250e1480ff9cb431dfabb22d9c4d05d565bb993,fb9bacb9054577d3496b06c24fdfc18f5eb1bd887eab1bbeda4472dcd3d24c72,extrasensory-p2-fold1-seed47-v2_multiseed,0.35,0.3500040386634716,25999,0.385904220494816,0.5748795628131708,0.7351777504135002,266643,p2_system_reliability,0.9903563261032104
V3-2,P2,1,47,natural_missingness,ea4f5c2a61cf7df43321c66da250e1480ff9cb431dfabb22d9c4d05d565bb993,fb9bacb9054577d3496b06c24fdfc18f5eb1bd887eab1bbeda4472dcd3d24c72,extrasensory-p2-fold1-seed47-v2_multiseed,0.4,0.4000026924423144,29713,0.3888466921509547,0.5718083959082596,0.7332453270581033,304991,p2_system_reliability,0.989516258239746
V3-2,P2,1,47,natural_missingness,ea4f5c2a61cf7df43321c66da250e1480ff9cb431dfabb22d9c4d05d565bb993,fb9bacb9054577d3496b06c24fdfc18f5eb1bd887eab1bbeda4472dcd3d24c72,extrasensory-p2-fold1-seed47-v2_multiseed,0.45,0.4500013462211572,33427,0.3933003661382491,0.5697731087570116,0.7297355504925132,343971,p2_system_reliability,0.9885947704315186
V3-2,P2,1,47,natural_missingness,ea4f5c2a61cf7df43321c66da250e1480ff9cb431dfabb22d9c4d05d565bb993,fb9bacb9054577d3496b06c24fdfc18f5eb1bd887eab1bbeda4472dcd3d24c72,extrasensory-p2-fold1-seed47-v2_multiseed,0.5,0.5,37141,0.3975041957238889,0.5707608407654627,0.7264089322528627,382520,p2_system_reliability,0.9875563383102416
V3-2,P2,1,47,natural_missingness,ea4f5c2a61cf7df43321c66da250e1480ff9cb431dfabb22d9c4d05d565bb993,fb9bacb9054577d3496b06c24fdfc18f5eb1bd887eab1bbeda4472dcd3d24c72,extrasensory-p2-fold1-seed47-v2_multiseed,0.55,0.5500121159904149,40856,0.4006134171874581,0.5711570866147687,0.7230508395847365,420909,p2_system_reliability,0.986382246017456
V3-2,P2,1,47,natural_missingness,ea4f5c2a61cf7df43321c66da250e1480ff9cb431dfabb22d9c4d05d565bb993,fb9bacb9054577d3496b06c24fdfc18f5eb1bd887eab1bbeda4472dcd3d24c72,extrasensory-p2-fold1-seed47-v2_multiseed,0.6,0.6000107697692577,44570,0.4081856800020227,0.5706426869550345,0.7175676311254965,457873,p2_system_reliability,0.9850137233734132
V3-2,P2,1,47,natural_missingness,ea4f5c2a61cf7df43321c66da250e1480ff9cb431dfabb22d9c4d05d565bb993,fb9bacb9054577d3496b06c24fdfc18f5eb1bd887eab1bbeda4472dcd3d24c72,extrasensory-p2-fold1-seed47-v2_multiseed,0.65,0.6500094235481004,48284,0.4127643478595192,0.5702643967645009,0.7119664356074425,494369,p2_system_reliability,0.9835224151611328
V3-2,P2,1,47,natural_missingness,ea4f5c2a61cf7df43321c66da250e1480ff9cb431dfabb22d9c4d05d565bb993,fb9bacb9054577d3496b06c24fdfc18f5eb1bd887eab1bbeda4472dcd3d24c72,extrasensory-p2-fold1-seed47-v2_multiseed,0.7,0.7000080773269433,51998,0.4158809133005656,0.5696811440577151,0.7073042060332838,532172,p2_system_reliability,0.981825351715088
V3-2,P2,1,47,natural_missingness,ea4f5c2a61cf7df43321c66da250e1480ff9cb431dfabb22d9c4d05d565bb993,fb9bacb9054577d3496b06c24fdfc18f5eb1bd887eab1bbeda4472dcd3d24c72,extrasensory-p2-fold1-seed47-v2_multiseed,0.75,0.7500067311057861,55712,0.4185294548318126,0.5708356138727539,0.7035116231725033,569366,p2_system_reliability,0.979652464389801
V3-2,P2,1,47,natural_missingness,ea4f5c2a61cf7df43321c66da250e1480ff9cb431dfabb22d9c4d05d565bb993,fb9bacb9054577d3496b06c24fdfc18f5eb1bd887eab1bbeda4472dcd3d24c72,extrasensory-p2-fold1-seed47-v2_multiseed,0.8,0.8000053848846288,59426,0.4205983325628428,0.5742230085152837,0.7005939927062619,607337,p2_system_reliability,0.9765764474868774
V3-2,P2,1,47,natural_missingness,ea4f5c2a61cf7df43321c66da250e1480ff9cb431dfabb22d9c4d05d565bb993,fb9bacb9054577d3496b06c24fdfc18f5eb1bd887eab1bbeda4472dcd3d24c72,extrasensory-p2-fold1-seed47-v2_multiseed,0.85,0.8500040386634716,63140,0.4224459930620165,0.5823927925233309,0.6977654552449816,645437,p2_system_reliability,0.9722275733947754
V3-2,P2,1,47,natural_missingness,ea4f5c2a61cf7df43321c66da250e1480ff9cb431dfabb22d9c4d05d565bb993,fb9bacb9054577d3496b06c24fdfc18f5eb1bd887eab1bbeda4472dcd3d24c72,extrasensory-p2-fold1-seed47-v2_multiseed,0.9,0.9000026924423145,66854,0.4244829415336068,0.5885948842662568,0.6958370157288832,682668,p2_system_reliability,0.9655613899230956
V3-2,P2,1,47,natural_missingness,ea4f5c2a61cf7df43321c66da250e1480ff9cb431dfabb22d9c4d05d565bb993,fb9bacb9054577d3496b06c24fdfc18f5eb1bd887eab1bbeda4472dcd3d24c72,extrasensory-p2-fold1-seed47-v2_multiseed,0.95,0.9500013462211572,70568,0.4266960743052416,0.5900671064843181,0.6944127676913526,719236,p2_system_reliability,0.95624178647995
V3-2,P2,1,47,natural_missingness,ea4f5c2a61cf7df43321c66da250e1480ff9cb431dfabb22d9c4d05d565bb993,fb9bacb9054577d3496b06c24fdfc18f5eb1bd887eab1bbeda4472dcd3d24c72,extrasensory-p2-fold1-seed47-v2_multiseed,1.0,1.0,74282,0.4277175798563684,0.5900286318594605,0.6948837546397196,756803,p2_system_reliability,0.8818825483322144
V3-2,P2,1,47,natural_missingness,ea4f5c2a61cf7df43321c66da250e1480ff9cb431dfabb22d9c4d05d565bb993,fb9bacb9054577d3496b06c24fdfc18f5eb1bd887eab1bbeda4472dcd3d24c72,extrasensory-p2-fold1-seed47-v2_multiseed,0.05,0.0500121159904149,3715,0.2024879711366797,0.5412123809663834,0.8714345262907164,33892,task_confidence_output_only,0.6446816832736886
V3-2,P2,1,47,natural_missingness,ea4f5c2a61cf7df43321c66da250e1480ff9cb431dfabb22d9c4d05d565bb993,fb9bacb9054577d3496b06c24fdfc18f5eb1bd887eab1bbeda4472dcd3d24c72,extrasensory-p2-fold1-seed47-v2_multiseed,0.1,0.1000107697692577,7429,0.197773260318595,0.609513153011923,0.8809409910797197,70425,task_confidence_output_only,0.5905726152504408
V3-2,P2,1,47,natural_missingness,ea4f5c2a61cf7df43321c66da250e1480ff9cb431dfabb22d9c4d05d565bb993,fb9bacb9054577d3496b06c24fdfc18f5eb1bd887eab1bbeda4472dcd3d24c72,extrasensory-p2-fold1-seed47-v2_multiseed,0.15,0.1500094235481004,11143,0.2128664637860844,0.6687612648874794,0.8831553869231448,109484,task_confidence_output_only,0.5572856488042219
V3-2,P2,1,47,natural_missingness,ea4f5c2a61cf7df43321c66da250e1480ff9cb431dfabb22d9c4d05d565bb993,fb9bacb9054577d3496b06c24fdfc18f5eb1bd887eab1bbeda4472dcd3d24c72,extrasensory-p2-fold1-seed47-v2_multiseed,0.2,0.2000080773269432,14857,0.2520345184503252,0.6816651940712598,0.8766023565971772,147688,task_confidence_output_only,0.5271202910041246
V3-2,P2,1,47,natural_missingness,ea4f5c2a61cf7df43321c66da250e1480ff9cb431dfabb22d9c4d05d565bb993,fb9bacb9054577d3496b06c24fdfc18f5eb1bd887eab1bbeda4472dcd3d24c72,extrasensory-p2-fold1-seed47-v2_multiseed,0.25,0.2500067311057861,18571,0.2838952207080841,0.6831453333578782,0.8596021028759921,187200,task_confidence_output_only,0.4877080566285575
V3-2,P2,1,47,natural_missingness,ea4f5c2a61cf7df43321c66da250e1480ff9cb431dfabb22d9c4d05d565bb993,fb9bacb9054577d3496b06c24fdfc18f5eb1bd887eab1bbeda4472dcd3d24c72,extrasensory-p2-fold1-seed47-v2_multiseed,0.3,0.3000053848846288,22285,0.3027919187725855,0.6846093506317097,0.8463039163067276,228381,task_confidence_output_only,0.4503085798577275
V3-2,P2,1,47,natural_missingness,ea4f5c2a61cf7df43321c66da250e1480ff9cb431dfabb22d9c4d05d565bb993,fb9bacb9054577d3496b06c24fdfc18f5eb1bd887eab1bbeda4472dcd3d24c72,extrasensory-p2-fold1-seed47-v2_multiseed,0.35,0.3500040386634716,25999,0.3137790978808822,0.6809906158761704,0.8364885863736841,267767,task_confidence_output_only,0.4153798475382548
V3-2,P2,1,47,natural_missingness,ea4f5c2a61cf7df43321c66da250e1480ff9cb431dfabb22d9c4d05d565bb993,fb9bacb9054577d3496b06c24fdfc18f5eb1bd887eab1bbeda4472dcd3d24c72,extrasensory-p2-fold1-seed47-v2_multiseed,0.4,0.4000026924423144,29713,0.3232127572304335,0.6741606414461603,0.825262831807005,304283,task_confidence_output_only,0.3801718214714331
V3-2,P2,1,47,natural_missingness,ea4f5c2a61cf7df43321c66da250e1480ff9cb431dfabb22d9c4d05d565bb993,fb9bacb9054577d3496b06c24fdfc18f5eb1bd887eab1bbeda4472dcd3d24c72,extrasensory-p2-fold1-seed47-v2_multiseed,0.45,0.4500013462211572,33427,0.3352171078610876,0.665498426610928,0.8104256036457061,339976,task_confidence_output_only,0.3458449811588854
V3-2,P2,1,47,natural_missingness,ea4f5c2a61cf7df43321c66da250e1480ff9cb431dfabb22d9c4d05d565bb993,fb9bacb9054577d3496b06c24fdfc18f5eb1bd887eab1bbeda4472dcd3d24c72,extrasensory-p2-fold1-seed47-v2_multiseed,0.5,0.5,37141,0.3480137376824023,0.6572276534774205,0.7952176062783383,377708,task_confidence_output_only,0.3123547095205746
V3-2,P2,1,47,natural_missingness,ea4f5c2a61cf7df43321c66da250e1480ff9cb431dfabb22d9c4d05d565bb993,fb9bacb9054577d3496b06c24fdfc18f5eb1bd887eab1bbeda4472dcd3d24c72,extrasensory-p2-fold1-seed47-v2_multiseed,0.55,0.5500121159904149,40856,0.3596030897009699,0.6499968007918867,0.7806123671136534,416048,task_confidence_output_only,0.2828676143836399
V3-2,P2,1,47,natural_missingness,ea4f5c2a61cf7df43321c66da250e1480ff9cb431dfabb22d9c4d05d565bb993,fb9bacb9054577d3496b06c24fdfc18f5eb1bd887eab1bbeda4472dcd3d24c72,extrasensory-p2-fold1-seed47-v2_multiseed,0.6,0.6000107697692577,44570,0.3705373806697872,0.6428806487719421,0.7673344011233736,454480,task_confidence_output_only,0.2574911134747996
V3-2,P2,1,47,natural_missingness,ea4f5c2a61cf7df43321c66da250e1480ff9cb431dfabb22d9c4d05d565bb993,fb9bacb9054577d3496b06c24fdfc18f5eb1bd887eab1bbeda4472dcd3d24c72,extrasensory-p2-fold1-seed47-v2_multiseed,0.65,0.6500094235481004,48284,0.3805758146745262,0.6345406298029554,0.7547817081458947,492964,task_confidence_output_only,0.2343783485454923
V3-2,P2,1,47,natural_missingness,ea4f5c2a61cf7df43321c66da250e1480ff9cb431dfabb22d9c4d05d565bb993,fb9bacb9054577d3496b06c24fdfc18f5eb1bd887eab1bbeda4472dcd3d24c72,extrasensory-p2-fold1-seed47-v2_multiseed,0.7,0.7000080773269433,51998,0.3884778643534042,0.6261325039933634,0.7434246785919157,530984,task_confidence_output_only,0.2132997406336256
V3-2,P2,1,47,natural_missingness,ea4f5c2a61cf7df43321c66da250e1480ff9cb431dfabb22d9c4d05d565bb993,fb9bacb9054577d3496b06c24fdfc18f5eb1bd887eab1bbeda4472dcd3d24c72,extrasensory-p2-fold1-seed47-v2_multiseed,0.75,0.7500067311057861,55712,0.3965434048615654,0.6197783198862642,0.7340008311710082,568796,task_confidence_output_only,0.192725436773006
V3-2,P2,1,47,natural_missingness,ea4f5c2a61cf7df43321c66da250e1480ff9cb431dfabb22d9c4d05d565bb993,fb9bacb9054577d3496b06c24fdfc18f5eb1bd887eab1bbeda4472dcd3d24c72,extrasensory-p2-fold1-seed47-v2_multiseed,0.8,0.8000053848846288,59426,0.4034732160832802,0.6129743434751699,0.7246480990158535,607040,task_confidence_output_only,0.1725404721790775
V3-2,P2,1,47,natural_missingness,ea4f5c2a61cf7df43321c66da250e1480ff9cb431dfabb22d9c4d05d565bb993,fb9bacb9054577d3496b06c24fdfc18f5eb1bd887eab1bbeda4472dcd3d24c72,extrasensory-p2-fold1-seed47-v2_multiseed,0.85,0.8500040386634716,63140,0.4100884345268322,0.6070841455812463,0.7163217122006562,645232,task_confidence_output_only,0.1510051123151394
V3-2,P2,1,47,natural_missingness,ea4f5c2a61cf7df43321c66da250e1480ff9cb431dfabb22d9c4d05d565bb993,fb9bacb9054577d3496b06c24fdfc18f5eb1bd887eab1bbeda4472dcd3d24c72,extrasensory-p2-fold1-seed47-v2_multiseed,0.9,0.9000026924423145,66854,0.4159681638445944,0.601338241845351,0.7090178390724838,682587,task_confidence_output_only,0.1284109387296249
V3-2,P2,1,47,natural_missingness,ea4f5c2a61cf7df43321c66da250e1480ff9cb431dfabb22d9c4d05d565bb993,fb9bacb9054577d3496b06c24fdfc18f5eb1bd887eab1bbeda4472dcd3d24c72,extrasensory-p2-fold1-seed47-v2_multiseed,0.95,0.9500013462211572,70568,0.4215951462210098,0.5957562474143384,0.7019787908603914,719445,task_confidence_output_only,0.1013203819158277
V3-2,P2,1,47,natural_missingness,ea4f5c2a61cf7df43321c66da250e1480ff9cb431dfabb22d9c4d05d565bb993,fb9bacb9054577d3496b06c24fdfc18f5eb1bd887eab1bbeda4472dcd3d24c72,extrasensory-p2-fold1-seed47-v2_multiseed,1.0,1.0,74282,0.4277175798563684,0.5900286318594605,0.6948837546397196,756803,task_confidence_output_only,0.0196923623336209
V3-2,P2,1,47,natural_missingness,ea4f5c2a61cf7df43321c66da250e1480ff9cb431dfabb22d9c4d05d565bb993,fb9bacb9054577d3496b06c24fdfc18f5eb1bd887eab1bbeda4472dcd3d24c72,extrasensory-p2-fold1-seed47-v2_multiseed,0.05,0.0500121159904149,3715,0.2294369872794373,0.6264258200710896,0.8979653505237711,35456,task_confidence_full,0.7049041261760551
V3-2,P2,1,47,natural_missingness,ea4f5c2a61cf7df43321c66da250e1480ff9cb431dfabb22d9c4d05d565bb993,fb9bacb9054577d3496b06c24fdfc18f5eb1bd887eab1bbeda4472dcd3d24c72,extrasensory-p2-fold1-seed47-v2_multiseed,0.1,0.1000107697692577,7429,0.234698515683772,0.6298927211624679,0.8949547467745042,74004,task_confidence_full,0.6546919666860902
V3-2,P2,1,47,natural_missingness,ea4f5c2a61cf7df43321c66da250e1480ff9cb431dfabb22d9c4d05d565bb993,fb9bacb9054577d3496b06c24fdfc18f5eb1bd887eab1bbeda4472dcd3d24c72,extrasensory-p2-fold1-seed47-v2_multiseed,0.15,0.1500094235481004,11143,0.24458689368959,0.6679868756206317,0.8815376699254734,109641,task_confidence_full,0.5993796735192168
V3-2,P2,1,47,natural_missingness,ea4f5c2a61cf7df43321c66da250e1480ff9cb431dfabb22d9c4d05d565bb993,fb9bacb9054577d3496b06c24fdfc18f5eb1bd887eab1bbeda4472dcd3d24c72,extrasensory-p2-fold1-seed47-v2_multiseed,0.2,0.2000080773269432,14857,0.2576784411152172,0.7027234365393789,0.866265926839293,144599,task_confidence_full,0.5460387233862112
V3-2,P2,1,47,natural_missingness,ea4f5c2a61cf7df43321c66da250e1480ff9cb431dfabb22d9c4d05d565bb993,fb9bacb9054577d3496b06c24fdfc18f5eb1bd887eab1bbeda4472dcd3d24c72,extrasensory-p2-fold1-seed47-v2_multiseed,0.25,0.2500067311057861,18571,0.2700139816908918,0.7026995937985768,0.8516510391191683,181378,task_confidence_full,0.4976692116047819
V3-2,P2,1,47,natural_missingness,ea4f5c2a61cf7df43321c66da250e1480ff9cb431dfabb22d9c4d05d565bb993,fb9bacb9054577d3496b06c24fdfc18f5eb1bd887eab1bbeda4472dcd3d24c72,extrasensory-p2-fold1-seed47-v2_multiseed,0.3,0.3000053848846288,22285,0.2927446103995637,0.6935547020687078,0.8341314225795177,219359,task_confidence_full,0.4537201347543175
V3-2,P2,1,47,natural_missingness,ea4f5c2a61cf7df43321c66da250e1480ff9cb431dfabb22d9c4d05d565bb993,fb9bacb9054577d3496b06c24fdfc18f5eb1bd887eab1bbeda4472dcd3d24c72,extrasensory-p2-fold1-seed47-v2_multiseed,0.35,0.3500040386634716,25999,0.3168440661561599,0.6792792386692342,0.8172269857295701,257296,task_confidence_full,0.4153703607521403
V3-2,P2,1,47,natural_missingness,ea4f5c2a61cf7df43321c66da250e1480ff9cb431dfabb22d9c4d05d565bb993,fb9bacb9054577d3496b06c24fdfc18f5eb1bd887eab1bbeda4472dcd3d24c72,extrasensory-p2-fold1-seed47-v2_multiseed,0.4,0.4000026924423144,29713,0.3296260022323675,0.6707099910308751,0.8055533560324122,295442,task_confidence_full,0.380755930718385
V3-2,P2,1,47,natural_missingness,ea4f5c2a61cf7df43321c66da250e1480ff9cb431dfabb22d9c4d05d565bb993,fb9bacb9054577d3496b06c24fdfc18f5eb1bd887eab1bbeda4472dcd3d24c72,extrasensory-p2-fold1-seed47-v2_multiseed,0.45,0.4500013462211572,33427,0.341208834550868,0.6630400263834566,0.7944097957651035,333156,task_confidence_full,0.3495792823393644
V3-2,P2,1,47,natural_missingness,ea4f5c2a61cf7df43321c66da250e1480ff9cb431dfabb22d9c4d05d565bb993,fb9bacb9054577d3496b06c24fdfc18f5eb1bd887eab1bbeda4472dcd3d24c72,extrasensory-p2-fold1-seed47-v2_multiseed,0.5,0.5,37141,0.351996054924957,0.6554592854436465,0.783811329323483,370563,task_confidence_full,0.3223768016717736
V3-2,P2,1,47,natural_missingness,ea4f5c2a61cf7df43321c66da250e1480ff9cb431dfabb22d9c4d05d565bb993,fb9bacb9054577d3496b06c24fdfc18f5eb1bd887eab1bbeda4472dcd3d24c72,extrasensory-p2-fold1-seed47-v2_multiseed,0.55,0.5500121159904149,40856,0.3656654866122145,0.6477752047688575,0.7734070158577607,407473,task_confidence_full,0.2950661619736578
V3-2,P2,1,47,natural_missingness,ea4f5c2a61cf7df43321c66da250e1480ff9cb431dfabb22d9c4d05d565bb993,fb9bacb9054577d3496b06c24fdfc18f5eb1bd887eab1bbeda4472dcd3d24c72,extrasensory-p2-fold1-seed47-v2_multiseed,0.6,0.6000107697692577,44570,0.3770499037438028,0.641201090110451,0.7640417824359019,445714,task_confidence_full,0.2690831874628483
V3-2,P2,1,47,natural_missingness,ea4f5c2a61cf7df43321c66da250e1480ff9cb431dfabb22d9c4d05d565bb993,fb9bacb9054577d3496b06c24fdfc18f5eb1bd887eab1bbeda4472dcd3d24c72,extrasensory-p2-fold1-seed47-v2_multiseed,0.65,0.6500094235481004,48284,0.384122859328339,0.6339847704149606,0.7549790822012955,485631,task_confidence_full,0.2430989014609633
V3-2,P2,1,47,natural_missingness,ea4f5c2a61cf7df43321c66da250e1480ff9cb431dfabb22d9c4d05d565bb993,fb9bacb9054577d3496b06c24fdfc18f5eb1bd887eab1bbeda4472dcd3d24c72,extrasensory-p2-fold1-seed47-v2_multiseed,0.7,0.7000080773269433,51998,0.3893854753196444,0.6280690152756858,0.7477616617423225,525796,task_confidence_full,0.2192581381841138
V3-2,P2,1,47,natural_missingness,ea4f5c2a61cf7df43321c66da250e1480ff9cb431dfabb22d9c4d05d565bb993,fb9bacb9054577d3496b06c24fdfc18f5eb1bd887eab1bbeda4472dcd3d24c72,extrasensory-p2-fold1-seed47-v2_multiseed,0.75,0.7500067311057861,55712,0.3948359459000568,0.6222145457190886,0.7402655909954118,566311,task_confidence_full,0.1949159427151958
V3-2,P2,1,47,natural_missingness,ea4f5c2a61cf7df43321c66da250e1480ff9cb431dfabb22d9c4d05d565bb993,fb9bacb9054577d3496b06c24fdfc18f5eb1bd887eab1bbeda4472dcd3d24c72,extrasensory-p2-fold1-seed47-v2_multiseed,0.8,0.8000053848846288,59426,0.401892077269626,0.6150662160215525,0.7307702295626882,605167,task_confidence_full,0.1701276276149429
V3-2,P2,1,47,natural_missingness,ea4f5c2a61cf7df43321c66da250e1480ff9cb431dfabb22d9c4d05d565bb993,fb9bacb9054577d3496b06c24fdfc18f5eb1bd887eab1bbeda4472dcd3d24c72,extrasensory-p2-fold1-seed47-v2_multiseed,0.85,0.8500040386634716,63140,0.4088532663879808,0.6082554266882758,0.7212538450270983,643504,task_confidence_full,0.1437437204337364
V3-2,P2,1,47,natural_missingness,ea4f5c2a61cf7df43321c66da250e1480ff9cb431dfabb22d9c4d05d565bb993,fb9bacb9054577d3496b06c24fdfc18f5eb1bd887eab1bbeda4472dcd3d24c72,extrasensory-p2-fold1-seed47-v2_multiseed,0.9,0.9000026924423145,66854,0.4153578782241309,0.6018066111835197,0.7122610140116826,681668,task_confidence_full,0.1172256306478454
V3-2,P2,1,47,natural_missingness,ea4f5c2a61cf7df43321c66da250e1480ff9cb431dfabb22d9c4d05d565bb993,fb9bacb9054577d3496b06c24fdfc18f5eb1bd887eab1bbeda4472dcd3d24c72,extrasensory-p2-fold1-seed47-v2_multiseed,0.95,0.9500013462211572,70568,0.4213624105696192,0.5957452584054966,0.7034905896840705,720064,task_confidence_full,0.0863899829844845
V3-2,P2,1,47,natural_missingness,ea4f5c2a61cf7df43321c66da250e1480ff9cb431dfabb22d9c4d05d565bb993,fb9bacb9054577d3496b06c24fdfc18f5eb1bd887eab1bbeda4472dcd3d24c72,extrasensory-p2-fold1-seed47-v2_multiseed,1.0,1.0,74282,0.4277175798563684,0.5900286318594605,0.6948837546397196,756803,task_confidence_full,0.0115035425207915
V3-2,P2,2,13,natural_missingness,ea4f5c2a61cf7df43321c66da250e1480ff9cb431dfabb22d9c4d05d565bb993,ed6b7ef0b738c337e05453c5f54c76e5d9d73ea1c87e88b38f504078b40100aa,extrasensory-p2-fold2-seed13-v2_seed13,0.05,0.050005764655326,4771,0.4493149514457273,0.4148763949262971,0.9373352764255372,54883,mean_binary_certainty,0.9650076596136586
V3-2,P2,2,13,natural_missingness,ea4f5c2a61cf7df43321c66da250e1480ff9cb431dfabb22d9c4d05d565bb993,ed6b7ef0b738c337e05453c5f54c76e5d9d73ea1c87e88b38f504078b40100aa,extrasensory-p2-fold2-seed13-v2_seed13,0.1,0.1000010481191501,9541,0.3592841693063032,0.6433867793335922,0.9401378384971943,109920,mean_binary_certainty,0.930439528622884
V3-2,P2,2,13,natural_missingness,ea4f5c2a61cf7df43321c66da250e1480ff9cb431dfabb22d9c4d05d565bb993,ed6b7ef0b738c337e05453c5f54c76e5d9d73ea1c87e88b38f504078b40100aa,extrasensory-p2-fold2-seed13-v2_seed13,0.15,0.1500068127744762,14312,0.3393910310118467,0.5821649636760294,0.9339910295234825,163302,mean_binary_certainty,0.8820981703923805
V3-2,P2,2,13,natural_missingness,ea4f5c2a61cf7df43321c66da250e1480ff9cb431dfabb22d9c4d05d565bb993,ed6b7ef0b738c337e05453c5f54c76e5d9d73ea1c87e88b38f504078b40100aa,extrasensory-p2-fold2-seed13-v2_seed13,0.2,0.2000020962383003,19082,0.3114937321553563,0.5384627459294189,0.9274480202567236,217097,mean_binary_certainty,0.8248958690091229
V3-2,P2,2,13,natural_missingness,ea4f5c2a61cf7df43321c66da250e1480ff9cb431dfabb22d9c4d05d565bb993,ed6b7ef0b738c337e05453c5f54c76e5d9d73ea1c87e88b38f504078b40100aa,extrasensory-p2-fold2-seed13-v2_seed13,0.25,0.2500078608936263,23853,0.3064043577224379,0.5945549267403584,0.915728129910948,269255,mean_binary_certainty,0.753766485397161
V3-2,P2,2,13,natural_missingness,ea4f5c2a61cf7df43321c66da250e1480ff9cb431dfabb22d9c4d05d565bb993,ed6b7ef0b738c337e05453c5f54c76e5d9d73ea1c87e88b38f504078b40100aa,extrasensory-p2-fold2-seed13-v2_seed13,0.3,0.3000031443574505,28623,0.3144694165289896,0.6487073182018477,0.8985953671759488,318598,mean_binary_certainty,0.6858773710380215
V3-2,P2,2,13,natural_missingness,ea4f5c2a61cf7df43321c66da250e1480ff9cb431dfabb22d9c4d05d565bb993,ed6b7ef0b738c337e05453c5f54c76e5d9d73ea1c87e88b38f504078b40100aa,extrasensory-p2-fold2-seed13-v2_seed13,0.35,0.3500089090127766,33394,0.3328990910357404,0.656216908447578,0.8748301788700825,367011,mean_binary_certainty,0.634017994889824
V3-2,P2,2,13,natural_missingness,ea4f5c2a61cf7df43321c66da250e1480ff9cb431dfabb22d9c4d05d565bb993,ed6b7ef0b738c337e05453c5f54c76e5d9d73ea1c87e88b38f504078b40100aa,extrasensory-p2-fold2-seed13-v2_seed13,0.4,0.4000041924766007,38164,0.3560440075506635,0.655773933890414,0.8499123289105232,415876,mean_binary_certainty,0.593775630503549
V3-2,P2,2,13,natural_missingness,ea4f5c2a61cf7df43321c66da250e1480ff9cb431dfabb22d9c4d05d565bb993,ed6b7ef0b738c337e05453c5f54c76e5d9d73ea1c87e88b38f504078b40100aa,extrasensory-p2-fold2-seed13-v2_seed13,0.45,0.4500099571319267,42935,0.37518594717121,0.6494754571476958,0.8265987784834209,464558,mean_binary_certainty,0.5610465389403498
V3-2,P2,2,13,natural_missingness,ea4f5c2a61cf7df43321c66da250e1480ff9cb431dfabb22d9c4d05d565bb993,ed6b7ef0b738c337e05453c5f54c76e5d9d73ea1c87e88b38f504078b40100aa,extrasensory-p2-fold2-seed13-v2_seed13,0.5,0.5000052405957509,47705,0.3907096768431638,0.6402856552697721,0.8058675697353177,512748,mean_binary_certainty,0.5336845792628093
V3-2,P2,2,13,natural_missingness,ea4f5c2a61cf7df43321c66da250e1480ff9cb431dfabb22d9c4d05d565bb993,ed6b7ef0b738c337e05453c5f54c76e5d9d73ea1c87e88b38f504078b40100aa,extrasensory-p2-fold2-seed13-v2_seed13,0.55,0.5500005240595751,52475,0.4027226365036931,0.6325992770268066,0.7885986987078352,560837,mean_binary_certainty,0.5084073706522834
V3-2,P2,2,13,natural_missingness,ea4f5c2a61cf7df43321c66da250e1480ff9cb431dfabb22d9c4d05d565bb993,ed6b7ef0b738c337e05453c5f54c76e5d9d73ea1c87e88b38f504078b40100aa,extrasensory-p2-fold2-seed13-v2_seed13,0.6,0.6000062887149011,57246,0.4123107951173885,0.6255405404259664,0.7741521292393538,608240,mean_binary_certainty,0.4848282432527631
V3-2,P2,2,13,natural_missingness,ea4f5c2a61cf7df43321c66da250e1480ff9cb431dfabb22d9c4d05d565bb993,ed6b7ef0b738c337e05453c5f54c76e5d9d73ea1c87e88b38f504078b40100aa,extrasensory-p2-fold2-seed13-v2_seed13,0.65,0.6500015721787252,62016,0.4214773780776954,0.6181739296076897,0.7609316328571111,656091,mean_binary_certainty,0.4610559383047383
V3-2,P2,2,13,natural_missingness,ea4f5c2a61cf7df43321c66da250e1480ff9cb431dfabb22d9c4d05d565bb993,ed6b7ef0b738c337e05453c5f54c76e5d9d73ea1c87e88b38f504078b40100aa,extrasensory-p2-fold2-seed13-v2_seed13,0.7,0.7000073368340513,66787,0.4286067742592898,0.6118684868201307,0.7496337862241615,703140,mean_binary_certainty,0.4367150505883403
V3-2,P2,2,13,natural_missingness,ea4f5c2a61cf7df43321c66da250e1480ff9cb431dfabb22d9c4d05d565bb993,ed6b7ef0b738c337e05453c5f54c76e5d9d73ea1c87e88b38f504078b40100aa,extrasensory-p2-fold2-seed13-v2_seed13,0.75,0.7500026202978755,71557,0.4349138581020655,0.6061644563553039,0.73969825474328,749984,mean_binary_certainty,0.4119193407361893
V3-2,P2,2,13,natural_missingness,ea4f5c2a61cf7df43321c66da250e1480ff9cb431dfabb22d9c4d05d565bb993,ed6b7ef0b738c337e05453c5f54c76e5d9d73ea1c87e88b38f504078b40100aa,extrasensory-p2-fold2-seed13-v2_seed13,0.8,0.8000083849532015,76328,0.44127542665259,0.6003040488234999,0.7305891599640312,796498,mean_binary_certainty,0.3852848197089683
V3-2,P2,2,13,natural_missingness,ea4f5c2a61cf7df43321c66da250e1480ff9cb431dfabb22d9c4d05d565bb993,ed6b7ef0b738c337e05453c5f54c76e5d9d73ea1c87e88b38f504078b40100aa,extrasensory-p2-fold2-seed13-v2_seed13,0.85,0.8500036684170257,81098,0.4464841827126038,0.5949007243002423,0.722526886764292,843190,mean_binary_certainty,0.3545275947899952
V3-2,P2,2,13,natural_missingness,ea4f5c2a61cf7df43321c66da250e1480ff9cb431dfabb22d9c4d05d565bb993,ed6b7ef0b738c337e05453c5f54c76e5d9d73ea1c87e88b38f504078b40100aa,extrasensory-p2-fold2-seed13-v2_seed13,0.9,0.9000094330723517,85869,0.4519150262394631,0.5899648657448134,0.7147535970644092,890146,mean_binary_certainty,0.3170933525042934
V3-2,P2,2,13,natural_missingness,ea4f5c2a61cf7df43321c66da250e1480ff9cb431dfabb22d9c4d05d565bb993,ed6b7ef0b738c337e05453c5f54c76e5d9d73ea1c87e88b38f504078b40100aa,extrasensory-p2-fold2-seed13-v2_seed13,0.95,0.9500047165361758,90639,0.4576214391722451,0.5842788664908449,0.7070951308298404,937883,mean_binary_certainty,0.2650375907472025
V3-2,P2,2,13,natural_missingness,ea4f5c2a61cf7df43321c66da250e1480ff9cb431dfabb22d9c4d05d565bb993,ed6b7ef0b738c337e05453c5f54c76e5d9d73ea1c87e88b38f504078b40100aa,extrasensory-p2-fold2-seed13-v2_seed13,1.0,1.0,95409,0.4643390512323676,0.5770586778765388,0.6988816342362144,986204,mean_binary_certainty,0.0387463801804174
V3-2,P2,2,13,natural_missingness,ea4f5c2a61cf7df43321c66da250e1480ff9cb431dfabb22d9c4d05d565bb993,ed6b7ef0b738c337e05453c5f54c76e5d9d73ea1c87e88b38f504078b40100aa,extrasensory-p2-fold2-seed13-v2_seed13,0.05,0.050005764655326,4771,0.3573811067531097,0.5350364347418228,0.7717786454826983,53859,p2_system_reliability,0.9946728944778442
V3-2,P2,2,13,natural_missingness,ea4f5c2a61cf7df43321c66da250e1480ff9cb431dfabb22d9c4d05d565bb993,ed6b7ef0b738c337e05453c5f54c76e5d9d73ea1c87e88b38f504078b40100aa,extrasensory-p2-fold2-seed13-v2_seed13,0.1,0.1000010481191501,9541,0.3664921887234609,0.5758743626862098,0.7619688654171413,107435,p2_system_reliability,0.9930989146232604
V3-2,P2,2,13,natural_missingness,ea4f5c2a61cf7df43321c66da250e1480ff9cb431dfabb22d9c4d05d565bb993,ed6b7ef0b738c337e05453c5f54c76e5d9d73ea1c87e88b38f504078b40100aa,extrasensory-p2-fold2-seed13-v2_seed13,0.15,0.1500068127744762,14312,0.376279440587988,0.5849834051588498,0.753427720698137,159813,p2_system_reliability,0.9917594194412231
V3-2,P2,2,13,natural_missingness,ea4f5c2a61cf7df43321c66da250e1480ff9cb431dfabb22d9c4d05d565bb993,ed6b7ef0b738c337e05453c5f54c76e5d9d73ea1c87e88b38f504078b40100aa,extrasensory-p2-fold2-seed13-v2_seed13,0.2,0.2000020962383003,19082,0.3856304929089356,0.588801137366561,0.7445850157021086,210982,p2_system_reliability,0.9904801845550536
V3-2,P2,2,13,natural_missingness,ea4f5c2a61cf7df43321c66da250e1480ff9cb431dfabb22d9c4d05d565bb993,ed6b7ef0b738c337e05453c5f54c76e5d9d73ea1c87e88b38f504078b40100aa,extrasensory-p2-fold2-seed13-v2_seed13,0.25,0.2500078608936263,23853,0.4077279088419748,0.5862219326234465,0.7335823801762559,261236,p2_system_reliability,0.9892265796661376
V3-2,P2,2,13,natural_missingness,ea4f5c2a61cf7df43321c66da250e1480ff9cb431dfabb22d9c4d05d565bb993,ed6b7ef0b738c337e05453c5f54c76e5d9d73ea1c87e88b38f504078b40100aa,extrasensory-p2-fold2-seed13-v2_seed13,0.3,0.3000031443574505,28623,0.4270914372557948,0.5816758849801389,0.7239552607182846,310846,p2_system_reliability,0.9879226684570312
V3-2,P2,2,13,natural_missingness,ea4f5c2a61cf7df43321c66da250e1480ff9cb431dfabb22d9c4d05d565bb993,ed6b7ef0b738c337e05453c5f54c76e5d9d73ea1c87e88b38f504078b40100aa,extrasensory-p2-fold2-seed13-v2_seed13,0.35,0.3500089090127766,33394,0.4417284997379662,0.5802131736852983,0.7170333214641421,360356,p2_system_reliability,0.9865403771400452
V3-2,P2,2,13,natural_missingness,ea4f5c2a61cf7df43321c66da250e1480ff9cb431dfabb22d9c4d05d565bb993,ed6b7ef0b738c337e05453c5f54c76e5d9d73ea1c87e88b38f504078b40100aa,extrasensory-p2-fold2-seed13-v2_seed13,0.4,0.4000041924766007,38164,0.4501555700549183,0.5798466993198675,0.7104541930365482,409992,p2_system_reliability,0.9850809574127196
V3-2,P2,2,13,natural_missingness,ea4f5c2a61cf7df43321c66da250e1480ff9cb431dfabb22d9c4d05d565bb993,ed6b7ef0b738c337e05453c5f54c76e5d9d73ea1c87e88b38f504078b40100aa,extrasensory-p2-fold2-seed13-v2_seed13,0.45,0.4500099571319267,42935,0.4589660894477494,0.5776260222847339,0.7054846493253091,458735,p2_system_reliability,0.9835411310195924
V3-2,P2,2,13,natural_missingness,ea4f5c2a61cf7df43321c66da250e1480ff9cb431dfabb22d9c4d05d565bb993,ed6b7ef0b738c337e05453c5f54c76e5d9d73ea1c87e88b38f504078b40100aa,extrasensory-p2-fold2-seed13-v2_seed13,0.5,0.5000052405957509,47705,0.4625413034004307,0.5782386754470519,0.7042722089918453,508781,p2_system_reliability,0.9819767475128174
V3-2,P2,2,13,natural_missingness,ea4f5c2a61cf7df43321c66da250e1480ff9cb431dfabb22d9c4d05d565bb993,ed6b7ef0b738c337e05453c5f54c76e5d9d73ea1c87e88b38f504078b40100aa,extrasensory-p2-fold2-seed13-v2_seed13,0.55,0.5500005240595751,52475,0.4662607878980151,0.5785064900982559,0.7025869981380957,557749,p2_system_reliability,0.9801955223083496
V3-2,P2,2,13,natural_missingness,ea4f5c2a61cf7df43321c66da250e1480ff9cb431dfabb22d9c4d05d565bb993,ed6b7ef0b738c337e05453c5f54c76e5d9d73ea1c87e88b38f504078b40100aa,extrasensory-p2-fold2-seed13-v2_seed13,0.6,0.6000062887149011,57246,0.469084588965394,0.5779632563589768,0.7012297381218818,606752,p2_system_reliability,0.978248119354248
V3-2,P2,2,13,natural_missingness,ea4f5c2a61cf7df43321c66da250e1480ff9cb431dfabb22d9c4d05d565bb993,ed6b7ef0b738c337e05453c5f54c76e5d9d73ea1c87e88b38f504078b40100aa,extrasensory-p2-fold2-seed13-v2_seed13,0.65,0.6500015721787252,62016,0.4691946111932051,0.5777517998770594,0.7013946742761615,655318,p2_system_reliability,0.9761109948158264
V3-2,P2,2,13,natural_missingness,ea4f5c2a61cf7df43321c66da250e1480ff9cb431dfabb22d9c4d05d565bb993,ed6b7ef0b738c337e05453c5f54c76e5d9d73ea1c87e88b38f504078b40100aa,extrasensory-p2-fold2-seed13-v2_seed13,0.7,0.7000073368340513,66787,0.4691402413798453,0.5776710509311953,0.7012577325933297,704524,p2_system_reliability,0.9735757112503052
V3-2,P2,2,13,natural_missingness,ea4f5c2a61cf7df43321c66da250e1480ff9cb431dfabb22d9c4d05d565bb993,ed6b7ef0b738c337e05453c5f54c76e5d9d73ea1c87e88b38f504078b40100aa,extrasensory-p2-fold2-seed13-v2_seed13,0.75,0.7500026202978755,71557,0.4688349130923401,0.5787265816838937,0.7008428007875391,753558,p2_system_reliability,0.9703919887542723
V3-2,P2,2,13,natural_missingness,ea4f5c2a61cf7df43321c66da250e1480ff9cb431dfabb22d9c4d05d565bb993,ed6b7ef0b738c337e05453c5f54c76e5d9d73ea1c87e88b38f504078b40100aa,extrasensory-p2-fold2-seed13-v2_seed13,0.8,0.8000083849532015,76328,0.4691386669599934,0.5789107721628991,0.6994321537069428,801838,p2_system_reliability,0.9661113023757936
V3-2,P2,2,13,natural_missingness,ea4f5c2a61cf7df43321c66da250e1480ff9cb431dfabb22d9c4d05d565bb993,ed6b7ef0b738c337e05453c5f54c76e5d9d73ea1c87e88b38f504078b40100aa,extrasensory-p2-fold2-seed13-v2_seed13,0.85,0.8500036684170257,81098,0.4708030477003215,0.5783491273405915,0.6966193695838492,849878,p2_system_reliability,0.9599716663360596
V3-2,P2,2,13,natural_missingness,ea4f5c2a61cf7df43321c66da250e1480ff9cb431dfabb22d9c4d05d565bb993,ed6b7ef0b738c337e05453c5f54c76e5d9d73ea1c87e88b38f504078b40100aa,extrasensory-p2-fold2-seed13-v2_seed13,0.9,0.9000094330723517,85869,0.472832380710065,0.5779492890433524,0.6938077756114356,896845,p2_system_reliability,0.9499086141586304
V3-2,P2,2,13,natural_missingness,ea4f5c2a61cf7df43321c66da250e1480ff9cb431dfabb22d9c4d05d565bb993,ed6b7ef0b738c337e05453c5f54c76e5d9d73ea1c87e88b38f504078b40100aa,extrasensory-p2-fold2-seed13-v2_seed13,0.95,0.9500047165361758,90639,0.47073639930841,0.5768779548938847,0.6936776964550632,941922,p2_system_reliability,0.9316253662109376
V3-2,P2,2,13,natural_missingness,ea4f5c2a61cf7df43321c66da250e1480ff9cb431dfabb22d9c4d05d565bb993,ed6b7ef0b738c337e05453c5f54c76e5d9d73ea1c87e88b38f504078b40100aa,extrasensory-p2-fold2-seed13-v2_seed13,1.0,1.0,95409,0.4643390512323677,0.5770586778765388,0.6988816342362144,986204,p2_system_reliability,0.8082089424133301
V3-2,P2,2,13,natural_missingness,ea4f5c2a61cf7df43321c66da250e1480ff9cb431dfabb22d9c4d05d565bb993,ed6b7ef0b738c337e05453c5f54c76e5d9d73ea1c87e88b38f504078b40100aa,extrasensory-p2-fold2-seed13-v2_seed13,0.05,0.050005764655326,4771,0.5112558697118514,0.5239673522130851,0.9309831967342804,53948,task_confidence_output_only,0.7797398241324408
V3-2,P2,2,13,natural_missingness,ea4f5c2a61cf7df43321c66da250e1480ff9cb431dfabb22d9c4d05d565bb993,ed6b7ef0b738c337e05453c5f54c76e5d9d73ea1c87e88b38f504078b40100aa,extrasensory-p2-fold2-seed13-v2_seed13,0.1,0.1000010481191501,9541,0.3763602732648478,0.5471654200886209,0.939913829307368,108583,task_confidence_output_only,0.7245967952988155
V3-2,P2,2,13,natural_missingness,ea4f5c2a61cf7df43321c66da250e1480ff9cb431dfabb22d9c4d05d565bb993,ed6b7ef0b738c337e05453c5f54c76e5d9d73ea1c87e88b38f504078b40100aa,extrasensory-p2-fold2-seed13-v2_seed13,0.15,0.1500068127744762,14312,0.3407421134352535,0.519701540759621,0.931250266059342,161504,task_confidence_output_only,0.6632931033074023
V3-2,P2,2,13,natural_missingness,ea4f5c2a61cf7df43321c66da250e1480ff9cb431dfabb22d9c4d05d565bb993,ed6b7ef0b738c337e05453c5f54c76e5d9d73ea1c87e88b38f504078b40100aa,extrasensory-p2-fold2-seed13-v2_seed13,0.2,0.2000020962383003,19082,0.3141061119543661,0.562511989543604,0.9241887762526072,216212,task_confidence_output_only,0.577045053156303
V3-2,P2,2,13,natural_missingness,ea4f5c2a61cf7df43321c66da250e1480ff9cb431dfabb22d9c4d05d565bb993,ed6b7ef0b738c337e05453c5f54c76e5d9d73ea1c87e88b38f504078b40100aa,extrasensory-p2-fold2-seed13-v2_seed13,0.25,0.2500078608936263,23853,0.3108779526140076,0.6135421198396348,0.9102291190026196,268114,task_confidence_output_only,0.4853291191027022
V3-2,P2,2,13,natural_missingness,ea4f5c2a61cf7df43321c66da250e1480ff9cb431dfabb22d9c4d05d565bb993,ed6b7ef0b738c337e05453c5f54c76e5d9d73ea1c87e88b38f504078b40100aa,extrasensory-p2-fold2-seed13-v2_seed13,0.3,0.3000031443574505,28623,0.3315183040743067,0.6376023114524638,0.8860327570518653,317196,task_confidence_output_only,0.4132132661261568
V3-2,P2,2,13,natural_missingness,ea4f5c2a61cf7df43321c66da250e1480ff9cb431dfabb22d9c4d05d565bb993,ed6b7ef0b738c337e05453c5f54c76e5d9d73ea1c87e88b38f504078b40100aa,extrasensory-p2-fold2-seed13-v2_seed13,0.35,0.3500089090127766,33394,0.3495803108540786,0.6475031738895146,0.8612015654408031,366527,task_confidence_output_only,0.3615286773605275
V3-2,P2,2,13,natural_missingness,ea4f5c2a61cf7df43321c66da250e1480ff9cb431dfabb22d9c4d05d565bb993,ed6b7ef0b738c337e05453c5f54c76e5d9d73ea1c87e88b38f504078b40100aa,extrasensory-p2-fold2-seed13-v2_seed13,0.4,0.4000041924766007,38164,0.3653252524019015,0.6474183309931096,0.8378132239296893,416044,task_confidence_output_only,0.3207501211435121
V3-2,P2,2,13,natural_missingness,ea4f5c2a61cf7df43321c66da250e1480ff9cb431dfabb22d9c4d05d565bb993,ed6b7ef0b738c337e05453c5f54c76e5d9d73ea1c87e88b38f504078b40100aa,extrasensory-p2-fold2-seed13-v2_seed13,0.45,0.4500099571319267,42935,0.3796653426439356,0.6414006468167287,0.8166400535183113,464859,task_confidence_output_only,0.287453268612746
V3-2,P2,2,13,natural_missingness,ea4f5c2a61cf7df43321c66da250e1480ff9cb431dfabb22d9c4d05d565bb993,ed6b7ef0b738c337e05453c5f54c76e5d9d73ea1c87e88b38f504078b40100aa,extrasensory-p2-fold2-seed13-v2_seed13,0.5,0.5000052405957509,47705,0.3908139413568727,0.6356071781071074,0.7986592745588289,512966,task_confidence_output_only,0.2596768612127216
V3-2,P2,2,13,natural_missingness,ea4f5c2a61cf7df43321c66da250e1480ff9cb431dfabb22d9c4d05d565bb993,ed6b7ef0b738c337e05453c5f54c76e5d9d73ea1c87e88b38f504078b40100aa,extrasensory-p2-fold2-seed13-v2_seed13,0.55,0.5500005240595751,52475,0.4011385617454361,0.628743510644809,0.7823812673018574,560718,task_confidence_output_only,0.2363483736709679
V3-2,P2,2,13,natural_missingness,ea4f5c2a61cf7df43321c66da250e1480ff9cb431dfabb22d9c4d05d565bb993,ed6b7ef0b738c337e05453c5f54c76e5d9d73ea1c87e88b38f504078b40100aa,extrasensory-p2-fold2-seed13-v2_seed13,0.6,0.6000062887149011,57246,0.4101242857084364,0.6217773405180883,0.7682509925011027,608599,task_confidence_output_only,0.2141685178260559
V3-2,P2,2,13,natural_missingness,ea4f5c2a61cf7df43321c66da250e1480ff9cb431dfabb22d9c4d05d565bb993,ed6b7ef0b738c337e05453c5f54c76e5d9d73ea1c87e88b38f504078b40100aa,extrasensory-p2-fold2-seed13-v2_seed13,0.65,0.6500015721787252,62016,0.4185730699731679,0.6158078225240856,0.7561046849611075,656725,task_confidence_output_only,0.1934617804291122
V3-2,P2,2,13,natural_missingness,ea4f5c2a61cf7df43321c66da250e1480ff9cb431dfabb22d9c4d05d565bb993,ed6b7ef0b738c337e05453c5f54c76e5d9d73ea1c87e88b38f504078b40100aa,extrasensory-p2-fold2-seed13-v2_seed13,0.7,0.7000073368340513,66787,0.4259861739750095,0.6099524236020287,0.7453751785874327,704418,task_confidence_output_only,0.1739895573937419
V3-2,P2,2,13,natural_missingness,ea4f5c2a61cf7df43321c66da250e1480ff9cb431dfabb22d9c4d05d565bb993,ed6b7ef0b738c337e05453c5f54c76e5d9d73ea1c87e88b38f504078b40100aa,extrasensory-p2-fold2-seed13-v2_seed13,0.75,0.7500026202978755,71557,0.4334464568620985,0.6037515225750241,0.7358120656786176,751555,task_confidence_output_only,0.1546605098546398
V3-2,P2,2,13,natural_missingness,ea4f5c2a61cf7df43321c66da250e1480ff9cb431dfabb22d9c4d05d565bb993,ed6b7ef0b738c337e05453c5f54c76e5d9d73ea1c87e88b38f504078b40100aa,extrasensory-p2-fold2-seed13-v2_seed13,0.8,0.8000083849532015,76328,0.4403879757073027,0.5977611719672822,0.7266946130378564,798821,task_confidence_output_only,0.1363361929960886
V3-2,P2,2,13,natural_missingness,ea4f5c2a61cf7df43321c66da250e1480ff9cb431dfabb22d9c4d05d565bb993,ed6b7ef0b738c337e05453c5f54c76e5d9d73ea1c87e88b38f504078b40100aa,extrasensory-p2-fold2-seed13-v2_seed13,0.85,0.8500036684170257,81098,0.4467944220015328,0.5918888857601979,0.7189417500663673,845681,task_confidence_output_only,0.1181001429618849
V3-2,P2,2,13,natural_missingness,ea4f5c2a61cf7df43321c66da250e1480ff9cb431dfabb22d9c4d05d565bb993,ed6b7ef0b738c337e05453c5f54c76e5d9d73ea1c87e88b38f504078b40100aa,extrasensory-p2-fold2-seed13-v2_seed13,0.9,0.9000094330723517,85869,0.4523259319995523,0.5870094273064557,0.7121425251239706,891955,task_confidence_output_only,0.0984270941201459
V3-2,P2,2,13,natural_missingness,ea4f5c2a61cf7df43321c66da250e1480ff9cb431dfabb22d9c4d05d565bb993,ed6b7ef0b738c337e05453c5f54c76e5d9d73ea1c87e88b38f504078b40100aa,extrasensory-p2-fold2-seed13-v2_seed13,0.95,0.9500047165361758,90639,0.4579894894322783,0.5825253222549559,0.7057202245410975,939005,task_confidence_output_only,0.0765241684592025
V3-2,P2,2,13,natural_missingness,ea4f5c2a61cf7df43321c66da250e1480ff9cb431dfabb22d9c4d05d565bb993,ed6b7ef0b738c337e05453c5f54c76e5d9d73ea1c87e88b38f504078b40100aa,extrasensory-p2-fold2-seed13-v2_seed13,1.0,1.0,95409,0.4643390512323677,0.5770586778765388,0.6988816342362144,986204,task_confidence_output_only,0.0176547239730202
V3-2,P2,2,13,natural_missingness,ea4f5c2a61cf7df43321c66da250e1480ff9cb431dfabb22d9c4d05d565bb993,ed6b7ef0b738c337e05453c5f54c76e5d9d73ea1c87e88b38f504078b40100aa,extrasensory-p2-fold2-seed13-v2_seed13,0.05,0.050005764655326,4771,0.5704830906339255,0.4502639804416452,0.9045156156753532,52666,task_confidence_full,0.804464385018067
V3-2,P2,2,13,natural_missingness,ea4f5c2a61cf7df43321c66da250e1480ff9cb431dfabb22d9c4d05d565bb993,ed6b7ef0b738c337e05453c5f54c76e5d9d73ea1c87e88b38f504078b40100aa,extrasensory-p2-fold2-seed13-v2_seed13,0.1,0.1000010481191501,9541,0.4721745043498749,0.5244410594504384,0.9047078658971532,105393,task_confidence_full,0.7336346280369809
V3-2,P2,2,13,natural_missingness,ea4f5c2a61cf7df43321c66da250e1480ff9cb431dfabb22d9c4d05d565bb993,ed6b7ef0b738c337e05453c5f54c76e5d9d73ea1c87e88b38f504078b40100aa,extrasensory-p2-fold2-seed13-v2_seed13,0.15,0.1500068127744762,14312,0.3894959448497202,0.5375941522971368,0.9103392909959016,160902,task_confidence_full,0.6698241014243882
V3-2,P2,2,13,natural_missingness,ea4f5c2a61cf7df43321c66da250e1480ff9cb431dfabb22d9c4d05d565bb993,ed6b7ef0b738c337e05453c5f54c76e5d9d73ea1c87e88b38f504078b40100aa,extrasensory-p2-fold2-seed13-v2_seed13,0.2,0.2000020962383003,19082,0.3642023150483178,0.5439397690897826,0.8983451536643026,214215,task_confidence_full,0.5890089814980277
V3-2,P2,2,13,natural_missingness,ea4f5c2a61cf7df43321c66da250e1480ff9cb431dfabb22d9c4d05d565bb993,ed6b7ef0b738c337e05453c5f54c76e5d9d73ea1c87e88b38f504078b40100aa,extrasensory-p2-fold2-seed13-v2_seed13,0.25,0.2500078608936263,23853,0.3520138889242514,0.5657194733053081,0.8833515443861099,266429,task_confidence_full,0.5115502932574554
V3-2,P2,2,13,natural_missingness,ea4f5c2a61cf7df43321c66da250e1480ff9cb431dfabb22d9c4d05d565bb993,ed6b7ef0b738c337e05453c5f54c76e5d9d73ea1c87e88b38f504078b40100aa,extrasensory-p2-fold2-seed13-v2_seed13,0.3,0.3000031443574505,28623,0.3564279722222401,0.5895189906106758,0.863953966296753,316618,task_confidence_full,0.4392653013325321
V3-2,P2,2,13,natural_missingness,ea4f5c2a61cf7df43321c66da250e1480ff9cb431dfabb22d9c4d05d565bb993,ed6b7ef0b738c337e05453c5f54c76e5d9d73ea1c87e88b38f504078b40100aa,extrasensory-p2-fold2-seed13-v2_seed13,0.35,0.3500089090127766,33394,0.3645458558432631,0.6157524403048948,0.8438544513447213,366151,task_confidence_full,0.3775533329348313
V3-2,P2,2,13,natural_missingness,ea4f5c2a61cf7df43321c66da250e1480ff9cb431dfabb22d9c4d05d565bb993,ed6b7ef0b738c337e05453c5f54c76e5d9d73ea1c87e88b38f504078b40100aa,extrasensory-p2-fold2-seed13-v2_seed13,0.4,0.4000041924766007,38164,0.3726518043120216,0.6265900306760002,0.8264513518680723,414910,task_confidence_full,0.32894469230684
V3-2,P2,2,13,natural_missingness,ea4f5c2a61cf7df43321c66da250e1480ff9cb431dfabb22d9c4d05d565bb993,ed6b7ef0b738c337e05453c5f54c76e5d9d73ea1c87e88b38f504078b40100aa,extrasensory-p2-fold2-seed13-v2_seed13,0.45,0.4500099571319267,42935,0.3805134648575806,0.6299246045646861,0.8100932800761275,464028,task_confidence_full,0.2899058550232101
V3-2,P2,2,13,natural_missingness,ea4f5c2a61cf7df43321c66da250e1480ff9cb431dfabb22d9c4d05d565bb993,ed6b7ef0b738c337e05453c5f54c76e5d9d73ea1c87e88b38f504078b40100aa,extrasensory-p2-fold2-seed13-v2_seed13,0.5,0.5000052405957509,47705,0.390373843418858,0.6271138586453495,0.7950281664546611,511856,task_confidence_full,0.257430051902068
V3-2,P2,2,13,natural_missingness,ea4f5c2a61cf7df43321c66da250e1480ff9cb431dfabb22d9c4d05d565bb993,ed6b7ef0b738c337e05453c5f54c76e5d9d73ea1c87e88b38f504078b40100aa,extrasensory-p2-fold2-seed13-v2_seed13,0.55,0.5500005240595751,52475,0.3988019470202145,0.6238140671891826,0.7810532892856431,560109,task_confidence_full,0.2295063821351701
V3-2,P2,2,13,natural_missingness,ea4f5c2a61cf7df43321c66da250e1480ff9cb431dfabb22d9c4d05d565bb993,ed6b7ef0b738c337e05453c5f54c76e5d9d73ea1c87e88b38f504078b40100aa,extrasensory-p2-fold2-seed13-v2_seed13,0.6,0.6000062887149011,57246,0.4074754098060855,0.6191658193678454,0.7682725471490424,607773,task_confidence_full,0.204352116648566
V3-2,P2,2,13,natural_missingness,ea4f5c2a61cf7df43321c66da250e1480ff9cb431dfabb22d9c4d05d565bb993,ed6b7ef0b738c337e05453c5f54c76e5d9d73ea1c87e88b38f504078b40100aa,extrasensory-p2-fold2-seed13-v2_seed13,0.65,0.6500015721787252,62016,0.4157655377620587,0.61396585269247,0.757087975195623,654977,task_confidence_full,0.1819579721779344
V3-2,P2,2,13,natural_missingness,ea4f5c2a61cf7df43321c66da250e1480ff9cb431dfabb22d9c4d05d565bb993,ed6b7ef0b738c337e05453c5f54c76e5d9d73ea1c87e88b38f504078b40100aa,extrasensory-p2-fold2-seed13-v2_seed13,0.7,0.7000073368340513,66787,0.4242458142740953,0.6087617948302041,0.7468933565422257,701571,task_confidence_full,0.1623070981068838
V3-2,P2,2,13,natural_missingness,ea4f5c2a61cf7df43321c66da250e1480ff9cb431dfabb22d9c4d05d565bb993,ed6b7ef0b738c337e05453c5f54c76e5d9d73ea1c87e88b38f504078b40100aa,extrasensory-p2-fold2-seed13-v2_seed13,0.75,0.7500026202978755,71557,0.4315618899592439,0.6033292850926621,0.7374151996565049,748442,task_confidence_full,0.1439508025189225
V3-2,P2,2,13,natural_missingness,ea4f5c2a61cf7df43321c66da250e1480ff9cb431dfabb22d9c4d05d565bb993,ed6b7ef0b738c337e05453c5f54c76e5d9d73ea1c87e88b38f504078b40100aa,extrasensory-p2-fold2-seed13-v2_seed13,0.8,0.8000083849532015,76328,0.4390243618034848,0.5978000616029036,0.7288099398620892,795406,task_confidence_full,0.1265406599013968
V3-2,P2,2,13,natural_missingness,ea4f5c2a61cf7df43321c66da250e1480ff9cb431dfabb22d9c4d05d565bb993,ed6b7ef0b738c337e05453c5f54c76e5d9d73ea1c87e88b38f504078b40100aa,extrasensory-p2-fold2-seed13-v2_seed13,0.85,0.8500036684170257,81098,0.445824089452122,0.5927411220937397,0.7207638773712314,842820,task_confidence_full,0.109166800821389
V3-2,P2,2,13,natural_missingness,ea4f5c2a61cf7df43321c66da250e1480ff9cb431dfabb22d9c4d05d565bb993,ed6b7ef0b738c337e05453c5f54c76e5d9d73ea1c87e88b38f504078b40100aa,extrasensory-p2-fold2-seed13-v2_seed13,0.9,0.9000094330723517,85869,0.451742357023963,0.588075312884713,0.7136232904854141,890408,task_confidence_full,0.0915871258727948
V3-2,P2,2,13,natural_missingness,ea4f5c2a61cf7df43321c66da250e1480ff9cb431dfabb22d9c4d05d565bb993,ed6b7ef0b738c337e05453c5f54c76e5d9d73ea1c87e88b38f504078b40100aa,extrasensory-p2-fold2-seed13-v2_seed13,0.95,0.9500047165361758,90639,0.4586836726582324,0.5825530617533564,0.7064740164295397,937923,task_confidence_full,0.0712051166966996
V3-2,P2,2,13,natural_missingness,ea4f5c2a61cf7df43321c66da250e1480ff9cb431dfabb22d9c4d05d565bb993,ed6b7ef0b738c337e05453c5f54c76e5d9d73ea1c87e88b38f504078b40100aa,extrasensory-p2-fold2-seed13-v2_seed13,1.0,1.0,95409,0.4643390512323677,0.5770586778765388,0.6988816342362144,986204,task_confidence_full,0.0112371247240516
V3-2,P2,2,29,natural_missingness,ea4f5c2a61cf7df43321c66da250e1480ff9cb431dfabb22d9c4d05d565bb993,1ed60f7f4fc293cbc82fec8318ae629b0e76ef865078cee76c827c563851dafe,extrasensory-p2-fold2-seed29-v2_multiseed,0.05,0.050005764655326,4771,0.3424336456515869,0.5228801430000296,0.9298234552332914,54705,mean_binary_certainty,0.9511760949706632
V3-2,P2,2,29,natural_missingness,ea4f5c2a61cf7df43321c66da250e1480ff9cb431dfabb22d9c4d05d565bb993,1ed60f7f4fc293cbc82fec8318ae629b0e76ef865078cee76c827c563851dafe,extrasensory-p2-fold2-seed29-v2_multiseed,0.1,0.1000010481191501,9541,0.2854458420727419,0.4112131120423774,0.9326879395961588,111097,mean_binary_certainty,0.927711720930533
V3-2,P2,2,29,natural_missingness,ea4f5c2a61cf7df43321c66da250e1480ff9cb431dfabb22d9c4d05d565bb993,1ed60f7f4fc293cbc82fec8318ae629b0e76ef865078cee76c827c563851dafe,extrasensory-p2-fold2-seed29-v2_multiseed,0.15,0.1500068127744762,14312,0.2552000274936593,0.4373913388695356,0.9360119507546488,167789,mean_binary_certainty,0.9002892806959417
V3-2,P2,2,29,natural_missingness,ea4f5c2a61cf7df43321c66da250e1480ff9cb431dfabb22d9c4d05d565bb993,1ed60f7f4fc293cbc82fec8318ae629b0e76ef865078cee76c827c563851dafe,extrasensory-p2-fold2-seed29-v2_multiseed,0.2,0.2000020962383003,19082,0.2434928760947186,0.381367164711833,0.9332820641597088,222087,mean_binary_certainty,0.852359009622641
V3-2,P2,2,29,natural_missingness,ea4f5c2a61cf7df43321c66da250e1480ff9cb431dfabb22d9c4d05d565bb993,1ed60f7f4fc293cbc82fec8318ae629b0e76ef865078cee76c827c563851dafe,extrasensory-p2-fold2-seed29-v2_multiseed,0.25,0.2500078608936263,23853,0.2437539414702471,0.5860913483169011,0.9283649704897112,274383,mean_binary_certainty,0.7565486601898477
V3-2,P2,2,29,natural_missingness,ea4f5c2a61cf7df43321c66da250e1480ff9cb431dfabb22d9c4d05d565bb993,1ed60f7f4fc293cbc82fec8318ae629b0e76ef865078cee76c827c563851dafe,extrasensory-p2-fold2-seed29-v2_multiseed,0.3,0.3000031443574505,28623,0.2571933033402852,0.659941438052736,0.914686754111284,324281,mean_binary_certainty,0.6605579667484887
V3-2,P2,2,29,natural_missingness,ea4f5c2a61cf7df43321c66da250e1480ff9cb431dfabb22d9c4d05d565bb993,1ed60f7f4fc293cbc82fec8318ae629b0e76ef865078cee76c827c563851dafe,extrasensory-p2-fold2-seed29-v2_multiseed,0.35,0.3500089090127766,33394,0.2791288867292318,0.6824968051942262,0.8896569626581549,373566,mean_binary_certainty,0.5981794655313494
V3-2,P2,2,29,natural_missingness,ea4f5c2a61cf7df43321c66da250e1480ff9cb431dfabb22d9c4d05d565bb993,1ed60f7f4fc293cbc82fec8318ae629b0e76ef865078cee76c827c563851dafe,extrasensory-p2-fold2-seed29-v2_multiseed,0.4,0.4000041924766007,38164,0.3057705856792654,0.6728329298736784,0.8612009960441105,422859,mean_binary_certainty,0.5557794028061063
V3-2,P2,2,29,natural_missingness,ea4f5c2a61cf7df43321c66da250e1480ff9cb431dfabb22d9c4d05d565bb993,1ed60f7f4fc293cbc82fec8318ae629b0e76ef865078cee76c827c563851dafe,extrasensory-p2-fold2-seed29-v2_multiseed,0.45,0.4500099571319267,42935,0.3305607533899809,0.6611996132192827,0.8352345767658401,471577,mean_binary_certainty,0.5226268990449856
V3-2,P2,2,29,natural_missingness,ea4f5c2a61cf7df43321c66da250e1480ff9cb431dfabb22d9c4d05d565bb993,1ed60f7f4fc293cbc82fec8318ae629b0e76ef865078cee76c827c563851dafe,extrasensory-p2-fold2-seed29-v2_multiseed,0.5,0.5000052405957509,47705,0.3488697279122844,0.6505879034567743,0.8139069939038316,519189,mean_binary_certainty,0.4937136348690299
V3-2,P2,2,29,natural_missingness,ea4f5c2a61cf7df43321c66da250e1480ff9cb431dfabb22d9c4d05d565bb993,1ed60f7f4fc293cbc82fec8318ae629b0e76ef865078cee76c827c563851dafe,extrasensory-p2-fold2-seed29-v2_multiseed,0.55,0.5500005240595751,52475,0.3631329729793312,0.6400856618079168,0.7954192471531407,566457,mean_binary_certainty,0.4680852751902428
V3-2,P2,2,29,natural_missingness,ea4f5c2a61cf7df43321c66da250e1480ff9cb431dfabb22d9c4d05d565bb993,1ed60f7f4fc293cbc82fec8318ae629b0e76ef865078cee76c827c563851dafe,extrasensory-p2-fold2-seed29-v2_multiseed,0.6,0.6000062887149011,57246,0.3734146295607947,0.6326455124039138,0.7804978069393431,613710,mean_binary_certainty,0.4447088274583904
V3-2,P2,2,29,natural_missingness,ea4f5c2a61cf7df43321c66da250e1480ff9cb431dfabb22d9c4d05d565bb993,1ed60f7f4fc293cbc82fec8318ae629b0e76ef865078cee76c827c563851dafe,extrasensory-p2-fold2-seed29-v2_multiseed,0.65,0.6500015721787252,62016,0.3826750164435742,0.6262669574691468,0.7681978098211188,660785,mean_binary_certainty,0.4224627113656048
V3-2,P2,2,29,natural_missingness,ea4f5c2a61cf7df43321c66da250e1480ff9cb431dfabb22d9c4d05d565bb993,1ed60f7f4fc293cbc82fec8318ae629b0e76ef865078cee76c827c563851dafe,extrasensory-p2-fold2-seed29-v2_multiseed,0.7,0.7000073368340513,66787,0.3916142457914084,0.6201222347952946,0.7571398919118382,707556,mean_binary_certainty,0.3994834160968257
V3-2,P2,2,29,natural_missingness,ea4f5c2a61cf7df43321c66da250e1480ff9cb431dfabb22d9c4d05d565bb993,1ed60f7f4fc293cbc82fec8318ae629b0e76ef865078cee76c827c563851dafe,extrasensory-p2-fold2-seed29-v2_multiseed,0.75,0.7500026202978755,71557,0.4001844261457522,0.6148917797556215,0.7472272548624891,753708,mean_binary_certainty,0.3763681148460368
V3-2,P2,2,29,natural_missingness,ea4f5c2a61cf7df43321c66da250e1480ff9cb431dfabb22d9c4d05d565bb993,1ed60f7f4fc293cbc82fec8318ae629b0e76ef865078cee76c827c563851dafe,extrasensory-p2-fold2-seed29-v2_multiseed,0.8,0.8000083849532015,76328,0.4092475369068434,0.6087845306546135,0.7378183463887907,799262,mean_binary_certainty,0.3512710021098122
V3-2,P2,2,29,natural_missingness,ea4f5c2a61cf7df43321c66da250e1480ff9cb431dfabb22d9c4d05d565bb993,1ed60f7f4fc293cbc82fec8318ae629b0e76ef865078cee76c827c563851dafe,extrasensory-p2-fold2-seed29-v2_multiseed,0.85,0.8500036684170257,81098,0.4176440159421362,0.6028989237706226,0.7290767281955254,845862,mean_binary_certainty,0.3219626617555975
V3-2,P2,2,29,natural_missingness,ea4f5c2a61cf7df43321c66da250e1480ff9cb431dfabb22d9c4d05d565bb993,1ed60f7f4fc293cbc82fec8318ae629b0e76ef865078cee76c827c563851dafe,extrasensory-p2-fold2-seed29-v2_multiseed,0.9,0.9000094330723517,85869,0.4256557319921704,0.5964822939540665,0.720634267462231,893163,mean_binary_certainty,0.2857888396374828
V3-2,P2,2,29,natural_missingness,ea4f5c2a61cf7df43321c66da250e1480ff9cb431dfabb22d9c4d05d565bb993,1ed60f7f4fc293cbc82fec8318ae629b0e76ef865078cee76c827c563851dafe,extrasensory-p2-fold2-seed29-v2_multiseed,0.95,0.9500047165361758,90639,0.4335695562577993,0.5900215749294636,0.7128933749561187,940332,mean_binary_certainty,0.2328731178018768
V3-2,P2,2,29,natural_missingness,ea4f5c2a61cf7df43321c66da250e1480ff9cb431dfabb22d9c4d05d565bb993,1ed60f7f4fc293cbc82fec8318ae629b0e76ef865078cee76c827c563851dafe,extrasensory-p2-fold2-seed29-v2_multiseed,1.0,1.0,95409,0.4423086046441318,0.5825977193345135,0.704627681801785,986204,mean_binary_certainty,0.0315888845492881
V3-2,P2,2,29,natural_missingness,ea4f5c2a61cf7df43321c66da250e1480ff9cb431dfabb22d9c4d05d565bb993,1ed60f7f4fc293cbc82fec8318ae629b0e76ef865078cee76c827c563851dafe,extrasensory-p2-fold2-seed29-v2_multiseed,0.05,0.050005764655326,4771,0.4148627309785497,0.5478746395052629,0.6945163658847625,52054,p2_system_reliability,0.9935921430587769
V3-2,P2,2,29,natural_missingness,ea4f5c2a61cf7df43321c66da250e1480ff9cb431dfabb22d9c4d05d565bb993,1ed60f7f4fc293cbc82fec8318ae629b0e76ef865078cee76c827c563851dafe,extrasensory-p2-fold2-seed29-v2_multiseed,0.1,0.1000010481191501,9541,0.3872180361547387,0.5703071443415696,0.7263550098195768,104754,p2_system_reliability,0.9921760559082032
V3-2,P2,2,29,natural_missingness,ea4f5c2a61cf7df43321c66da250e1480ff9cb431dfabb22d9c4d05d565bb993,1ed60f7f4fc293cbc82fec8318ae629b0e76ef865078cee76c827c563851dafe,extrasensory-p2-fold2-seed29-v2_multiseed,0.15,0.1500068127744762,14312,0.3812764451749981,0.5748979258115698,0.735133447791478,156995,p2_system_reliability,0.991055965423584
V3-2,P2,2,29,natural_missingness,ea4f5c2a61cf7df43321c66da250e1480ff9cb431dfabb22d9c4d05d565bb993,1ed60f7f4fc293cbc82fec8318ae629b0e76ef865078cee76c827c563851dafe,extrasensory-p2-fold2-seed29-v2_multiseed,0.2,0.2000020962383003,19082,0.3834030083482172,0.5780557668007035,0.7367687524568488,208803,p2_system_reliability,0.990058422088623
V3-2,P2,2,29,natural_missingness,ea4f5c2a61cf7df43321c66da250e1480ff9cb431dfabb22d9c4d05d565bb993,1ed60f7f4fc293cbc82fec8318ae629b0e76ef865078cee76c827c563851dafe,extrasensory-p2-fold2-seed29-v2_multiseed,0.25,0.2500078608936263,23853,0.3842026399082206,0.5797185027092204,0.7381471408993758,260564,p2_system_reliability,0.9890518188476562
V3-2,P2,2,29,natural_missingness,ea4f5c2a61cf7df43321c66da250e1480ff9cb431dfabb22d9c4d05d565bb993,1ed60f7f4fc293cbc82fec8318ae629b0e76ef865078cee76c827c563851dafe,extrasensory-p2-fold2-seed29-v2_multiseed,0.3,0.3000031443574505,28623,0.3860939657765503,0.5802948204698829,0.7360702078084898,311562,p2_system_reliability,0.9880942702293396
V3-2,P2,2,29,natural_missingness,ea4f5c2a61cf7df43321c66da250e1480ff9cb431dfabb22d9c4d05d565bb993,1ed60f7f4fc293cbc82fec8318ae629b0e76ef865078cee76c827c563851dafe,extrasensory-p2-fold2-seed29-v2_multiseed,0.35,0.3500089090127766,33394,0.3889492601880703,0.582104055327341,0.734366605508307,362000,p2_system_reliability,0.9871212244033812
V3-2,P2,2,29,natural_missingness,ea4f5c2a61cf7df43321c66da250e1480ff9cb431dfabb22d9c4d05d565bb993,1ed60f7f4fc293cbc82fec8318ae629b0e76ef865078cee76c827c563851dafe,extrasensory-p2-fold2-seed29-v2_multiseed,0.4,0.4000041924766007,38164,0.3929362448780317,0.586082196578793,0.7319930473031695,411602,p2_system_reliability,0.9860919117927552
V3-2,P2,2,29,natural_missingness,ea4f5c2a61cf7df43321c66da250e1480ff9cb431dfabb22d9c4d05d565bb993,1ed60f7f4fc293cbc82fec8318ae629b0e76ef865078cee76c827c563851dafe,extrasensory-p2-fold2-seed29-v2_multiseed,0.45,0.4500099571319267,42935,0.398358382705981,0.5882016574297967,0.7292191832619107,460741,p2_system_reliability,0.9849840998649596
V3-2,P2,2,29,natural_missingness,ea4f5c2a61cf7df43321c66da250e1480ff9cb431dfabb22d9c4d05d565bb993,1ed60f7f4fc293cbc82fec8318ae629b0e76ef865078cee76c827c563851dafe,extrasensory-p2-fold2-seed29-v2_multiseed,0.5,0.5000052405957509,47705,0.404726619657771,0.588892964404573,0.7265469061876247,509668,p2_system_reliability,0.9837814569473268
V3-2,P2,2,29,natural_missingness,ea4f5c2a61cf7df43321c66da250e1480ff9cb431dfabb22d9c4d05d565bb993,1ed60f7f4fc293cbc82fec8318ae629b0e76ef865078cee76c827c563851dafe,extrasensory-p2-fold2-seed29-v2_multiseed,0.55,0.5500005240595751,52475,0.4109504973233288,0.5906836489713824,0.7246255651089061,558097,p2_system_reliability,0.9823579788208008
V3-2,P2,2,29,natural_missingness,ea4f5c2a61cf7df43321c66da250e1480ff9cb431dfabb22d9c4d05d565bb993,1ed60f7f4fc293cbc82fec8318ae629b0e76ef865078cee76c827c563851dafe,extrasensory-p2-fold2-seed29-v2_multiseed,0.6,0.6000062887149011,57246,0.4184708876231133,0.5900668290846347,0.7213790662695019,605590,p2_system_reliability,0.9807407855987548
V3-2,P2,2,29,natural_missingness,ea4f5c2a61cf7df43321c66da250e1480ff9cb431dfabb22d9c4d05d565bb993,1ed60f7f4fc293cbc82fec8318ae629b0e76ef865078cee76c827c563851dafe,extrasensory-p2-fold2-seed29-v2_multiseed,0.65,0.6500015721787252,62016,0.4244155272504197,0.5882644060827308,0.7183205711497415,652685,p2_system_reliability,0.978807806968689
V3-2,P2,2,29,natural_missingness,ea4f5c2a61cf7df43321c66da250e1480ff9cb431dfabb22d9c4d05d565bb993,1ed60f7f4fc293cbc82fec8318ae629b0e76ef865078cee76c827c563851dafe,extrasensory-p2-fold2-seed29-v2_multiseed,0.7,0.7000073368340513,66787,0.4312581804832151,0.5871330357778548,0.7148734008562604,699092,p2_system_reliability,0.9764145612716676
V3-2,P2,2,29,natural_missingness,ea4f5c2a61cf7df43321c66da250e1480ff9cb431dfabb22d9c4d05d565bb993,1ed60f7f4fc293cbc82fec8318ae629b0e76ef865078cee76c827c563851dafe,extrasensory-p2-fold2-seed29-v2_multiseed,0.75,0.7500026202978755,71557,0.4368657994774153,0.585526468862423,0.712199125245491,745830,p2_system_reliability,0.97343647480011
V3-2,P2,2,29,natural_missingness,ea4f5c2a61cf7df43321c66da250e1480ff9cb431dfabb22d9c4d05d565bb993,1ed60f7f4fc293cbc82fec8318ae629b0e76ef865078cee76c827c563851dafe,extrasensory-p2-fold2-seed29-v2_multiseed,0.8,0.8000083849532015,76328,0.440250973010806,0.5844821426272301,0.7099324855881843,793867,p2_system_reliability,0.9696664810180664
V3-2,P2,2,29,natural_missingness,ea4f5c2a61cf7df43321c66da250e1480ff9cb431dfabb22d9c4d05d565bb993,1ed60f7f4fc293cbc82fec8318ae629b0e76ef865078cee76c827c563851dafe,extrasensory-p2-fold2-seed29-v2_multiseed,0.85,0.8500036684170257,81098,0.4414664160436269,0.5842809202076716,0.708694270711395,841668,p2_system_reliability,0.9648813009262084
V3-2,P2,2,29,natural_missingness,ea4f5c2a61cf7df43321c66da250e1480ff9cb431dfabb22d9c4d05d565bb993,1ed60f7f4fc293cbc82fec8318ae629b0e76ef865078cee76c827c563851dafe,extrasensory-p2-fold2-seed29-v2_multiseed,0.9,0.9000094330723517,85869,0.442176214725503,0.5851000571500963,0.707670833719415,890509,p2_system_reliability,0.9580270051956176
V3-2,P2,2,29,natural_missingness,ea4f5c2a61cf7df43321c66da250e1480ff9cb431dfabb22d9c4d05d565bb993,1ed60f7f4fc293cbc82fec8318ae629b0e76ef865078cee76c827c563851dafe,extrasensory-p2-fold2-seed29-v2_multiseed,0.95,0.9500047165361758,90639,0.4423653006932601,0.5842471218404184,0.7062378459237098,938837,p2_system_reliability,0.9457665681838988
V3-2,P2,2,29,natural_missingness,ea4f5c2a61cf7df43321c66da250e1480ff9cb431dfabb22d9c4d05d565bb993,1ed60f7f4fc293cbc82fec8318ae629b0e76ef865078cee76c827c563851dafe,extrasensory-p2-fold2-seed29-v2_multiseed,1.0,1.0,95409,0.4423086046441317,0.5825977193345135,0.704627681801785,986204,p2_system_reliability,0.8140796422958374
V3-2,P2,2,29,natural_missingness,ea4f5c2a61cf7df43321c66da250e1480ff9cb431dfabb22d9c4d05d565bb993,1ed60f7f4fc293cbc82fec8318ae629b0e76ef865078cee76c827c563851dafe,extrasensory-p2-fold2-seed29-v2_multiseed,0.05,0.050005764655326,4771,0.4165413424267705,0.4629892314034668,0.9244182277824592,53214,task_confidence_output_only,0.8032948936441281
V3-2,P2,2,29,natural_missingness,ea4f5c2a61cf7df43321c66da250e1480ff9cb431dfabb22d9c4d05d565bb993,1ed60f7f4fc293cbc82fec8318ae629b0e76ef865078cee76c827c563851dafe,extrasensory-p2-fold2-seed29-v2_multiseed,0.1,0.1000010481191501,9541,0.3058667589147336,0.455734268517275,0.9326395096411696,109789,task_confidence_output_only,0.7619275244483616
V3-2,P2,2,29,natural_missingness,ea4f5c2a61cf7df43321c66da250e1480ff9cb431dfabb22d9c4d05d565bb993,1ed60f7f4fc293cbc82fec8318ae629b0e76ef865078cee76c827c563851dafe,extrasensory-p2-fold2-seed29-v2_multiseed,0.15,0.1500068127744762,14312,0.2712162012229336,0.4235320742595435,0.9339263156795808,166132,task_confidence_output_only,0.723915938613698
V3-2,P2,2,29,natural_missingness,ea4f5c2a61cf7df43321c66da250e1480ff9cb431dfabb22d9c4d05d565bb993,1ed60f7f4fc293cbc82fec8318ae629b0e76ef865078cee76c827c563851dafe,extrasensory-p2-fold2-seed29-v2_multiseed,0.2,0.2000020962383003,19082,0.2513190012443452,0.4144325602113828,0.932164616170748,221569,task_confidence_output_only,0.6680749583574804
V3-2,P2,2,29,natural_missingness,ea4f5c2a61cf7df43321c66da250e1480ff9cb431dfabb22d9c4d05d565bb993,1ed60f7f4fc293cbc82fec8318ae629b0e76ef865078cee76c827c563851dafe,extrasensory-p2-fold2-seed29-v2_multiseed,0.25,0.2500078608936263,23853,0.2486583713044326,0.4397576700001385,0.9255930869946208,274423,task_confidence_output_only,0.5539940164054211
V3-2,P2,2,29,natural_missingness,ea4f5c2a61cf7df43321c66da250e1480ff9cb431dfabb22d9c4d05d565bb993,1ed60f7f4fc293cbc82fec8318ae629b0e76ef865078cee76c827c563851dafe,extrasensory-p2-fold2-seed29-v2_multiseed,0.3,0.3000031443574505,28623,0.2700442296428288,0.6048356387521517,0.9045368100519968,323838,task_confidence_output_only,0.4212389505920526
V3-2,P2,2,29,natural_missingness,ea4f5c2a61cf7df43321c66da250e1480ff9cb431dfabb22d9c4d05d565bb993,1ed60f7f4fc293cbc82fec8318ae629b0e76ef865078cee76c827c563851dafe,extrasensory-p2-fold2-seed29-v2_multiseed,0.35,0.3500089090127766,33394,0.2982699281657216,0.6369418843368233,0.8754002276635423,372044,task_confidence_output_only,0.3554618662273539
V3-2,P2,2,29,natural_missingness,ea4f5c2a61cf7df43321c66da250e1480ff9cb431dfabb22d9c4d05d565bb993,1ed60f7f4fc293cbc82fec8318ae629b0e76ef865078cee76c827c563851dafe,extrasensory-p2-fold2-seed29-v2_multiseed,0.4,0.4000041924766007,38164,0.3210000398455286,0.6466839750817976,0.8501538315079815,420244,task_confidence_output_only,0.3113256314357718
V3-2,P2,2,29,natural_missingness,ea4f5c2a61cf7df43321c66da250e1480ff9cb431dfabb22d9c4d05d565bb993,1ed60f7f4fc293cbc82fec8318ae629b0e76ef865078cee76c827c563851dafe,extrasensory-p2-fold2-seed29-v2_multiseed,0.45,0.4500099571319267,42935,0.3415426803238511,0.6453698377158675,0.8276396179330522,468023,task_confidence_output_only,0.2782130842932124
V3-2,P2,2,29,natural_missingness,ea4f5c2a61cf7df43321c66da250e1480ff9cb431dfabb22d9c4d05d565bb993,1ed60f7f4fc293cbc82fec8318ae629b0e76ef865078cee76c827c563851dafe,extrasensory-p2-fold2-seed29-v2_multiseed,0.5,0.5000052405957509,47705,0.3594581842257704,0.6396228940495124,0.8074508937795225,515845,task_confidence_output_only,0.249310251682142
V3-2,P2,2,29,natural_missingness,ea4f5c2a61cf7df43321c66da250e1480ff9cb431dfabb22d9c4d05d565bb993,1ed60f7f4fc293cbc82fec8318ae629b0e76ef865078cee76c827c563851dafe,extrasensory-p2-fold2-seed29-v2_multiseed,0.55,0.5500005240595751,52475,0.3720011326559226,0.6329878114271028,0.7903809530042343,562898,task_confidence_output_only,0.2245673582257147
V3-2,P2,2,29,natural_missingness,ea4f5c2a61cf7df43321c66da250e1480ff9cb431dfabb22d9c4d05d565bb993,1ed60f7f4fc293cbc82fec8318ae629b0e76ef865078cee76c827c563851dafe,extrasensory-p2-fold2-seed29-v2_multiseed,0.6,0.6000062887149011,57246,0.383467505567535,0.6263203556688489,0.7755653237866498,610189,task_confidence_output_only,0.2020106590816405
V3-2,P2,2,29,natural_missingness,ea4f5c2a61cf7df43321c66da250e1480ff9cb431dfabb22d9c4d05d565bb993,1ed60f7f4fc293cbc82fec8318ae629b0e76ef865078cee76c827c563851dafe,extrasensory-p2-fold2-seed29-v2_multiseed,0.65,0.6500015721787252,62016,0.3931260771081046,0.6197530458789617,0.7627040306112445,657568,task_confidence_output_only,0.1811449418320986
V3-2,P2,2,29,natural_missingness,ea4f5c2a61cf7df43321c66da250e1480ff9cb431dfabb22d9c4d05d565bb993,1ed60f7f4fc293cbc82fec8318ae629b0e76ef865078cee76c827c563851dafe,extrasensory-p2-fold2-seed29-v2_multiseed,0.7,0.7000073368340513,66787,0.4014247897438426,0.6127578941002375,0.7511819159039439,704293,task_confidence_output_only,0.1612347454336004
V3-2,P2,2,29,natural_missingness,ea4f5c2a61cf7df43321c66da250e1480ff9cb431dfabb22d9c4d05d565bb993,1ed60f7f4fc293cbc82fec8318ae629b0e76ef865078cee76c827c563851dafe,extrasensory-p2-fold2-seed29-v2_multiseed,0.75,0.7500026202978755,71557,0.4088398055415142,0.6067122352655588,0.7412198053206505,750844,task_confidence_output_only,0.1424725542300101
V3-2,P2,2,29,natural_missingness,ea4f5c2a61cf7df43321c66da250e1480ff9cb431dfabb22d9c4d05d565bb993,1ed60f7f4fc293cbc82fec8318ae629b0e76ef865078cee76c827c563851dafe,extrasensory-p2-fold2-seed29-v2_multiseed,0.8,0.8000083849532015,76328,0.4150496825738729,0.6009583676385559,0.7322421099523685,797345,task_confidence_output_only,0.1251976134347103
V3-2,P2,2,29,natural_missingness,ea4f5c2a61cf7df43321c66da250e1480ff9cb431dfabb22d9c4d05d565bb993,1ed60f7f4fc293cbc82fec8318ae629b0e76ef865078cee76c827c563851dafe,extrasensory-p2-fold2-seed29-v2_multiseed,0.85,0.8500036684170257,81098,0.421836133737942,0.5957509103918694,0.7244873031179685,844464,task_confidence_output_only,0.1081812751291774
V3-2,P2,2,29,natural_missingness,ea4f5c2a61cf7df43321c66da250e1480ff9cb431dfabb22d9c4d05d565bb993,1ed60f7f4fc293cbc82fec8318ae629b0e76ef865078cee76c827c563851dafe,extrasensory-p2-fold2-seed29-v2_multiseed,0.9,0.9000094330723517,85869,0.4288434532506799,0.5912804321413059,0.7174052458143596,890922,task_confidence_output_only,0.0908727737035425
V3-2,P2,2,29,natural_missingness,ea4f5c2a61cf7df43321c66da250e1480ff9cb431dfabb22d9c4d05d565bb993,1ed60f7f4fc293cbc82fec8318ae629b0e76ef865078cee76c827c563851dafe,extrasensory-p2-fold2-seed29-v2_multiseed,0.95,0.9500047165361758,90639,0.4355267500528733,0.5872645911620757,0.7110547991003586,937885,task_confidence_output_only,0.0710557031732195
V3-2,P2,2,29,natural_missingness,ea4f5c2a61cf7df43321c66da250e1480ff9cb431dfabb22d9c4d05d565bb993,1ed60f7f4fc293cbc82fec8318ae629b0e76ef865078cee76c827c563851dafe,extrasensory-p2-fold2-seed29-v2_multiseed,1.0,1.0,95409,0.4423086046441317,0.5825977193345135,0.704627681801785,986204,task_confidence_output_only,0.0137282892506018
V3-2,P2,2,29,natural_missingness,ea4f5c2a61cf7df43321c66da250e1480ff9cb431dfabb22d9c4d05d565bb993,1ed60f7f4fc293cbc82fec8318ae629b0e76ef865078cee76c827c563851dafe,extrasensory-p2-fold2-seed29-v2_multiseed,0.05,0.050005764655326,4771,0.4749619957759141,0.3619322042342021,0.8859721625285152,53013,task_confidence_full,0.8191403309859036
V3-2,P2,2,29,natural_missingness,ea4f5c2a61cf7df43321c66da250e1480ff9cb431dfabb22d9c4d05d565bb993,1ed60f7f4fc293cbc82fec8318ae629b0e76ef865078cee76c827c563851dafe,extrasensory-p2-fold2-seed29-v2_multiseed,0.1,0.1000010481191501,9541,0.3409570092613179,0.3894488041611839,0.9152809788241116,110567,task_confidence_full,0.7711915367841695
V3-2,P2,2,29,natural_missingness,ea4f5c2a61cf7df43321c66da250e1480ff9cb431dfabb22d9c4d05d565bb993,1ed60f7f4fc293cbc82fec8318ae629b0e76ef865078cee76c827c563851dafe,extrasensory-p2-fold2-seed29-v2_multiseed,0.15,0.1500068127744762,14312,0.3070000811660463,0.4228889937014231,0.9144093088065552,166834,task_confidence_full,0.728307868177871
V3-2,P2,2,29,natural_missingness,ea4f5c2a61cf7df43321c66da250e1480ff9cb431dfabb22d9c4d05d565bb993,1ed60f7f4fc293cbc82fec8318ae629b0e76ef865078cee76c827c563851dafe,extrasensory-p2-fold2-seed29-v2_multiseed,0.2,0.2000020962383003,19082,0.276448852640883,0.4327211042410732,0.9165613739529224,222129,task_confidence_full,0.6852402574236744
V3-2,P2,2,29,natural_missingness,ea4f5c2a61cf7df43321c66da250e1480ff9cb431dfabb22d9c4d05d565bb993,1ed60f7f4fc293cbc82fec8318ae629b0e76ef865078cee76c827c563851dafe,extrasensory-p2-fold2-seed29-v2_multiseed,0.25,0.2500078608936263,23853,0.2753383443054431,0.425347087393509,0.9053109245839788,275648,task_confidence_full,0.6031207217711037
V3-2,P2,2,29,natural_missingness,ea4f5c2a61cf7df43321c66da250e1480ff9cb431dfabb22d9c4d05d565bb993,1ed60f7f4fc293cbc82fec8318ae629b0e76ef865078cee76c827c563851dafe,extrasensory-p2-fold2-seed29-v2_multiseed,0.3,0.3000031443574505,28623,0.3031422746045606,0.4772739099680593,0.8779363193407383,326964,task_confidence_full,0.4896375012526159
V3-2,P2,2,29,natural_missingness,ea4f5c2a61cf7df43321c66da250e1480ff9cb431dfabb22d9c4d05d565bb993,1ed60f7f4fc293cbc82fec8318ae629b0e76ef865078cee76c827c563851dafe,extrasensory-p2-fold2-seed29-v2_multiseed,0.35,0.3500089090127766,33394,0.323175544295031,0.5759583164245118,0.8547649973541156,375822,task_confidence_full,0.3985064718449546
V3-2,P2,2,29,natural_missingness,ea4f5c2a61cf7df43321c66da250e1480ff9cb431dfabb22d9c4d05d565bb993,1ed60f7f4fc293cbc82fec8318ae629b0e76ef865078cee76c827c563851dafe,extrasensory-p2-fold2-seed29-v2_multiseed,0.4,0.4000041924766007,38164,0.3393083891902885,0.6145498376878954,0.8345185983827493,424043,task_confidence_full,0.34323008188972
V3-2,P2,2,29,natural_missingness,ea4f5c2a61cf7df43321c66da250e1480ff9cb431dfabb22d9c4d05d565bb993,1ed60f7f4fc293cbc82fec8318ae629b0e76ef865078cee76c827c563851dafe,extrasensory-p2-fold2-seed29-v2_multiseed,0.45,0.4500099571319267,42935,0.3535218303599635,0.6272164202455297,0.8159356519839598,471884,task_confidence_full,0.3026296764714503
V3-2,P2,2,29,natural_missingness,ea4f5c2a61cf7df43321c66da250e1480ff9cb431dfabb22d9c4d05d565bb993,1ed60f7f4fc293cbc82fec8318ae629b0e76ef865078cee76c827c563851dafe,extrasensory-p2-fold2-seed29-v2_multiseed,0.5,0.5000052405957509,47705,0.3669117243575464,0.6290038211577933,0.7990347641284802,520051,task_confidence_full,0.2682292404831143
V3-2,P2,2,29,natural_missingness,ea4f5c2a61cf7df43321c66da250e1480ff9cb431dfabb22d9c4d05d565bb993,1ed60f7f4fc293cbc82fec8318ae629b0e76ef865078cee76c827c563851dafe,extrasensory-p2-fold2-seed29-v2_multiseed,0.55,0.5500005240595751,52475,0.3771350624625317,0.6259795366334381,0.7843453398958183,567652,task_confidence_full,0.2396523993524265
V3-2,P2,2,29,natural_missingness,ea4f5c2a61cf7df43321c66da250e1480ff9cb431dfabb22d9c4d05d565bb993,1ed60f7f4fc293cbc82fec8318ae629b0e76ef865078cee76c827c563851dafe,extrasensory-p2-fold2-seed29-v2_multiseed,0.6,0.6000062887149011,57246,0.3863241018050275,0.6216196695359015,0.7718742743756992,614556,task_confidence_full,0.2140318947637193
V3-2,P2,2,29,natural_missingness,ea4f5c2a61cf7df43321c66da250e1480ff9cb431dfabb22d9c4d05d565bb993,1ed60f7f4fc293cbc82fec8318ae629b0e76ef865078cee76c827c563851dafe,extrasensory-p2-fold2-seed29-v2_multiseed,0.65,0.6500015721787252,62016,0.3948229991236853,0.6160173989534425,0.7601963249272741,661046,task_confidence_full,0.1903778255304886
V3-2,P2,2,29,natural_missingness,ea4f5c2a61cf7df43321c66da250e1480ff9cb431dfabb22d9c4d05d565bb993,1ed60f7f4fc293cbc82fec8318ae629b0e76ef865078cee76c827c563851dafe,extrasensory-p2-fold2-seed29-v2_multiseed,0.7,0.7000073368340513,66787,0.4033650470251665,0.6101412369801378,0.7491677129951392,708101,task_confidence_full,0.1678784458223795
V3-2,P2,2,29,natural_missingness,ea4f5c2a61cf7df43321c66da250e1480ff9cb431dfabb22d9c4d05d565bb993,1ed60f7f4fc293cbc82fec8318ae629b0e76ef865078cee76c827c563851dafe,extrasensory-p2-fold2-seed29-v2_multiseed,0.75,0.7500026202978755,71557,0.409646388463929,0.6047009015809298,0.7396277268569872,754682,task_confidence_full,0.147218270136715
V3-2,P2,2,29,natural_missingness,ea4f5c2a61cf7df43321c66da250e1480ff9cb431dfabb22d9c4d05d565bb993,1ed60f7f4fc293cbc82fec8318ae629b0e76ef865078cee76c827c563851dafe,extrasensory-p2-fold2-seed29-v2_multiseed,0.8,0.8000083849532015,76328,0.4161716397412341,0.5995192118524126,0.7313944341203699,800519,task_confidence_full,0.1270213680806999
V3-2,P2,2,29,natural_missingness,ea4f5c2a61cf7df43321c66da250e1480ff9cb431dfabb22d9c4d05d565bb993,1ed60f7f4fc293cbc82fec8318ae629b0e76ef865078cee76c827c563851dafe,extrasensory-p2-fold2-seed29-v2_multiseed,0.85,0.8500036684170257,81098,0.4217451533627307,0.5954788331680693,0.7243525379314184,846167,task_confidence_full,0.1078416127567779
V3-2,P2,2,29,natural_missingness,ea4f5c2a61cf7df43321c66da250e1480ff9cb431dfabb22d9c4d05d565bb993,1ed60f7f4fc293cbc82fec8318ae629b0e76ef865078cee76c827c563851dafe,extrasensory-p2-fold2-seed29-v2_multiseed,0.9,0.9000094330723517,85869,0.4276445262537228,0.5916735331279322,0.7177495073722895,892108,task_confidence_full,0.0889536043385698
V3-2,P2,2,29,natural_missingness,ea4f5c2a61cf7df43321c66da250e1480ff9cb431dfabb22d9c4d05d565bb993,1ed60f7f4fc293cbc82fec8318ae629b0e76ef865078cee76c827c563851dafe,extrasensory-p2-fold2-seed29-v2_multiseed,0.95,0.9500047165361758,90639,0.4343453950213858,0.5874441318738003,0.7112942740480486,938115,task_confidence_full,0.066962499316907
V3-2,P2,2,29,natural_missingness,ea4f5c2a61cf7df43321c66da250e1480ff9cb431dfabb22d9c4d05d565bb993,1ed60f7f4fc293cbc82fec8318ae629b0e76ef865078cee76c827c563851dafe,extrasensory-p2-fold2-seed29-v2_multiseed,1.0,1.0,95409,0.4423086046441318,0.5825977193345135,0.704627681801785,986204,task_confidence_full,0.0119960538925443
V3-2,P2,2,47,natural_missingness,ea4f5c2a61cf7df43321c66da250e1480ff9cb431dfabb22d9c4d05d565bb993,21937929ea4a94565783eb7608ce89a63294679f682db7a966f3a6864bbcb1f2,extrasensory-p2-fold2-seed47-v2_multiseed,0.05,0.050005764655326,4771,0.4070327812990955,0.525007655624608,0.9329232661848378,55333,mean_binary_certainty,0.975921313801216
V3-2,P2,2,47,natural_missingness,ea4f5c2a61cf7df43321c66da250e1480ff9cb431dfabb22d9c4d05d565bb993,21937929ea4a94565783eb7608ce89a63294679f682db7a966f3a6864bbcb1f2,extrasensory-p2-fold2-seed47-v2_multiseed,0.1,0.1000010481191501,9541,0.3566092307634853,0.5797723200194214,0.936677532295062,110485,mean_binary_certainty,0.9480062727912646
V3-2,P2,2,47,natural_missingness,ea4f5c2a61cf7df43321c66da250e1480ff9cb431dfabb22d9c4d05d565bb993,21937929ea4a94565783eb7608ce89a63294679f682db7a966f3a6864bbcb1f2,extrasensory-p2-fold2-seed47-v2_multiseed,0.15,0.1500068127744762,14312,0.3314162521216056,0.5388261933646741,0.9349768247338665,165014,mean_binary_certainty,0.9174287077302457
V3-2,P2,2,47,natural_missingness,ea4f5c2a61cf7df43321c66da250e1480ff9cb431dfabb22d9c4d05d565bb993,21937929ea4a94565783eb7608ce89a63294679f682db7a966f3a6864bbcb1f2,extrasensory-p2-fold2-seed47-v2_multiseed,0.2,0.2000020962383003,19082,0.3100711609260581,0.529671733896236,0.9328041582515304,219043,mean_binary_certainty,0.8667887087736903
V3-2,P2,2,47,natural_missingness,ea4f5c2a61cf7df43321c66da250e1480ff9cb431dfabb22d9c4d05d565bb993,21937929ea4a94565783eb7608ce89a63294679f682db7a966f3a6864bbcb1f2,extrasensory-p2-fold2-seed47-v2_multiseed,0.25,0.2500078608936263,23853,0.2989062049798804,0.541081701482319,0.9240087466377692,271519,mean_binary_certainty,0.7871485908434186
V3-2,P2,2,47,natural_missingness,ea4f5c2a61cf7df43321c66da250e1480ff9cb431dfabb22d9c4d05d565bb993,21937929ea4a94565783eb7608ce89a63294679f682db7a966f3a6864bbcb1f2,extrasensory-p2-fold2-seed47-v2_multiseed,0.3,0.3000031443574505,28623,0.3136531827890028,0.6279082630385358,0.9036585567829876,321612,mean_binary_certainty,0.6992297314171223
V3-2,P2,2,47,natural_missingness,ea4f5c2a61cf7df43321c66da250e1480ff9cb431dfabb22d9c4d05d565bb993,21937929ea4a94565783eb7608ce89a63294679f682db7a966f3a6864bbcb1f2,extrasensory-p2-fold2-seed47-v2_multiseed,0.35,0.3500089090127766,33394,0.3462653619772137,0.6508424215108676,0.874918338094913,371195,mean_binary_certainty,0.6413137968631565
V3-2,P2,2,47,natural_missingness,ea4f5c2a61cf7df43321c66da250e1480ff9cb431dfabb22d9c4d05d565bb993,21937929ea4a94565783eb7608ce89a63294679f682db7a966f3a6864bbcb1f2,extrasensory-p2-fold2-seed47-v2_multiseed,0.4,0.4000041924766007,38164,0.3663178383429727,0.6532461705358892,0.8493508421801921,420637,mean_binary_certainty,0.6023555345525544
V3-2,P2,2,47,natural_missingness,ea4f5c2a61cf7df43321c66da250e1480ff9cb431dfabb22d9c4d05d565bb993,21937929ea4a94565783eb7608ce89a63294679f682db7a966f3a6864bbcb1f2,extrasensory-p2-fold2-seed47-v2_multiseed,0.45,0.4500099571319267,42935,0.378251374856298,0.6512795999192367,0.8280228145880831,469916,mean_binary_certainty,0.5689259115666256
V3-2,P2,2,47,natural_missingness,ea4f5c2a61cf7df43321c66da250e1480ff9cb431dfabb22d9c4d05d565bb993,21937929ea4a94565783eb7608ce89a63294679f682db7a966f3a6864bbcb1f2,extrasensory-p2-fold2-seed47-v2_multiseed,0.5,0.5000052405957509,47705,0.3879359823386699,0.6465767436381561,0.8101411448334376,518447,mean_binary_certainty,0.5406598730380873
V3-2,P2,2,47,natural_missingness,ea4f5c2a61cf7df43321c66da250e1480ff9cb431dfabb22d9c4d05d565bb993,21937929ea4a94565783eb7608ce89a63294679f682db7a966f3a6864bbcb1f2,extrasensory-p2-fold2-seed47-v2_multiseed,0.55,0.5500005240595751,52475,0.3960301854532017,0.6411393527460814,0.7944086645264636,566277,mean_binary_certainty,0.5148294481546005
V3-2,P2,2,47,natural_missingness,ea4f5c2a61cf7df43321c66da250e1480ff9cb431dfabb22d9c4d05d565bb993,21937929ea4a94565783eb7608ce89a63294679f682db7a966f3a6864bbcb1f2,extrasensory-p2-fold2-seed47-v2_multiseed,0.6,0.6000062887149011,57246,0.4043353279971941,0.6343288293995178,0.780367530447435,613277,mean_binary_certainty,0.4900439348143771
V3-2,P2,2,47,natural_missingness,ea4f5c2a61cf7df43321c66da250e1480ff9cb431dfabb22d9c4d05d565bb993,21937929ea4a94565783eb7608ce89a63294679f682db7a966f3a6864bbcb1f2,extrasensory-p2-fold2-seed47-v2_multiseed,0.65,0.6500015721787252,62016,0.4117831645435743,0.6279973359331252,0.7682184634840341,660384,mean_binary_certainty,0.4655958133574034
V3-2,P2,2,47,natural_missingness,ea4f5c2a61cf7df43321c66da250e1480ff9cb431dfabb22d9c4d05d565bb993,21937929ea4a94565783eb7608ce89a63294679f682db7a966f3a6864bbcb1f2,extrasensory-p2-fold2-seed47-v2_multiseed,0.7,0.7000073368340513,66787,0.4192650997504409,0.6207001906381042,0.7568432662365523,706784,mean_binary_certainty,0.4407062110389097
V3-2,P2,2,47,natural_missingness,ea4f5c2a61cf7df43321c66da250e1480ff9cb431dfabb22d9c4d05d565bb993,21937929ea4a94565783eb7608ce89a63294679f682db7a966f3a6864bbcb1f2,extrasensory-p2-fold2-seed47-v2_multiseed,0.75,0.7500026202978755,71557,0.4260581149537245,0.6138629798269868,0.7469450904647404,753601,mean_binary_certainty,0.4149869946459501
V3-2,P2,2,47,natural_missingness,ea4f5c2a61cf7df43321c66da250e1480ff9cb431dfabb22d9c4d05d565bb993,21937929ea4a94565783eb7608ce89a63294679f682db7a966f3a6864bbcb1f2,extrasensory-p2-fold2-seed47-v2_multiseed,0.8,0.8000083849532015,76328,0.4321944269928328,0.6070450438055438,0.7379515141968989,799618,mean_binary_certainty,0.387387443115652
V3-2,P2,2,47,natural_missingness,ea4f5c2a61cf7df43321c66da250e1480ff9cb431dfabb22d9c4d05d565bb993,21937929ea4a94565783eb7608ce89a63294679f682db7a966f3a6864bbcb1f2,extrasensory-p2-fold2-seed47-v2_multiseed,0.85,0.8500036684170257,81098,0.438013051173156,0.600451147845692,0.7297617877387856,845799,mean_binary_certainty,0.356481877558669
V3-2,P2,2,47,natural_missingness,ea4f5c2a61cf7df43321c66da250e1480ff9cb431dfabb22d9c4d05d565bb993,21937929ea4a94565783eb7608ce89a63294679f682db7a966f3a6864bbcb1f2,extrasensory-p2-fold2-seed47-v2_multiseed,0.9,0.9000094330723517,85869,0.443628480297883,0.5950505255711077,0.7227754657154182,892069,mean_binary_certainty,0.3186993089563071
V3-2,P2,2,47,natural_missingness,ea4f5c2a61cf7df43321c66da250e1480ff9cb431dfabb22d9c4d05d565bb993,21937929ea4a94565783eb7608ce89a63294679f682db7a966f3a6864bbcb1f2,extrasensory-p2-fold2-seed47-v2_multiseed,0.95,0.9500047165361758,90639,0.450155858941575,0.5891787439053681,0.7160599387806097,939063,mean_binary_certainty,0.263597703766683
V3-2,P2,2,47,natural_missingness,ea4f5c2a61cf7df43321c66da250e1480ff9cb431dfabb22d9c4d05d565bb993,21937929ea4a94565783eb7608ce89a63294679f682db7a966f3a6864bbcb1f2,extrasensory-p2-fold2-seed47-v2_multiseed,1.0,1.0,95409,0.4574452741192514,0.5829432410903688,0.710276853537573,986204,mean_binary_certainty,0.0522168103564951
V3-2,P2,2,47,natural_missingness,ea4f5c2a61cf7df43321c66da250e1480ff9cb431dfabb22d9c4d05d565bb993,21937929ea4a94565783eb7608ce89a63294679f682db7a966f3a6864bbcb1f2,extrasensory-p2-fold2-seed47-v2_multiseed,0.05,0.050005764655326,4771,0.4811174608322597,0.5573868358507522,0.593518227176698,49073,p2_system_reliability,0.9942800998687744
V3-2,P2,2,47,natural_missingness,ea4f5c2a61cf7df43321c66da250e1480ff9cb431dfabb22d9c4d05d565bb993,21937929ea4a94565783eb7608ce89a63294679f682db7a966f3a6864bbcb1f2,extrasensory-p2-fold2-seed47-v2_multiseed,0.1,0.1000010481191501,9541,0.4439760842533581,0.5712849219478372,0.6342204347081979,100418,p2_system_reliability,0.9924697875976562
V3-2,P2,2,47,natural_missingness,ea4f5c2a61cf7df43321c66da250e1480ff9cb431dfabb22d9c4d05d565bb993,21937929ea4a94565783eb7608ce89a63294679f682db7a966f3a6864bbcb1f2,extrasensory-p2-fold2-seed47-v2_multiseed,0.15,0.1500068127744762,14312,0.4306151902558437,0.5836278385311338,0.6557998064426932,152254,p2_system_reliability,0.991008460521698
V3-2,P2,2,47,natural_missingness,ea4f5c2a61cf7df43321c66da250e1480ff9cb431dfabb22d9c4d05d565bb993,21937929ea4a94565783eb7608ce89a63294679f682db7a966f3a6864bbcb1f2,extrasensory-p2-fold2-seed47-v2_multiseed,0.2,0.2000020962383003,19082,0.435306289712896,0.5861601073251136,0.6658221690751738,203244,p2_system_reliability,0.9895906448364258
V3-2,P2,2,47,natural_missingness,ea4f5c2a61cf7df43321c66da250e1480ff9cb431dfabb22d9c4d05d565bb993,21937929ea4a94565783eb7608ce89a63294679f682db7a966f3a6864bbcb1f2,extrasensory-p2-fold2-seed47-v2_multiseed,0.25,0.2500078608936263,23853,0.4398679780324198,0.5857650484290554,0.6711336587856163,254122,p2_system_reliability,0.9882096648216248
V3-2,P2,2,47,natural_missingness,ea4f5c2a61cf7df43321c66da250e1480ff9cb431dfabb22d9c4d05d565bb993,21937929ea4a94565783eb7608ce89a63294679f682db7a966f3a6864bbcb1f2,extrasensory-p2-fold2-seed47-v2_multiseed,0.3,0.3000031443574505,28623,0.4446194365370027,0.5864284796023792,0.6752291894654758,305241,p2_system_reliability,0.9867678880691528
V3-2,P2,2,47,natural_missingness,ea4f5c2a61cf7df43321c66da250e1480ff9cb431dfabb22d9c4d05d565bb993,21937929ea4a94565783eb7608ce89a63294679f682db7a966f3a6864bbcb1f2,extrasensory-p2-fold2-seed47-v2_multiseed,0.35,0.3500089090127766,33394,0.448065804177961,0.5858164453931832,0.6785780008364701,355292,p2_system_reliability,0.985295295715332
V3-2,P2,2,47,natural_missingness,ea4f5c2a61cf7df43321c66da250e1480ff9cb431dfabb22d9c4d05d565bb993,21937929ea4a94565783eb7608ce89a63294679f682db7a966f3a6864bbcb1f2,extrasensory-p2-fold2-seed47-v2_multiseed,0.4,0.4000041924766007,38164,0.4540030642978154,0.58482122711121,0.6814136151007719,405245,p2_system_reliability,0.9837306141853333
V3-2,P2,2,47,natural_missingness,ea4f5c2a61cf7df43321c66da250e1480ff9cb431dfabb22d9c4d05d565bb993,21937929ea4a94565783eb7608ce89a63294679f682db7a966f3a6864bbcb1f2,extrasensory-p2-fold2-seed47-v2_multiseed,0.45,0.4500099571319267,42935,0.4589090815190788,0.5842618733028945,0.6848985943431718,455330,p2_system_reliability,0.9820514917373656
V3-2,P2,2,47,natural_missingness,ea4f5c2a61cf7df43321c66da250e1480ff9cb431dfabb22d9c4d05d565bb993,21937929ea4a94565783eb7608ce89a63294679f682db7a966f3a6864bbcb1f2,extrasensory-p2-fold2-seed47-v2_multiseed,0.5,0.5000052405957509,47705,0.4637548604978467,0.5846519249776375,0.6880039897188015,504195,p2_system_reliability,0.9802273511886596
V3-2,P2,2,47,natural_missingness,ea4f5c2a61cf7df43321c66da250e1480ff9cb431dfabb22d9c4d05d565bb993,21937929ea4a94565783eb7608ce89a63294679f682db7a966f3a6864bbcb1f2,extrasensory-p2-fold2-seed47-v2_multiseed,0.55,0.5500005240595751,52475,0.4666364457882221,0.5851234756786219,0.6905855178939166,552318,p2_system_reliability,0.9782707691192628
V3-2,P2,2,47,natural_missingness,ea4f5c2a61cf7df43321c66da250e1480ff9cb431dfabb22d9c4d05d565bb993,21937929ea4a94565783eb7608ce89a63294679f682db7a966f3a6864bbcb1f2,extrasensory-p2-fold2-seed47-v2_multiseed,0.6,0.6000062887149011,57246,0.4688720249961841,0.5847929102134733,0.6924406816289431,600542,p2_system_reliability,0.9760905504226683
V3-2,P2,2,47,natural_missingness,ea4f5c2a61cf7df43321c66da250e1480ff9cb431dfabb22d9c4d05d565bb993,21937929ea4a94565783eb7608ce89a63294679f682db7a966f3a6864bbcb1f2,extrasensory-p2-fold2-seed47-v2_multiseed,0.65,0.6500015721787252,62016,0.4663675374586157,0.5847405416509045,0.6960320264434238,649174,p2_system_reliability,0.9737979173660278
V3-2,P2,2,47,natural_missingness,ea4f5c2a61cf7df43321c66da250e1480ff9cb431dfabb22d9c4d05d565bb993,21937929ea4a94565783eb7608ce89a63294679f682db7a966f3a6864bbcb1f2,extrasensory-p2-fold2-seed47-v2_multiseed,0.7,0.7000073368340513,66787,0.46400558352475,0.585766315234454,0.7002793107635844,697831,p2_system_reliability,0.9713670611381532
V3-2,P2,2,47,natural_missingness,ea4f5c2a61cf7df43321c66da250e1480ff9cb431dfabb22d9c4d05d565bb993,21937929ea4a94565783eb7608ce89a63294679f682db7a966f3a6864bbcb1f2,extrasensory-p2-fold2-seed47-v2_multiseed,0.75,0.7500026202978755,71557,0.4605420035962301,0.585415866027611,0.7045361237670855,746988,p2_system_reliability,0.968608021736145
V3-2,P2,2,47,natural_missingness,ea4f5c2a61cf7df43321c66da250e1480ff9cb431dfabb22d9c4d05d565bb993,21937929ea4a94565783eb7608ce89a63294679f682db7a966f3a6864bbcb1f2,extrasensory-p2-fold2-seed47-v2_multiseed,0.8,0.8000083849532015,76328,0.4581562822911643,0.5858214506260015,0.7078635696673222,796102,p2_system_reliability,0.9652265310287476
V3-2,P2,2,47,natural_missingness,ea4f5c2a61cf7df43321c66da250e1480ff9cb431dfabb22d9c4d05d565bb993,21937929ea4a94565783eb7608ce89a63294679f682db7a966f3a6864bbcb1f2,extrasensory-p2-fold2-seed47-v2_multiseed,0.85,0.8500036684170257,81098,0.456642929444813,0.5859047844322647,0.7103474518448538,844630,p2_system_reliability,0.9608386754989624
V3-2,P2,2,47,natural_missingness,ea4f5c2a61cf7df43321c66da250e1480ff9cb431dfabb22d9c4d05d565bb993,21937929ea4a94565783eb7608ce89a63294679f682db7a966f3a6864bbcb1f2,extrasensory-p2-fold2-seed47-v2_multiseed,0.9,0.9000094330723517,85869,0.4557547416748751,0.5850662126053677,0.7115594811952846,892655,p2_system_reliability,0.9546194672584534
V3-2,P2,2,47,natural_missingness,ea4f5c2a61cf7df43321c66da250e1480ff9cb431dfabb22d9c4d05d565bb993,21937929ea4a94565783eb7608ce89a63294679f682db7a966f3a6864bbcb1f2,extrasensory-p2-fold2-seed47-v2_multiseed,0.95,0.9500047165361758,90639,0.4555405859302877,0.5837654852883334,0.7118345969692195,940095,p2_system_reliability,0.9436347484588624
V3-2,P2,2,47,natural_missingness,ea4f5c2a61cf7df43321c66da250e1480ff9cb431dfabb22d9c4d05d565bb993,21937929ea4a94565783eb7608ce89a63294679f682db7a966f3a6864bbcb1f2,extrasensory-p2-fold2-seed47-v2_multiseed,1.0,1.0,95409,0.4574452741192513,0.5829432410903688,0.710276853537573,986204,p2_system_reliability,0.8238255977630615
V3-2,P2,2,47,natural_missingness,ea4f5c2a61cf7df43321c66da250e1480ff9cb431dfabb22d9c4d05d565bb993,21937929ea4a94565783eb7608ce89a63294679f682db7a966f3a6864bbcb1f2,extrasensory-p2-fold2-seed47-v2_multiseed,0.05,0.050005764655326,4771,0.4364440334285378,0.4374133240400584,0.9296364602544466,54529,task_confidence_output_only,0.775183947511092
V3-2,P2,2,47,natural_missingness,ea4f5c2a61cf7df43321c66da250e1480ff9cb431dfabb22d9c4d05d565bb993,21937929ea4a94565783eb7608ce89a63294679f682db7a966f3a6864bbcb1f2,extrasensory-p2-fold2-seed47-v2_multiseed,0.1,0.1000010481191501,9541,0.353831748374632,0.5715970244286921,0.937582959851336,108337,task_confidence_output_only,0.7294931649716222
V3-2,P2,2,47,natural_missingness,ea4f5c2a61cf7df43321c66da250e1480ff9cb431dfabb22d9c4d05d565bb993,21937929ea4a94565783eb7608ce89a63294679f682db7a966f3a6864bbcb1f2,extrasensory-p2-fold2-seed47-v2_multiseed,0.15,0.1500068127744762,14312,0.3345345778271466,0.5061663387621125,0.9313950202518132,163331,task_confidence_output_only,0.6806563307608537
V3-2,P2,2,47,natural_missingness,ea4f5c2a61cf7df43321c66da250e1480ff9cb431dfabb22d9c4d05d565bb993,21937929ea4a94565783eb7608ce89a63294679f682db7a966f3a6864bbcb1f2,extrasensory-p2-fold2-seed47-v2_multiseed,0.2,0.2000020962383003,19082,0.3165429730150014,0.5389973044542206,0.9288612431126758,217787,task_confidence_output_only,0.6318100474952445
V3-2,P2,2,47,natural_missingness,ea4f5c2a61cf7df43321c66da250e1480ff9cb431dfabb22d9c4d05d565bb993,21937929ea4a94565783eb7608ce89a63294679f682db7a966f3a6864bbcb1f2,extrasensory-p2-fold2-seed47-v2_multiseed,0.25,0.2500078608936263,23853,0.3171193740266657,0.5772553347566368,0.9157521918364976,270880,task_confidence_output_only,0.5445948603657917
V3-2,P2,2,47,natural_missingness,ea4f5c2a61cf7df43321c66da250e1480ff9cb431dfabb22d9c4d05d565bb993,21937929ea4a94565783eb7608ce89a63294679f682db7a966f3a6864bbcb1f2,extrasensory-p2-fold2-seed47-v2_multiseed,0.3,0.3000031443574505,28623,0.3362414778477506,0.6226122847003118,0.8922810641802295,320430,task_confidence_output_only,0.4619926000505395
V3-2,P2,2,47,natural_missingness,ea4f5c2a61cf7df43321c66da250e1480ff9cb431dfabb22d9c4d05d565bb993,21937929ea4a94565783eb7608ce89a63294679f682db7a966f3a6864bbcb1f2,extrasensory-p2-fold2-seed47-v2_multiseed,0.35,0.3500089090127766,33394,0.3541319798620228,0.6385671598296762,0.8678072155558195,369449,task_confidence_output_only,0.4040216112462285
V3-2,P2,2,47,natural_missingness,ea4f5c2a61cf7df43321c66da250e1480ff9cb431dfabb22d9c4d05d565bb993,21937929ea4a94565783eb7608ce89a63294679f682db7a966f3a6864bbcb1f2,extrasensory-p2-fold2-seed47-v2_multiseed,0.4,0.4000041924766007,38164,0.3682765840537397,0.6456536352799087,0.8452174377319203,418424,task_confidence_output_only,0.3565576232481249
V3-2,P2,2,47,natural_missingness,ea4f5c2a61cf7df43321c66da250e1480ff9cb431dfabb22d9c4d05d565bb993,21937929ea4a94565783eb7608ce89a63294679f682db7a966f3a6864bbcb1f2,extrasensory-p2-fold2-seed47-v2_multiseed,0.45,0.4500099571319267,42935,0.3809313133885713,0.6458666379047033,0.8243939228948122,467006,task_confidence_output_only,0.3182858922732725
V3-2,P2,2,47,natural_missingness,ea4f5c2a61cf7df43321c66da250e1480ff9cb431dfabb22d9c4d05d565bb993,21937929ea4a94565783eb7608ce89a63294679f682db7a966f3a6864bbcb1f2,extrasensory-p2-fold2-seed47-v2_multiseed,0.5,0.5000052405957509,47705,0.3928278514373522,0.6391134641590319,0.8051747740833263,514810,task_confidence_output_only,0.2856043560402016
V3-2,P2,2,47,natural_missingness,ea4f5c2a61cf7df43321c66da250e1480ff9cb431dfabb22d9c4d05d565bb993,21937929ea4a94565783eb7608ce89a63294679f682db7a966f3a6864bbcb1f2,extrasensory-p2-fold2-seed47-v2_multiseed,0.55,0.5500005240595751,52475,0.4023277946157917,0.6324358319051911,0.7877632306590987,562558,task_confidence_output_only,0.2566943474566115
V3-2,P2,2,47,natural_missingness,ea4f5c2a61cf7df43321c66da250e1480ff9cb431dfabb22d9c4d05d565bb993,21937929ea4a94565783eb7608ce89a63294679f682db7a966f3a6864bbcb1f2,extrasensory-p2-fold2-seed47-v2_multiseed,0.6,0.6000062887149011,57246,0.4110082044606113,0.6253517688748691,0.7727455110843615,609962,task_confidence_output_only,0.2306114269203222
V3-2,P2,2,47,natural_missingness,ea4f5c2a61cf7df43321c66da250e1480ff9cb431dfabb22d9c4d05d565bb993,21937929ea4a94565783eb7608ce89a63294679f682db7a966f3a6864bbcb1f2,extrasensory-p2-fold2-seed47-v2_multiseed,0.65,0.6500015721787252,62016,0.4179695538284351,0.6183847634091202,0.7602034876952807,657160,task_confidence_output_only,0.2077090623473458
V3-2,P2,2,47,natural_missingness,ea4f5c2a61cf7df43321c66da250e1480ff9cb431dfabb22d9c4d05d565bb993,21937929ea4a94565783eb7608ce89a63294679f682db7a966f3a6864bbcb1f2,extrasensory-p2-fold2-seed47-v2_multiseed,0.7,0.7000073368340513,66787,0.4250214197310348,0.6125086849935797,0.7493739843353654,703573,task_confidence_output_only,0.1869287075801691
V3-2,P2,2,47,natural_missingness,ea4f5c2a61cf7df43321c66da250e1480ff9cb431dfabb22d9c4d05d565bb993,21937929ea4a94565783eb7608ce89a63294679f682db7a966f3a6864bbcb1f2,extrasensory-p2-fold2-seed47-v2_multiseed,0.75,0.7500026202978755,71557,0.4297431675072757,0.6072243595861538,0.7406454032059874,750362,task_confidence_output_only,0.1666341836124234
V3-2,P2,2,47,natural_missingness,ea4f5c2a61cf7df43321c66da250e1480ff9cb431dfabb22d9c4d05d565bb993,21937929ea4a94565783eb7608ce89a63294679f682db7a966f3a6864bbcb1f2,extrasensory-p2-fold2-seed47-v2_multiseed,0.8,0.8000083849532015,76328,0.4346819654528787,0.6020028888826204,0.7330043469810524,797859,task_confidence_output_only,0.1471945311513957
V3-2,P2,2,47,natural_missingness,ea4f5c2a61cf7df43321c66da250e1480ff9cb431dfabb22d9c4d05d565bb993,21937929ea4a94565783eb7608ce89a63294679f682db7a966f3a6864bbcb1f2,extrasensory-p2-fold2-seed47-v2_multiseed,0.85,0.8500036684170257,81098,0.4394183588006221,0.5973334171293758,0.7267349280764338,845090,task_confidence_output_only,0.127774838094653
V3-2,P2,2,47,natural_missingness,ea4f5c2a61cf7df43321c66da250e1480ff9cb431dfabb22d9c4d05d565bb993,21937929ea4a94565783eb7608ce89a63294679f682db7a966f3a6864bbcb1f2,extrasensory-p2-fold2-seed47-v2_multiseed,0.9,0.9000094330723517,85869,0.4446502837964142,0.5928882702587216,0.7211511332643656,892091,task_confidence_output_only,0.1064539491692753
V3-2,P2,2,47,natural_missingness,ea4f5c2a61cf7df43321c66da250e1480ff9cb431dfabb22d9c4d05d565bb993,21937929ea4a94565783eb7608ce89a63294679f682db7a966f3a6864bbcb1f2,extrasensory-p2-fold2-seed47-v2_multiseed,0.95,0.9500047165361758,90639,0.4507792038602352,0.5884610437018956,0.7157583292677169,938429,task_confidence_output_only,0.0813513700931328
V3-2,P2,2,47,natural_missingness,ea4f5c2a61cf7df43321c66da250e1480ff9cb431dfabb22d9c4d05d565bb993,21937929ea4a94565783eb7608ce89a63294679f682db7a966f3a6864bbcb1f2,extrasensory-p2-fold2-seed47-v2_multiseed,1.0,1.0,95409,0.4574452741192514,0.5829432410903688,0.710276853537573,986204,task_confidence_output_only,0.0141230918851604
V3-2,P2,2,47,natural_missingness,ea4f5c2a61cf7df43321c66da250e1480ff9cb431dfabb22d9c4d05d565bb993,21937929ea4a94565783eb7608ce89a63294679f682db7a966f3a6864bbcb1f2,extrasensory-p2-fold2-seed47-v2_multiseed,0.05,0.050005764655326,4771,0.5352774044656208,0.4226041675952744,0.9162609228388096,53838,task_confidence_full,0.8137872715331185
V3-2,P2,2,47,natural_missingness,ea4f5c2a61cf7df43321c66da250e1480ff9cb431dfabb22d9c4d05d565bb993,21937929ea4a94565783eb7608ce89a63294679f682db7a966f3a6864bbcb1f2,extrasensory-p2-fold2-seed47-v2_multiseed,0.1,0.1000010481191501,9541,0.42023258125584,0.4983584654718166,0.9223634113094026,107861,task_confidence_full,0.7615545557967001
V3-2,P2,2,47,natural_missingness,ea4f5c2a61cf7df43321c66da250e1480ff9cb431dfabb22d9c4d05d565bb993,21937929ea4a94565783eb7608ce89a63294679f682db7a966f3a6864bbcb1f2,extrasensory-p2-fold2-seed47-v2_multiseed,0.15,0.1500068127744762,14312,0.3888251329978013,0.5288172905785405,0.914673020916071,162002,task_confidence_full,0.7109954740721864
V3-2,P2,2,47,natural_missingness,ea4f5c2a61cf7df43321c66da250e1480ff9cb431dfabb22d9c4d05d565bb993,21937929ea4a94565783eb7608ce89a63294679f682db7a966f3a6864bbcb1f2,extrasensory-p2-fold2-seed47-v2_multiseed,0.2,0.2000020962383003,19082,0.3707751053162953,0.5379282286952897,0.905096660808436,216615,task_confidence_full,0.6506510279578386
V3-2,P2,2,47,natural_missingness,ea4f5c2a61cf7df43321c66da250e1480ff9cb431dfabb22d9c4d05d565bb993,21937929ea4a94565783eb7608ce89a63294679f682db7a966f3a6864bbcb1f2,extrasensory-p2-fold2-seed47-v2_multiseed,0.25,0.2500078608936263,23853,0.3553755285272393,0.5506400398084036,0.8966420219522522,270407,task_confidence_full,0.5826343434907837
V3-2,P2,2,47,natural_missingness,ea4f5c2a61cf7df43321c66da250e1480ff9cb431dfabb22d9c4d05d565bb993,21937929ea4a94565783eb7608ce89a63294679f682db7a966f3a6864bbcb1f2,extrasensory-p2-fold2-seed47-v2_multiseed,0.3,0.3000031443574505,28623,0.3604897488579306,0.5795377369757103,0.8767366341936996,321878,task_confidence_full,0.503536092271067
V3-2,P2,2,47,natural_missingness,ea4f5c2a61cf7df43321c66da250e1480ff9cb431dfabb22d9c4d05d565bb993,21937929ea4a94565783eb7608ce89a63294679f682db7a966f3a6864bbcb1f2,extrasensory-p2-fold2-seed47-v2_multiseed,0.35,0.3500089090127766,33394,0.368678042147554,0.6053824935737856,0.8564966862671832,372180,task_confidence_full,0.4374688146423012
V3-2,P2,2,47,natural_missingness,ea4f5c2a61cf7df43321c66da250e1480ff9cb431dfabb22d9c4d05d565bb993,21937929ea4a94565783eb7608ce89a63294679f682db7a966f3a6864bbcb1f2,extrasensory-p2-fold2-seed47-v2_multiseed,0.4,0.4000041924766007,38164,0.377830118569734,0.624263200343583,0.8375269653782226,421094,task_confidence_full,0.3805982198160494
V3-2,P2,2,47,natural_missingness,ea4f5c2a61cf7df43321c66da250e1480ff9cb431dfabb22d9c4d05d565bb993,21937929ea4a94565783eb7608ce89a63294679f682db7a966f3a6864bbcb1f2,extrasensory-p2-fold2-seed47-v2_multiseed,0.45,0.4500099571319267,42935,0.3861812695405672,0.63146855668531,0.8193165195865683,469024,task_confidence_full,0.3333886654180762
V3-2,P2,2,47,natural_missingness,ea4f5c2a61cf7df43321c66da250e1480ff9cb431dfabb22d9c4d05d565bb993,21937929ea4a94565783eb7608ce89a63294679f682db7a966f3a6864bbcb1f2,extrasensory-p2-fold2-seed47-v2_multiseed,0.5,0.5000052405957509,47705,0.3949644121524372,0.6308283093061509,0.8022756153637092,516839,task_confidence_full,0.2939121761965785
V3-2,P2,2,47,natural_missingness,ea4f5c2a61cf7df43321c66da250e1480ff9cb431dfabb22d9c4d05d565bb993,21937929ea4a94565783eb7608ce89a63294679f682db7a966f3a6864bbcb1f2,extrasensory-p2-fold2-seed47-v2_multiseed,0.55,0.5500005240595751,52475,0.4026719071993848,0.6283185907082609,0.7873071831861037,564318,task_confidence_full,0.2600184326423025
V3-2,P2,2,47,natural_missingness,ea4f5c2a61cf7df43321c66da250e1480ff9cb431dfabb22d9c4d05d565bb993,21937929ea4a94565783eb7608ce89a63294679f682db7a966f3a6864bbcb1f2,extrasensory-p2-fold2-seed47-v2_multiseed,0.6,0.6000062887149011,57246,0.4102678364101564,0.6227363239288726,0.7734556773312208,611848,task_confidence_full,0.2317654282676221
V3-2,P2,2,47,natural_missingness,ea4f5c2a61cf7df43321c66da250e1480ff9cb431dfabb22d9c4d05d565bb993,21937929ea4a94565783eb7608ce89a63294679f682db7a966f3a6864bbcb1f2,extrasensory-p2-fold2-seed47-v2_multiseed,0.65,0.6500015721787252,62016,0.4168955732160088,0.6168414795488346,0.7613821432187333,658912,task_confidence_full,0.207848263523004
V3-2,P2,2,47,natural_missingness,ea4f5c2a61cf7df43321c66da250e1480ff9cb431dfabb22d9c4d05d565bb993,21937929ea4a94565783eb7608ce89a63294679f682db7a966f3a6864bbcb1f2,extrasensory-p2-fold2-seed47-v2_multiseed,0.7,0.7000073368340513,66787,0.4229825014829946,0.6120539592654808,0.7512792338601084,706377,task_confidence_full,0.1852743181426758
V3-2,P2,2,47,natural_missingness,ea4f5c2a61cf7df43321c66da250e1480ff9cb431dfabb22d9c4d05d565bb993,21937929ea4a94565783eb7608ce89a63294679f682db7a966f3a6864bbcb1f2,extrasensory-p2-fold2-seed47-v2_multiseed,0.75,0.7500026202978755,71557,0.4282190063044523,0.6076433394687951,0.7429111864031612,753155,task_confidence_full,0.1644463665614235
V3-2,P2,2,47,natural_missingness,ea4f5c2a61cf7df43321c66da250e1480ff9cb431dfabb22d9c4d05d565bb993,21937929ea4a94565783eb7608ce89a63294679f682db7a966f3a6864bbcb1f2,extrasensory-p2-fold2-seed47-v2_multiseed,0.8,0.8000083849532015,76328,0.4330961975256295,0.6029631456484936,0.7352379247225448,800360,task_confidence_full,0.1439237459169718
V3-2,P2,2,47,natural_missingness,ea4f5c2a61cf7df43321c66da250e1480ff9cb431dfabb22d9c4d05d565bb993,21937929ea4a94565783eb7608ce89a63294679f682db7a966f3a6864bbcb1f2,extrasensory-p2-fold2-seed47-v2_multiseed,0.85,0.8500036684170257,81098,0.4387882440033519,0.5983062485102788,0.7284482472208256,846598,task_confidence_full,0.1234171184022153
V3-2,P2,2,47,natural_missingness,ea4f5c2a61cf7df43321c66da250e1480ff9cb431dfabb22d9c4d05d565bb993,21937929ea4a94565783eb7608ce89a63294679f682db7a966f3a6864bbcb1f2,extrasensory-p2-fold2-seed47-v2_multiseed,0.9,0.9000094330723517,85869,0.4448472288925472,0.5934247717170734,0.7222165478168246,892945,task_confidence_full,0.1012361817536551
V3-2,P2,2,47,natural_missingness,ea4f5c2a61cf7df43321c66da250e1480ff9cb431dfabb22d9c4d05d565bb993,21937929ea4a94565783eb7608ce89a63294679f682db7a966f3a6864bbcb1f2,extrasensory-p2-fold2-seed47-v2_multiseed,0.95,0.9500047165361758,90639,0.4513113707282972,0.5885904979568849,0.7164002716953871,939117,task_confidence_full,0.075473557689434
V3-2,P2,2,47,natural_missingness,ea4f5c2a61cf7df43321c66da250e1480ff9cb431dfabb22d9c4d05d565bb993,21937929ea4a94565783eb7608ce89a63294679f682db7a966f3a6864bbcb1f2,extrasensory-p2-fold2-seed47-v2_multiseed,1.0,1.0,95409,0.4574452741192513,0.5829432410903688,0.710276853537573,986204,task_confidence_full,0.0081191732790673
V3-2,P2,3,13,natural_missingness,ea4f5c2a61cf7df43321c66da250e1480ff9cb431dfabb22d9c4d05d565bb993,798c57a3ac7a11de427c0a84f98e03963a324e88ac17f5f896df91646b94d404,extrasensory-p2-fold3-seed13-v2_seed13,0.05,0.0500069438014998,4321,0.245706612951476,0.5485367763337246,0.95096554335479,35691,mean_binary_certainty,0.9399996735830976
V3-2,P2,3,13,natural_missingness,ea4f5c2a61cf7df43321c66da250e1480ff9cb431dfabb22d9c4d05d565bb993,798c57a3ac7a11de427c0a84f98e03963a324e88ac17f5f896df91646b94d404,extrasensory-p2-fold3-seed13-v2_seed13,0.1,0.1000023146004999,8641,0.2249122027955561,0.4756915987303071,0.9460894033382362,80986,mean_binary_certainty,0.9019133088082664
V3-2,P2,3,13,natural_missingness,ea4f5c2a61cf7df43321c66da250e1480ff9cb431dfabb22d9c4d05d565bb993,798c57a3ac7a11de427c0a84f98e03963a324e88ac17f5f896df91646b94d404,extrasensory-p2-fold3-seed13-v2_seed13,0.15,0.1500092584019998,12962,0.2283764047779607,0.5845379537218307,0.9432444632915202,127437,mean_binary_certainty,0.8419706551374746
V3-2,P2,3,13,natural_missingness,ea4f5c2a61cf7df43321c66da250e1480ff9cb431dfabb22d9c4d05d565bb993,798c57a3ac7a11de427c0a84f98e03963a324e88ac17f5f896df91646b94d404,extrasensory-p2-fold3-seed13-v2_seed13,0.2,0.2000046292009999,17282,0.2358084155931399,0.7034216792298339,0.9374719834241484,175586,mean_binary_certainty,0.7738366200646463
V3-2,P2,3,13,natural_missingness,ea4f5c2a61cf7df43321c66da250e1480ff9cb431dfabb22d9c4d05d565bb993,798c57a3ac7a11de427c0a84f98e03963a324e88ac17f5f896df91646b94d404,extrasensory-p2-fold3-seed13-v2_seed13,0.25,0.25,21602,0.2524204681848488,0.7044446215784916,0.9239495000632832,222419,mean_binary_certainty,0.7093817703009128
V3-2,P2,3,13,natural_missingness,ea4f5c2a61cf7df43321c66da250e1480ff9cb431dfabb22d9c4d05d565bb993,798c57a3ac7a11de427c0a84f98e03963a324e88ac17f5f896df91646b94d404,extrasensory-p2-fold3-seed13-v2_seed13,0.3,0.3000069438014998,25923,0.2637858460509074,0.7064381679361602,0.9052620446688832,269983,mean_binary_certainty,0.6497646200345544
V3-2,P2,3,13,natural_missingness,ea4f5c2a61cf7df43321c66da250e1480ff9cb431dfabb22d9c4d05d565bb993,798c57a3ac7a11de427c0a84f98e03963a324e88ac17f5f896df91646b94d404,extrasensory-p2-fold3-seed13-v2_seed13,0.35,0.3500023146004999,30243,0.2771017973760052,0.7035775816101566,0.8826628791349767,316268,mean_binary_certainty,0.6028642265691705
V3-2,P2,3,13,natural_missingness,ea4f5c2a61cf7df43321c66da250e1480ff9cb431dfabb22d9c4d05d565bb993,798c57a3ac7a11de427c0a84f98e03963a324e88ac17f5f896df91646b94d404,extrasensory-p2-fold3-seed13-v2_seed13,0.4,0.4000092584019998,34564,0.2929392656859092,0.6830850188660108,0.859458882923881,361008,mean_binary_certainty,0.565669052819237
V3-2,P2,3,13,natural_missingness,ea4f5c2a61cf7df43321c66da250e1480ff9cb431dfabb22d9c4d05d565bb993,798c57a3ac7a11de427c0a84f98e03963a324e88ac17f5f896df91646b94d404,extrasensory-p2-fold3-seed13-v2_seed13,0.45,0.4500046292009999,38884,0.3098840904490323,0.6679441972771065,0.8383613497241029,404515,mean_binary_certainty,0.534249770185709
V3-2,P2,3,13,natural_missingness,ea4f5c2a61cf7df43321c66da250e1480ff9cb431dfabb22d9c4d05d565bb993,798c57a3ac7a11de427c0a84f98e03963a324e88ac17f5f896df91646b94d404,extrasensory-p2-fold3-seed13-v2_seed13,0.5,0.5,43204,0.3247321648987849,0.6507226363903619,0.818219265287781,447509,mean_binary_certainty,0.5059511987097156
V3-2,P2,3,13,natural_missingness,ea4f5c2a61cf7df43321c66da250e1480ff9cb431dfabb22d9c4d05d565bb993,798c57a3ac7a11de427c0a84f98e03963a324e88ac17f5f896df91646b94d404,extrasensory-p2-fold3-seed13-v2_seed13,0.55,0.5500069438014998,47525,0.3381395574540932,0.6375622118731791,0.8010926703854189,488822,mean_binary_certainty,0.480015419545465
V3-2,P2,3,13,natural_missingness,ea4f5c2a61cf7df43321c66da250e1480ff9cb431dfabb22d9c4d05d565bb993,798c57a3ac7a11de427c0a84f98e03963a324e88ac17f5f896df91646b94d404,extrasensory-p2-fold3-seed13-v2_seed13,0.6,0.6000023146004999,51845,0.3504468518553068,0.6246748951114601,0.7857926874753567,528117,mean_binary_certainty,0.4563894211130032
V3-2,P2,3,13,natural_missingness,ea4f5c2a61cf7df43321c66da250e1480ff9cb431dfabb22d9c4d05d565bb993,798c57a3ac7a11de427c0a84f98e03963a324e88ac17f5f896df91646b94d404,extrasensory-p2-fold3-seed13-v2_seed13,0.65,0.6500092584019999,56166,0.3621515239605012,0.611431530023997,0.7712651515653032,567990,mean_binary_certainty,0.4329909813921913
V3-2,P2,3,13,natural_missingness,ea4f5c2a61cf7df43321c66da250e1480ff9cb431dfabb22d9c4d05d565bb993,798c57a3ac7a11de427c0a84f98e03963a324e88ac17f5f896df91646b94d404,extrasensory-p2-fold3-seed13-v2_seed13,0.7,0.7000046292009999,60486,0.372720713605831,0.598881093317035,0.7580230330453944,608514,mean_binary_certainty,0.4097235393463571
V3-2,P2,3,13,natural_missingness,ea4f5c2a61cf7df43321c66da250e1480ff9cb431dfabb22d9c4d05d565bb993,798c57a3ac7a11de427c0a84f98e03963a324e88ac17f5f896df91646b94d404,extrasensory-p2-fold3-seed13-v2_seed13,0.75,0.75,64806,0.3817850599558406,0.5888663213850527,0.7455840637635088,649848,mean_binary_certainty,0.3853353944432042
V3-2,P2,3,13,natural_missingness,ea4f5c2a61cf7df43321c66da250e1480ff9cb431dfabb22d9c4d05d565bb993,798c57a3ac7a11de427c0a84f98e03963a324e88ac17f5f896df91646b94d404,extrasensory-p2-fold3-seed13-v2_seed13,0.8,0.8000069438014998,69127,0.3898672505725663,0.5800017666851839,0.7346049610932073,691614,mean_binary_certainty,0.3601393328483072
V3-2,P2,3,13,natural_missingness,ea4f5c2a61cf7df43321c66da250e1480ff9cb431dfabb22d9c4d05d565bb993,798c57a3ac7a11de427c0a84f98e03963a324e88ac17f5f896df91646b94d404,extrasensory-p2-fold3-seed13-v2_seed13,0.85,0.8500023146004999,73447,0.3973659663694714,0.5727115726335296,0.724939723731628,733599,mean_binary_certainty,0.3316859817521167
V3-2,P2,3,13,natural_missingness,ea4f5c2a61cf7df43321c66da250e1480ff9cb431dfabb22d9c4d05d565bb993,798c57a3ac7a11de427c0a84f98e03963a324e88ac17f5f896df91646b94d404,extrasensory-p2-fold3-seed13-v2_seed13,0.9,0.9000092584019999,77768,0.4051646944091246,0.5657244565270434,0.716022174707309,774459,mean_binary_certainty,0.295647597035516
V3-2,P2,3,13,natural_missingness,ea4f5c2a61cf7df43321c66da250e1480ff9cb431dfabb22d9c4d05d565bb993,798c57a3ac7a11de427c0a84f98e03963a324e88ac17f5f896df91646b94d404,extrasensory-p2-fold3-seed13-v2_seed13,0.95,0.950004629201,82088,0.4131389069946992,0.5566725091113293,0.7065008281162777,815631,mean_binary_certainty,0.245767003385702
V3-2,P2,3,13,natural_missingness,ea4f5c2a61cf7df43321c66da250e1480ff9cb431dfabb22d9c4d05d565bb993,798c57a3ac7a11de427c0a84f98e03963a324e88ac17f5f896df91646b94d404,extrasensory-p2-fold3-seed13-v2_seed13,1.0,1.0,86408,0.4228649436786789,0.5462291450377689,0.6957399211112716,856815,mean_binary_certainty,0.033572289972099
V3-2,P2,3,13,natural_missingness,ea4f5c2a61cf7df43321c66da250e1480ff9cb431dfabb22d9c4d05d565bb993,798c57a3ac7a11de427c0a84f98e03963a324e88ac17f5f896df91646b94d404,extrasensory-p2-fold3-seed13-v2_seed13,0.05,0.0500069438014998,4321,0.4302530168119553,0.5693352788682922,0.6258749362629212,46372,p2_system_reliability,0.9932311773300172
V3-2,P2,3,13,natural_missingness,ea4f5c2a61cf7df43321c66da250e1480ff9cb431dfabb22d9c4d05d565bb993,798c57a3ac7a11de427c0a84f98e03963a324e88ac17f5f896df91646b94d404,extrasensory-p2-fold3-seed13-v2_seed13,0.1,0.1000023146004999,8641,0.4277371428146371,0.5716122288043153,0.6432788220126213,91773,p2_system_reliability,0.9913259744644164
V3-2,P2,3,13,natural_missingness,ea4f5c2a61cf7df43321c66da250e1480ff9cb431dfabb22d9c4d05d565bb993,798c57a3ac7a11de427c0a84f98e03963a324e88ac17f5f896df91646b94d404,extrasensory-p2-fold3-seed13-v2_seed13,0.15,0.1500092584019998,12962,0.4296956207332991,0.5664547260021509,0.6492469498115513,136124,p2_system_reliability,0.9896785020828248
V3-2,P2,3,13,natural_missingness,ea4f5c2a61cf7df43321c66da250e1480ff9cb431dfabb22d9c4d05d565bb993,798c57a3ac7a11de427c0a84f98e03963a324e88ac17f5f896df91646b94d404,extrasensory-p2-fold3-seed13-v2_seed13,0.2,0.2000046292009999,17282,0.4304112062418299,0.5680871689183091,0.6543068453539453,179546,p2_system_reliability,0.98819100856781
V3-2,P2,3,13,natural_missingness,ea4f5c2a61cf7df43321c66da250e1480ff9cb431dfabb22d9c4d05d565bb993,798c57a3ac7a11de427c0a84f98e03963a324e88ac17f5f896df91646b94d404,extrasensory-p2-fold3-seed13-v2_seed13,0.25,0.25,21602,0.433319590712585,0.564748132740574,0.656440293576671,221336,p2_system_reliability,0.9867528080940248
V3-2,P2,3,13,natural_missingness,ea4f5c2a61cf7df43321c66da250e1480ff9cb431dfabb22d9c4d05d565bb993,798c57a3ac7a11de427c0a84f98e03963a324e88ac17f5f896df91646b94d404,extrasensory-p2-fold3-seed13-v2_seed13,0.3,0.3000069438014998,25923,0.4404443700050912,0.5610691882462052,0.6579338466478966,262347,p2_system_reliability,0.9853547215461732
V3-2,P2,3,13,natural_missingness,ea4f5c2a61cf7df43321c66da250e1480ff9cb431dfabb22d9c4d05d565bb993,798c57a3ac7a11de427c0a84f98e03963a324e88ac17f5f896df91646b94d404,extrasensory-p2-fold3-seed13-v2_seed13,0.35,0.3500023146004999,30243,0.4431431232134492,0.5605347852784063,0.6614618750080189,302995,p2_system_reliability,0.9839788675308228
V3-2,P2,3,13,natural_missingness,ea4f5c2a61cf7df43321c66da250e1480ff9cb431dfabb22d9c4d05d565bb993,798c57a3ac7a11de427c0a84f98e03963a324e88ac17f5f896df91646b94d404,extrasensory-p2-fold3-seed13-v2_seed13,0.4,0.4000092584019998,34564,0.4443267229069284,0.5575467420292373,0.6637637896012659,343984,p2_system_reliability,0.9825583696365356
V3-2,P2,3,13,natural_missingness,ea4f5c2a61cf7df43321c66da250e1480ff9cb431dfabb22d9c4d05d565bb993,798c57a3ac7a11de427c0a84f98e03963a324e88ac17f5f896df91646b94d404,extrasensory-p2-fold3-seed13-v2_seed13,0.45,0.4500046292009999,38884,0.4440104254737492,0.55596167130557,0.6658019715049687,384731,p2_system_reliability,0.9810806512832642
V3-2,P2,3,13,natural_missingness,ea4f5c2a61cf7df43321c66da250e1480ff9cb431dfabb22d9c4d05d565bb993,798c57a3ac7a11de427c0a84f98e03963a324e88ac17f5f896df91646b94d404,extrasensory-p2-fold3-seed13-v2_seed13,0.5,0.5,43204,0.4430095562994882,0.5533085602965361,0.6667414258672815,426133,p2_system_reliability,0.9794697165489196
V3-2,P2,3,13,natural_missingness,ea4f5c2a61cf7df43321c66da250e1480ff9cb431dfabb22d9c4d05d565bb993,798c57a3ac7a11de427c0a84f98e03963a324e88ac17f5f896df91646b94d404,extrasensory-p2-fold3-seed13-v2_seed13,0.55,0.5500069438014998,47525,0.4427249401614387,0.5504948854548674,0.6688226475499417,468513,p2_system_reliability,0.9777783155441284
V3-2,P2,3,13,natural_missingness,ea4f5c2a61cf7df43321c66da250e1480ff9cb431dfabb22d9c4d05d565bb993,798c57a3ac7a11de427c0a84f98e03963a324e88ac17f5f896df91646b94d404,extrasensory-p2-fold3-seed13-v2_seed13,0.6,0.6000023146004999,51845,0.4400049793631175,0.5491401925319687,0.6722139319219562,510012,p2_system_reliability,0.976021409034729
V3-2,P2,3,13,natural_missingness,ea4f5c2a61cf7df43321c66da250e1480ff9cb431dfabb22d9c4d05d565bb993,798c57a3ac7a11de427c0a84f98e03963a324e88ac17f5f896df91646b94d404,extrasensory-p2-fold3-seed13-v2_seed13,0.65,0.6500092584019999,56166,0.4362354976050454,0.5479259607520179,0.6756838342743844,551728,p2_system_reliability,0.974127471446991
V3-2,P2,3,13,natural_missingness,ea4f5c2a61cf7df43321c66da250e1480ff9cb431dfabb22d9c4d05d565bb993,798c57a3ac7a11de427c0a84f98e03963a324e88ac17f5f896df91646b94d404,extrasensory-p2-fold3-seed13-v2_seed13,0.7,0.7000046292009999,60486,0.4357918189901434,0.5472777850889562,0.6787370083554106,593042,p2_system_reliability,0.972070813179016
V3-2,P2,3,13,natural_missingness,ea4f5c2a61cf7df43321c66da250e1480ff9cb431dfabb22d9c4d05d565bb993,798c57a3ac7a11de427c0a84f98e03963a324e88ac17f5f896df91646b94d404,extrasensory-p2-fold3-seed13-v2_seed13,0.75,0.75,64806,0.4347256724825282,0.5460630191926121,0.6814291019832133,634386,p2_system_reliability,0.9696160554885864
V3-2,P2,3,13,natural_missingness,ea4f5c2a61cf7df43321c66da250e1480ff9cb431dfabb22d9c4d05d565bb993,798c57a3ac7a11de427c0a84f98e03963a324e88ac17f5f896df91646b94d404,extrasensory-p2-fold3-seed13-v2_seed13,0.8,0.8000069438014998,69127,0.4325674499144233,0.5455017040152208,0.6841649278907093,676035,p2_system_reliability,0.9665448069572448
V3-2,P2,3,13,natural_missingness,ea4f5c2a61cf7df43321c66da250e1480ff9cb431dfabb22d9c4d05d565bb993,798c57a3ac7a11de427c0a84f98e03963a324e88ac17f5f896df91646b94d404,extrasensory-p2-fold3-seed13-v2_seed13,0.85,0.8500023146004999,73447,0.429942017236462,0.5457081079069652,0.687290249285052,720272,p2_system_reliability,0.9624250531196594
V3-2,P2,3,13,natural_missingness,ea4f5c2a61cf7df43321c66da250e1480ff9cb431dfabb22d9c4d05d565bb993,798c57a3ac7a11de427c0a84f98e03963a324e88ac17f5f896df91646b94d404,extrasensory-p2-fold3-seed13-v2_seed13,0.9,0.9000092584019999,77768,0.4262380784092025,0.5451795058401987,0.6908515880701669,766762,p2_system_reliability,0.9564945697784424
V3-2,P2,3,13,natural_missingness,ea4f5c2a61cf7df43321c66da250e1480ff9cb431dfabb22d9c4d05d565bb993,798c57a3ac7a11de427c0a84f98e03963a324e88ac17f5f896df91646b94d404,extrasensory-p2-fold3-seed13-v2_seed13,0.95,0.950004629201,82088,0.4235505351083088,0.5451167263063698,0.6936293262262987,812999,p2_system_reliability,0.9461342692375184
V3-2,P2,3,13,natural_missingness,ea4f5c2a61cf7df43321c66da250e1480ff9cb431dfabb22d9c4d05d565bb993,798c57a3ac7a11de427c0a84f98e03963a324e88ac17f5f896df91646b94d404,extrasensory-p2-fold3-seed13-v2_seed13,1.0,1.0,86408,0.4228649436786789,0.5462291450377689,0.6957399211112716,856815,p2_system_reliability,0.8326734304428101
V3-2,P2,3,13,natural_missingness,ea4f5c2a61cf7df43321c66da250e1480ff9cb431dfabb22d9c4d05d565bb993,798c57a3ac7a11de427c0a84f98e03963a324e88ac17f5f896df91646b94d404,extrasensory-p2-fold3-seed13-v2_seed13,0.05,0.0500069438014998,4321,0.2730164987853821,0.5001920834932403,0.8738228283380876,48505,task_confidence_output_only,0.5853244650238666
V3-2,P2,3,13,natural_missingness,ea4f5c2a61cf7df43321c66da250e1480ff9cb431dfabb22d9c4d05d565bb993,798c57a3ac7a11de427c0a84f98e03963a324e88ac17f5f896df91646b94d404,extrasensory-p2-fold3-seed13-v2_seed13,0.1,0.1000023146004999,8641,0.3156360530270771,0.5482153092358195,0.8413433458489779,91732,task_confidence_output_only,0.4923761936633578
V3-2,P2,3,13,natural_missingness,ea4f5c2a61cf7df43321c66da250e1480ff9cb431dfabb22d9c4d05d565bb993,798c57a3ac7a11de427c0a84f98e03963a324e88ac17f5f896df91646b94d404,extrasensory-p2-fold3-seed13-v2_seed13,0.15,0.1500092584019998,12962,0.3420709648114859,0.5811350362826685,0.8322935361650001,134172,task_confidence_output_only,0.4358644710892212
V3-2,P2,3,13,natural_missingness,ea4f5c2a61cf7df43321c66da250e1480ff9cb431dfabb22d9c4d05d565bb993,798c57a3ac7a11de427c0a84f98e03963a324e88ac17f5f896df91646b94d404,extrasensory-p2-fold3-seed13-v2_seed13,0.2,0.2000046292009999,17282,0.3416121706158012,0.5892401081776492,0.8388601539807146,175027,task_confidence_output_only,0.4056376159907618
V3-2,P2,3,13,natural_missingness,ea4f5c2a61cf7df43321c66da250e1480ff9cb431dfabb22d9c4d05d565bb993,798c57a3ac7a11de427c0a84f98e03963a324e88ac17f5f896df91646b94d404,extrasensory-p2-fold3-seed13-v2_seed13,0.25,0.25,21602,0.3274849830563514,0.5982690282112842,0.8454447566772593,214126,task_confidence_output_only,0.3799972447964823
V3-2,P2,3,13,natural_missingness,ea4f5c2a61cf7df43321c66da250e1480ff9cb431dfabb22d9c4d05d565bb993,798c57a3ac7a11de427c0a84f98e03963a324e88ac17f5f896df91646b94d404,extrasensory-p2-fold3-seed13-v2_seed13,0.3,0.3000069438014998,25923,0.3218916676365909,0.604078960480406,0.8413612945359553,259736,task_confidence_output_only,0.3443872186269162
V3-2,P2,3,13,natural_missingness,ea4f5c2a61cf7df43321c66da250e1480ff9cb431dfabb22d9c4d05d565bb993,798c57a3ac7a11de427c0a84f98e03963a324e88ac17f5f896df91646b94d404,extrasensory-p2-fold3-seed13-v2_seed13,0.35,0.3500023146004999,30243,0.3264043320062863,0.609685881782534,0.8319800357568534,305080,task_confidence_output_only,0.3072836674803489
V3-2,P2,3,13,natural_missingness,ea4f5c2a61cf7df43321c66da250e1480ff9cb431dfabb22d9c4d05d565bb993,798c57a3ac7a11de427c0a84f98e03963a324e88ac17f5f896df91646b94d404,extrasensory-p2-fold3-seed13-v2_seed13,0.4,0.4000092584019998,34564,0.334726952350376,0.6121331990124331,0.8216928568319332,349320,task_confidence_output_only,0.2744553192355861
V3-2,P2,3,13,natural_missingness,ea4f5c2a61cf7df43321c66da250e1480ff9cb431dfabb22d9c4d05d565bb993,798c57a3ac7a11de427c0a84f98e03963a324e88ac17f5f896df91646b94d404,extrasensory-p2-fold3-seed13-v2_seed13,0.45,0.4500046292009999,38884,0.3433655502678108,0.6122637001634453,0.8109003064440389,393723,task_confidence_output_only,0.2446090973282836
V3-2,P2,3,13,natural_missingness,ea4f5c2a61cf7df43321c66da250e1480ff9cb431dfabb22d9c4d05d565bb993,798c57a3ac7a11de427c0a84f98e03963a324e88ac17f5f896df91646b94d404,extrasensory-p2-fold3-seed13-v2_seed13,0.5,0.5,43204,0.3540687382542818,0.6094970258827966,0.7981482855061018,437943,task_confidence_output_only,0.2173547325353669
V3-2,P2,3,13,natural_missingness,ea4f5c2a61cf7df43321c66da250e1480ff9cb431dfabb22d9c4d05d565bb993,798c57a3ac7a11de427c0a84f98e03963a324e88ac17f5f896df91646b94d404,extrasensory-p2-fold3-seed13-v2_seed13,0.55,0.5500069438014998,47525,0.3639372315824453,0.6044121958891411,0.7856367863601137,481772,task_confidence_output_only,0.1924219984062486
V3-2,P2,3,13,natural_missingness,ea4f5c2a61cf7df43321c66da250e1480ff9cb431dfabb22d9c4d05d565bb993,798c57a3ac7a11de427c0a84f98e03963a324e88ac17f5f896df91646b94d404,extrasensory-p2-fold3-seed13-v2_seed13,0.6,0.6000023146004999,51845,0.3734935285974903,0.5999914253983996,0.7731560860651252,525511,task_confidence_output_only,0.1700021868261243
V3-2,P2,3,13,natural_missingness,ea4f5c2a61cf7df43321c66da250e1480ff9cb431dfabb22d9c4d05d565bb993,798c57a3ac7a11de427c0a84f98e03963a324e88ac17f5f896df91646b94d404,extrasensory-p2-fold3-seed13-v2_seed13,0.65,0.6500092584019999,56166,0.38077358026654,0.5947932916417713,0.7620433638401635,570001,task_confidence_output_only,0.1499368175331882
V3-2,P2,3,13,natural_missingness,ea4f5c2a61cf7df43321c66da250e1480ff9cb431dfabb22d9c4d05d565bb993,798c57a3ac7a11de427c0a84f98e03963a324e88ac17f5f896df91646b94d404,extrasensory-p2-fold3-seed13-v2_seed13,0.7,0.7000046292009999,60486,0.3886322391292424,0.588412936873689,0.7511778664014194,613727,task_confidence_output_only,0.1322149021531055
V3-2,P2,3,13,natural_missingness,ea4f5c2a61cf7df43321c66da250e1480ff9cb431dfabb22d9c4d05d565bb993,798c57a3ac7a11de427c0a84f98e03963a324e88ac17f5f896df91646b94d404,extrasensory-p2-fold3-seed13-v2_seed13,0.75,0.75,64806,0.3953853552192459,0.5813399962840422,0.740961753210497,656528,task_confidence_output_only,0.1156715769023679
V3-2,P2,3,13,natural_missingness,ea4f5c2a61cf7df43321c66da250e1480ff9cb431dfabb22d9c4d05d565bb993,798c57a3ac7a11de427c0a84f98e03963a324e88ac17f5f896df91646b94d404,extrasensory-p2-fold3-seed13-v2_seed13,0.8,0.8000069438014998,69127,0.4011631118926385,0.5746526910884848,0.7317610456293412,699864,task_confidence_output_only,0.0995309761766833
V3-2,P2,3,13,natural_missingness,ea4f5c2a61cf7df43321c66da250e1480ff9cb431dfabb22d9c4d05d565bb993,798c57a3ac7a11de427c0a84f98e03963a324e88ac17f5f896df91646b94d404,extrasensory-p2-fold3-seed13-v2_seed13,0.85,0.8500023146004999,73447,0.4073923549492668,0.5665895340843737,0.7225345777577871,741903,task_confidence_output_only,0.0838673678172142
V3-2,P2,3,13,natural_missingness,ea4f5c2a61cf7df43321c66da250e1480ff9cb431dfabb22d9c4d05d565bb993,798c57a3ac7a11de427c0a84f98e03963a324e88ac17f5f896df91646b94d404,extrasensory-p2-fold3-seed13-v2_seed13,0.9,0.9000092584019999,77768,0.4126015786724532,0.5600106061650522,0.7138746656569043,783359,task_confidence_output_only,0.0680308304366077
V3-2,P2,3,13,natural_missingness,ea4f5c2a61cf7df43321c66da250e1480ff9cb431dfabb22d9c4d05d565bb993,798c57a3ac7a11de427c0a84f98e03963a324e88ac17f5f896df91646b94d404,extrasensory-p2-fold3-seed13-v2_seed13,0.95,0.950004629201,82088,0.4175834583795986,0.5529234838285711,0.7049922696209827,822814,task_confidence_output_only,0.0501547105494961
V3-2,P2,3,13,natural_missingness,ea4f5c2a61cf7df43321c66da250e1480ff9cb431dfabb22d9c4d05d565bb993,798c57a3ac7a11de427c0a84f98e03963a324e88ac17f5f896df91646b94d404,extrasensory-p2-fold3-seed13-v2_seed13,1.0,1.0,86408,0.422864943678679,0.5462291450377689,0.6957399211112716,856815,task_confidence_output_only,0.0084290231828967
V3-2,P2,3,13,natural_missingness,ea4f5c2a61cf7df43321c66da250e1480ff9cb431dfabb22d9c4d05d565bb993,798c57a3ac7a11de427c0a84f98e03963a324e88ac17f5f896df91646b94d404,extrasensory-p2-fold3-seed13-v2_seed13,0.05,0.0500069438014998,4321,0.3079017235932215,0.5511230656450187,0.8586622351474865,46697,task_confidence_full,0.5075661973687888
V3-2,P2,3,13,natural_missingness,ea4f5c2a61cf7df43321c66da250e1480ff9cb431dfabb22d9c4d05d565bb993,798c57a3ac7a11de427c0a84f98e03963a324e88ac17f5f896df91646b94d404,extrasensory-p2-fold3-seed13-v2_seed13,0.1,0.1000023146004999,8641,0.2957796229236965,0.5594330966509068,0.8677122680243061,91397,task_confidence_full,0.4439133698401613
V3-2,P2,3,13,natural_missingness,ea4f5c2a61cf7df43321c66da250e1480ff9cb431dfabb22d9c4d05d565bb993,798c57a3ac7a11de427c0a84f98e03963a324e88ac17f5f896df91646b94d404,extrasensory-p2-fold3-seed13-v2_seed13,0.15,0.1500092584019998,12962,0.3071876030560981,0.5749029810144268,0.8663593186344833,133307,task_confidence_full,0.3983825628317696
V3-2,P2,3,13,natural_missingness,ea4f5c2a61cf7df43321c66da250e1480ff9cb431dfabb22d9c4d05d565bb993,798c57a3ac7a11de427c0a84f98e03963a324e88ac17f5f896df91646b94d404,extrasensory-p2-fold3-seed13-v2_seed13,0.2,0.2000046292009999,17282,0.3100641636942269,0.5858596234499539,0.8628313925330077,176478,task_confidence_full,0.3559691668123046
V3-2,P2,3,13,natural_missingness,ea4f5c2a61cf7df43321c66da250e1480ff9cb431dfabb22d9c4d05d565bb993,798c57a3ac7a11de427c0a84f98e03963a324e88ac17f5f896df91646b94d404,extrasensory-p2-fold3-seed13-v2_seed13,0.25,0.25,21602,0.3101026527416337,0.5909414282188891,0.8561666068713375,219154,task_confidence_full,0.3186248797169095
V3-2,P2,3,13,natural_missingness,ea4f5c2a61cf7df43321c66da250e1480ff9cb431dfabb22d9c4d05d565bb993,798c57a3ac7a11de427c0a84f98e03963a324e88ac17f5f896df91646b94d404,extrasensory-p2-fold3-seed13-v2_seed13,0.3,0.3000069438014998,25923,0.3142002873733909,0.6003382683215146,0.8473211343086822,262260,task_confidence_full,0.282480453348347
V3-2,P2,3,13,natural_missingness,ea4f5c2a61cf7df43321c66da250e1480ff9cb431dfabb22d9c4d05d565bb993,798c57a3ac7a11de427c0a84f98e03963a324e88ac17f5f896df91646b94d404,extrasensory-p2-fold3-seed13-v2_seed13,0.35,0.3500023146004999,30243,0.3212348234997287,0.6026929690908748,0.835725481759228,306623,task_confidence_full,0.2472554223071866
V3-2,P2,3,13,natural_missingness,ea4f5c2a61cf7df43321c66da250e1480ff9cb431dfabb22d9c4d05d565bb993,798c57a3ac7a11de427c0a84f98e03963a324e88ac17f5f896df91646b94d404,extrasensory-p2-fold3-seed13-v2_seed13,0.4,0.4000092584019998,34564,0.3327682412129564,0.6005336127837134,0.8222294092281156,350923,task_confidence_full,0.215848221144549
V3-2,P2,3,13,natural_missingness,ea4f5c2a61cf7df43321c66da250e1480ff9cb431dfabb22d9c4d05d565bb993,798c57a3ac7a11de427c0a84f98e03963a324e88ac17f5f896df91646b94d404,extrasensory-p2-fold3-seed13-v2_seed13,0.45,0.4500046292009999,38884,0.3416168671883714,0.6016938403870247,0.8098232543850385,395576,task_confidence_full,0.1880056325473041
V3-2,P2,3,13,natural_missingness,ea4f5c2a61cf7df43321c66da250e1480ff9cb431dfabb22d9c4d05d565bb993,798c57a3ac7a11de427c0a84f98e03963a324e88ac17f5f896df91646b94d404,extrasensory-p2-fold3-seed13-v2_seed13,0.5,0.5,43204,0.3522113754135784,0.6003127288575129,0.7973048946089243,440202,task_confidence_full,0.1634417890259133
V3-2,P2,3,13,natural_missingness,ea4f5c2a61cf7df43321c66da250e1480ff9cb431dfabb22d9c4d05d565bb993,798c57a3ac7a11de427c0a84f98e03963a324e88ac17f5f896df91646b94d404,extrasensory-p2-fold3-seed13-v2_seed13,0.55,0.5500069438014998,47525,0.3611243509837916,0.5977787441441046,0.7853462538406996,484595,task_confidence_full,0.1410733141591901
V3-2,P2,3,13,natural_missingness,ea4f5c2a61cf7df43321c66da250e1480ff9cb431dfabb22d9c4d05d565bb993,798c57a3ac7a11de427c0a84f98e03963a324e88ac17f5f896df91646b94d404,extrasensory-p2-fold3-seed13-v2_seed13,0.6,0.6000023146004999,51845,0.3703761851085729,0.5946027921172717,0.7739593417231365,529361,task_confidence_full,0.1224264122205651
V3-2,P2,3,13,natural_missingness,ea4f5c2a61cf7df43321c66da250e1480ff9cb431dfabb22d9c4d05d565bb993,798c57a3ac7a11de427c0a84f98e03963a324e88ac17f5f896df91646b94d404,extrasensory-p2-fold3-seed13-v2_seed13,0.65,0.6500092584019999,56166,0.3782069852650409,0.589589554319737,0.7630597263486057,573776,task_confidence_full,0.1059416468784357
V3-2,P2,3,13,natural_missingness,ea4f5c2a61cf7df43321c66da250e1480ff9cb431dfabb22d9c4d05d565bb993,798c57a3ac7a11de427c0a84f98e03963a324e88ac17f5f896df91646b94d404,extrasensory-p2-fold3-seed13-v2_seed13,0.7,0.7000046292009999,60486,0.3861918717008986,0.5845981341204678,0.7525503652661446,617226,task_confidence_full,0.0909556556913662
V3-2,P2,3,13,natural_missingness,ea4f5c2a61cf7df43321c66da250e1480ff9cb431dfabb22d9c4d05d565bb993,798c57a3ac7a11de427c0a84f98e03963a324e88ac17f5f896df91646b94d404,extrasensory-p2-fold3-seed13-v2_seed13,0.75,0.75,64806,0.3939199962948135,0.578705490391098,0.7421731654684561,660610,task_confidence_full,0.0778019328757787
V3-2,P2,3,13,natural_missingness,ea4f5c2a61cf7df43321c66da250e1480ff9cb431dfabb22d9c4d05d565bb993,798c57a3ac7a11de427c0a84f98e03963a324e88ac17f5f896df91646b94d404,extrasensory-p2-fold3-seed13-v2_seed13,0.8,0.8000069438014998,69127,0.4005912418081963,0.5722143245624782,0.7324706785700767,703238,task_confidence_full,0.0656401492081404
V3-2,P2,3,13,natural_missingness,ea4f5c2a61cf7df43321c66da250e1480ff9cb431dfabb22d9c4d05d565bb993,798c57a3ac7a11de427c0a84f98e03963a324e88ac17f5f896df91646b94d404,extrasensory-p2-fold3-seed13-v2_seed13,0.85,0.8500023146004999,73447,0.4072111417443694,0.5657732388763929,0.7231240187184622,744711,task_confidence_full,0.0545785687689075
V3-2,P2,3,13,natural_missingness,ea4f5c2a61cf7df43321c66da250e1480ff9cb431dfabb22d9c4d05d565bb993,798c57a3ac7a11de427c0a84f98e03963a324e88ac17f5f896df91646b94d404,extrasensory-p2-fold3-seed13-v2_seed13,0.9,0.9000092584019999,77768,0.4125235321478355,0.5594431183381781,0.7142258588057387,784443,task_confidence_full,0.0428665952411634
V3-2,P2,3,13,natural_missingness,ea4f5c2a61cf7df43321c66da250e1480ff9cb431dfabb22d9c4d05d565bb993,798c57a3ac7a11de427c0a84f98e03963a324e88ac17f5f896df91646b94d404,extrasensory-p2-fold3-seed13-v2_seed13,0.95,0.950004629201,82088,0.4177641897776826,0.5528052757462122,0.7050430166575142,822518,task_confidence_full,0.0304665389724703
V3-2,P2,3,13,natural_missingness,ea4f5c2a61cf7df43321c66da250e1480ff9cb431dfabb22d9c4d05d565bb993,798c57a3ac7a11de427c0a84f98e03963a324e88ac17f5f896df91646b94d404,extrasensory-p2-fold3-seed13-v2_seed13,1.0,1.0,86408,0.4228649436786789,0.5462291450377689,0.6957399211112716,856815,task_confidence_full,0.0009079226287302
V3-2,P2,3,29,natural_missingness,ea4f5c2a61cf7df43321c66da250e1480ff9cb431dfabb22d9c4d05d565bb993,10d9503e683f16ee3cc2a2ddfc4f697fdc3e0f9813fdab4aa08f1b14b187abdf,extrasensory-p2-fold3-seed29-v2_multiseed,0.05,0.0500069438014998,4321,0.2186205197320467,0.629442348823509,0.9538038659336762,38148,mean_binary_certainty,0.9240243631882552
V3-2,P2,3,29,natural_missingness,ea4f5c2a61cf7df43321c66da250e1480ff9cb431dfabb22d9c4d05d565bb993,10d9503e683f16ee3cc2a2ddfc4f697fdc3e0f9813fdab4aa08f1b14b187abdf,extrasensory-p2-fold3-seed29-v2_multiseed,0.1,0.1000023146004999,8641,0.2216285705437946,0.6160253841311925,0.9408144338588652,82978,mean_binary_certainty,0.865931273038889
V3-2,P2,3,29,natural_missingness,ea4f5c2a61cf7df43321c66da250e1480ff9cb431dfabb22d9c4d05d565bb993,10d9503e683f16ee3cc2a2ddfc4f697fdc3e0f9813fdab4aa08f1b14b187abdf,extrasensory-p2-fold3-seed29-v2_multiseed,0.15,0.1500092584019998,12962,0.2213102274735758,0.6386187938486049,0.93010855595964,130059,mean_binary_certainty,0.8136979616246318
V3-2,P2,3,29,natural_missingness,ea4f5c2a61cf7df43321c66da250e1480ff9cb431dfabb22d9c4d05d565bb993,10d9503e683f16ee3cc2a2ddfc4f697fdc3e0f9813fdab4aa08f1b14b187abdf,extrasensory-p2-fold3-seed29-v2_multiseed,0.2,0.2000046292009999,17282,0.2274346173409863,0.6502337859717087,0.9172462535978776,176465,mean_binary_certainty,0.7598928040340386
V3-2,P2,3,29,natural_missingness,ea4f5c2a61cf7df43321c66da250e1480ff9cb431dfabb22d9c4d05d565bb993,10d9503e683f16ee3cc2a2ddfc4f697fdc3e0f9813fdab4aa08f1b14b187abdf,extrasensory-p2-fold3-seed29-v2_multiseed,0.25,0.25,21602,0.2550813671795624,0.6637285810848703,0.8990410605720369,220388,mean_binary_certainty,0.712114619443305
V3-2,P2,3,29,natural_missingness,ea4f5c2a61cf7df43321c66da250e1480ff9cb431dfabb22d9c4d05d565bb993,10d9503e683f16ee3cc2a2ddfc4f697fdc3e0f9813fdab4aa08f1b14b187abdf,extrasensory-p2-fold3-seed29-v2_multiseed,0.3,0.3000069438014998,25923,0.2767854079319475,0.6730953520266191,0.8768672402679297,263743,mean_binary_certainty,0.6751068054655793
V3-2,P2,3,29,natural_missingness,ea4f5c2a61cf7df43321c66da250e1480ff9cb431dfabb22d9c4d05d565bb993,10d9503e683f16ee3cc2a2ddfc4f697fdc3e0f9813fdab4aa08f1b14b187abdf,extrasensory-p2-fold3-seed29-v2_multiseed,0.35,0.3500023146004999,30243,0.296252525070718,0.663959424743094,0.8543672815144928,306952,mean_binary_certainty,0.6428586337681419
V3-2,P2,3,29,natural_missingness,ea4f5c2a61cf7df43321c66da250e1480ff9cb431dfabb22d9c4d05d565bb993,10d9503e683f16ee3cc2a2ddfc4f697fdc3e0f9813fdab4aa08f1b14b187abdf,extrasensory-p2-fold3-seed29-v2_multiseed,0.4,0.4000092584019998,34564,0.312715498958202,0.6517727389211877,0.83372352764294,349076,mean_binary_certainty,0.6139512394113205
V3-2,P2,3,29,natural_missingness,ea4f5c2a61cf7df43321c66da250e1480ff9cb431dfabb22d9c4d05d565bb993,10d9503e683f16ee3cc2a2ddfc4f697fdc3e0f9813fdab4aa08f1b14b187abdf,extrasensory-p2-fold3-seed29-v2_multiseed,0.45,0.4500046292009999,38884,0.3245578863729549,0.6399622860574835,0.8152971855222377,390324,mean_binary_certainty,0.5855846153219386
V3-2,P2,3,29,natural_missingness,ea4f5c2a61cf7df43321c66da250e1480ff9cb431dfabb22d9c4d05d565bb993,10d9503e683f16ee3cc2a2ddfc4f697fdc3e0f9813fdab4aa08f1b14b187abdf,extrasensory-p2-fold3-seed29-v2_multiseed,0.5,0.5,43204,0.3361762537122543,0.6296671688139693,0.7978666759774098,432070,mean_binary_certainty,0.5585511852987148
V3-2,P2,3,29,natural_missingness,ea4f5c2a61cf7df43321c66da250e1480ff9cb431dfabb22d9c4d05d565bb993,10d9503e683f16ee3cc2a2ddfc4f697fdc3e0f9813fdab4aa08f1b14b187abdf,extrasensory-p2-fold3-seed29-v2_multiseed,0.55,0.5500069438014998,47525,0.3456274069166036,0.6161482559294331,0.7817044173699702,474306,mean_binary_certainty,0.5324941560997829
V3-2,P2,3,29,natural_missingness,ea4f5c2a61cf7df43321c66da250e1480ff9cb431dfabb22d9c4d05d565bb993,10d9503e683f16ee3cc2a2ddfc4f697fdc3e0f9813fdab4aa08f1b14b187abdf,extrasensory-p2-fold3-seed29-v2_multiseed,0.6,0.6000023146004999,51845,0.3552282595036514,0.6039959585609425,0.7668314362825628,515732,mean_binary_certainty,0.5074944648343778
V3-2,P2,3,29,natural_missingness,ea4f5c2a61cf7df43321c66da250e1480ff9cb431dfabb22d9c4d05d565bb993,10d9503e683f16ee3cc2a2ddfc4f697fdc3e0f9813fdab4aa08f1b14b187abdf,extrasensory-p2-fold3-seed29-v2_multiseed,0.65,0.6500092584019999,56166,0.3647704224300009,0.5906960066429142,0.7529786837151724,557819,mean_binary_certainty,0.4831107444724716
V3-2,P2,3,29,natural_missingness,ea4f5c2a61cf7df43321c66da250e1480ff9cb431dfabb22d9c4d05d565bb993,10d9503e683f16ee3cc2a2ddfc4f697fdc3e0f9813fdab4aa08f1b14b187abdf,extrasensory-p2-fold3-seed29-v2_multiseed,0.7,0.7000046292009999,60486,0.3741103723372495,0.5781494553890588,0.7402966652707677,600326,mean_binary_certainty,0.4590013105955328
V3-2,P2,3,29,natural_missingness,ea4f5c2a61cf7df43321c66da250e1480ff9cb431dfabb22d9c4d05d565bb993,10d9503e683f16ee3cc2a2ddfc4f697fdc3e0f9813fdab4aa08f1b14b187abdf,extrasensory-p2-fold3-seed29-v2_multiseed,0.75,0.75,64806,0.3831052198516907,0.5671220413350824,0.7286456651302076,642561,mean_binary_certainty,0.4349338582444002
V3-2,P2,3,29,natural_missingness,ea4f5c2a61cf7df43321c66da250e1480ff9cb431dfabb22d9c4d05d565bb993,10d9503e683f16ee3cc2a2ddfc4f697fdc3e0f9813fdab4aa08f1b14b187abdf,extrasensory-p2-fold3-seed29-v2_multiseed,0.8,0.8000069438014998,69127,0.3915367125011464,0.5583180923749389,0.7179841442152702,686363,mean_binary_certainty,0.4100884715873274
V3-2,P2,3,29,natural_missingness,ea4f5c2a61cf7df43321c66da250e1480ff9cb431dfabb22d9c4d05d565bb993,10d9503e683f16ee3cc2a2ddfc4f697fdc3e0f9813fdab4aa08f1b14b187abdf,extrasensory-p2-fold3-seed29-v2_multiseed,0.85,0.8500023146004999,73447,0.3999696391717127,0.5487914744338838,0.7080667458078309,729765,mean_binary_certainty,0.3816911002665628
V3-2,P2,3,29,natural_missingness,ea4f5c2a61cf7df43321c66da250e1480ff9cb431dfabb22d9c4d05d565bb993,10d9503e683f16ee3cc2a2ddfc4f697fdc3e0f9813fdab4aa08f1b14b187abdf,extrasensory-p2-fold3-seed29-v2_multiseed,0.9,0.9000092584019999,77768,0.4077948262607071,0.5383879479140184,0.697878474204065,772444,mean_binary_certainty,0.347598944875209
V3-2,P2,3,29,natural_missingness,ea4f5c2a61cf7df43321c66da250e1480ff9cb431dfabb22d9c4d05d565bb993,10d9503e683f16ee3cc2a2ddfc4f697fdc3e0f9813fdab4aa08f1b14b187abdf,extrasensory-p2-fold3-seed29-v2_multiseed,0.95,0.950004629201,82088,0.4159849435617666,0.5288869367150588,0.6883637557811773,815002,mean_binary_certainty,0.2971633898960788
V3-2,P2,3,29,natural_missingness,ea4f5c2a61cf7df43321c66da250e1480ff9cb431dfabb22d9c4d05d565bb993,10d9503e683f16ee3cc2a2ddfc4f697fdc3e0f9813fdab4aa08f1b14b187abdf,extrasensory-p2-fold3-seed29-v2_multiseed,1.0,1.0,86408,0.4258320735001711,0.5175101340642319,0.6772116485465142,856815,mean_binary_certainty,0.062575685041164
V3-2,P2,3,29,natural_missingness,ea4f5c2a61cf7df43321c66da250e1480ff9cb431dfabb22d9c4d05d565bb993,10d9503e683f16ee3cc2a2ddfc4f697fdc3e0f9813fdab4aa08f1b14b187abdf,extrasensory-p2-fold3-seed29-v2_multiseed,0.05,0.0500069438014998,4321,0.4901504786824806,0.4700819741865592,0.503741650344031,43558,p2_system_reliability,0.996312379837036
V3-2,P2,3,29,natural_missingness,ea4f5c2a61cf7df43321c66da250e1480ff9cb431dfabb22d9c4d05d565bb993,10d9503e683f16ee3cc2a2ddfc4f697fdc3e0f9813fdab4aa08f1b14b187abdf,extrasensory-p2-fold3-seed29-v2_multiseed,0.1,0.1000023146004999,8641,0.4861712634561782,0.5052368304812525,0.5412763535466123,87731,p2_system_reliability,0.9946086406707764
V3-2,P2,3,29,natural_missingness,ea4f5c2a61cf7df43321c66da250e1480ff9cb431dfabb22d9c4d05d565bb993,10d9503e683f16ee3cc2a2ddfc4f697fdc3e0f9813fdab4aa08f1b14b187abdf,extrasensory-p2-fold3-seed29-v2_multiseed,0.15,0.1500092584019998,12962,0.4789884923306581,0.5176068632318721,0.5660174655063922,131406,p2_system_reliability,0.993011236190796
V3-2,P2,3,29,natural_missingness,ea4f5c2a61cf7df43321c66da250e1480ff9cb431dfabb22d9c4d05d565bb993,10d9503e683f16ee3cc2a2ddfc4f697fdc3e0f9813fdab4aa08f1b14b187abdf,extrasensory-p2-fold3-seed29-v2_multiseed,0.2,0.2000046292009999,17282,0.474239877118227,0.5211607373964375,0.5834374077522196,174323,p2_system_reliability,0.9914805293083192
V3-2,P2,3,29,natural_missingness,ea4f5c2a61cf7df43321c66da250e1480ff9cb431dfabb22d9c4d05d565bb993,10d9503e683f16ee3cc2a2ddfc4f697fdc3e0f9813fdab4aa08f1b14b187abdf,extrasensory-p2-fold3-seed29-v2_multiseed,0.25,0.25,21602,0.4677432745424666,0.5247492288852149,0.5989950832786531,217037,p2_system_reliability,0.9899615049362184
V3-2,P2,3,29,natural_missingness,ea4f5c2a61cf7df43321c66da250e1480ff9cb431dfabb22d9c4d05d565bb993,10d9503e683f16ee3cc2a2ddfc4f697fdc3e0f9813fdab4aa08f1b14b187abdf,extrasensory-p2-fold3-seed29-v2_multiseed,0.3,0.3000069438014998,25923,0.4603457273968127,0.528734077573562,0.6116424116424116,259560,p2_system_reliability,0.988469898700714
V3-2,P2,3,29,natural_missingness,ea4f5c2a61cf7df43321c66da250e1480ff9cb431dfabb22d9c4d05d565bb993,10d9503e683f16ee3cc2a2ddfc4f697fdc3e0f9813fdab4aa08f1b14b187abdf,extrasensory-p2-fold3-seed29-v2_multiseed,0.35,0.3500023146004999,30243,0.4538435888071744,0.5312450277273582,0.6232772499131917,302210,p2_system_reliability,0.9869556427001952
V3-2,P2,3,29,natural_missingness,ea4f5c2a61cf7df43321c66da250e1480ff9cb431dfabb22d9c4d05d565bb993,10d9503e683f16ee3cc2a2ddfc4f697fdc3e0f9813fdab4aa08f1b14b187abdf,extrasensory-p2-fold3-seed29-v2_multiseed,0.4,0.4000092584019998,34564,0.4479652542043782,0.5314493951116609,0.6332900795541028,345583,p2_system_reliability,0.9853886961936952
V3-2,P2,3,29,natural_missingness,ea4f5c2a61cf7df43321c66da250e1480ff9cb431dfabb22d9c4d05d565bb993,10d9503e683f16ee3cc2a2ddfc4f697fdc3e0f9813fdab4aa08f1b14b187abdf,extrasensory-p2-fold3-seed29-v2_multiseed,0.45,0.4500046292009999,38884,0.4447388017760345,0.532008522088874,0.6408523933661896,388814,p2_system_reliability,0.9836342930793762
V3-2,P2,3,29,natural_missingness,ea4f5c2a61cf7df43321c66da250e1480ff9cb431dfabb22d9c4d05d565bb993,10d9503e683f16ee3cc2a2ddfc4f697fdc3e0f9813fdab4aa08f1b14b187abdf,extrasensory-p2-fold3-seed29-v2_multiseed,0.5,0.5,43204,0.4422785940625309,0.531541685368616,0.6477984153786206,431921,p2_system_reliability,0.98164564371109
V3-2,P2,3,29,natural_missingness,ea4f5c2a61cf7df43321c66da250e1480ff9cb431dfabb22d9c4d05d565bb993,10d9503e683f16ee3cc2a2ddfc4f697fdc3e0f9813fdab4aa08f1b14b187abdf,extrasensory-p2-fold3-seed29-v2_multiseed,0.55,0.5500069438014998,47525,0.4415289520422859,0.5319489846790235,0.6528088078812319,474494,p2_system_reliability,0.979325234889984
V3-2,P2,3,29,natural_missingness,ea4f5c2a61cf7df43321c66da250e1480ff9cb431dfabb22d9c4d05d565bb993,10d9503e683f16ee3cc2a2ddfc4f697fdc3e0f9813fdab4aa08f1b14b187abdf,extrasensory-p2-fold3-seed29-v2_multiseed,0.6,0.6000023146004999,51845,0.4408466253705693,0.5304521030350577,0.6566402529962446,516801,p2_system_reliability,0.9765565395355223
V3-2,P2,3,29,natural_missingness,ea4f5c2a61cf7df43321c66da250e1480ff9cb431dfabb22d9c4d05d565bb993,10d9503e683f16ee3cc2a2ddfc4f697fdc3e0f9813fdab4aa08f1b14b187abdf,extrasensory-p2-fold3-seed29-v2_multiseed,0.65,0.6500092584019999,56166,0.440910515139789,0.5294986899880194,0.6596692893005167,558515,p2_system_reliability,0.9733250737190248
V3-2,P2,3,29,natural_missingness,ea4f5c2a61cf7df43321c66da250e1480ff9cb431dfabb22d9c4d05d565bb993,10d9503e683f16ee3cc2a2ddfc4f697fdc3e0f9813fdab4aa08f1b14b187abdf,extrasensory-p2-fold3-seed29-v2_multiseed,0.7,0.7000046292009999,60486,0.4401583544404911,0.527828232393015,0.6625202078165685,599908,p2_system_reliability,0.9697365164756776
V3-2,P2,3,29,natural_missingness,ea4f5c2a61cf7df43321c66da250e1480ff9cb431dfabb22d9c4d05d565bb993,10d9503e683f16ee3cc2a2ddfc4f697fdc3e0f9813fdab4aa08f1b14b187abdf,extrasensory-p2-fold3-seed29-v2_multiseed,0.75,0.75,64806,0.4373995827926112,0.5260883356881536,0.6657121621543762,641348,p2_system_reliability,0.965652585029602
V3-2,P2,3,29,natural_missingness,ea4f5c2a61cf7df43321c66da250e1480ff9cb431dfabb22d9c4d05d565bb993,10d9503e683f16ee3cc2a2ddfc4f697fdc3e0f9813fdab4aa08f1b14b187abdf,extrasensory-p2-fold3-seed29-v2_multiseed,0.8,0.8000069438014998,69127,0.4339660792452614,0.5244799965964678,0.6687880912572137,684026,p2_system_reliability,0.9607537388801576
V3-2,P2,3,29,natural_missingness,ea4f5c2a61cf7df43321c66da250e1480ff9cb431dfabb22d9c4d05d565bb993,10d9503e683f16ee3cc2a2ddfc4f697fdc3e0f9813fdab4aa08f1b14b187abdf,extrasensory-p2-fold3-seed29-v2_multiseed,0.85,0.8500023146004999,73447,0.4324059665435036,0.5225131403141763,0.6707721675470817,726232,p2_system_reliability,0.9543663263320924
V3-2,P2,3,29,natural_missingness,ea4f5c2a61cf7df43321c66da250e1480ff9cb431dfabb22d9c4d05d565bb993,10d9503e683f16ee3cc2a2ddfc4f697fdc3e0f9813fdab4aa08f1b14b187abdf,extrasensory-p2-fold3-seed29-v2_multiseed,0.9,0.9000092584019999,77768,0.430374717571895,0.5212895702748203,0.6728293134321184,767412,p2_system_reliability,0.9450314044952391
V3-2,P2,3,29,natural_missingness,ea4f5c2a61cf7df43321c66da250e1480ff9cb431dfabb22d9c4d05d565bb993,10d9503e683f16ee3cc2a2ddfc4f697fdc3e0f9813fdab4aa08f1b14b187abdf,extrasensory-p2-fold3-seed29-v2_multiseed,0.95,0.950004629201,82088,0.4280854638730292,0.5190864024135894,0.6751071528350358,811775,p2_system_reliability,0.9300694465637208
V3-2,P2,3,29,natural_missingness,ea4f5c2a61cf7df43321c66da250e1480ff9cb431dfabb22d9c4d05d565bb993,10d9503e683f16ee3cc2a2ddfc4f697fdc3e0f9813fdab4aa08f1b14b187abdf,extrasensory-p2-fold3-seed29-v2_multiseed,1.0,1.0,86408,0.425832073500171,0.5175101340642319,0.6772116485465142,856815,p2_system_reliability,0.7320342063903809
V3-2,P2,3,29,natural_missingness,ea4f5c2a61cf7df43321c66da250e1480ff9cb431dfabb22d9c4d05d565bb993,10d9503e683f16ee3cc2a2ddfc4f697fdc3e0f9813fdab4aa08f1b14b187abdf,extrasensory-p2-fold3-seed29-v2_multiseed,0.05,0.0500069438014998,4321,0.2162198085658379,0.5196818647719399,0.9170945834023522,45491,task_confidence_output_only,0.5706006730775826
V3-2,P2,3,29,natural_missingness,ea4f5c2a61cf7df43321c66da250e1480ff9cb431dfabb22d9c4d05d565bb993,10d9503e683f16ee3cc2a2ddfc4f697fdc3e0f9813fdab4aa08f1b14b187abdf,extrasensory-p2-fold3-seed29-v2_multiseed,0.1,0.1000023146004999,8641,0.2096641522246418,0.5389603160643457,0.9203180364704866,84465,task_confidence_output_only,0.5316474803118094
V3-2,P2,3,29,natural_missingness,ea4f5c2a61cf7df43321c66da250e1480ff9cb431dfabb22d9c4d05d565bb993,10d9503e683f16ee3cc2a2ddfc4f697fdc3e0f9813fdab4aa08f1b14b187abdf,extrasensory-p2-fold3-seed29-v2_multiseed,0.15,0.1500092584019998,12962,0.2338482730424379,0.5716920257661118,0.9097879823006298,128055,task_confidence_output_only,0.4773016099425485
V3-2,P2,3,29,natural_missingness,ea4f5c2a61cf7df43321c66da250e1480ff9cb431dfabb22d9c4d05d565bb993,10d9503e683f16ee3cc2a2ddfc4f697fdc3e0f9813fdab4aa08f1b14b187abdf,extrasensory-p2-fold3-seed29-v2_multiseed,0.2,0.2000046292009999,17282,0.257820940458664,0.630077293220639,0.8946930372122566,171181,task_confidence_output_only,0.4145470096604938
V3-2,P2,3,29,natural_missingness,ea4f5c2a61cf7df43321c66da250e1480ff9cb431dfabb22d9c4d05d565bb993,10d9503e683f16ee3cc2a2ddfc4f697fdc3e0f9813fdab4aa08f1b14b187abdf,extrasensory-p2-fold3-seed29-v2_multiseed,0.25,0.25,21602,0.2750381232160884,0.6500795556113046,0.8788755757115884,215315,task_confidence_output_only,0.3611268347907181
V3-2,P2,3,29,natural_missingness,ea4f5c2a61cf7df43321c66da250e1480ff9cb431dfabb22d9c4d05d565bb993,10d9503e683f16ee3cc2a2ddfc4f697fdc3e0f9813fdab4aa08f1b14b187abdf,extrasensory-p2-fold3-seed29-v2_multiseed,0.3,0.3000069438014998,25923,0.2913096352990513,0.6471622585947016,0.8604711097366116,260072,task_confidence_output_only,0.3153616174996705
V3-2,P2,3,29,natural_missingness,ea4f5c2a61cf7df43321c66da250e1480ff9cb431dfabb22d9c4d05d565bb993,10d9503e683f16ee3cc2a2ddfc4f697fdc3e0f9813fdab4aa08f1b14b187abdf,extrasensory-p2-fold3-seed29-v2_multiseed,0.35,0.3500023146004999,30243,0.30662470707499,0.6352024190186556,0.8413014019579286,303772,task_confidence_output_only,0.2754831697066857
V3-2,P2,3,29,natural_missingness,ea4f5c2a61cf7df43321c66da250e1480ff9cb431dfabb22d9c4d05d565bb993,10d9503e683f16ee3cc2a2ddfc4f697fdc3e0f9813fdab4aa08f1b14b187abdf,extrasensory-p2-fold3-seed29-v2_multiseed,0.4,0.4000092584019998,34564,0.3206931045773861,0.6199604412903912,0.821302763015109,346799,task_confidence_output_only,0.2424011677791911
V3-2,P2,3,29,natural_missingness,ea4f5c2a61cf7df43321c66da250e1480ff9cb431dfabb22d9c4d05d565bb993,10d9503e683f16ee3cc2a2ddfc4f697fdc3e0f9813fdab4aa08f1b14b187abdf,extrasensory-p2-fold3-seed29-v2_multiseed,0.45,0.4500046292009999,38884,0.332916435580032,0.6072192081866786,0.8035008078024799,389778,task_confidence_output_only,0.2133328695905457
V3-2,P2,3,29,natural_missingness,ea4f5c2a61cf7df43321c66da250e1480ff9cb431dfabb22d9c4d05d565bb993,10d9503e683f16ee3cc2a2ddfc4f697fdc3e0f9813fdab4aa08f1b14b187abdf,extrasensory-p2-fold3-seed29-v2_multiseed,0.5,0.5,43204,0.3441808140113008,0.5961399543244515,0.7866119265480631,432341,task_confidence_output_only,0.1883685804105703
V3-2,P2,3,29,natural_missingness,ea4f5c2a61cf7df43321c66da250e1480ff9cb431dfabb22d9c4d05d565bb993,10d9503e683f16ee3cc2a2ddfc4f697fdc3e0f9813fdab4aa08f1b14b187abdf,extrasensory-p2-fold3-seed29-v2_multiseed,0.55,0.5500069438014998,47525,0.3565573275617268,0.5855503998030953,0.7706229401472922,474528,task_confidence_output_only,0.1675584935599328
V3-2,P2,3,29,natural_missingness,ea4f5c2a61cf7df43321c66da250e1480ff9cb431dfabb22d9c4d05d565bb993,10d9503e683f16ee3cc2a2ddfc4f697fdc3e0f9813fdab4aa08f1b14b187abdf,extrasensory-p2-fold3-seed29-v2_multiseed,0.6,0.6000023146004999,51845,0.3669885039691546,0.5766573616320441,0.7568364391700232,517253,task_confidence_output_only,0.149022432712262
V3-2,P2,3,29,natural_missingness,ea4f5c2a61cf7df43321c66da250e1480ff9cb431dfabb22d9c4d05d565bb993,10d9503e683f16ee3cc2a2ddfc4f697fdc3e0f9813fdab4aa08f1b14b187abdf,extrasensory-p2-fold3-seed29-v2_multiseed,0.65,0.6500092584019999,56166,0.3767513705844273,0.5692186525577767,0.7444906744168511,559579,task_confidence_output_only,0.1328990365445516
V3-2,P2,3,29,natural_missingness,ea4f5c2a61cf7df43321c66da250e1480ff9cb431dfabb22d9c4d05d565bb993,10d9503e683f16ee3cc2a2ddfc4f697fdc3e0f9813fdab4aa08f1b14b187abdf,extrasensory-p2-fold3-seed29-v2_multiseed,0.7,0.7000046292009999,60486,0.3854160071181688,0.5606621145818977,0.7324077626193292,602109,task_confidence_output_only,0.1178625835439403
V3-2,P2,3,29,natural_missingness,ea4f5c2a61cf7df43321c66da250e1480ff9cb431dfabb22d9c4d05d565bb993,10d9503e683f16ee3cc2a2ddfc4f697fdc3e0f9813fdab4aa08f1b14b187abdf,extrasensory-p2-fold3-seed29-v2_multiseed,0.75,0.75,64806,0.3936587025226986,0.5524260000794128,0.7212893769443814,645137,task_confidence_output_only,0.1040173405664864
V3-2,P2,3,29,natural_missingness,ea4f5c2a61cf7df43321c66da250e1480ff9cb431dfabb22d9c4d05d565bb993,10d9503e683f16ee3cc2a2ddfc4f697fdc3e0f9813fdab4aa08f1b14b187abdf,extrasensory-p2-fold3-seed29-v2_multiseed,0.8,0.8000069438014998,69127,0.4009581455271177,0.5452143969341273,0.7116739303237124,688775,task_confidence_output_only,0.0909038907851607
V3-2,P2,3,29,natural_missingness,ea4f5c2a61cf7df43321c66da250e1480ff9cb431dfabb22d9c4d05d565bb993,10d9503e683f16ee3cc2a2ddfc4f697fdc3e0f9813fdab4aa08f1b14b187abdf,extrasensory-p2-fold3-seed29-v2_multiseed,0.85,0.8500023146004999,73447,0.4072086599474894,0.5377281862824552,0.7026857668226387,731539,task_confidence_output_only,0.0778851165684658
V3-2,P2,3,29,natural_missingness,ea4f5c2a61cf7df43321c66da250e1480ff9cb431dfabb22d9c4d05d565bb993,10d9503e683f16ee3cc2a2ddfc4f697fdc3e0f9813fdab4aa08f1b14b187abdf,extrasensory-p2-fold3-seed29-v2_multiseed,0.9,0.9000092584019999,77768,0.4131968443179279,0.5308360882596719,0.6943883399090262,773960,task_confidence_output_only,0.0651749434943556
V3-2,P2,3,29,natural_missingness,ea4f5c2a61cf7df43321c66da250e1480ff9cb431dfabb22d9c4d05d565bb993,10d9503e683f16ee3cc2a2ddfc4f697fdc3e0f9813fdab4aa08f1b14b187abdf,extrasensory-p2-fold3-seed29-v2_multiseed,0.95,0.950004629201,82088,0.4192350094001987,0.5240571270959606,0.6857570900347899,815297,task_confidence_output_only,0.050485507511733
V3-2,P2,3,29,natural_missingness,ea4f5c2a61cf7df43321c66da250e1480ff9cb431dfabb22d9c4d05d565bb993,10d9503e683f16ee3cc2a2ddfc4f697fdc3e0f9813fdab4aa08f1b14b187abdf,extrasensory-p2-fold3-seed29-v2_multiseed,1.0,1.0,86408,0.4258320735001711,0.5175101340642319,0.6772116485465142,856815,task_confidence_output_only,0.0073256280794378
V3-2,P2,3,29,natural_missingness,ea4f5c2a61cf7df43321c66da250e1480ff9cb431dfabb22d9c4d05d565bb993,10d9503e683f16ee3cc2a2ddfc4f697fdc3e0f9813fdab4aa08f1b14b187abdf,extrasensory-p2-fold3-seed29-v2_multiseed,0.05,0.0500069438014998,4321,0.2212450544610019,0.6570215990802875,0.9264977345192148,43737,task_confidence_full,0.6002022593266223
V3-2,P2,3,29,natural_missingness,ea4f5c2a61cf7df43321c66da250e1480ff9cb431dfabb22d9c4d05d565bb993,10d9503e683f16ee3cc2a2ddfc4f697fdc3e0f9813fdab4aa08f1b14b187abdf,extrasensory-p2-fold3-seed29-v2_multiseed,0.1,0.1000023146004999,8641,0.2119547320927476,0.6681533317115682,0.9193899782135077,85754,task_confidence_full,0.5213001189962445
V3-2,P2,3,29,natural_missingness,ea4f5c2a61cf7df43321c66da250e1480ff9cb431dfabb22d9c4d05d565bb993,10d9503e683f16ee3cc2a2ddfc4f697fdc3e0f9813fdab4aa08f1b14b187abdf,extrasensory-p2-fold3-seed29-v2_multiseed,0.15,0.1500092584019998,12962,0.222097632753411,0.6864378872374888,0.9087952065054568,130080,task_confidence_full,0.4579005290258925
V3-2,P2,3,29,natural_missingness,ea4f5c2a61cf7df43321c66da250e1480ff9cb431dfabb22d9c4d05d565bb993,10d9503e683f16ee3cc2a2ddfc4f697fdc3e0f9813fdab4aa08f1b14b187abdf,extrasensory-p2-fold3-seed29-v2_multiseed,0.2,0.2000046292009999,17282,0.2524378615614102,0.6749091775969902,0.8931867477565602,175736,task_confidence_full,0.3929178355817102
V3-2,P2,3,29,natural_missingness,ea4f5c2a61cf7df43321c66da250e1480ff9cb431dfabb22d9c4d05d565bb993,10d9503e683f16ee3cc2a2ddfc4f697fdc3e0f9813fdab4aa08f1b14b187abdf,extrasensory-p2-fold3-seed29-v2_multiseed,0.25,0.25,21602,0.2749597435591198,0.665522961611802,0.8740541506719892,221314,task_confidence_full,0.3351973052112283
V3-2,P2,3,29,natural_missingness,ea4f5c2a61cf7df43321c66da250e1480ff9cb431dfabb22d9c4d05d565bb993,10d9503e683f16ee3cc2a2ddfc4f697fdc3e0f9813fdab4aa08f1b14b187abdf,extrasensory-p2-fold3-seed29-v2_multiseed,0.3,0.3000069438014998,25923,0.2940802911897183,0.6539438622224334,0.8545388520609785,266527,task_confidence_full,0.2880380466193277
V3-2,P2,3,29,natural_missingness,ea4f5c2a61cf7df43321c66da250e1480ff9cb431dfabb22d9c4d05d565bb993,10d9503e683f16ee3cc2a2ddfc4f697fdc3e0f9813fdab4aa08f1b14b187abdf,extrasensory-p2-fold3-seed29-v2_multiseed,0.35,0.3500023146004999,30243,0.3073966344461641,0.643581136686894,0.836362299481624,311183,task_confidence_full,0.2480961475902342
V3-2,P2,3,29,natural_missingness,ea4f5c2a61cf7df43321c66da250e1480ff9cb431dfabb22d9c4d05d565bb993,10d9503e683f16ee3cc2a2ddfc4f697fdc3e0f9813fdab4aa08f1b14b187abdf,extrasensory-p2-fold3-seed29-v2_multiseed,0.4,0.4000092584019998,34564,0.3187057397779492,0.6315278244186437,0.8187195039762771,355051,task_confidence_full,0.2154793576628013
V3-2,P2,3,29,natural_missingness,ea4f5c2a61cf7df43321c66da250e1480ff9cb431dfabb22d9c4d05d565bb993,10d9503e683f16ee3cc2a2ddfc4f697fdc3e0f9813fdab4aa08f1b14b187abdf,extrasensory-p2-fold3-seed29-v2_multiseed,0.45,0.4500046292009999,38884,0.3308576860277915,0.6208115491431134,0.802628664965577,398181,task_confidence_full,0.1870011696702449
V3-2,P2,3,29,natural_missingness,ea4f5c2a61cf7df43321c66da250e1480ff9cb431dfabb22d9c4d05d565bb993,10d9503e683f16ee3cc2a2ddfc4f697fdc3e0f9813fdab4aa08f1b14b187abdf,extrasensory-p2-fold3-seed29-v2_multiseed,0.5,0.5,43204,0.3433006782143443,0.6102229698430394,0.7871767780198183,440856,task_confidence_full,0.1622365154691546
V3-2,P2,3,29,natural_missingness,ea4f5c2a61cf7df43321c66da250e1480ff9cb431dfabb22d9c4d05d565bb993,10d9503e683f16ee3cc2a2ddfc4f697fdc3e0f9813fdab4aa08f1b14b187abdf,extrasensory-p2-fold3-seed29-v2_multiseed,0.55,0.5500069438014998,47525,0.3539428147041808,0.6003130250849119,0.7730552883568667,483936,task_confidence_full,0.1412005324359753
V3-2,P2,3,29,natural_missingness,ea4f5c2a61cf7df43321c66da250e1480ff9cb431dfabb22d9c4d05d565bb993,10d9503e683f16ee3cc2a2ddfc4f697fdc3e0f9813fdab4aa08f1b14b187abdf,extrasensory-p2-fold3-seed29-v2_multiseed,0.6,0.6000023146004999,51845,0.3651027937303845,0.5895286799548873,0.7590872756340382,526566,task_confidence_full,0.1224233824963589
V3-2,P2,3,29,natural_missingness,ea4f5c2a61cf7df43321c66da250e1480ff9cb431dfabb22d9c4d05d565bb993,10d9503e683f16ee3cc2a2ddfc4f697fdc3e0f9813fdab4aa08f1b14b187abdf,extrasensory-p2-fold3-seed29-v2_multiseed,0.65,0.6500092584019999,56166,0.3738186013736746,0.5792219510614759,0.7462965756524362,569204,task_confidence_full,0.1055488563842786
V3-2,P2,3,29,natural_missingness,ea4f5c2a61cf7df43321c66da250e1480ff9cb431dfabb22d9c4d05d565bb993,10d9503e683f16ee3cc2a2ddfc4f697fdc3e0f9813fdab4aa08f1b14b187abdf,extrasensory-p2-fold3-seed29-v2_multiseed,0.7,0.7000046292009999,60486,0.380922477818638,0.5707264111105823,0.7354398758100192,611240,task_confidence_full,0.0900873316599613
V3-2,P2,3,29,natural_missingness,ea4f5c2a61cf7df43321c66da250e1480ff9cb431dfabb22d9c4d05d565bb993,10d9503e683f16ee3cc2a2ddfc4f697fdc3e0f9813fdab4aa08f1b14b187abdf,extrasensory-p2-fold3-seed29-v2_multiseed,0.75,0.75,64806,0.3884744086709625,0.5613300132727755,0.7248921196675259,653694,task_confidence_full,0.0753652804175897
V3-2,P2,3,29,natural_missingness,ea4f5c2a61cf7df43321c66da250e1480ff9cb431dfabb22d9c4d05d565bb993,10d9503e683f16ee3cc2a2ddfc4f697fdc3e0f9813fdab4aa08f1b14b187abdf,extrasensory-p2-fold3-seed29-v2_multiseed,0.8,0.8000069438014998,69127,0.3950103234705307,0.5532644711175151,0.7153533051123413,694904,task_confidence_full,0.0621905538288886
V3-2,P2,3,29,natural_missingness,ea4f5c2a61cf7df43321c66da250e1480ff9cb431dfabb22d9c4d05d565bb993,10d9503e683f16ee3cc2a2ddfc4f697fdc3e0f9813fdab4aa08f1b14b187abdf,extrasensory-p2-fold3-seed29-v2_multiseed,0.85,0.8500023146004999,73447,0.4026874218397274,0.5445985841713159,0.705196268926934,736208,task_confidence_full,0.0506917208718454
V3-2,P2,3,29,natural_missingness,ea4f5c2a61cf7df43321c66da250e1480ff9cb431dfabb22d9c4d05d565bb993,10d9503e683f16ee3cc2a2ddfc4f697fdc3e0f9813fdab4aa08f1b14b187abdf,extrasensory-p2-fold3-seed29-v2_multiseed,0.9,0.9000092584019999,77768,0.4093844654272115,0.5359918327348334,0.6959906522282703,776873,task_confidence_full,0.0398741808699275
V3-2,P2,3,29,natural_missingness,ea4f5c2a61cf7df43321c66da250e1480ff9cb431dfabb22d9c4d05d565bb993,10d9503e683f16ee3cc2a2ddfc4f697fdc3e0f9813fdab4aa08f1b14b187abdf,extrasensory-p2-fold3-seed29-v2_multiseed,0.95,0.950004629201,82088,0.4167690268858426,0.5266946495760552,0.6866248693834901,817535,task_confidence_full,0.0290128212348814
V3-2,P2,3,29,natural_missingness,ea4f5c2a61cf7df43321c66da250e1480ff9cb431dfabb22d9c4d05d565bb993,10d9503e683f16ee3cc2a2ddfc4f697fdc3e0f9813fdab4aa08f1b14b187abdf,extrasensory-p2-fold3-seed29-v2_multiseed,1.0,1.0,86408,0.425832073500171,0.5175101340642319,0.6772116485465142,856815,task_confidence_full,0.0029603695806282
V3-2,P2,3,47,natural_missingness,ea4f5c2a61cf7df43321c66da250e1480ff9cb431dfabb22d9c4d05d565bb993,fddf27fbe61a255d005bf7833cc7779aea0b14df027e31641f7a0b8e0de887ca,extrasensory-p2-fold3-seed47-v2_multiseed,0.05,0.0500069438014998,4321,0.3970028312091492,0.6324961556369647,0.9334828482593404,33782,mean_binary_certainty,0.929500251237486
V3-2,P2,3,47,natural_missingness,ea4f5c2a61cf7df43321c66da250e1480ff9cb431dfabb22d9c4d05d565bb993,fddf27fbe61a255d005bf7833cc7779aea0b14df027e31641f7a0b8e0de887ca,extrasensory-p2-fold3-seed47-v2_multiseed,0.1,0.1000023146004999,8641,0.3185976432214281,0.4226956152093192,0.9440920682665273,79396,mean_binary_certainty,0.865732707281954
V3-2,P2,3,47,natural_missingness,ea4f5c2a61cf7df43321c66da250e1480ff9cb431dfabb22d9c4d05d565bb993,fddf27fbe61a255d005bf7833cc7779aea0b14df027e31641f7a0b8e0de887ca,extrasensory-p2-fold3-seed47-v2_multiseed,0.15,0.1500092584019998,12962,0.3092748319600338,0.7042457310467719,0.9458091795676192,127728,mean_binary_certainty,0.7906592772314303
V3-2,P2,3,47,natural_missingness,ea4f5c2a61cf7df43321c66da250e1480ff9cb431dfabb22d9c4d05d565bb993,fddf27fbe61a255d005bf7833cc7779aea0b14df027e31641f7a0b8e0de887ca,extrasensory-p2-fold3-seed47-v2_multiseed,0.2,0.2000046292009999,17282,0.3096318679836934,0.6904576882734523,0.9430760755246156,175508,mean_binary_certainty,0.726596519194325
V3-2,P2,3,47,natural_missingness,ea4f5c2a61cf7df43321c66da250e1480ff9cb431dfabb22d9c4d05d565bb993,fddf27fbe61a255d005bf7833cc7779aea0b14df027e31641f7a0b8e0de887ca,extrasensory-p2-fold3-seed47-v2_multiseed,0.25,0.25,21602,0.3155524276176237,0.6850673917830991,0.93263078052756,220824,mean_binary_certainty,0.6644515089841541
V3-2,P2,3,47,natural_missingness,ea4f5c2a61cf7df43321c66da250e1480ff9cb431dfabb22d9c4d05d565bb993,fddf27fbe61a255d005bf7833cc7779aea0b14df027e31641f7a0b8e0de887ca,extrasensory-p2-fold3-seed47-v2_multiseed,0.3,0.3000069438014998,25923,0.3207213129183254,0.7030710221988642,0.9171438240270728,267432,mean_binary_certainty,0.6066173136690975
V3-2,P2,3,47,natural_missingness,ea4f5c2a61cf7df43321c66da250e1480ff9cb431dfabb22d9c4d05d565bb993,fddf27fbe61a255d005bf7833cc7779aea0b14df027e31641f7a0b8e0de887ca,extrasensory-p2-fold3-seed47-v2_multiseed,0.35,0.3500023146004999,30243,0.3263053149861197,0.6935238015959629,0.8983229426796826,315028,mean_binary_certainty,0.5633934291481834
V3-2,P2,3,47,natural_missingness,ea4f5c2a61cf7df43321c66da250e1480ff9cb431dfabb22d9c4d05d565bb993,fddf27fbe61a255d005bf7833cc7779aea0b14df027e31641f7a0b8e0de887ca,extrasensory-p2-fold3-seed47-v2_multiseed,0.4,0.4000092584019998,34564,0.336500147955349,0.677887683907357,0.8783335654129212,360929,mean_binary_certainty,0.5247451411749198
V3-2,P2,3,47,natural_missingness,ea4f5c2a61cf7df43321c66da250e1480ff9cb431dfabb22d9c4d05d565bb993,fddf27fbe61a255d005bf7833cc7779aea0b14df027e31641f7a0b8e0de887ca,extrasensory-p2-fold3-seed47-v2_multiseed,0.45,0.4500046292009999,38884,0.3463066022865821,0.6641293541794793,0.8599383510288714,406561,mean_binary_certainty,0.4899813980607918
V3-2,P2,3,47,natural_missingness,ea4f5c2a61cf7df43321c66da250e1480ff9cb431dfabb22d9c4d05d565bb993,fddf27fbe61a255d005bf7833cc7779aea0b14df027e31641f7a0b8e0de887ca,extrasensory-p2-fold3-seed47-v2_multiseed,0.5,0.5,43204,0.3579764429543292,0.6484978773573192,0.8415089102081502,451541,mean_binary_certainty,0.4573067280405692
V3-2,P2,3,47,natural_missingness,ea4f5c2a61cf7df43321c66da250e1480ff9cb431dfabb22d9c4d05d565bb993,fddf27fbe61a255d005bf7833cc7779aea0b14df027e31641f7a0b8e0de887ca,extrasensory-p2-fold3-seed47-v2_multiseed,0.55,0.5500069438014998,47525,0.3721281905039539,0.6337922005593104,0.8248241583407205,493790,mean_binary_certainty,0.4289055313209042
V3-2,P2,3,47,natural_missingness,ea4f5c2a61cf7df43321c66da250e1480ff9cb431dfabb22d9c4d05d565bb993,fddf27fbe61a255d005bf7833cc7779aea0b14df027e31641f7a0b8e0de887ca,extrasensory-p2-fold3-seed47-v2_multiseed,0.6,0.6000023146004999,51845,0.385953883013085,0.6210792805589761,0.8092177929510995,535811,mean_binary_certainty,0.4007630784231515
V3-2,P2,3,47,natural_missingness,ea4f5c2a61cf7df43321c66da250e1480ff9cb431dfabb22d9c4d05d565bb993,fddf27fbe61a255d005bf7833cc7779aea0b14df027e31641f7a0b8e0de887ca,extrasensory-p2-fold3-seed47-v2_multiseed,0.65,0.6500092584019999,56166,0.3992228674728408,0.6108348050959373,0.7946249243900239,577107,mean_binary_certainty,0.3731551668958528
V3-2,P2,3,47,natural_missingness,ea4f5c2a61cf7df43321c66da250e1480ff9cb431dfabb22d9c4d05d565bb993,fddf27fbe61a255d005bf7833cc7779aea0b14df027e31641f7a0b8e0de887ca,extrasensory-p2-fold3-seed47-v2_multiseed,0.7,0.7000046292009999,60486,0.4111784493991125,0.5999649424971693,0.7809563713795249,618788,mean_binary_certainty,0.3470232287532614
V3-2,P2,3,47,natural_missingness,ea4f5c2a61cf7df43321c66da250e1480ff9cb431dfabb22d9c4d05d565bb993,fddf27fbe61a255d005bf7833cc7779aea0b14df027e31641f7a0b8e0de887ca,extrasensory-p2-fold3-seed47-v2_multiseed,0.75,0.75,64806,0.421500726168419,0.5902202074455986,0.7685025741560035,658912,mean_binary_certainty,0.3219585378479691
V3-2,P2,3,47,natural_missingness,ea4f5c2a61cf7df43321c66da250e1480ff9cb431dfabb22d9c4d05d565bb993,fddf27fbe61a255d005bf7833cc7779aea0b14df027e31641f7a0b8e0de887ca,extrasensory-p2-fold3-seed47-v2_multiseed,0.8,0.8000069438014998,69127,0.4294980238857495,0.5821611565799469,0.7580978865406006,699194,mean_binary_certainty,0.2963965869609338
V3-2,P2,3,47,natural_missingness,ea4f5c2a61cf7df43321c66da250e1480ff9cb431dfabb22d9c4d05d565bb993,fddf27fbe61a255d005bf7833cc7779aea0b14df027e31641f7a0b8e0de887ca,extrasensory-p2-fold3-seed47-v2_multiseed,0.85,0.8500023146004999,73447,0.4374338263619178,0.5748621393210546,0.7486109757286286,739366,mean_binary_certainty,0.2707390752024197
V3-2,P2,3,47,natural_missingness,ea4f5c2a61cf7df43321c66da250e1480ff9cb431dfabb22d9c4d05d565bb993,fddf27fbe61a255d005bf7833cc7779aea0b14df027e31641f7a0b8e0de887ca,extrasensory-p2-fold3-seed47-v2_multiseed,0.9,0.9000092584019999,77768,0.4451085756248069,0.5670584409000708,0.7398877545137574,778496,mean_binary_certainty,0.2412122844038646
V3-2,P2,3,47,natural_missingness,ea4f5c2a61cf7df43321c66da250e1480ff9cb431dfabb22d9c4d05d565bb993,fddf27fbe61a255d005bf7833cc7779aea0b14df027e31641f7a0b8e0de887ca,extrasensory-p2-fold3-seed47-v2_multiseed,0.95,0.950004629201,82088,0.452707886519462,0.5572571740105959,0.7308408578552662,817342,mean_binary_certainty,0.2010142300644093
V3-2,P2,3,47,natural_missingness,ea4f5c2a61cf7df43321c66da250e1480ff9cb431dfabb22d9c4d05d565bb993,fddf27fbe61a255d005bf7833cc7779aea0b14df027e31641f7a0b8e0de887ca,extrasensory-p2-fold3-seed47-v2_multiseed,1.0,1.0,86408,0.4612080525665025,0.5465091951413192,0.7210616321225802,856815,mean_binary_certainty,0.0247457336406248
V3-2,P2,3,47,natural_missingness,ea4f5c2a61cf7df43321c66da250e1480ff9cb431dfabb22d9c4d05d565bb993,fddf27fbe61a255d005bf7833cc7779aea0b14df027e31641f7a0b8e0de887ca,extrasensory-p2-fold3-seed47-v2_multiseed,0.05,0.0500069438014998,4321,0.3982203521389021,0.4993941546163875,0.7387185669996555,44035,p2_system_reliability,0.9968308806419371
V3-2,P2,3,47,natural_missingness,ea4f5c2a61cf7df43321c66da250e1480ff9cb431dfabb22d9c4d05d565bb993,fddf27fbe61a255d005bf7833cc7779aea0b14df027e31641f7a0b8e0de887ca,extrasensory-p2-fold3-seed47-v2_multiseed,0.1,0.1000023146004999,8641,0.3994361091468965,0.5190869278132852,0.7370278077932388,87544,p2_system_reliability,0.9959814548492432
V3-2,P2,3,47,natural_missingness,ea4f5c2a61cf7df43321c66da250e1480ff9cb431dfabb22d9c4d05d565bb993,fddf27fbe61a255d005bf7833cc7779aea0b14df027e31641f7a0b8e0de887ca,extrasensory-p2-fold3-seed47-v2_multiseed,0.15,0.1500092584019998,12962,0.3997236718787557,0.5337442866474658,0.7384748467538665,130838,p2_system_reliability,0.9952472448349
V3-2,P2,3,47,natural_missingness,ea4f5c2a61cf7df43321c66da250e1480ff9cb431dfabb22d9c4d05d565bb993,fddf27fbe61a255d005bf7833cc7779aea0b14df027e31641f7a0b8e0de887ca,extrasensory-p2-fold3-seed47-v2_multiseed,0.2,0.2000046292009999,17282,0.4023089975173328,0.5422921802126499,0.7386057013830087,173661,p2_system_reliability,0.9945087432861328
V3-2,P2,3,47,natural_missingness,ea4f5c2a61cf7df43321c66da250e1480ff9cb431dfabb22d9c4d05d565bb993,fddf27fbe61a255d005bf7833cc7779aea0b14df027e31641f7a0b8e0de887ca,extrasensory-p2-fold3-seed47-v2_multiseed,0.25,0.25,21602,0.4079602233549109,0.5476416977331807,0.7386986270251606,216436,p2_system_reliability,0.9938008785247804
V3-2,P2,3,47,natural_missingness,ea4f5c2a61cf7df43321c66da250e1480ff9cb431dfabb22d9c4d05d565bb993,fddf27fbe61a255d005bf7833cc7779aea0b14df027e31641f7a0b8e0de887ca,extrasensory-p2-fold3-seed47-v2_multiseed,0.3,0.3000069438014998,25923,0.4183080064873914,0.5512934133775025,0.7384224576561228,258056,p2_system_reliability,0.9930884838104248
V3-2,P2,3,47,natural_missingness,ea4f5c2a61cf7df43321c66da250e1480ff9cb431dfabb22d9c4d05d565bb993,fddf27fbe61a255d005bf7833cc7779aea0b14df027e31641f7a0b8e0de887ca,extrasensory-p2-fold3-seed47-v2_multiseed,0.35,0.3500023146004999,30243,0.4262763288702282,0.5512962549628339,0.7379240671337787,300112,p2_system_reliability,0.9923700094223022
V3-2,P2,3,47,natural_missingness,ea4f5c2a61cf7df43321c66da250e1480ff9cb431dfabb22d9c4d05d565bb993,fddf27fbe61a255d005bf7833cc7779aea0b14df027e31641f7a0b8e0de887ca,extrasensory-p2-fold3-seed47-v2_multiseed,0.4,0.4000092584019998,34564,0.434463532724465,0.550122898553917,0.7356203603696274,341357,p2_system_reliability,0.991604208946228
V3-2,P2,3,47,natural_missingness,ea4f5c2a61cf7df43321c66da250e1480ff9cb431dfabb22d9c4d05d565bb993,fddf27fbe61a255d005bf7833cc7779aea0b14df027e31641f7a0b8e0de887ca,extrasensory-p2-fold3-seed47-v2_multiseed,0.45,0.4500046292009999,38884,0.4397730081195528,0.5483184818972824,0.7329174214822203,382882,p2_system_reliability,0.99076247215271
V3-2,P2,3,47,natural_missingness,ea4f5c2a61cf7df43321c66da250e1480ff9cb431dfabb22d9c4d05d565bb993,fddf27fbe61a255d005bf7833cc7779aea0b14df027e31641f7a0b8e0de887ca,extrasensory-p2-fold3-seed47-v2_multiseed,0.5,0.5,43204,0.4432327443049112,0.5484726103462573,0.7321100328668412,424047,p2_system_reliability,0.9898800253868104
V3-2,P2,3,47,natural_missingness,ea4f5c2a61cf7df43321c66da250e1480ff9cb431dfabb22d9c4d05d565bb993,fddf27fbe61a255d005bf7833cc7779aea0b14df027e31641f7a0b8e0de887ca,extrasensory-p2-fold3-seed47-v2_multiseed,0.55,0.5500069438014998,47525,0.4470938410553968,0.5457177236498717,0.7300593028783999,465017,p2_system_reliability,0.9889523983001708
V3-2,P2,3,47,natural_missingness,ea4f5c2a61cf7df43321c66da250e1480ff9cb431dfabb22d9c4d05d565bb993,fddf27fbe61a255d005bf7833cc7779aea0b14df027e31641f7a0b8e0de887ca,extrasensory-p2-fold3-seed47-v2_multiseed,0.6,0.6000023146004999,51845,0.4516674284064963,0.5458748834953534,0.727602135792917,505742,p2_system_reliability,0.9878451228141784
V3-2,P2,3,47,natural_missingness,ea4f5c2a61cf7df43321c66da250e1480ff9cb431dfabb22d9c4d05d565bb993,fddf27fbe61a255d005bf7833cc7779aea0b14df027e31641f7a0b8e0de887ca,extrasensory-p2-fold3-seed47-v2_multiseed,0.65,0.6500092584019999,56166,0.4580168643679371,0.5460998800956739,0.723734800190464,545182,p2_system_reliability,0.9865621328353882
V3-2,P2,3,47,natural_missingness,ea4f5c2a61cf7df43321c66da250e1480ff9cb431dfabb22d9c4d05d565bb993,fddf27fbe61a255d005bf7833cc7779aea0b14df027e31641f7a0b8e0de887ca,extrasensory-p2-fold3-seed47-v2_multiseed,0.7,0.7000046292009999,60486,0.465543444130215,0.5440886574231606,0.7189228307561564,584064,p2_system_reliability,0.984969198703766
V3-2,P2,3,47,natural_missingness,ea4f5c2a61cf7df43321c66da250e1480ff9cb431dfabb22d9c4d05d565bb993,fddf27fbe61a255d005bf7833cc7779aea0b14df027e31641f7a0b8e0de887ca,extrasensory-p2-fold3-seed47-v2_multiseed,0.75,0.75,64806,0.4693886935384291,0.5432436872655475,0.7153892745655314,625292,p2_system_reliability,0.9829109907150269
V3-2,P2,3,47,natural_missingness,ea4f5c2a61cf7df43321c66da250e1480ff9cb431dfabb22d9c4d05d565bb993,fddf27fbe61a255d005bf7833cc7779aea0b14df027e31641f7a0b8e0de887ca,extrasensory-p2-fold3-seed47-v2_multiseed,0.8,0.8000069438014998,69127,0.4693345970675315,0.5434336853317615,0.7146824231392174,669180,p2_system_reliability,0.9802091121673584
V3-2,P2,3,47,natural_missingness,ea4f5c2a61cf7df43321c66da250e1480ff9cb431dfabb22d9c4d05d565bb993,fddf27fbe61a255d005bf7833cc7779aea0b14df027e31641f7a0b8e0de887ca,extrasensory-p2-fold3-seed47-v2_multiseed,0.85,0.8500023146004999,73447,0.4675080184167964,0.5446901913851829,0.7178594038261418,715931,p2_system_reliability,0.977397918701172
V3-2,P2,3,47,natural_missingness,ea4f5c2a61cf7df43321c66da250e1480ff9cb431dfabb22d9c4d05d565bb993,fddf27fbe61a255d005bf7833cc7779aea0b14df027e31641f7a0b8e0de887ca,extrasensory-p2-fold3-seed47-v2_multiseed,0.9,0.9000092584019999,77768,0.4651769094218302,0.5461760561823262,0.7214361999694858,764490,p2_system_reliability,0.9738093614578248
V3-2,P2,3,47,natural_missingness,ea4f5c2a61cf7df43321c66da250e1480ff9cb431dfabb22d9c4d05d565bb993,fddf27fbe61a255d005bf7833cc7779aea0b14df027e31641f7a0b8e0de887ca,extrasensory-p2-fold3-seed47-v2_multiseed,0.95,0.950004629201,82088,0.46328084016617,0.5472878395964141,0.7222874392084522,812547,p2_system_reliability,0.9660580158233644
V3-2,P2,3,47,natural_missingness,ea4f5c2a61cf7df43321c66da250e1480ff9cb431dfabb22d9c4d05d565bb993,fddf27fbe61a255d005bf7833cc7779aea0b14df027e31641f7a0b8e0de887ca,extrasensory-p2-fold3-seed47-v2_multiseed,1.0,1.0,86408,0.4612080525665025,0.5465091951413192,0.7210616321225802,856815,p2_system_reliability,0.8412141799926758
V3-2,P2,3,47,natural_missingness,ea4f5c2a61cf7df43321c66da250e1480ff9cb431dfabb22d9c4d05d565bb993,fddf27fbe61a255d005bf7833cc7779aea0b14df027e31641f7a0b8e0de887ca,extrasensory-p2-fold3-seed47-v2_multiseed,0.05,0.0500069438014998,4321,0.384192054451094,0.570169717329805,0.8756183745583039,45844,task_confidence_output_only,0.6787790629797855
V3-2,P2,3,47,natural_missingness,ea4f5c2a61cf7df43321c66da250e1480ff9cb431dfabb22d9c4d05d565bb993,fddf27fbe61a255d005bf7833cc7779aea0b14df027e31641f7a0b8e0de887ca,extrasensory-p2-fold3-seed47-v2_multiseed,0.1,0.1000023146004999,8641,0.4302150007965363,0.6057159062211617,0.8661633185025392,89287,task_confidence_output_only,0.607425048126536
V3-2,P2,3,47,natural_missingness,ea4f5c2a61cf7df43321c66da250e1480ff9cb431dfabb22d9c4d05d565bb993,fddf27fbe61a255d005bf7833cc7779aea0b14df027e31641f7a0b8e0de887ca,extrasensory-p2-fold3-seed47-v2_multiseed,0.15,0.1500092584019998,12962,0.4413930351038901,0.6371142105071652,0.8586486900566876,131413,task_confidence_output_only,0.5480595820685032
V3-2,P2,3,47,natural_missingness,ea4f5c2a61cf7df43321c66da250e1480ff9cb431dfabb22d9c4d05d565bb993,fddf27fbe61a255d005bf7833cc7779aea0b14df027e31641f7a0b8e0de887ca,extrasensory-p2-fold3-seed47-v2_multiseed,0.2,0.2000046292009999,17282,0.4209551684670521,0.6478628587623801,0.8572831309104937,173829,task_confidence_output_only,0.4942683774390261
V3-2,P2,3,47,natural_missingness,ea4f5c2a61cf7df43321c66da250e1480ff9cb431dfabb22d9c4d05d565bb993,fddf27fbe61a255d005bf7833cc7779aea0b14df027e31641f7a0b8e0de887ca,extrasensory-p2-fold3-seed47-v2_multiseed,0.25,0.25,21602,0.3998941669567211,0.6478458414207715,0.8600466479949792,213725,task_confidence_output_only,0.4574883732846317
V3-2,P2,3,47,natural_missingness,ea4f5c2a61cf7df43321c66da250e1480ff9cb431dfabb22d9c4d05d565bb993,fddf27fbe61a255d005bf7833cc7779aea0b14df027e31641f7a0b8e0de887ca,extrasensory-p2-fold3-seed47-v2_multiseed,0.3,0.3000069438014998,25923,0.377512599110119,0.6493485734436377,0.8636683009689997,256797,task_confidence_output_only,0.4224833175561747
V3-2,P2,3,47,natural_missingness,ea4f5c2a61cf7df43321c66da250e1480ff9cb431dfabb22d9c4d05d565bb993,fddf27fbe61a255d005bf7833cc7779aea0b14df027e31641f7a0b8e0de887ca,extrasensory-p2-fold3-seed47-v2_multiseed,0.35,0.3500023146004999,30243,0.3760205701660988,0.6438706146596684,0.8546902033051168,300347,task_confidence_output_only,0.3682401659904161
V3-2,P2,3,47,natural_missingness,ea4f5c2a61cf7df43321c66da250e1480ff9cb431dfabb22d9c4d05d565bb993,fddf27fbe61a255d005bf7833cc7779aea0b14df027e31641f7a0b8e0de887ca,extrasensory-p2-fold3-seed47-v2_multiseed,0.4,0.4000092584019998,34564,0.3792156258746459,0.6382208014926519,0.8425464628907272,344592,task_confidence_output_only,0.3129516220891306
V3-2,P2,3,47,natural_missingness,ea4f5c2a61cf7df43321c66da250e1480ff9cb431dfabb22d9c4d05d565bb993,fddf27fbe61a255d005bf7833cc7779aea0b14df027e31641f7a0b8e0de887ca,extrasensory-p2-fold3-seed47-v2_multiseed,0.45,0.4500046292009999,38884,0.3840620982164524,0.6305486797450921,0.8290937257939581,389359,task_confidence_output_only,0.2647699497839543
V3-2,P2,3,47,natural_missingness,ea4f5c2a61cf7df43321c66da250e1480ff9cb431dfabb22d9c4d05d565bb993,fddf27fbe61a255d005bf7833cc7779aea0b14df027e31641f7a0b8e0de887ca,extrasensory-p2-fold3-seed47-v2_multiseed,0.5,0.5,43204,0.3887572830153831,0.6220874556535443,0.8162201034634746,434581,task_confidence_output_only,0.2244056603836881
V3-2,P2,3,47,natural_missingness,ea4f5c2a61cf7df43321c66da250e1480ff9cb431dfabb22d9c4d05d565bb993,fddf27fbe61a255d005bf7833cc7779aea0b14df027e31641f7a0b8e0de887ca,extrasensory-p2-fold3-seed47-v2_multiseed,0.55,0.5500069438014998,47525,0.3953747011579077,0.6117010483003827,0.8028214602486012,479417,task_confidence_output_only,0.1909537675076227
V3-2,P2,3,47,natural_missingness,ea4f5c2a61cf7df43321c66da250e1480ff9cb431dfabb22d9c4d05d565bb993,fddf27fbe61a255d005bf7833cc7779aea0b14df027e31641f7a0b8e0de887ca,extrasensory-p2-fold3-seed47-v2_multiseed,0.6,0.6000023146004999,51845,0.4006988021176975,0.6020766522937677,0.7913320908972382,524539,task_confidence_output_only,0.1640358032334337
V3-2,P2,3,47,natural_missingness,ea4f5c2a61cf7df43321c66da250e1480ff9cb431dfabb22d9c4d05d565bb993,fddf27fbe61a255d005bf7833cc7779aea0b14df027e31641f7a0b8e0de887ca,extrasensory-p2-fold3-seed47-v2_multiseed,0.65,0.6500092584019999,56166,0.406477801631021,0.591924644266486,0.7806390686005046,568723,task_confidence_output_only,0.1421353131842039
V3-2,P2,3,47,natural_missingness,ea4f5c2a61cf7df43321c66da250e1480ff9cb431dfabb22d9c4d05d565bb993,fddf27fbe61a255d005bf7833cc7779aea0b14df027e31641f7a0b8e0de887ca,extrasensory-p2-fold3-seed47-v2_multiseed,0.7,0.7000046292009999,60486,0.4124787313234185,0.5830763771263147,0.7712878575663016,612675,task_confidence_output_only,0.1230978923280948
V3-2,P2,3,47,natural_missingness,ea4f5c2a61cf7df43321c66da250e1480ff9cb431dfabb22d9c4d05d565bb993,fddf27fbe61a255d005bf7833cc7779aea0b14df027e31641f7a0b8e0de887ca,extrasensory-p2-fold3-seed47-v2_multiseed,0.75,0.75,64806,0.4177865476705161,0.5757532986185724,0.7629427958136771,655615,task_confidence_output_only,0.1058619368664813
V3-2,P2,3,47,natural_missingness,ea4f5c2a61cf7df43321c66da250e1480ff9cb431dfabb22d9c4d05d565bb993,fddf27fbe61a255d005bf7833cc7779aea0b14df027e31641f7a0b8e0de887ca,extrasensory-p2-fold3-seed47-v2_multiseed,0.8,0.8000069438014998,69127,0.4240697076760809,0.5679221416884928,0.7540944499507275,697500,task_confidence_output_only,0.090159485617391
V3-2,P2,3,47,natural_missingness,ea4f5c2a61cf7df43321c66da250e1480ff9cb431dfabb22d9c4d05d565bb993,fddf27fbe61a255d005bf7833cc7779aea0b14df027e31641f7a0b8e0de887ca,extrasensory-p2-fold3-seed47-v2_multiseed,0.85,0.8500023146004999,73447,0.4321898354400837,0.5614415587061585,0.7453804325978651,736900,task_confidence_output_only,0.0757455094575152
V3-2,P2,3,47,natural_missingness,ea4f5c2a61cf7df43321c66da250e1480ff9cb431dfabb22d9c4d05d565bb993,fddf27fbe61a255d005bf7833cc7779aea0b14df027e31641f7a0b8e0de887ca,extrasensory-p2-fold3-seed47-v2_multiseed,0.9,0.9000092584019999,77768,0.4417380040722372,0.5562027405153372,0.736565641201151,776181,task_confidence_output_only,0.0623165698583715
V3-2,P2,3,47,natural_missingness,ea4f5c2a61cf7df43321c66da250e1480ff9cb431dfabb22d9c4d05d565bb993,fddf27fbe61a255d005bf7833cc7779aea0b14df027e31641f7a0b8e0de887ca,extrasensory-p2-fold3-seed47-v2_multiseed,0.95,0.950004629201,82088,0.452808025503072,0.5515213556915015,0.7277801745434563,813569,task_confidence_output_only,0.0490841603045466
V3-2,P2,3,47,natural_missingness,ea4f5c2a61cf7df43321c66da250e1480ff9cb431dfabb22d9c4d05d565bb993,fddf27fbe61a255d005bf7833cc7779aea0b14df027e31641f7a0b8e0de887ca,extrasensory-p2-fold3-seed47-v2_multiseed,1.0,1.0,86408,0.4612080525665025,0.5465091951413192,0.7210616321225802,856815,task_confidence_output_only,0.0116551256690256
V3-2,P2,3,47,natural_missingness,ea4f5c2a61cf7df43321c66da250e1480ff9cb431dfabb22d9c4d05d565bb993,fddf27fbe61a255d005bf7833cc7779aea0b14df027e31641f7a0b8e0de887ca,extrasensory-p2-fold3-seed47-v2_multiseed,0.05,0.0500069438014998,4321,0.3624842480954688,0.6123317840752811,0.8979358302891598,43732,task_confidence_full,0.6359970956700373
V3-2,P2,3,47,natural_missingness,ea4f5c2a61cf7df43321c66da250e1480ff9cb431dfabb22d9c4d05d565bb993,fddf27fbe61a255d005bf7833cc7779aea0b14df027e31641f7a0b8e0de887ca,extrasensory-p2-fold3-seed47-v2_multiseed,0.1,0.1000023146004999,8641,0.3812799167974471,0.633338502811321,0.8871297578995976,87846,task_confidence_full,0.5521402405612467
V3-2,P2,3,47,natural_missingness,ea4f5c2a61cf7df43321c66da250e1480ff9cb431dfabb22d9c4d05d565bb993,fddf27fbe61a255d005bf7833cc7779aea0b14df027e31641f7a0b8e0de887ca,extrasensory-p2-fold3-seed47-v2_multiseed,0.15,0.1500092584019998,12962,0.3998431256263125,0.6303329418537661,0.8745937764323555,131860,task_confidence_full,0.4870344278124452
V3-2,P2,3,47,natural_missingness,ea4f5c2a61cf7df43321c66da250e1480ff9cb431dfabb22d9c4d05d565bb993,fddf27fbe61a255d005bf7833cc7779aea0b14df027e31641f7a0b8e0de887ca,extrasensory-p2-fold3-seed47-v2_multiseed,0.2,0.2000046292009999,17282,0.3981769872597914,0.6339421755098866,0.8685517288615426,172398,task_confidence_full,0.4382134373967099
V3-2,P2,3,47,natural_missingness,ea4f5c2a61cf7df43321c66da250e1480ff9cb431dfabb22d9c4d05d565bb993,fddf27fbe61a255d005bf7833cc7779aea0b14df027e31641f7a0b8e0de887ca,extrasensory-p2-fold3-seed47-v2_multiseed,0.25,0.25,21602,0.3874694358958371,0.6350164055188788,0.8646347630211925,213872,task_confidence_full,0.3985911413923766
V3-2,P2,3,47,natural_missingness,ea4f5c2a61cf7df43321c66da250e1480ff9cb431dfabb22d9c4d05d565bb993,fddf27fbe61a255d005bf7833cc7779aea0b14df027e31641f7a0b8e0de887ca,extrasensory-p2-fold3-seed47-v2_multiseed,0.3,0.3000069438014998,25923,0.3808800947465962,0.6400355476140785,0.8592344247420144,256172,task_confidence_full,0.3561089178826226
V3-2,P2,3,47,natural_missingness,ea4f5c2a61cf7df43321c66da250e1480ff9cb431dfabb22d9c4d05d565bb993,fddf27fbe61a255d005bf7833cc7779aea0b14df027e31641f7a0b8e0de887ca,extrasensory-p2-fold3-seed47-v2_multiseed,0.35,0.3500023146004999,30243,0.3809233105748804,0.638721435769145,0.8486398604171623,300116,task_confidence_full,0.3094535274516652
V3-2,P2,3,47,natural_missingness,ea4f5c2a61cf7df43321c66da250e1480ff9cb431dfabb22d9c4d05d565bb993,fddf27fbe61a255d005bf7833cc7779aea0b14df027e31641f7a0b8e0de887ca,extrasensory-p2-fold3-seed47-v2_multiseed,0.4,0.4000092584019998,34564,0.3825300590318666,0.6322757068426363,0.8363325753465769,345477,task_confidence_full,0.264462689047491
V3-2,P2,3,47,natural_missingness,ea4f5c2a61cf7df43321c66da250e1480ff9cb431dfabb22d9c4d05d565bb993,fddf27fbe61a255d005bf7833cc7779aea0b14df027e31641f7a0b8e0de887ca,extrasensory-p2-fold3-seed47-v2_multiseed,0.45,0.4500046292009999,38884,0.384875037495347,0.6237003590279783,0.8245854516812096,390906,task_confidence_full,0.2243955096563826
V3-2,P2,3,47,natural_missingness,ea4f5c2a61cf7df43321c66da250e1480ff9cb431dfabb22d9c4d05d565bb993,fddf27fbe61a255d005bf7833cc7779aea0b14df027e31641f7a0b8e0de887ca,extrasensory-p2-fold3-seed47-v2_multiseed,0.5,0.5,43204,0.3894545525722317,0.6158197114728485,0.8131078884286514,435998,task_confidence_full,0.189315589058884
V3-2,P2,3,47,natural_missingness,ea4f5c2a61cf7df43321c66da250e1480ff9cb431dfabb22d9c4d05d565bb993,fddf27fbe61a255d005bf7833cc7779aea0b14df027e31641f7a0b8e0de887ca,extrasensory-p2-fold3-seed47-v2_multiseed,0.55,0.5500069438014998,47525,0.3946780402178242,0.6074369609807101,0.8021610560726674,481233,task_confidence_full,0.1595539287772537
V3-2,P2,3,47,natural_missingness,ea4f5c2a61cf7df43321c66da250e1480ff9cb431dfabb22d9c4d05d565bb993,fddf27fbe61a255d005bf7833cc7779aea0b14df027e31641f7a0b8e0de887ca,extrasensory-p2-fold3-seed47-v2_multiseed,0.6,0.6000023146004999,51845,0.39966208558216,0.5997664635360028,0.792376506012645,525647,task_confidence_full,0.1344890401851097
V3-2,P2,3,47,natural_missingness,ea4f5c2a61cf7df43321c66da250e1480ff9cb431dfabb22d9c4d05d565bb993,fddf27fbe61a255d005bf7833cc7779aea0b14df027e31641f7a0b8e0de887ca,extrasensory-p2-fold3-seed47-v2_multiseed,0.65,0.6500092584019999,56166,0.4059025116597949,0.5914122161179741,0.7823474415135566,570116,task_confidence_full,0.1132828034368997
V3-2,P2,3,47,natural_missingness,ea4f5c2a61cf7df43321c66da250e1480ff9cb431dfabb22d9c4d05d565bb993,fddf27fbe61a255d005bf7833cc7779aea0b14df027e31641f7a0b8e0de887ca,extrasensory-p2-fold3-seed47-v2_multiseed,0.7,0.7000046292009999,60486,0.4125212358163629,0.5841963568858218,0.772685171643901,613169,task_confidence_full,0.0950717936611179
V3-2,P2,3,47,natural_missingness,ea4f5c2a61cf7df43321c66da250e1480ff9cb431dfabb22d9c4d05d565bb993,fddf27fbe61a255d005bf7833cc7779aea0b14df027e31641f7a0b8e0de887ca,extrasensory-p2-fold3-seed47-v2_multiseed,0.75,0.75,64806,0.4185317901540679,0.5765205916697965,0.7637062267421423,656306,task_confidence_full,0.0795688775931451
V3-2,P2,3,47,natural_missingness,ea4f5c2a61cf7df43321c66da250e1480ff9cb431dfabb22d9c4d05d565bb993,fddf27fbe61a255d005bf7833cc7779aea0b14df027e31641f7a0b8e0de887ca,extrasensory-p2-fold3-seed47-v2_multiseed,0.8,0.8000069438014998,69127,0.4246744472552016,0.5707534178870197,0.7555136567179013,698321,task_confidence_full,0.06621496305638
V3-2,P2,3,47,natural_missingness,ea4f5c2a61cf7df43321c66da250e1480ff9cb431dfabb22d9c4d05d565bb993,fddf27fbe61a255d005bf7833cc7779aea0b14df027e31641f7a0b8e0de887ca,extrasensory-p2-fold3-seed47-v2_multiseed,0.85,0.8500023146004999,73447,0.431660992887798,0.5648736047566865,0.7475434051936375,738610,task_confidence_full,0.0543081131255976
V3-2,P2,3,47,natural_missingness,ea4f5c2a61cf7df43321c66da250e1480ff9cb431dfabb22d9c4d05d565bb993,fddf27fbe61a255d005bf7833cc7779aea0b14df027e31641f7a0b8e0de887ca,extrasensory-p2-fold3-seed47-v2_multiseed,0.9,0.9000092584019999,77768,0.4405021108140256,0.5591841015208714,0.7384072159334132,778146,task_confidence_full,0.0428520335211612
V3-2,P2,3,47,natural_missingness,ea4f5c2a61cf7df43321c66da250e1480ff9cb431dfabb22d9c4d05d565bb993,fddf27fbe61a255d005bf7833cc7779aea0b14df027e31641f7a0b8e0de887ca,extrasensory-p2-fold3-seed47-v2_multiseed,0.95,0.950004629201,82088,0.450202062144581,0.5529253516853839,0.7292258279783095,817689,task_confidence_full,0.0313826560952004
V3-2,P2,3,47,natural_missingness,ea4f5c2a61cf7df43321c66da250e1480ff9cb431dfabb22d9c4d05d565bb993,fddf27fbe61a255d005bf7833cc7779aea0b14df027e31641f7a0b8e0de887ca,extrasensory-p2-fold3-seed47-v2_multiseed,1.0,1.0,86408,0.4612080525665025,0.5465091951413192,0.7210616321225802,856815,task_confidence_full,0.0009526978795113
V3-2,P2,4,13,natural_missingness,ea4f5c2a61cf7df43321c66da250e1480ff9cb431dfabb22d9c4d05d565bb993,0b49226144b5f16876e528192d37fc62d46964c786b06fe3b4858b92c5043a1f,extrasensory-p2-fold4-seed13-v2_seed13,0.05,0.0500098019996079,2551,0.2165413341424968,0.3879960112867785,0.894770819883796,26963,mean_binary_certainty,0.9088485885752654
V3-2,P2,4,13,natural_missingness,ea4f5c2a61cf7df43321c66da250e1480ff9cb431dfabb22d9c4d05d565bb993,0b49226144b5f16876e528192d37fc62d46964c786b06fe3b4858b92c5043a1f,extrasensory-p2-fold4-seed13-v2_seed13,0.1,0.1,5101,0.212508539170605,0.4208944755972947,0.9040619075737328,54692,mean_binary_certainty,0.8385978508359827
V3-2,P2,4,13,natural_missingness,ea4f5c2a61cf7df43321c66da250e1480ff9cb431dfabb22d9c4d05d565bb993,0b49226144b5f16876e528192d37fc62d46964c786b06fe3b4858b92c5043a1f,extrasensory-p2-fold4-seed13-v2_seed13,0.15,0.1500098019996079,7652,0.2473623492993405,0.542754716952983,0.8998991850793917,81073,mean_binary_certainty,0.7414627520332642
V3-2,P2,4,13,natural_missingness,ea4f5c2a61cf7df43321c66da250e1480ff9cb431dfabb22d9c4d05d565bb993,0b49226144b5f16876e528192d37fc62d46964c786b06fe3b4858b92c5043a1f,extrasensory-p2-fold4-seed13-v2_seed13,0.2,0.2,10202,0.278525668045981,0.6512931547480391,0.8859514895002442,106371,mean_binary_certainty,0.6772155616323272
V3-2,P2,4,13,natural_missingness,ea4f5c2a61cf7df43321c66da250e1480ff9cb431dfabb22d9c4d05d565bb993,0b49226144b5f16876e528192d37fc62d46964c786b06fe3b4858b92c5043a1f,extrasensory-p2-fold4-seed13-v2_seed13,0.25,0.2500098019996079,12753,0.2825559092802887,0.6802472339483607,0.8747886728655959,132009,mean_binary_certainty,0.6291341198896557
V3-2,P2,4,13,natural_missingness,ea4f5c2a61cf7df43321c66da250e1480ff9cb431dfabb22d9c4d05d565bb993,0b49226144b5f16876e528192d37fc62d46964c786b06fe3b4858b92c5043a1f,extrasensory-p2-fold4-seed13-v2_seed13,0.3,0.3,15303,0.2909150664608274,0.6837685592729932,0.8582736524689031,158084,mean_binary_certainty,0.5903848559674076
V3-2,P2,4,13,natural_missingness,ea4f5c2a61cf7df43321c66da250e1480ff9cb431dfabb22d9c4d05d565bb993,0b49226144b5f16876e528192d37fc62d46964c786b06fe3b4858b92c5043a1f,extrasensory-p2-fold4-seed13-v2_seed13,0.35,0.3500098019996079,17854,0.3017754769046652,0.6871955829490759,0.8435781144456238,183394,mean_binary_certainty,0.5530972598765707
V3-2,P2,4,13,natural_missingness,ea4f5c2a61cf7df43321c66da250e1480ff9cb431dfabb22d9c4d05d565bb993,0b49226144b5f16876e528192d37fc62d46964c786b06fe3b4858b92c5043a1f,extrasensory-p2-fold4-seed13-v2_seed13,0.4,0.4,20404,0.3164940883281082,0.6890923138442963,0.8290092834472137,208684,mean_binary_certainty,0.5195807560525509
V3-2,P2,4,13,natural_missingness,ea4f5c2a61cf7df43321c66da250e1480ff9cb431dfabb22d9c4d05d565bb993,0b49226144b5f16876e528192d37fc62d46964c786b06fe3b4858b92c5043a1f,extrasensory-p2-fold4-seed13-v2_seed13,0.45,0.4500098019996079,22955,0.3329996907348994,0.6858215839043191,0.8156270579046511,232927,mean_binary_certainty,0.4892353348360385
V3-2,P2,4,13,natural_missingness,ea4f5c2a61cf7df43321c66da250e1480ff9cb431dfabb22d9c4d05d565bb993,0b49226144b5f16876e528192d37fc62d46964c786b06fe3b4858b92c5043a1f,extrasensory-p2-fold4-seed13-v2_seed13,0.5,0.5,25505,0.3453480439471208,0.6874592573536806,0.8037108555117118,256406,mean_binary_certainty,0.4632159012659024
V3-2,P2,4,13,natural_missingness,ea4f5c2a61cf7df43321c66da250e1480ff9cb431dfabb22d9c4d05d565bb993,0b49226144b5f16876e528192d37fc62d46964c786b06fe3b4858b92c5043a1f,extrasensory-p2-fold4-seed13-v2_seed13,0.55,0.5500098019996079,28056,0.356852995122362,0.684904213055044,0.7914223746790148,281057,mean_binary_certainty,0.4387477143485238
V3-2,P2,4,13,natural_missingness,ea4f5c2a61cf7df43321c66da250e1480ff9cb431dfabb22d9c4d05d565bb993,0b49226144b5f16876e528192d37fc62d46964c786b06fe3b4858b92c5043a1f,extrasensory-p2-fold4-seed13-v2_seed13,0.6,0.6,30606,0.3687126906583751,0.677787707334048,0.778364603118841,306369,mean_binary_certainty,0.4145574029975667
V3-2,P2,4,13,natural_missingness,ea4f5c2a61cf7df43321c66da250e1480ff9cb431dfabb22d9c4d05d565bb993,0b49226144b5f16876e528192d37fc62d46964c786b06fe3b4858b92c5043a1f,extrasensory-p2-fold4-seed13-v2_seed13,0.65,0.6500098019996079,33157,0.3798512350201925,0.6693661980542399,0.7664391783745331,330474,mean_binary_certainty,0.3908322164998619
V3-2,P2,4,13,natural_missingness,ea4f5c2a61cf7df43321c66da250e1480ff9cb431dfabb22d9c4d05d565bb993,0b49226144b5f16876e528192d37fc62d46964c786b06fe3b4858b92c5043a1f,extrasensory-p2-fold4-seed13-v2_seed13,0.7,0.7,35707,0.3900124126495722,0.6598211374599502,0.7557794809538944,354508,mean_binary_certainty,0.3674398733187337
V3-2,P2,4,13,natural_missingness,ea4f5c2a61cf7df43321c66da250e1480ff9cb431dfabb22d9c4d05d565bb993,0b49226144b5f16876e528192d37fc62d46964c786b06fe3b4858b92c5043a1f,extrasensory-p2-fold4-seed13-v2_seed13,0.75,0.7500098019996079,38258,0.3987868208181073,0.6504771963081197,0.7470434829410066,378975,mean_binary_certainty,0.3426424856827792
V3-2,P2,4,13,natural_missingness,ea4f5c2a61cf7df43321c66da250e1480ff9cb431dfabb22d9c4d05d565bb993,0b49226144b5f16876e528192d37fc62d46964c786b06fe3b4858b92c5043a1f,extrasensory-p2-fold4-seed13-v2_seed13,0.8,0.8,40808,0.4076467000030888,0.6418791636624225,0.7379098256728034,403330,mean_binary_certainty,0.3176430088435503
V3-2,P2,4,13,natural_missingness,ea4f5c2a61cf7df43321c66da250e1480ff9cb431dfabb22d9c4d05d565bb993,0b49226144b5f16876e528192d37fc62d46964c786b06fe3b4858b92c5043a1f,extrasensory-p2-fold4-seed13-v2_seed13,0.85,0.850009801999608,43359,0.416489083348447,0.6330798940121098,0.7285040249082076,427936,mean_binary_certainty,0.2884098734372274
V3-2,P2,4,13,natural_missingness,ea4f5c2a61cf7df43321c66da250e1480ff9cb431dfabb22d9c4d05d565bb993,0b49226144b5f16876e528192d37fc62d46964c786b06fe3b4858b92c5043a1f,extrasensory-p2-fold4-seed13-v2_seed13,0.9,0.9,45909,0.4259420514016705,0.6244447053022004,0.7195409611229763,452681,mean_binary_certainty,0.2539112233524551
V3-2,P2,4,13,natural_missingness,ea4f5c2a61cf7df43321c66da250e1480ff9cb431dfabb22d9c4d05d565bb993,0b49226144b5f16876e528192d37fc62d46964c786b06fe3b4858b92c5043a1f,extrasensory-p2-fold4-seed13-v2_seed13,0.95,0.950009801999608,48460,0.435465864429254,0.6137858967136226,0.7093448815561858,478043,mean_binary_certainty,0.2072665363376292
V3-2,P2,4,13,natural_missingness,ea4f5c2a61cf7df43321c66da250e1480ff9cb431dfabb22d9c4d05d565bb993,0b49226144b5f16876e528192d37fc62d46964c786b06fe3b4858b92c5043a1f,extrasensory-p2-fold4-seed13-v2_seed13,1.0,1.0,51010,0.4453039070601362,0.601285630296833,0.6988239583604617,504726,mean_binary_certainty,0.0491734563060806
V3-2,P2,4,13,natural_missingness,ea4f5c2a61cf7df43321c66da250e1480ff9cb431dfabb22d9c4d05d565bb993,0b49226144b5f16876e528192d37fc62d46964c786b06fe3b4858b92c5043a1f,extrasensory-p2-fold4-seed13-v2_seed13,0.05,0.0500098019996079,2551,0.3725811521582886,0.5014722787405324,0.7647326162702621,25919,p2_system_reliability,0.9944870471954346
V3-2,P2,4,13,natural_missingness,ea4f5c2a61cf7df43321c66da250e1480ff9cb431dfabb22d9c4d05d565bb993,0b49226144b5f16876e528192d37fc62d46964c786b06fe3b4858b92c5043a1f,extrasensory-p2-fold4-seed13-v2_seed13,0.1,0.1,5101,0.3952568987312125,0.5571914075858666,0.7437217041365166,49874,p2_system_reliability,0.9933100938796996
V3-2,P2,4,13,natural_missingness,ea4f5c2a61cf7df43321c66da250e1480ff9cb431dfabb22d9c4d05d565bb993,0b49226144b5f16876e528192d37fc62d46964c786b06fe3b4858b92c5043a1f,extrasensory-p2-fold4-seed13-v2_seed13,0.15,0.1500098019996079,7652,0.4108188597268236,0.5740582460687623,0.7362184441009789,74493,p2_system_reliability,0.9923204183578492
V3-2,P2,4,13,natural_missingness,ea4f5c2a61cf7df43321c66da250e1480ff9cb431dfabb22d9c4d05d565bb993,0b49226144b5f16876e528192d37fc62d46964c786b06fe3b4858b92c5043a1f,extrasensory-p2-fold4-seed13-v2_seed13,0.2,0.2,10202,0.4264165214241551,0.5881763227941722,0.726559359987751,99904,p2_system_reliability,0.9914463758468628
V3-2,P2,4,13,natural_missingness,ea4f5c2a61cf7df43321c66da250e1480ff9cb431dfabb22d9c4d05d565bb993,0b49226144b5f16876e528192d37fc62d46964c786b06fe3b4858b92c5043a1f,extrasensory-p2-fold4-seed13-v2_seed13,0.25,0.2500098019996079,12753,0.4321705849779497,0.594148749526255,0.7185238233098173,125601,p2_system_reliability,0.9905366897583008
V3-2,P2,4,13,natural_missingness,ea4f5c2a61cf7df43321c66da250e1480ff9cb431dfabb22d9c4d05d565bb993,0b49226144b5f16876e528192d37fc62d46964c786b06fe3b4858b92c5043a1f,extrasensory-p2-fold4-seed13-v2_seed13,0.3,0.3,15303,0.4346903221819893,0.6004682899494631,0.7141086604613517,151364,p2_system_reliability,0.9895347356796264
V3-2,P2,4,13,natural_missingness,ea4f5c2a61cf7df43321c66da250e1480ff9cb431dfabb22d9c4d05d565bb993,0b49226144b5f16876e528192d37fc62d46964c786b06fe3b4858b92c5043a1f,extrasensory-p2-fold4-seed13-v2_seed13,0.35,0.3500098019996079,17854,0.4367491392433622,0.6074434825185108,0.7099942418217572,176260,p2_system_reliability,0.9884013533592224
V3-2,P2,4,13,natural_missingness,ea4f5c2a61cf7df43321c66da250e1480ff9cb431dfabb22d9c4d05d565bb993,0b49226144b5f16876e528192d37fc62d46964c786b06fe3b4858b92c5043a1f,extrasensory-p2-fold4-seed13-v2_seed13,0.4,0.4,20404,0.4360625134298597,0.6085791128798694,0.7072879559150773,200523,p2_system_reliability,0.9870999455451964
V3-2,P2,4,13,natural_missingness,ea4f5c2a61cf7df43321c66da250e1480ff9cb431dfabb22d9c4d05d565bb993,0b49226144b5f16876e528192d37fc62d46964c786b06fe3b4858b92c5043a1f,extrasensory-p2-fold4-seed13-v2_seed13,0.45,0.4500098019996079,22955,0.4344703956181877,0.616441753548317,0.7073205908053584,225683,p2_system_reliability,0.98556786775589
V3-2,P2,4,13,natural_missingness,ea4f5c2a61cf7df43321c66da250e1480ff9cb431dfabb22d9c4d05d565bb993,0b49226144b5f16876e528192d37fc62d46964c786b06fe3b4858b92c5043a1f,extrasensory-p2-fold4-seed13-v2_seed13,0.5,0.5,25505,0.4376999567148685,0.6175700428134826,0.7038665331182286,250358,p2_system_reliability,0.9835795760154724
V3-2,P2,4,13,natural_missingness,ea4f5c2a61cf7df43321c66da250e1480ff9cb431dfabb22d9c4d05d565bb993,0b49226144b5f16876e528192d37fc62d46964c786b06fe3b4858b92c5043a1f,extrasensory-p2-fold4-seed13-v2_seed13,0.55,0.5500098019996079,28056,0.4410072938467654,0.6166606482218626,0.6997524821314348,275308,p2_system_reliability,0.9811811447143556
V3-2,P2,4,13,natural_missingness,ea4f5c2a61cf7df43321c66da250e1480ff9cb431dfabb22d9c4d05d565bb993,0b49226144b5f16876e528192d37fc62d46964c786b06fe3b4858b92c5043a1f,extrasensory-p2-fold4-seed13-v2_seed13,0.6,0.6,30606,0.4449305460249337,0.6155764767443862,0.6952244678948309,299948,p2_system_reliability,0.9784492254257202
V3-2,P2,4,13,natural_missingness,ea4f5c2a61cf7df43321c66da250e1480ff9cb431dfabb22d9c4d05d565bb993,0b49226144b5f16876e528192d37fc62d46964c786b06fe3b4858b92c5043a1f,extrasensory-p2-fold4-seed13-v2_seed13,0.65,0.6500098019996079,33157,0.4486730499831783,0.6097969757469106,0.6918471727909115,324656,p2_system_reliability,0.9754230976104736
V3-2,P2,4,13,natural_missingness,ea4f5c2a61cf7df43321c66da250e1480ff9cb431dfabb22d9c4d05d565bb993,0b49226144b5f16876e528192d37fc62d46964c786b06fe3b4858b92c5043a1f,extrasensory-p2-fold4-seed13-v2_seed13,0.7,0.7,35707,0.4495030278469928,0.6069187254434968,0.6908254430290047,349541,p2_system_reliability,0.9723209142684937
V3-2,P2,4,13,natural_missingness,ea4f5c2a61cf7df43321c66da250e1480ff9cb431dfabb22d9c4d05d565bb993,0b49226144b5f16876e528192d37fc62d46964c786b06fe3b4858b92c5043a1f,extrasensory-p2-fold4-seed13-v2_seed13,0.75,0.7500098019996079,38258,0.448926184619955,0.6046995442075176,0.6923321795811122,374953,p2_system_reliability,0.9688522815704346
V3-2,P2,4,13,natural_missingness,ea4f5c2a61cf7df43321c66da250e1480ff9cb431dfabb22d9c4d05d565bb993,0b49226144b5f16876e528192d37fc62d46964c786b06fe3b4858b92c5043a1f,extrasensory-p2-fold4-seed13-v2_seed13,0.8,0.8,40808,0.4496234248287404,0.6014567970596068,0.6932057002346105,401132,p2_system_reliability,0.9649123549461364
V3-2,P2,4,13,natural_missingness,ea4f5c2a61cf7df43321c66da250e1480ff9cb431dfabb22d9c4d05d565bb993,0b49226144b5f16876e528192d37fc62d46964c786b06fe3b4858b92c5043a1f,extrasensory-p2-fold4-seed13-v2_seed13,0.85,0.850009801999608,43359,0.4491287822437952,0.5997132901146179,0.6950579911649273,426777,p2_system_reliability,0.9604609608650208
V3-2,P2,4,13,natural_missingness,ea4f5c2a61cf7df43321c66da250e1480ff9cb431dfabb22d9c4d05d565bb993,0b49226144b5f16876e528192d37fc62d46964c786b06fe3b4858b92c5043a1f,extrasensory-p2-fold4-seed13-v2_seed13,0.9,0.9,45909,0.4495919826753438,0.5969363530035261,0.6951550203064388,452627,p2_system_reliability,0.9546124935150146
V3-2,P2,4,13,natural_missingness,ea4f5c2a61cf7df43321c66da250e1480ff9cb431dfabb22d9c4d05d565bb993,0b49226144b5f16876e528192d37fc62d46964c786b06fe3b4858b92c5043a1f,extrasensory-p2-fold4-seed13-v2_seed13,0.95,0.950009801999608,48460,0.4492651076801838,0.5970869232477564,0.6959509432928571,478821,p2_system_reliability,0.9441665410995485
V3-2,P2,4,13,natural_missingness,ea4f5c2a61cf7df43321c66da250e1480ff9cb431dfabb22d9c4d05d565bb993,0b49226144b5f16876e528192d37fc62d46964c786b06fe3b4858b92c5043a1f,extrasensory-p2-fold4-seed13-v2_seed13,1.0,1.0,51010,0.445303907060136,0.601285630296833,0.6988239583604617,504726,p2_system_reliability,0.8427388072013855
V3-2,P2,4,13,natural_missingness,ea4f5c2a61cf7df43321c66da250e1480ff9cb431dfabb22d9c4d05d565bb993,0b49226144b5f16876e528192d37fc62d46964c786b06fe3b4858b92c5043a1f,extrasensory-p2-fold4-seed13-v2_seed13,0.05,0.0500098019996079,2551,0.2668793834617465,0.4643976427847733,0.8899353387686253,25502,task_confidence_output_only,0.7273808712282199
V3-2,P2,4,13,natural_missingness,ea4f5c2a61cf7df43321c66da250e1480ff9cb431dfabb22d9c4d05d565bb993,0b49226144b5f16876e528192d37fc62d46964c786b06fe3b4858b92c5043a1f,extrasensory-p2-fold4-seed13-v2_seed13,0.1,0.1,5101,0.2347664527734834,0.5562374833652436,0.8863794878607725,53962,task_confidence_output_only,0.6751102755628224
V3-2,P2,4,13,natural_missingness,ea4f5c2a61cf7df43321c66da250e1480ff9cb431dfabb22d9c4d05d565bb993,0b49226144b5f16876e528192d37fc62d46964c786b06fe3b4858b92c5043a1f,extrasensory-p2-fold4-seed13-v2_seed13,0.15,0.1500098019996079,7652,0.2390206004415801,0.5731144804141686,0.8957613324711811,79857,task_confidence_output_only,0.6040318598280303
V3-2,P2,4,13,natural_missingness,ea4f5c2a61cf7df43321c66da250e1480ff9cb431dfabb22d9c4d05d565bb993,0b49226144b5f16876e528192d37fc62d46964c786b06fe3b4858b92c5043a1f,extrasensory-p2-fold4-seed13-v2_seed13,0.2,0.2,10202,0.2676477958143927,0.6936107387268228,0.8859899490448091,103438,task_confidence_output_only,0.5443663704390632
V3-2,P2,4,13,natural_missingness,ea4f5c2a61cf7df43321c66da250e1480ff9cb431dfabb22d9c4d05d565bb993,0b49226144b5f16876e528192d37fc62d46964c786b06fe3b4858b92c5043a1f,extrasensory-p2-fold4-seed13-v2_seed13,0.25,0.2500098019996079,12753,0.2800947403266363,0.7150087748196113,0.8735258117935056,127561,task_confidence_output_only,0.4791498405248361
V3-2,P2,4,13,natural_missingness,ea4f5c2a61cf7df43321c66da250e1480ff9cb431dfabb22d9c4d05d565bb993,0b49226144b5f16876e528192d37fc62d46964c786b06fe3b4858b92c5043a1f,extrasensory-p2-fold4-seed13-v2_seed13,0.3,0.3,15303,0.2942420419791733,0.7078535093100531,0.857762824263702,151939,task_confidence_output_only,0.4183155914009439
V3-2,P2,4,13,natural_missingness,ea4f5c2a61cf7df43321c66da250e1480ff9cb431dfabb22d9c4d05d565bb993,0b49226144b5f16876e528192d37fc62d46964c786b06fe3b4858b92c5043a1f,extrasensory-p2-fold4-seed13-v2_seed13,0.35,0.3500098019996079,17854,0.3085004538110431,0.7025457901396965,0.8415603076663004,176072,task_confidence_output_only,0.3640801916002412
V3-2,P2,4,13,natural_missingness,ea4f5c2a61cf7df43321c66da250e1480ff9cb431dfabb22d9c4d05d565bb993,0b49226144b5f16876e528192d37fc62d46964c786b06fe3b4858b92c5043a1f,extrasensory-p2-fold4-seed13-v2_seed13,0.4,0.4,20404,0.3187958990969065,0.7044175548075263,0.8288561725596157,201070,task_confidence_output_only,0.3228486441013715
V3-2,P2,4,13,natural_missingness,ea4f5c2a61cf7df43321c66da250e1480ff9cb431dfabb22d9c4d05d565bb993,0b49226144b5f16876e528192d37fc62d46964c786b06fe3b4858b92c5043a1f,extrasensory-p2-fold4-seed13-v2_seed13,0.45,0.4500098019996079,22955,0.3326712216524293,0.6991064791463946,0.8125857240240808,226423,task_confidence_output_only,0.2894400281515142
V3-2,P2,4,13,natural_missingness,ea4f5c2a61cf7df43321c66da250e1480ff9cb431dfabb22d9c4d05d565bb993,0b49226144b5f16876e528192d37fc62d46964c786b06fe3b4858b92c5043a1f,extrasensory-p2-fold4-seed13-v2_seed13,0.5,0.5,25505,0.3480442932898668,0.6928707033068014,0.7977268691173859,251707,task_confidence_output_only,0.2616147027537099
V3-2,P2,4,13,natural_missingness,ea4f5c2a61cf7df43321c66da250e1480ff9cb431dfabb22d9c4d05d565bb993,0b49226144b5f16876e528192d37fc62d46964c786b06fe3b4858b92c5043a1f,extrasensory-p2-fold4-seed13-v2_seed13,0.55,0.5500098019996079,28056,0.3615756115483558,0.6854994778242378,0.7855678999029231,277071,task_confidence_output_only,0.2363436831036858
V3-2,P2,4,13,natural_missingness,ea4f5c2a61cf7df43321c66da250e1480ff9cb431dfabb22d9c4d05d565bb993,0b49226144b5f16876e528192d37fc62d46964c786b06fe3b4858b92c5043a1f,extrasensory-p2-fold4-seed13-v2_seed13,0.6,0.6,30606,0.3732422492151473,0.6777732563323661,0.7745326885808221,302496,task_confidence_output_only,0.2118378785589499
V3-2,P2,4,13,natural_missingness,ea4f5c2a61cf7df43321c66da250e1480ff9cb431dfabb22d9c4d05d565bb993,0b49226144b5f16876e528192d37fc62d46964c786b06fe3b4858b92c5043a1f,extrasensory-p2-fold4-seed13-v2_seed13,0.65,0.6500098019996079,33157,0.3845602840321991,0.6680177231840952,0.7635029561415057,327863,task_confidence_output_only,0.1883507415210348
V3-2,P2,4,13,natural_missingness,ea4f5c2a61cf7df43321c66da250e1480ff9cb431dfabb22d9c4d05d565bb993,0b49226144b5f16876e528192d37fc62d46964c786b06fe3b4858b92c5043a1f,extrasensory-p2-fold4-seed13-v2_seed13,0.7,0.7,35707,0.3956523001243022,0.6593746549452689,0.752689201188938,353281,task_confidence_output_only,0.1664759111241723
V3-2,P2,4,13,natural_missingness,ea4f5c2a61cf7df43321c66da250e1480ff9cb431dfabb22d9c4d05d565bb993,0b49226144b5f16876e528192d37fc62d46964c786b06fe3b4858b92c5043a1f,extrasensory-p2-fold4-seed13-v2_seed13,0.75,0.7500098019996079,38258,0.4051553905049245,0.6509941264503872,0.7433483218642088,378242,task_confidence_output_only,0.1463246842945027
V3-2,P2,4,13,natural_missingness,ea4f5c2a61cf7df43321c66da250e1480ff9cb431dfabb22d9c4d05d565bb993,0b49226144b5f16876e528192d37fc62d46964c786b06fe3b4858b92c5043a1f,extrasensory-p2-fold4-seed13-v2_seed13,0.8,0.8,40808,0.4133955665924178,0.6419870003782953,0.7353233042773349,403189,task_confidence_output_only,0.1283200220225959
V3-2,P2,4,13,natural_missingness,ea4f5c2a61cf7df43321c66da250e1480ff9cb431dfabb22d9c4d05d565bb993,0b49226144b5f16876e528192d37fc62d46964c786b06fe3b4858b92c5043a1f,extrasensory-p2-fold4-seed13-v2_seed13,0.85,0.850009801999608,43359,0.4202731501747228,0.6342494418677693,0.7275909104864495,428166,task_confidence_output_only,0.110817257104116
V3-2,P2,4,13,natural_missingness,ea4f5c2a61cf7df43321c66da250e1480ff9cb431dfabb22d9c4d05d565bb993,0b49226144b5f16876e528192d37fc62d46964c786b06fe3b4858b92c5043a1f,extrasensory-p2-fold4-seed13-v2_seed13,0.9,0.9,45909,0.427462659686561,0.6272471241059274,0.7199323750367752,452884,task_confidence_output_only,0.0922755954460545
V3-2,P2,4,13,natural_missingness,ea4f5c2a61cf7df43321c66da250e1480ff9cb431dfabb22d9c4d05d565bb993,0b49226144b5f16876e528192d37fc62d46964c786b06fe3b4858b92c5043a1f,extrasensory-p2-fold4-seed13-v2_seed13,0.95,0.950009801999608,48460,0.4353936743697663,0.6162428563569212,0.7107686878786097,478606,task_confidence_output_only,0.071644859069116
V3-2,P2,4,13,natural_missingness,ea4f5c2a61cf7df43321c66da250e1480ff9cb431dfabb22d9c4d05d565bb993,0b49226144b5f16876e528192d37fc62d46964c786b06fe3b4858b92c5043a1f,extrasensory-p2-fold4-seed13-v2_seed13,1.0,1.0,51010,0.445303907060136,0.601285630296833,0.6988239583604617,504726,task_confidence_output_only,0.005269372271462
V3-2,P2,4,13,natural_missingness,ea4f5c2a61cf7df43321c66da250e1480ff9cb431dfabb22d9c4d05d565bb993,0b49226144b5f16876e528192d37fc62d46964c786b06fe3b4858b92c5043a1f,extrasensory-p2-fold4-seed13-v2_seed13,0.05,0.0500098019996079,2551,0.1600059403159134,0.6468920228356914,0.9439665970772444,22332,task_confidence_full,0.8034637622792221
V3-2,P2,4,13,natural_missingness,ea4f5c2a61cf7df43321c66da250e1480ff9cb431dfabb22d9c4d05d565bb993,0b49226144b5f16876e528192d37fc62d46964c786b06fe3b4858b92c5043a1f,extrasensory-p2-fold4-seed13-v2_seed13,0.1,0.1,5101,0.1844264309156293,0.696815668211506,0.9150294170083794,51653,task_confidence_full,0.7373568341589835
V3-2,P2,4,13,natural_missingness,ea4f5c2a61cf7df43321c66da250e1480ff9cb431dfabb22d9c4d05d565bb993,0b49226144b5f16876e528192d37fc62d46964c786b06fe3b4858b92c5043a1f,extrasensory-p2-fold4-seed13-v2_seed13,0.15,0.1500098019996079,7652,0.2217758448364139,0.712711512609405,0.8913445533567598,79516,task_confidence_full,0.683178695171812
V3-2,P2,4,13,natural_missingness,ea4f5c2a61cf7df43321c66da250e1480ff9cb431dfabb22d9c4d05d565bb993,0b49226144b5f16876e528192d37fc62d46964c786b06fe3b4858b92c5043a1f,extrasensory-p2-fold4-seed13-v2_seed13,0.2,0.2,10202,0.2516124239828936,0.7079502661292703,0.8735572152295399,105633,task_confidence_full,0.622744164857411
V3-2,P2,4,13,natural_missingness,ea4f5c2a61cf7df43321c66da250e1480ff9cb431dfabb22d9c4d05d565bb993,0b49226144b5f16876e528192d37fc62d46964c786b06fe3b4858b92c5043a1f,extrasensory-p2-fold4-seed13-v2_seed13,0.25,0.2500098019996079,12753,0.2875066610481946,0.6923747380238866,0.8573973784307348,129576,task_confidence_full,0.5725365396966708
V3-2,P2,4,13,natural_missingness,ea4f5c2a61cf7df43321c66da250e1480ff9cb431dfabb22d9c4d05d565bb993,0b49226144b5f16876e528192d37fc62d46964c786b06fe3b4858b92c5043a1f,extrasensory-p2-fold4-seed13-v2_seed13,0.3,0.3,15303,0.3072153803079508,0.6835935531721351,0.8423700916999765,155053,task_confidence_full,0.5156933077168473
V3-2,P2,4,13,natural_missingness,ea4f5c2a61cf7df43321c66da250e1480ff9cb431dfabb22d9c4d05d565bb993,0b49226144b5f16876e528192d37fc62d46964c786b06fe3b4858b92c5043a1f,extrasensory-p2-fold4-seed13-v2_seed13,0.35,0.3500098019996079,17854,0.3158340366822157,0.6815784982069231,0.8349642660802639,181328,task_confidence_full,0.4684030841725093
V3-2,P2,4,13,natural_missingness,ea4f5c2a61cf7df43321c66da250e1480ff9cb431dfabb22d9c4d05d565bb993,0b49226144b5f16876e528192d37fc62d46964c786b06fe3b4858b92c5043a1f,extrasensory-p2-fold4-seed13-v2_seed13,0.4,0.4,20404,0.3265710861708862,0.6779031556659525,0.8236357731569662,206230,task_confidence_full,0.4151016707687781
V3-2,P2,4,13,natural_missingness,ea4f5c2a61cf7df43321c66da250e1480ff9cb431dfabb22d9c4d05d565bb993,0b49226144b5f16876e528192d37fc62d46964c786b06fe3b4858b92c5043a1f,extrasensory-p2-fold4-seed13-v2_seed13,0.45,0.4500098019996079,22955,0.3382294724022967,0.6730752156441672,0.809617949321409,231398,task_confidence_full,0.3659437526116176
V3-2,P2,4,13,natural_missingness,ea4f5c2a61cf7df43321c66da250e1480ff9cb431dfabb22d9c4d05d565bb993,0b49226144b5f16876e528192d37fc62d46964c786b06fe3b4858b92c5043a1f,extrasensory-p2-fold4-seed13-v2_seed13,0.5,0.5,25505,0.3508783390197668,0.6703209023080328,0.7966231663850272,256981,task_confidence_full,0.3257708123284681
V3-2,P2,4,13,natural_missingness,ea4f5c2a61cf7df43321c66da250e1480ff9cb431dfabb22d9c4d05d565bb993,0b49226144b5f16876e528192d37fc62d46964c786b06fe3b4858b92c5043a1f,extrasensory-p2-fold4-seed13-v2_seed13,0.55,0.5500098019996079,28056,0.3640683527170716,0.6656147191273177,0.7840106265912213,281464,task_confidence_full,0.2897066158453591
V3-2,P2,4,13,natural_missingness,ea4f5c2a61cf7df43321c66da250e1480ff9cb431dfabb22d9c4d05d565bb993,0b49226144b5f16876e528192d37fc62d46964c786b06fe3b4858b92c5043a1f,extrasensory-p2-fold4-seed13-v2_seed13,0.6,0.6,30606,0.3759917638840288,0.6621213133409763,0.7734809958786243,305604,task_confidence_full,0.2575590279779185
V3-2,P2,4,13,natural_missingness,ea4f5c2a61cf7df43321c66da250e1480ff9cb431dfabb22d9c4d05d565bb993,0b49226144b5f16876e528192d37fc62d46964c786b06fe3b4858b92c5043a1f,extrasensory-p2-fold4-seed13-v2_seed13,0.65,0.6500098019996079,33157,0.3866263177597386,0.6559398938023446,0.7626643915198392,329898,task_confidence_full,0.2279725935058405
V3-2,P2,4,13,natural_missingness,ea4f5c2a61cf7df43321c66da250e1480ff9cb431dfabb22d9c4d05d565bb993,0b49226144b5f16876e528192d37fc62d46964c786b06fe3b4858b92c5043a1f,extrasensory-p2-fold4-seed13-v2_seed13,0.7,0.7,35707,0.3975813388062991,0.650513148860879,0.751710629270009,354512,task_confidence_full,0.1992118400708383
V3-2,P2,4,13,natural_missingness,ea4f5c2a61cf7df43321c66da250e1480ff9cb431dfabb22d9c4d05d565bb993,0b49226144b5f16876e528192d37fc62d46964c786b06fe3b4858b92c5043a1f,extrasensory-p2-fold4-seed13-v2_seed13,0.75,0.7500098019996079,38258,0.4071945608540147,0.6455025492224193,0.7421707675756768,378989,task_confidence_full,0.1728125225657852
V3-2,P2,4,13,natural_missingness,ea4f5c2a61cf7df43321c66da250e1480ff9cb431dfabb22d9c4d05d565bb993,0b49226144b5f16876e528192d37fc62d46964c786b06fe3b4858b92c5043a1f,extrasensory-p2-fold4-seed13-v2_seed13,0.8,0.8,40808,0.4152754587999157,0.6400232959326453,0.7328101435513601,403357,task_confidence_full,0.1465095192827784
V3-2,P2,4,13,natural_missingness,ea4f5c2a61cf7df43321c66da250e1480ff9cb431dfabb22d9c4d05d565bb993,0b49226144b5f16876e528192d37fc62d46964c786b06fe3b4858b92c5043a1f,extrasensory-p2-fold4-seed13-v2_seed13,0.85,0.850009801999608,43359,0.4220389587342229,0.6309311398761042,0.7231809999163729,428016,task_confidence_full,0.1203740288438742
V3-2,P2,4,13,natural_missingness,ea4f5c2a61cf7df43321c66da250e1480ff9cb431dfabb22d9c4d05d565bb993,0b49226144b5f16876e528192d37fc62d46964c786b06fe3b4858b92c5043a1f,extrasensory-p2-fold4-seed13-v2_seed13,0.9,0.9,45909,0.4294304548384133,0.6221466035677911,0.7138847297584738,452943,task_confidence_full,0.0929988618634989
V3-2,P2,4,13,natural_missingness,ea4f5c2a61cf7df43321c66da250e1480ff9cb431dfabb22d9c4d05d565bb993,0b49226144b5f16876e528192d37fc62d46964c786b06fe3b4858b92c5043a1f,extrasensory-p2-fold4-seed13-v2_seed13,0.95,0.950009801999608,48460,0.4370513030196104,0.6121471117221492,0.7058456828117355,478749,task_confidence_full,0.0628956427349431
V3-2,P2,4,13,natural_missingness,ea4f5c2a61cf7df43321c66da250e1480ff9cb431dfabb22d9c4d05d565bb993,0b49226144b5f16876e528192d37fc62d46964c786b06fe3b4858b92c5043a1f,extrasensory-p2-fold4-seed13-v2_seed13,1.0,1.0,51010,0.4453039070601362,0.601285630296833,0.6988239583604617,504726,task_confidence_full,0.0093147018793793
V3-2,P2,4,29,natural_missingness,ea4f5c2a61cf7df43321c66da250e1480ff9cb431dfabb22d9c4d05d565bb993,fdfb479e3a4067e69be7dcb34610d1f8aa3d1ffcb924a65827419fb34846aa22,extrasensory-p2-fold4-seed29-v2_multiseed,0.05,0.0500098019996079,2551,0.3654601537227656,0.3765580987707853,0.8552332575858842,24998,mean_binary_certainty,0.9385069321427372
V3-2,P2,4,29,natural_missingness,ea4f5c2a61cf7df43321c66da250e1480ff9cb431dfabb22d9c4d05d565bb993,fdfb479e3a4067e69be7dcb34610d1f8aa3d1ffcb924a65827419fb34846aa22,extrasensory-p2-fold4-seed29-v2_multiseed,0.1,0.1,5101,0.2498847239307929,0.3916649271332695,0.8900176541642147,55105,mean_binary_certainty,0.9047215601898134
V3-2,P2,4,29,natural_missingness,ea4f5c2a61cf7df43321c66da250e1480ff9cb431dfabb22d9c4d05d565bb993,fdfb479e3a4067e69be7dcb34610d1f8aa3d1ffcb924a65827419fb34846aa22,extrasensory-p2-fold4-seed29-v2_multiseed,0.15,0.1500098019996079,7652,0.2388463063203975,0.6010572689642917,0.8900307897145711,82256,mean_binary_certainty,0.8041040652569647
V3-2,P2,4,29,natural_missingness,ea4f5c2a61cf7df43321c66da250e1480ff9cb431dfabb22d9c4d05d565bb993,fdfb479e3a4067e69be7dcb34610d1f8aa3d1ffcb924a65827419fb34846aa22,extrasensory-p2-fold4-seed29-v2_multiseed,0.2,0.2,10202,0.2651113812484653,0.6497060108274622,0.8734419785439358,107157,mean_binary_certainty,0.7256483721832356
V3-2,P2,4,29,natural_missingness,ea4f5c2a61cf7df43321c66da250e1480ff9cb431dfabb22d9c4d05d565bb993,fdfb479e3a4067e69be7dcb34610d1f8aa3d1ffcb924a65827419fb34846aa22,extrasensory-p2-fold4-seed29-v2_multiseed,0.25,0.2500098019996079,12753,0.2700268642627199,0.6830080674803468,0.8608227450666025,133186,mean_binary_certainty,0.6649763200945763
V3-2,P2,4,29,natural_missingness,ea4f5c2a61cf7df43321c66da250e1480ff9cb431dfabb22d9c4d05d565bb993,fdfb479e3a4067e69be7dcb34610d1f8aa3d1ffcb924a65827419fb34846aa22,extrasensory-p2-fold4-seed29-v2_multiseed,0.3,0.3,15303,0.2814684285507933,0.7001696075375834,0.8451270468661773,158585,mean_binary_certainty,0.6126547971782268
V3-2,P2,4,29,natural_missingness,ea4f5c2a61cf7df43321c66da250e1480ff9cb431dfabb22d9c4d05d565bb993,fdfb479e3a4067e69be7dcb34610d1f8aa3d1ffcb924a65827419fb34846aa22,extrasensory-p2-fold4-seed29-v2_multiseed,0.35,0.3500098019996079,17854,0.2979911109285086,0.7066490292853401,0.8288477588492317,183874,mean_binary_certainty,0.5667534778067586
V3-2,P2,4,29,natural_missingness,ea4f5c2a61cf7df43321c66da250e1480ff9cb431dfabb22d9c4d05d565bb993,fdfb479e3a4067e69be7dcb34610d1f8aa3d1ffcb924a65827419fb34846aa22,extrasensory-p2-fold4-seed29-v2_multiseed,0.4,0.4,20404,0.3171563798566301,0.7088527845231783,0.8120072294837206,208164,mean_binary_certainty,0.5303584959732596
V3-2,P2,4,29,natural_missingness,ea4f5c2a61cf7df43321c66da250e1480ff9cb431dfabb22d9c4d05d565bb993,fdfb479e3a4067e69be7dcb34610d1f8aa3d1ffcb924a65827419fb34846aa22,extrasensory-p2-fold4-seed29-v2_multiseed,0.45,0.4500098019996079,22955,0.3303844513370405,0.7056462270734019,0.7992749339953501,232566,mean_binary_certainty,0.4984805563893593
V3-2,P2,4,29,natural_missingness,ea4f5c2a61cf7df43321c66da250e1480ff9cb431dfabb22d9c4d05d565bb993,fdfb479e3a4067e69be7dcb34610d1f8aa3d1ffcb924a65827419fb34846aa22,extrasensory-p2-fold4-seed29-v2_multiseed,0.5,0.5,25505,0.3412337679451921,0.6969812582791711,0.7866988855628089,256339,mean_binary_certainty,0.4703178989394018
V3-2,P2,4,29,natural_missingness,ea4f5c2a61cf7df43321c66da250e1480ff9cb431dfabb22d9c4d05d565bb993,fdfb479e3a4067e69be7dcb34610d1f8aa3d1ffcb924a65827419fb34846aa22,extrasensory-p2-fold4-seed29-v2_multiseed,0.55,0.5500098019996079,28056,0.3530815800788753,0.6862838247956314,0.7744552588599275,280170,mean_binary_certainty,0.4452284195082572
V3-2,P2,4,29,natural_missingness,ea4f5c2a61cf7df43321c66da250e1480ff9cb431dfabb22d9c4d05d565bb993,fdfb479e3a4067e69be7dcb34610d1f8aa3d1ffcb924a65827419fb34846aa22,extrasensory-p2-fold4-seed29-v2_multiseed,0.6,0.6,30606,0.3652768060333152,0.6765783807076795,0.7628553364148083,304174,mean_binary_certainty,0.4203701737796285
V3-2,P2,4,29,natural_missingness,ea4f5c2a61cf7df43321c66da250e1480ff9cb431dfabb22d9c4d05d565bb993,fdfb479e3a4067e69be7dcb34610d1f8aa3d1ffcb924a65827419fb34846aa22,extrasensory-p2-fold4-seed29-v2_multiseed,0.65,0.6500098019996079,33157,0.3749064270752471,0.6697364632481957,0.7528760240929463,327857,mean_binary_certainty,0.395104609680925
V3-2,P2,4,29,natural_missingness,ea4f5c2a61cf7df43321c66da250e1480ff9cb431dfabb22d9c4d05d565bb993,fdfb479e3a4067e69be7dcb34610d1f8aa3d1ffcb924a65827419fb34846aa22,extrasensory-p2-fold4-seed29-v2_multiseed,0.7,0.7,35707,0.3846325348747615,0.6618608150217623,0.743173073331092,351728,mean_binary_certainty,0.3687885076789173
V3-2,P2,4,29,natural_missingness,ea4f5c2a61cf7df43321c66da250e1480ff9cb431dfabb22d9c4d05d565bb993,fdfb479e3a4067e69be7dcb34610d1f8aa3d1ffcb924a65827419fb34846aa22,extrasensory-p2-fold4-seed29-v2_multiseed,0.75,0.7500098019996079,38258,0.3945307107985351,0.6527401036340268,0.7334849653818022,375569,mean_binary_certainty,0.3418375692051595
V3-2,P2,4,29,natural_missingness,ea4f5c2a61cf7df43321c66da250e1480ff9cb431dfabb22d9c4d05d565bb993,fdfb479e3a4067e69be7dcb34610d1f8aa3d1ffcb924a65827419fb34846aa22,extrasensory-p2-fold4-seed29-v2_multiseed,0.8,0.8,40808,0.4055608080519542,0.6440117185318807,0.7235648265920461,400445,mean_binary_certainty,0.312975752497477
V3-2,P2,4,29,natural_missingness,ea4f5c2a61cf7df43321c66da250e1480ff9cb431dfabb22d9c4d05d565bb993,fdfb479e3a4067e69be7dcb34610d1f8aa3d1ffcb924a65827419fb34846aa22,extrasensory-p2-fold4-seed29-v2_multiseed,0.85,0.850009801999608,43359,0.4168599379001367,0.6339254072630726,0.7140085163822693,425754,mean_binary_certainty,0.2835479309939112
V3-2,P2,4,29,natural_missingness,ea4f5c2a61cf7df43321c66da250e1480ff9cb431dfabb22d9c4d05d565bb993,fdfb479e3a4067e69be7dcb34610d1f8aa3d1ffcb924a65827419fb34846aa22,extrasensory-p2-fold4-seed29-v2_multiseed,0.9,0.9,45909,0.4271105047889845,0.6242987793878484,0.704480413641106,451578,mean_binary_certainty,0.2505024843384162
V3-2,P2,4,29,natural_missingness,ea4f5c2a61cf7df43321c66da250e1480ff9cb431dfabb22d9c4d05d565bb993,fdfb479e3a4067e69be7dcb34610d1f8aa3d1ffcb924a65827419fb34846aa22,extrasensory-p2-fold4-seed29-v2_multiseed,0.95,0.950009801999608,48460,0.4379544181218571,0.6133106288298412,0.6943959597398845,477896,mean_binary_certainty,0.2083333137583207
V3-2,P2,4,29,natural_missingness,ea4f5c2a61cf7df43321c66da250e1480ff9cb431dfabb22d9c4d05d565bb993,fdfb479e3a4067e69be7dcb34610d1f8aa3d1ffcb924a65827419fb34846aa22,extrasensory-p2-fold4-seed29-v2_multiseed,1.0,1.0,51010,0.44783220093212,0.6024232840375966,0.6845457843808327,504726,mean_binary_certainty,0.0524861281392726
V3-2,P2,4,29,natural_missingness,ea4f5c2a61cf7df43321c66da250e1480ff9cb431dfabb22d9c4d05d565bb993,fdfb479e3a4067e69be7dcb34610d1f8aa3d1ffcb924a65827419fb34846aa22,extrasensory-p2-fold4-seed29-v2_multiseed,0.05,0.0500098019996079,2551,0.5738928477600668,0.4123656144257809,0.4958309094434749,21013,p2_system_reliability,0.9968563318252563
V3-2,P2,4,29,natural_missingness,ea4f5c2a61cf7df43321c66da250e1480ff9cb431dfabb22d9c4d05d565bb993,fdfb479e3a4067e69be7dcb34610d1f8aa3d1ffcb924a65827419fb34846aa22,extrasensory-p2-fold4-seed29-v2_multiseed,0.1,0.1,5101,0.5470143154441479,0.4612423628019256,0.5301238090854697,43785,p2_system_reliability,0.9957842826843262
V3-2,P2,4,29,natural_missingness,ea4f5c2a61cf7df43321c66da250e1480ff9cb431dfabb22d9c4d05d565bb993,fdfb479e3a4067e69be7dcb34610d1f8aa3d1ffcb924a65827419fb34846aa22,extrasensory-p2-fold4-seed29-v2_multiseed,0.15,0.1500098019996079,7652,0.5338750147771205,0.5187961911969289,0.5647100320390347,67632,p2_system_reliability,0.994837522506714
V3-2,P2,4,29,natural_missingness,ea4f5c2a61cf7df43321c66da250e1480ff9cb431dfabb22d9c4d05d565bb993,fdfb479e3a4067e69be7dcb34610d1f8aa3d1ffcb924a65827419fb34846aa22,extrasensory-p2-fold4-seed29-v2_multiseed,0.2,0.2,10202,0.5222502076680002,0.5478586111074849,0.5904863028243789,92368,p2_system_reliability,0.9938657879829408
V3-2,P2,4,29,natural_missingness,ea4f5c2a61cf7df43321c66da250e1480ff9cb431dfabb22d9c4d05d565bb993,fdfb479e3a4067e69be7dcb34610d1f8aa3d1ffcb924a65827419fb34846aa22,extrasensory-p2-fold4-seed29-v2_multiseed,0.25,0.2500098019996079,12753,0.5113375401894203,0.5662843145769764,0.6067449116030308,117704,p2_system_reliability,0.9929555654525756
V3-2,P2,4,29,natural_missingness,ea4f5c2a61cf7df43321c66da250e1480ff9cb431dfabb22d9c4d05d565bb993,fdfb479e3a4067e69be7dcb34610d1f8aa3d1ffcb924a65827419fb34846aa22,extrasensory-p2-fold4-seed29-v2_multiseed,0.3,0.3,15303,0.5032125871775862,0.5760283474964651,0.6187848285725851,142555,p2_system_reliability,0.9920796155929564
V3-2,P2,4,29,natural_missingness,ea4f5c2a61cf7df43321c66da250e1480ff9cb431dfabb22d9c4d05d565bb993,fdfb479e3a4067e69be7dcb34610d1f8aa3d1ffcb924a65827419fb34846aa22,extrasensory-p2-fold4-seed29-v2_multiseed,0.35,0.3500098019996079,17854,0.4943512017915935,0.5863995968112875,0.6318402321258557,168360,p2_system_reliability,0.9912517070770264
V3-2,P2,4,29,natural_missingness,ea4f5c2a61cf7df43321c66da250e1480ff9cb431dfabb22d9c4d05d565bb993,fdfb479e3a4067e69be7dcb34610d1f8aa3d1ffcb924a65827419fb34846aa22,extrasensory-p2-fold4-seed29-v2_multiseed,0.4,0.4,20404,0.4882664369486998,0.5937873475644743,0.6417596192453459,194278,p2_system_reliability,0.99039489030838
V3-2,P2,4,29,natural_missingness,ea4f5c2a61cf7df43321c66da250e1480ff9cb431dfabb22d9c4d05d565bb993,fdfb479e3a4067e69be7dcb34610d1f8aa3d1ffcb924a65827419fb34846aa22,extrasensory-p2-fold4-seed29-v2_multiseed,0.45,0.4500098019996079,22955,0.4813268320393429,0.5989168476483006,0.6500129210095615,220212,p2_system_reliability,0.9895482659339904
V3-2,P2,4,29,natural_missingness,ea4f5c2a61cf7df43321c66da250e1480ff9cb431dfabb22d9c4d05d565bb993,fdfb479e3a4067e69be7dcb34610d1f8aa3d1ffcb924a65827419fb34846aa22,extrasensory-p2-fold4-seed29-v2_multiseed,0.5,0.5,25505,0.4736843438955944,0.6035468880707009,0.6579546853835735,245943,p2_system_reliability,0.9887000918388368
V3-2,P2,4,29,natural_missingness,ea4f5c2a61cf7df43321c66da250e1480ff9cb431dfabb22d9c4d05d565bb993,fdfb479e3a4067e69be7dcb34610d1f8aa3d1ffcb924a65827419fb34846aa22,extrasensory-p2-fold4-seed29-v2_multiseed,0.55,0.5500098019996079,28056,0.4672536295934533,0.6072584627770905,0.6645093945720251,271798,p2_system_reliability,0.9877640008926392
V3-2,P2,4,29,natural_missingness,ea4f5c2a61cf7df43321c66da250e1480ff9cb431dfabb22d9c4d05d565bb993,fdfb479e3a4067e69be7dcb34610d1f8aa3d1ffcb924a65827419fb34846aa22,extrasensory-p2-fold4-seed29-v2_multiseed,0.6,0.6,30606,0.4631180121019498,0.6091954568314258,0.6694965799926397,297950,p2_system_reliability,0.9866585731506348
V3-2,P2,4,29,natural_missingness,ea4f5c2a61cf7df43321c66da250e1480ff9cb431dfabb22d9c4d05d565bb993,fdfb479e3a4067e69be7dcb34610d1f8aa3d1ffcb924a65827419fb34846aa22,extrasensory-p2-fold4-seed29-v2_multiseed,0.65,0.6500098019996079,33157,0.4603804167776131,0.6106426887132168,0.6723853012793937,324176,p2_system_reliability,0.9853512048721312
V3-2,P2,4,29,natural_missingness,ea4f5c2a61cf7df43321c66da250e1480ff9cb431dfabb22d9c4d05d565bb993,fdfb479e3a4067e69be7dcb34610d1f8aa3d1ffcb924a65827419fb34846aa22,extrasensory-p2-fold4-seed29-v2_multiseed,0.7,0.7,35707,0.4601440622518595,0.6101428130081373,0.6726354901259844,349956,p2_system_reliability,0.9837157726287842
V3-2,P2,4,29,natural_missingness,ea4f5c2a61cf7df43321c66da250e1480ff9cb431dfabb22d9c4d05d565bb993,fdfb479e3a4067e69be7dcb34610d1f8aa3d1ffcb924a65827419fb34846aa22,extrasensory-p2-fold4-seed29-v2_multiseed,0.75,0.7500098019996079,38258,0.4611799344902497,0.6085273005236834,0.6729508941644535,376033,p2_system_reliability,0.9817550778388976
V3-2,P2,4,29,natural_missingness,ea4f5c2a61cf7df43321c66da250e1480ff9cb431dfabb22d9c4d05d565bb993,fdfb479e3a4067e69be7dcb34610d1f8aa3d1ffcb924a65827419fb34846aa22,extrasensory-p2-fold4-seed29-v2_multiseed,0.8,0.8,40808,0.4608215267117947,0.6072810328331351,0.6746003669690152,402568,p2_system_reliability,0.9794109463691713
V3-2,P2,4,29,natural_missingness,ea4f5c2a61cf7df43321c66da250e1480ff9cb431dfabb22d9c4d05d565bb993,fdfb479e3a4067e69be7dcb34610d1f8aa3d1ffcb924a65827419fb34846aa22,extrasensory-p2-fold4-seed29-v2_multiseed,0.85,0.850009801999608,43359,0.460056318684711,0.6068109702304472,0.677030982248416,428158,p2_system_reliability,0.9768528342247008
V3-2,P2,4,29,natural_missingness,ea4f5c2a61cf7df43321c66da250e1480ff9cb431dfabb22d9c4d05d565bb993,fdfb479e3a4067e69be7dcb34610d1f8aa3d1ffcb924a65827419fb34846aa22,extrasensory-p2-fold4-seed29-v2_multiseed,0.9,0.9,45909,0.4570572633706601,0.6059614761167652,0.679912509113634,454225,p2_system_reliability,0.9730426669120787
V3-2,P2,4,29,natural_missingness,ea4f5c2a61cf7df43321c66da250e1480ff9cb431dfabb22d9c4d05d565bb993,fdfb479e3a4067e69be7dcb34610d1f8aa3d1ffcb924a65827419fb34846aa22,extrasensory-p2-fold4-seed29-v2_multiseed,0.95,0.950009801999608,48460,0.4527956893978026,0.6047342371091033,0.6825466217679841,479717,p2_system_reliability,0.9659623503684998
V3-2,P2,4,29,natural_missingness,ea4f5c2a61cf7df43321c66da250e1480ff9cb431dfabb22d9c4d05d565bb993,fdfb479e3a4067e69be7dcb34610d1f8aa3d1ffcb924a65827419fb34846aa22,extrasensory-p2-fold4-seed29-v2_multiseed,1.0,1.0,51010,0.44783220093212,0.6024232840375966,0.6845457843808327,504726,p2_system_reliability,0.8569379448890686
V3-2,P2,4,29,natural_missingness,ea4f5c2a61cf7df43321c66da250e1480ff9cb431dfabb22d9c4d05d565bb993,fdfb479e3a4067e69be7dcb34610d1f8aa3d1ffcb924a65827419fb34846aa22,extrasensory-p2-fold4-seed29-v2_multiseed,0.05,0.0500098019996079,2551,0.3343858812766547,0.435142914829272,0.8616360877362395,24614,task_confidence_output_only,0.7485735730411924
V3-2,P2,4,29,natural_missingness,ea4f5c2a61cf7df43321c66da250e1480ff9cb431dfabb22d9c4d05d565bb993,fdfb479e3a4067e69be7dcb34610d1f8aa3d1ffcb924a65827419fb34846aa22,extrasensory-p2-fold4-seed29-v2_multiseed,0.1,0.1,5101,0.2641546480899846,0.5142068772101781,0.8815971535876655,52328,task_confidence_output_only,0.6936877783076447
V3-2,P2,4,29,natural_missingness,ea4f5c2a61cf7df43321c66da250e1480ff9cb431dfabb22d9c4d05d565bb993,fdfb479e3a4067e69be7dcb34610d1f8aa3d1ffcb924a65827419fb34846aa22,extrasensory-p2-fold4-seed29-v2_multiseed,0.15,0.1500098019996079,7652,0.2348122341236285,0.672054035294988,0.8869050309632509,78558,task_confidence_output_only,0.6192310501083402
V3-2,P2,4,29,natural_missingness,ea4f5c2a61cf7df43321c66da250e1480ff9cb431dfabb22d9c4d05d565bb993,fdfb479e3a4067e69be7dcb34610d1f8aa3d1ffcb924a65827419fb34846aa22,extrasensory-p2-fold4-seed29-v2_multiseed,0.2,0.2,10202,0.2390908094830578,0.7255445324843447,0.8785362960895804,104354,task_confidence_output_only,0.5526504592470782
V3-2,P2,4,29,natural_missingness,ea4f5c2a61cf7df43321c66da250e1480ff9cb431dfabb22d9c4d05d565bb993,fdfb479e3a4067e69be7dcb34610d1f8aa3d1ffcb924a65827419fb34846aa22,extrasensory-p2-fold4-seed29-v2_multiseed,0.25,0.2500098019996079,12753,0.2694119099529179,0.7126550166392291,0.8624286669797493,129388,task_confidence_output_only,0.5000167968117011
V3-2,P2,4,29,natural_missingness,ea4f5c2a61cf7df43321c66da250e1480ff9cb431dfabb22d9c4d05d565bb993,fdfb479e3a4067e69be7dcb34610d1f8aa3d1ffcb924a65827419fb34846aa22,extrasensory-p2-fold4-seed29-v2_multiseed,0.3,0.3,15303,0.2954754110180437,0.6958145215334086,0.8412825125999357,154667,task_confidence_output_only,0.4525093505892232
V3-2,P2,4,29,natural_missingness,ea4f5c2a61cf7df43321c66da250e1480ff9cb431dfabb22d9c4d05d565bb993,fdfb479e3a4067e69be7dcb34610d1f8aa3d1ffcb924a65827419fb34846aa22,extrasensory-p2-fold4-seed29-v2_multiseed,0.35,0.3500098019996079,17854,0.3164102188695524,0.6842717158562244,0.8230527993419361,180064,task_confidence_output_only,0.4112818785331426
V3-2,P2,4,29,natural_missingness,ea4f5c2a61cf7df43321c66da250e1480ff9cb431dfabb22d9c4d05d565bb993,fdfb479e3a4067e69be7dcb34610d1f8aa3d1ffcb924a65827419fb34846aa22,extrasensory-p2-fold4-seed29-v2_multiseed,0.4,0.4,20404,0.3338184073608502,0.6739376745503317,0.8061620243551842,205267,task_confidence_output_only,0.3765318333739971
V3-2,P2,4,29,natural_missingness,ea4f5c2a61cf7df43321c66da250e1480ff9cb431dfabb22d9c4d05d565bb993,fdfb479e3a4067e69be7dcb34610d1f8aa3d1ffcb924a65827419fb34846aa22,extrasensory-p2-fold4-seed29-v2_multiseed,0.45,0.4500098019996079,22955,0.3465395083977293,0.6726766124044451,0.7947212183789365,230251,task_confidence_output_only,0.3472855891841254
V3-2,P2,4,29,natural_missingness,ea4f5c2a61cf7df43321c66da250e1480ff9cb431dfabb22d9c4d05d565bb993,fdfb479e3a4067e69be7dcb34610d1f8aa3d1ffcb924a65827419fb34846aa22,extrasensory-p2-fold4-seed29-v2_multiseed,0.5,0.5,25505,0.3583756907497452,0.6732487759140382,0.7840471598559005,255650,task_confidence_output_only,0.3203768398729143
V3-2,P2,4,29,natural_missingness,ea4f5c2a61cf7df43321c66da250e1480ff9cb431dfabb22d9c4d05d565bb993,fdfb479e3a4067e69be7dcb34610d1f8aa3d1ffcb924a65827419fb34846aa22,extrasensory-p2-fold4-seed29-v2_multiseed,0.55,0.5500098019996079,28056,0.3682302447015236,0.6689712400402824,0.7736027954037621,280915,task_confidence_output_only,0.2948394552072181
V3-2,P2,4,29,natural_missingness,ea4f5c2a61cf7df43321c66da250e1480ff9cb431dfabb22d9c4d05d565bb993,fdfb479e3a4067e69be7dcb34610d1f8aa3d1ffcb924a65827419fb34846aa22,extrasensory-p2-fold4-seed29-v2_multiseed,0.6,0.6,30606,0.378132454855677,0.6657097166557165,0.7631936531536198,306201,task_confidence_output_only,0.26897596900462
V3-2,P2,4,29,natural_missingness,ea4f5c2a61cf7df43321c66da250e1480ff9cb431dfabb22d9c4d05d565bb993,fdfb479e3a4067e69be7dcb34610d1f8aa3d1ffcb924a65827419fb34846aa22,extrasensory-p2-fold4-seed29-v2_multiseed,0.65,0.6500098019996079,33157,0.3866633503816284,0.6627746561399643,0.7535776083145929,331514,task_confidence_output_only,0.2441957898474307
V3-2,P2,4,29,natural_missingness,ea4f5c2a61cf7df43321c66da250e1480ff9cb431dfabb22d9c4d05d565bb993,fdfb479e3a4067e69be7dcb34610d1f8aa3d1ffcb924a65827419fb34846aa22,extrasensory-p2-fold4-seed29-v2_multiseed,0.7,0.7,35707,0.395887935815207,0.6581340080539418,0.7439865336109116,356559,task_confidence_output_only,0.220507424758556
V3-2,P2,4,29,natural_missingness,ea4f5c2a61cf7df43321c66da250e1480ff9cb431dfabb22d9c4d05d565bb993,fdfb479e3a4067e69be7dcb34610d1f8aa3d1ffcb924a65827419fb34846aa22,extrasensory-p2-fold4-seed29-v2_multiseed,0.75,0.7500098019996079,38258,0.4041604489283235,0.6507277351892332,0.73451396933226,381345,task_confidence_output_only,0.1969522148573906
V3-2,P2,4,29,natural_missingness,ea4f5c2a61cf7df43321c66da250e1480ff9cb431dfabb22d9c4d05d565bb993,fdfb479e3a4067e69be7dcb34610d1f8aa3d1ffcb924a65827419fb34846aa22,extrasensory-p2-fold4-seed29-v2_multiseed,0.8,0.8,40808,0.4121617848824313,0.6423403610733952,0.7254816840005173,405856,task_confidence_output_only,0.1745682813858381
V3-2,P2,4,29,natural_missingness,ea4f5c2a61cf7df43321c66da250e1480ff9cb431dfabb22d9c4d05d565bb993,fdfb479e3a4067e69be7dcb34610d1f8aa3d1ffcb924a65827419fb34846aa22,extrasensory-p2-fold4-seed29-v2_multiseed,0.85,0.850009801999608,43359,0.4203298976905049,0.6336954597417229,0.7162028917218572,430265,task_confidence_output_only,0.1517969728667687
V3-2,P2,4,29,natural_missingness,ea4f5c2a61cf7df43321c66da250e1480ff9cb431dfabb22d9c4d05d565bb993,fdfb479e3a4067e69be7dcb34610d1f8aa3d1ffcb924a65827419fb34846aa22,extrasensory-p2-fold4-seed29-v2_multiseed,0.9,0.9,45909,0.4285368959637584,0.6245072360830605,0.706414732209335,454702,task_confidence_output_only,0.1277026519578503
V3-2,P2,4,29,natural_missingness,ea4f5c2a61cf7df43321c66da250e1480ff9cb431dfabb22d9c4d05d565bb993,fdfb479e3a4067e69be7dcb34610d1f8aa3d1ffcb924a65827419fb34846aa22,extrasensory-p2-fold4-seed29-v2_multiseed,0.95,0.950009801999608,48460,0.4373637850990207,0.6156196168896827,0.6964931401209479,478979,task_confidence_output_only,0.096491068494787
V3-2,P2,4,29,natural_missingness,ea4f5c2a61cf7df43321c66da250e1480ff9cb431dfabb22d9c4d05d565bb993,fdfb479e3a4067e69be7dcb34610d1f8aa3d1ffcb924a65827419fb34846aa22,extrasensory-p2-fold4-seed29-v2_multiseed,1.0,1.0,51010,0.44783220093212,0.6024232840375966,0.6845457843808327,504726,task_confidence_output_only,0.0089331213202892
V3-2,P2,4,29,natural_missingness,ea4f5c2a61cf7df43321c66da250e1480ff9cb431dfabb22d9c4d05d565bb993,fdfb479e3a4067e69be7dcb34610d1f8aa3d1ffcb924a65827419fb34846aa22,extrasensory-p2-fold4-seed29-v2_multiseed,0.05,0.0500098019996079,2551,0.1914795857588422,0.5617105420013376,0.8689234522720342,26121,task_confidence_full,0.868728615037395
V3-2,P2,4,29,natural_missingness,ea4f5c2a61cf7df43321c66da250e1480ff9cb431dfabb22d9c4d05d565bb993,fdfb479e3a4067e69be7dcb34610d1f8aa3d1ffcb924a65827419fb34846aa22,extrasensory-p2-fold4-seed29-v2_multiseed,0.1,0.1,5101,0.2581502078733725,0.4888938914928217,0.8356650915716977,53051,task_confidence_full,0.8115522952444072
V3-2,P2,4,29,natural_missingness,ea4f5c2a61cf7df43321c66da250e1480ff9cb431dfabb22d9c4d05d565bb993,fdfb479e3a4067e69be7dcb34610d1f8aa3d1ffcb924a65827419fb34846aa22,extrasensory-p2-fold4-seed29-v2_multiseed,0.15,0.1500098019996079,7652,0.2846111713289972,0.6183707434276282,0.8320806111372806,81250,task_confidence_full,0.772478488908975
V3-2,P2,4,29,natural_missingness,ea4f5c2a61cf7df43321c66da250e1480ff9cb431dfabb22d9c4d05d565bb993,fdfb479e3a4067e69be7dcb34610d1f8aa3d1ffcb924a65827419fb34846aa22,extrasensory-p2-fold4-seed29-v2_multiseed,0.2,0.2,10202,0.3152121674815196,0.6476280066170539,0.8215116459386533,108673,task_confidence_full,0.7261876528861277
V3-2,P2,4,29,natural_missingness,ea4f5c2a61cf7df43321c66da250e1480ff9cb431dfabb22d9c4d05d565bb993,fdfb479e3a4067e69be7dcb34610d1f8aa3d1ffcb924a65827419fb34846aa22,extrasensory-p2-fold4-seed29-v2_multiseed,0.25,0.2500098019996079,12753,0.3238204647960082,0.6674080585354869,0.8141929510678494,136571,task_confidence_full,0.6725936243969446
V3-2,P2,4,29,natural_missingness,ea4f5c2a61cf7df43321c66da250e1480ff9cb431dfabb22d9c4d05d565bb993,fdfb479e3a4067e69be7dcb34610d1f8aa3d1ffcb924a65827419fb34846aa22,extrasensory-p2-fold4-seed29-v2_multiseed,0.3,0.3,15303,0.3349661557649883,0.6715360655826632,0.8061118086442085,162894,task_confidence_full,0.6154777523847142
V3-2,P2,4,29,natural_missingness,ea4f5c2a61cf7df43321c66da250e1480ff9cb431dfabb22d9c4d05d565bb993,fdfb479e3a4067e69be7dcb34610d1f8aa3d1ffcb924a65827419fb34846aa22,extrasensory-p2-fold4-seed29-v2_multiseed,0.35,0.3500098019996079,17854,0.3514682991836858,0.6653417827793349,0.7957318217650813,187385,task_confidence_full,0.5539059705309985
V3-2,P2,4,29,natural_missingness,ea4f5c2a61cf7df43321c66da250e1480ff9cb431dfabb22d9c4d05d565bb993,fdfb479e3a4067e69be7dcb34610d1f8aa3d1ffcb924a65827419fb34846aa22,extrasensory-p2-fold4-seed29-v2_multiseed,0.4,0.4,20404,0.3619059420150718,0.660200896150514,0.784485597750361,211120,task_confidence_full,0.4936767472231917
V3-2,P2,4,29,natural_missingness,ea4f5c2a61cf7df43321c66da250e1480ff9cb431dfabb22d9c4d05d565bb993,fdfb479e3a4067e69be7dcb34610d1f8aa3d1ffcb924a65827419fb34846aa22,extrasensory-p2-fold4-seed29-v2_multiseed,0.45,0.4500098019996079,22955,0.3722653300493589,0.6543754419111777,0.7727913677886089,235440,task_confidence_full,0.4436904499836448
V3-2,P2,4,29,natural_missingness,ea4f5c2a61cf7df43321c66da250e1480ff9cb431dfabb22d9c4d05d565bb993,fdfb479e3a4067e69be7dcb34610d1f8aa3d1ffcb924a65827419fb34846aa22,extrasensory-p2-fold4-seed29-v2_multiseed,0.5,0.5,25505,0.3840378784519089,0.6503219574975222,0.7616105592024432,259604,task_confidence_full,0.3999573865701434
V3-2,P2,4,29,natural_missingness,ea4f5c2a61cf7df43321c66da250e1480ff9cb431dfabb22d9c4d05d565bb993,fdfb479e3a4067e69be7dcb34610d1f8aa3d1ffcb924a65827419fb34846aa22,extrasensory-p2-fold4-seed29-v2_multiseed,0.55,0.5500098019996079,28056,0.3925135597270944,0.6479319180171286,0.7524952687112747,283940,task_confidence_full,0.356946023248509
V3-2,P2,4,29,natural_missingness,ea4f5c2a61cf7df43321c66da250e1480ff9cb431dfabb22d9c4d05d565bb993,fdfb479e3a4067e69be7dcb34610d1f8aa3d1ffcb924a65827419fb34846aa22,extrasensory-p2-fold4-seed29-v2_multiseed,0.6,0.6,30606,0.39932443676138,0.6460429183157025,0.7435022125891809,308139,task_confidence_full,0.3202644611519732
V3-2,P2,4,29,natural_missingness,ea4f5c2a61cf7df43321c66da250e1480ff9cb431dfabb22d9c4d05d565bb993,fdfb479e3a4067e69be7dcb34610d1f8aa3d1ffcb924a65827419fb34846aa22,extrasensory-p2-fold4-seed29-v2_multiseed,0.65,0.6500098019996079,33157,0.4050213877756176,0.6434858688439122,0.7356900748168925,332048,task_confidence_full,0.2881136457655967
V3-2,P2,4,29,natural_missingness,ea4f5c2a61cf7df43321c66da250e1480ff9cb431dfabb22d9c4d05d565bb993,fdfb479e3a4067e69be7dcb34610d1f8aa3d1ffcb924a65827419fb34846aa22,extrasensory-p2-fold4-seed29-v2_multiseed,0.7,0.7,35707,0.410321894749088,0.641151673870393,0.7279872476760152,356644,task_confidence_full,0.2566643653851116
V3-2,P2,4,29,natural_missingness,ea4f5c2a61cf7df43321c66da250e1480ff9cb431dfabb22d9c4d05d565bb993,fdfb479e3a4067e69be7dcb34610d1f8aa3d1ffcb924a65827419fb34846aa22,extrasensory-p2-fold4-seed29-v2_multiseed,0.75,0.7500098019996079,38258,0.4149903974070707,0.6374637243788743,0.7213862424440289,380693,task_confidence_full,0.2267235682928279
V3-2,P2,4,29,natural_missingness,ea4f5c2a61cf7df43321c66da250e1480ff9cb431dfabb22d9c4d05d565bb993,fdfb479e3a4067e69be7dcb34610d1f8aa3d1ffcb924a65827419fb34846aa22,extrasensory-p2-fold4-seed29-v2_multiseed,0.8,0.8,40808,0.4208351275043723,0.6333246390320884,0.7146364917980749,404558,task_confidence_full,0.197605161009495
V3-2,P2,4,29,natural_missingness,ea4f5c2a61cf7df43321c66da250e1480ff9cb431dfabb22d9c4d05d565bb993,fdfb479e3a4067e69be7dcb34610d1f8aa3d1ffcb924a65827419fb34846aa22,extrasensory-p2-fold4-seed29-v2_multiseed,0.85,0.850009801999608,43359,0.4265723305667355,0.628096515890232,0.7078273527271123,428801,task_confidence_full,0.1672534156285766
V3-2,P2,4,29,natural_missingness,ea4f5c2a61cf7df43321c66da250e1480ff9cb431dfabb22d9c4d05d565bb993,fdfb479e3a4067e69be7dcb34610d1f8aa3d1ffcb924a65827419fb34846aa22,extrasensory-p2-fold4-seed29-v2_multiseed,0.9,0.9,45909,0.4330701615581644,0.6211098437263447,0.7009050094419456,453277,task_confidence_full,0.1353059514272643
V3-2,P2,4,29,natural_missingness,ea4f5c2a61cf7df43321c66da250e1480ff9cb431dfabb22d9c4d05d565bb993,fdfb479e3a4067e69be7dcb34610d1f8aa3d1ffcb924a65827419fb34846aa22,extrasensory-p2-fold4-seed29-v2_multiseed,0.95,0.950009801999608,48460,0.4393897637769999,0.6145883833245239,0.6939105790219506,478336,task_confidence_full,0.0965039441933928
V3-2,P2,4,29,natural_missingness,ea4f5c2a61cf7df43321c66da250e1480ff9cb431dfabb22d9c4d05d565bb993,fdfb479e3a4067e69be7dcb34610d1f8aa3d1ffcb924a65827419fb34846aa22,extrasensory-p2-fold4-seed29-v2_multiseed,1.0,1.0,51010,0.44783220093212,0.6024232840375966,0.6845457843808327,504726,task_confidence_full,0.0062327202258111
V3-2,P2,4,47,natural_missingness,ea4f5c2a61cf7df43321c66da250e1480ff9cb431dfabb22d9c4d05d565bb993,36acd56b56e9691b25833311a6dba037d1103629d12b6c53e97c0f66da24fd24,extrasensory-p2-fold4-seed47-v2_multiseed,0.05,0.0500098019996079,2551,0.2762511540926981,0.3685800440519374,0.8689740420271941,25552,mean_binary_certainty,0.9177673121339563
V3-2,P2,4,47,natural_missingness,ea4f5c2a61cf7df43321c66da250e1480ff9cb431dfabb22d9c4d05d565bb993,36acd56b56e9691b25833311a6dba037d1103629d12b6c53e97c0f66da24fd24,extrasensory-p2-fold4-seed47-v2_multiseed,0.1,0.1,5101,0.2365855961743989,0.3962077692699826,0.9004936508429321,54811,mean_binary_certainty,0.8690322994430809
V3-2,P2,4,47,natural_missingness,ea4f5c2a61cf7df43321c66da250e1480ff9cb431dfabb22d9c4d05d565bb993,36acd56b56e9691b25833311a6dba037d1103629d12b6c53e97c0f66da24fd24,extrasensory-p2-fold4-seed47-v2_multiseed,0.15,0.1500098019996079,7652,0.2213043180576956,0.4353791133711787,0.9095141458756116,83722,mean_binary_certainty,0.738761384017602
V3-2,P2,4,47,natural_missingness,ea4f5c2a61cf7df43321c66da250e1480ff9cb431dfabb22d9c4d05d565bb993,36acd56b56e9691b25833311a6dba037d1103629d12b6c53e97c0f66da24fd24,extrasensory-p2-fold4-seed47-v2_multiseed,0.2,0.2,10202,0.2176927107401506,0.6316289446924831,0.8963361802203244,110929,mean_binary_certainty,0.649307614106327
V3-2,P2,4,47,natural_missingness,ea4f5c2a61cf7df43321c66da250e1480ff9cb431dfabb22d9c4d05d565bb993,36acd56b56e9691b25833311a6dba037d1103629d12b6c53e97c0f66da24fd24,extrasensory-p2-fold4-seed47-v2_multiseed,0.25,0.2500098019996079,12753,0.2431376825149184,0.6761384177894851,0.8767919512067976,135732,mean_binary_certainty,0.5805076975741819
V3-2,P2,4,47,natural_missingness,ea4f5c2a61cf7df43321c66da250e1480ff9cb431dfabb22d9c4d05d565bb993,36acd56b56e9691b25833311a6dba037d1103629d12b6c53e97c0f66da24fd24,extrasensory-p2-fold4-seed47-v2_multiseed,0.3,0.3,15303,0.2726232821634577,0.6906801591545039,0.8603848496469579,159853,mean_binary_certainty,0.5340464952726167
V3-2,P2,4,47,natural_missingness,ea4f5c2a61cf7df43321c66da250e1480ff9cb431dfabb22d9c4d05d565bb993,36acd56b56e9691b25833311a6dba037d1103629d12b6c53e97c0f66da24fd24,extrasensory-p2-fold4-seed47-v2_multiseed,0.35,0.3500098019996079,17854,0.2919625788847995,0.6915139281856807,0.8431115276476101,184788,mean_binary_certainty,0.4980055240689078
V3-2,P2,4,47,natural_missingness,ea4f5c2a61cf7df43321c66da250e1480ff9cb431dfabb22d9c4d05d565bb993,36acd56b56e9691b25833311a6dba037d1103629d12b6c53e97c0f66da24fd24,extrasensory-p2-fold4-seed47-v2_multiseed,0.4,0.4,20404,0.3143130743429005,0.6939120369426965,0.827865979742754,208954,mean_binary_certainty,0.4677131172185719
V3-2,P2,4,47,natural_missingness,ea4f5c2a61cf7df43321c66da250e1480ff9cb431dfabb22d9c4d05d565bb993,36acd56b56e9691b25833311a6dba037d1103629d12b6c53e97c0f66da24fd24,extrasensory-p2-fold4-seed47-v2_multiseed,0.45,0.4500098019996079,22955,0.3343419671987728,0.692311160219469,0.8129136730234093,233485,mean_binary_certainty,0.4394539256967739
V3-2,P2,4,47,natural_missingness,ea4f5c2a61cf7df43321c66da250e1480ff9cb431dfabb22d9c4d05d565bb993,36acd56b56e9691b25833311a6dba037d1103629d12b6c53e97c0f66da24fd24,extrasensory-p2-fold4-seed47-v2_multiseed,0.5,0.5,25505,0.3503460841802356,0.6901966267832118,0.7996191539777648,258327,mean_binary_certainty,0.4117799174110153
V3-2,P2,4,47,natural_missingness,ea4f5c2a61cf7df43321c66da250e1480ff9cb431dfabb22d9c4d05d565bb993,36acd56b56e9691b25833311a6dba037d1103629d12b6c53e97c0f66da24fd24,extrasensory-p2-fold4-seed47-v2_multiseed,0.55,0.5500098019996079,28056,0.3637517383975341,0.6831922330622583,0.7868744483817001,283047,mean_binary_certainty,0.3862352327104383
V3-2,P2,4,47,natural_missingness,ea4f5c2a61cf7df43321c66da250e1480ff9cb431dfabb22d9c4d05d565bb993,36acd56b56e9691b25833311a6dba037d1103629d12b6c53e97c0f66da24fd24,extrasensory-p2-fold4-seed47-v2_multiseed,0.6,0.6,30606,0.3745482299477567,0.6773907569286701,0.7765455533108319,307366,mean_binary_certainty,0.3613986501361551
V3-2,P2,4,47,natural_missingness,ea4f5c2a61cf7df43321c66da250e1480ff9cb431dfabb22d9c4d05d565bb993,36acd56b56e9691b25833311a6dba037d1103629d12b6c53e97c0f66da24fd24,extrasensory-p2-fold4-seed47-v2_multiseed,0.65,0.6500098019996079,33157,0.3839402461640609,0.6695558785521505,0.7660785364796587,331093,mean_binary_certainty,0.3374044943296251
V3-2,P2,4,47,natural_missingness,ea4f5c2a61cf7df43321c66da250e1480ff9cb431dfabb22d9c4d05d565bb993,36acd56b56e9691b25833311a6dba037d1103629d12b6c53e97c0f66da24fd24,extrasensory-p2-fold4-seed47-v2_multiseed,0.7,0.7,35707,0.3934850043618055,0.6605223844561614,0.7558145752018393,354864,mean_binary_certainty,0.3134731923878036
V3-2,P2,4,47,natural_missingness,ea4f5c2a61cf7df43321c66da250e1480ff9cb431dfabb22d9c4d05d565bb993,36acd56b56e9691b25833311a6dba037d1103629d12b6c53e97c0f66da24fd24,extrasensory-p2-fold4-seed47-v2_multiseed,0.75,0.7500098019996079,38258,0.4033471619643153,0.651156978461778,0.7463127436402363,378994,mean_binary_certainty,0.2895200071339235
V3-2,P2,4,47,natural_missingness,ea4f5c2a61cf7df43321c66da250e1480ff9cb431dfabb22d9c4d05d565bb993,36acd56b56e9691b25833311a6dba037d1103629d12b6c53e97c0f66da24fd24,extrasensory-p2-fold4-seed47-v2_multiseed,0.8,0.8,40808,0.4134483585387355,0.641609198330482,0.736763340847525,403018,mean_binary_certainty,0.2637170013012831
V3-2,P2,4,47,natural_missingness,ea4f5c2a61cf7df43321c66da250e1480ff9cb431dfabb22d9c4d05d565bb993,36acd56b56e9691b25833311a6dba037d1103629d12b6c53e97c0f66da24fd24,extrasensory-p2-fold4-seed47-v2_multiseed,0.85,0.850009801999608,43359,0.4228353698975462,0.6320084741743657,0.7278323633382169,426949,mean_binary_certainty,0.2371555424061578
V3-2,P2,4,47,natural_missingness,ea4f5c2a61cf7df43321c66da250e1480ff9cb431dfabb22d9c4d05d565bb993,36acd56b56e9691b25833311a6dba037d1103629d12b6c53e97c0f66da24fd24,extrasensory-p2-fold4-seed47-v2_multiseed,0.9,0.9,45909,0.4320628824458843,0.6211940743864898,0.7185586534296948,451694,mean_binary_certainty,0.2066780408761067
V3-2,P2,4,47,natural_missingness,ea4f5c2a61cf7df43321c66da250e1480ff9cb431dfabb22d9c4d05d565bb993,36acd56b56e9691b25833311a6dba037d1103629d12b6c53e97c0f66da24fd24,extrasensory-p2-fold4-seed47-v2_multiseed,0.95,0.950009801999608,48460,0.4414109296619199,0.6099401724284513,0.709374924473733,477522,mean_binary_certainty,0.1658999233262246
V3-2,P2,4,47,natural_missingness,ea4f5c2a61cf7df43321c66da250e1480ff9cb431dfabb22d9c4d05d565bb993,36acd56b56e9691b25833311a6dba037d1103629d12b6c53e97c0f66da24fd24,extrasensory-p2-fold4-seed47-v2_multiseed,1.0,1.0,51010,0.4503193512823913,0.5976761634819686,0.6998710940936614,504726,mean_binary_certainty,0.0390326011617009
V3-2,P2,4,47,natural_missingness,ea4f5c2a61cf7df43321c66da250e1480ff9cb431dfabb22d9c4d05d565bb993,36acd56b56e9691b25833311a6dba037d1103629d12b6c53e97c0f66da24fd24,extrasensory-p2-fold4-seed47-v2_multiseed,0.05,0.0500098019996079,2551,0.42632249624667,0.6247896911761673,0.7026975502811934,22434,p2_system_reliability,0.993522882461548
V3-2,P2,4,47,natural_missingness,ea4f5c2a61cf7df43321c66da250e1480ff9cb431dfabb22d9c4d05d565bb993,36acd56b56e9691b25833311a6dba037d1103629d12b6c53e97c0f66da24fd24,extrasensory-p2-fold4-seed47-v2_multiseed,0.1,0.1,5101,0.4330216462978399,0.637047545028776,0.7066129414553212,44396,p2_system_reliability,0.9921039938926696
V3-2,P2,4,47,natural_missingness,ea4f5c2a61cf7df43321c66da250e1480ff9cb431dfabb22d9c4d05d565bb993,36acd56b56e9691b25833311a6dba037d1103629d12b6c53e97c0f66da24fd24,extrasensory-p2-fold4-seed47-v2_multiseed,0.15,0.1500098019996079,7652,0.4371934812039644,0.6410938423195292,0.7050205357690186,67571,p2_system_reliability,0.990791916847229
V3-2,P2,4,47,natural_missingness,ea4f5c2a61cf7df43321c66da250e1480ff9cb431dfabb22d9c4d05d565bb993,36acd56b56e9691b25833311a6dba037d1103629d12b6c53e97c0f66da24fd24,extrasensory-p2-fold4-seed47-v2_multiseed,0.2,0.2,10202,0.4538492480443544,0.644791288725519,0.6974561620153125,91413,p2_system_reliability,0.9896233081817628
V3-2,P2,4,47,natural_missingness,ea4f5c2a61cf7df43321c66da250e1480ff9cb431dfabb22d9c4d05d565bb993,36acd56b56e9691b25833311a6dba037d1103629d12b6c53e97c0f66da24fd24,extrasensory-p2-fold4-seed47-v2_multiseed,0.25,0.2500098019996079,12753,0.4554256492359573,0.6361994824318323,0.6938312141958921,116563,p2_system_reliability,0.9885545372962952
V3-2,P2,4,47,natural_missingness,ea4f5c2a61cf7df43321c66da250e1480ff9cb431dfabb22d9c4d05d565bb993,36acd56b56e9691b25833311a6dba037d1103629d12b6c53e97c0f66da24fd24,extrasensory-p2-fold4-seed47-v2_multiseed,0.3,0.3,15303,0.4514357811982796,0.6297178555764799,0.6945050613129848,142801,p2_system_reliability,0.9875880479812622
V3-2,P2,4,47,natural_missingness,ea4f5c2a61cf7df43321c66da250e1480ff9cb431dfabb22d9c4d05d565bb993,36acd56b56e9691b25833311a6dba037d1103629d12b6c53e97c0f66da24fd24,extrasensory-p2-fold4-seed47-v2_multiseed,0.35,0.3500098019996079,17854,0.4480917781106532,0.6257772013105466,0.6967549684413055,169424,p2_system_reliability,0.9867034554481506
V3-2,P2,4,47,natural_missingness,ea4f5c2a61cf7df43321c66da250e1480ff9cb431dfabb22d9c4d05d565bb993,36acd56b56e9691b25833311a6dba037d1103629d12b6c53e97c0f66da24fd24,extrasensory-p2-fold4-seed47-v2_multiseed,0.4,0.4,20404,0.4446354998143442,0.6244175131077906,0.6998844743583305,196134,p2_system_reliability,0.9858317375183104
V3-2,P2,4,47,natural_missingness,ea4f5c2a61cf7df43321c66da250e1480ff9cb431dfabb22d9c4d05d565bb993,36acd56b56e9691b25833311a6dba037d1103629d12b6c53e97c0f66da24fd24,extrasensory-p2-fold4-seed47-v2_multiseed,0.45,0.4500098019996079,22955,0.441126680917107,0.6234645111197719,0.7045606268226696,222606,p2_system_reliability,0.9849587678909302
V3-2,P2,4,47,natural_missingness,ea4f5c2a61cf7df43321c66da250e1480ff9cb431dfabb22d9c4d05d565bb993,36acd56b56e9691b25833311a6dba037d1103629d12b6c53e97c0f66da24fd24,extrasensory-p2-fold4-seed47-v2_multiseed,0.5,0.5,25505,0.4393390024852728,0.6223464514422223,0.7078671832973407,249258,p2_system_reliability,0.9840949773788452
V3-2,P2,4,47,natural_missingness,ea4f5c2a61cf7df43321c66da250e1480ff9cb431dfabb22d9c4d05d565bb993,36acd56b56e9691b25833311a6dba037d1103629d12b6c53e97c0f66da24fd24,extrasensory-p2-fold4-seed47-v2_multiseed,0.55,0.5500098019996079,28056,0.4374131481303902,0.6224982624731397,0.7111821265382783,275941,p2_system_reliability,0.983213186264038
V3-2,P2,4,47,natural_missingness,ea4f5c2a61cf7df43321c66da250e1480ff9cb431dfabb22d9c4d05d565bb993,36acd56b56e9691b25833311a6dba037d1103629d12b6c53e97c0f66da24fd24,extrasensory-p2-fold4-seed47-v2_multiseed,0.6,0.6,30606,0.4365370245386913,0.6214599310854549,0.7126093531652596,302350,p2_system_reliability,0.9822317957878112
V3-2,P2,4,47,natural_missingness,ea4f5c2a61cf7df43321c66da250e1480ff9cb431dfabb22d9c4d05d565bb993,36acd56b56e9691b25833311a6dba037d1103629d12b6c53e97c0f66da24fd24,extrasensory-p2-fold4-seed47-v2_multiseed,0.65,0.6500098019996079,33157,0.4363368719720721,0.6214099623335706,0.7136937243202373,328299,p2_system_reliability,0.9811030626296996
V3-2,P2,4,47,natural_missingness,ea4f5c2a61cf7df43321c66da250e1480ff9cb431dfabb22d9c4d05d565bb993,36acd56b56e9691b25833311a6dba037d1103629d12b6c53e97c0f66da24fd24,extrasensory-p2-fold4-seed47-v2_multiseed,0.7,0.7,35707,0.4366062422623136,0.6191098571651477,0.7136380398707131,354117,p2_system_reliability,0.9797248840332032
V3-2,P2,4,47,natural_missingness,ea4f5c2a61cf7df43321c66da250e1480ff9cb431dfabb22d9c4d05d565bb993,36acd56b56e9691b25833311a6dba037d1103629d12b6c53e97c0f66da24fd24,extrasensory-p2-fold4-seed47-v2_multiseed,0.75,0.7500098019996079,38258,0.4379857034984212,0.6172093500094977,0.7124756778611679,379930,p2_system_reliability,0.9780938625335692
V3-2,P2,4,47,natural_missingness,ea4f5c2a61cf7df43321c66da250e1480ff9cb431dfabb22d9c4d05d565bb993,36acd56b56e9691b25833311a6dba037d1103629d12b6c53e97c0f66da24fd24,extrasensory-p2-fold4-seed47-v2_multiseed,0.8,0.8,40808,0.4412100785502372,0.6135680899590653,0.7100151314545111,405596,p2_system_reliability,0.9760766625404358
V3-2,P2,4,47,natural_missingness,ea4f5c2a61cf7df43321c66da250e1480ff9cb431dfabb22d9c4d05d565bb993,36acd56b56e9691b25833311a6dba037d1103629d12b6c53e97c0f66da24fd24,extrasensory-p2-fold4-seed47-v2_multiseed,0.85,0.850009801999608,43359,0.444734610788269,0.6095677852373868,0.7072772345529559,431305,p2_system_reliability,0.9734745621681212
V3-2,P2,4,47,natural_missingness,ea4f5c2a61cf7df43321c66da250e1480ff9cb431dfabb22d9c4d05d565bb993,36acd56b56e9691b25833311a6dba037d1103629d12b6c53e97c0f66da24fd24,extrasensory-p2-fold4-seed47-v2_multiseed,0.9,0.9,45909,0.4483486601215271,0.6057885982452456,0.7041049078773494,456895,p2_system_reliability,0.9698034524917604
V3-2,P2,4,47,natural_missingness,ea4f5c2a61cf7df43321c66da250e1480ff9cb431dfabb22d9c4d05d565bb993,36acd56b56e9691b25833311a6dba037d1103629d12b6c53e97c0f66da24fd24,extrasensory-p2-fold4-seed47-v2_multiseed,0.95,0.950009801999608,48460,0.4511741637303624,0.6011603311011585,0.700784723306002,481807,p2_system_reliability,0.9633378982543944
V3-2,P2,4,47,natural_missingness,ea4f5c2a61cf7df43321c66da250e1480ff9cb431dfabb22d9c4d05d565bb993,36acd56b56e9691b25833311a6dba037d1103629d12b6c53e97c0f66da24fd24,extrasensory-p2-fold4-seed47-v2_multiseed,1.0,1.0,51010,0.4503193512823913,0.5976761634819686,0.6998710940936614,504726,p2_system_reliability,0.8920919895172119
V3-2,P2,4,47,natural_missingness,ea4f5c2a61cf7df43321c66da250e1480ff9cb431dfabb22d9c4d05d565bb993,36acd56b56e9691b25833311a6dba037d1103629d12b6c53e97c0f66da24fd24,extrasensory-p2-fold4-seed47-v2_multiseed,0.05,0.0500098019996079,2551,0.2840109099367113,0.4332930686737656,0.8807108374728888,26240,task_confidence_output_only,0.7639407522344615
V3-2,P2,4,47,natural_missingness,ea4f5c2a61cf7df43321c66da250e1480ff9cb431dfabb22d9c4d05d565bb993,36acd56b56e9691b25833311a6dba037d1103629d12b6c53e97c0f66da24fd24,extrasensory-p2-fold4-seed47-v2_multiseed,0.1,0.1,5101,0.2497540476764765,0.6528504884483811,0.8891245980973848,54232,task_confidence_output_only,0.6869161660382825
V3-2,P2,4,47,natural_missingness,ea4f5c2a61cf7df43321c66da250e1480ff9cb431dfabb22d9c4d05d565bb993,36acd56b56e9691b25833311a6dba037d1103629d12b6c53e97c0f66da24fd24,extrasensory-p2-fold4-seed47-v2_multiseed,0.15,0.1500098019996079,7652,0.2571328877891058,0.6835413334036796,0.8924420588168399,79643,task_confidence_output_only,0.599516035721815
V3-2,P2,4,47,natural_missingness,ea4f5c2a61cf7df43321c66da250e1480ff9cb431dfabb22d9c4d05d565bb993,36acd56b56e9691b25833311a6dba037d1103629d12b6c53e97c0f66da24fd24,extrasensory-p2-fold4-seed47-v2_multiseed,0.2,0.2,10202,0.2676100175709319,0.7082169224050012,0.8852621342056405,104060,task_confidence_output_only,0.5245075973831773
V3-2,P2,4,47,natural_missingness,ea4f5c2a61cf7df43321c66da250e1480ff9cb431dfabb22d9c4d05d565bb993,36acd56b56e9691b25833311a6dba037d1103629d12b6c53e97c0f66da24fd24,extrasensory-p2-fold4-seed47-v2_multiseed,0.25,0.2500098019996079,12753,0.2736948253654865,0.7137259851017878,0.8743469174503657,128600,task_confidence_output_only,0.4574998223798173
V3-2,P2,4,47,natural_missingness,ea4f5c2a61cf7df43321c66da250e1480ff9cb431dfabb22d9c4d05d565bb993,36acd56b56e9691b25833311a6dba037d1103629d12b6c53e97c0f66da24fd24,extrasensory-p2-fold4-seed47-v2_multiseed,0.3,0.3,15303,0.2843149379271375,0.7143504721522042,0.8590711086569728,153555,task_confidence_output_only,0.4007967467010969
V3-2,P2,4,47,natural_missingness,ea4f5c2a61cf7df43321c66da250e1480ff9cb431dfabb22d9c4d05d565bb993,36acd56b56e9691b25833311a6dba037d1103629d12b6c53e97c0f66da24fd24,extrasensory-p2-fold4-seed47-v2_multiseed,0.35,0.3500098019996079,17854,0.3007259714266119,0.7105948766440193,0.8428649092323928,177982,task_confidence_output_only,0.3548593762137406
V3-2,P2,4,47,natural_missingness,ea4f5c2a61cf7df43321c66da250e1480ff9cb431dfabb22d9c4d05d565bb993,36acd56b56e9691b25833311a6dba037d1103629d12b6c53e97c0f66da24fd24,extrasensory-p2-fold4-seed47-v2_multiseed,0.4,0.4,20404,0.3167847502813387,0.7068260790319468,0.8290762886210556,202652,task_confidence_output_only,0.3173073045688234
V3-2,P2,4,47,natural_missingness,ea4f5c2a61cf7df43321c66da250e1480ff9cb431dfabb22d9c4d05d565bb993,36acd56b56e9691b25833311a6dba037d1103629d12b6c53e97c0f66da24fd24,extrasensory-p2-fold4-seed47-v2_multiseed,0.45,0.4500098019996079,22955,0.334225089634429,0.6999878868878666,0.8136169067622003,227667,task_confidence_output_only,0.2867355898226941
V3-2,P2,4,47,natural_missingness,ea4f5c2a61cf7df43321c66da250e1480ff9cb431dfabb22d9c4d05d565bb993,36acd56b56e9691b25833311a6dba037d1103629d12b6c53e97c0f66da24fd24,extrasensory-p2-fold4-seed47-v2_multiseed,0.5,0.5,25505,0.3498742442108078,0.6924056147064144,0.799707223348938,252088,task_confidence_output_only,0.2605355224083523
V3-2,P2,4,47,natural_missingness,ea4f5c2a61cf7df43321c66da250e1480ff9cb431dfabb22d9c4d05d565bb993,36acd56b56e9691b25833311a6dba037d1103629d12b6c53e97c0f66da24fd24,extrasensory-p2-fold4-seed47-v2_multiseed,0.55,0.5500098019996079,28056,0.3629075613846854,0.6856038063007239,0.7883382248619476,276851,task_confidence_output_only,0.2375154867776243
V3-2,P2,4,47,natural_missingness,ea4f5c2a61cf7df43321c66da250e1480ff9cb431dfabb22d9c4d05d565bb993,36acd56b56e9691b25833311a6dba037d1103629d12b6c53e97c0f66da24fd24,extrasensory-p2-fold4-seed47-v2_multiseed,0.6,0.6,30606,0.3757121912782493,0.6780919651063988,0.7770124041598304,301773,task_confidence_output_only,0.2167435070607009
V3-2,P2,4,47,natural_missingness,ea4f5c2a61cf7df43321c66da250e1480ff9cb431dfabb22d9c4d05d565bb993,36acd56b56e9691b25833311a6dba037d1103629d12b6c53e97c0f66da24fd24,extrasensory-p2-fold4-seed47-v2_multiseed,0.65,0.6500098019996079,33157,0.3878243998537926,0.6694776026949038,0.766079528718704,327159,task_confidence_output_only,0.1970451650914809
V3-2,P2,4,47,natural_missingness,ea4f5c2a61cf7df43321c66da250e1480ff9cb431dfabb22d9c4d05d565bb993,36acd56b56e9691b25833311a6dba037d1103629d12b6c53e97c0f66da24fd24,extrasensory-p2-fold4-seed47-v2_multiseed,0.7,0.7,35707,0.3993418578945709,0.6602235736224692,0.755612937108845,352600,task_confidence_output_only,0.1781058191899751
V3-2,P2,4,47,natural_missingness,ea4f5c2a61cf7df43321c66da250e1480ff9cb431dfabb22d9c4d05d565bb993,36acd56b56e9691b25833311a6dba037d1103629d12b6c53e97c0f66da24fd24,extrasensory-p2-fold4-seed47-v2_multiseed,0.75,0.7500098019996079,38258,0.4093292871807957,0.651468349222858,0.7465049688394813,377804,task_confidence_output_only,0.159387355074201
V3-2,P2,4,47,natural_missingness,ea4f5c2a61cf7df43321c66da250e1480ff9cb431dfabb22d9c4d05d565bb993,36acd56b56e9691b25833311a6dba037d1103629d12b6c53e97c0f66da24fd24,extrasensory-p2-fold4-seed47-v2_multiseed,0.8,0.8,40808,0.4179628004577867,0.6440010583199185,0.7376676789172903,403009,task_confidence_output_only,0.1410613091927299
V3-2,P2,4,47,natural_missingness,ea4f5c2a61cf7df43321c66da250e1480ff9cb431dfabb22d9c4d05d565bb993,36acd56b56e9691b25833311a6dba037d1103629d12b6c53e97c0f66da24fd24,extrasensory-p2-fold4-seed47-v2_multiseed,0.85,0.850009801999608,43359,0.4262101454577242,0.6353081073790282,0.7291255752794215,428015,task_confidence_output_only,0.1211613867851483
V3-2,P2,4,47,natural_missingness,ea4f5c2a61cf7df43321c66da250e1480ff9cb431dfabb22d9c4d05d565bb993,36acd56b56e9691b25833311a6dba037d1103629d12b6c53e97c0f66da24fd24,extrasensory-p2-fold4-seed47-v2_multiseed,0.9,0.9,45909,0.4342159697468113,0.6255882588106044,0.7204394874915426,452955,task_confidence_output_only,0.098858471660651
V3-2,P2,4,47,natural_missingness,ea4f5c2a61cf7df43321c66da250e1480ff9cb431dfabb22d9c4d05d565bb993,36acd56b56e9691b25833311a6dba037d1103629d12b6c53e97c0f66da24fd24,extrasensory-p2-fold4-seed47-v2_multiseed,0.95,0.950009801999608,48460,0.4413922117822698,0.6154709864681293,0.7120673873684975,478433,task_confidence_output_only,0.0742022909626813
V3-2,P2,4,47,natural_missingness,ea4f5c2a61cf7df43321c66da250e1480ff9cb431dfabb22d9c4d05d565bb993,36acd56b56e9691b25833311a6dba037d1103629d12b6c53e97c0f66da24fd24,extrasensory-p2-fold4-seed47-v2_multiseed,1.0,1.0,51010,0.4503193512823913,0.5976761634819686,0.6998710940936614,504726,task_confidence_output_only,0.0035319026470919
V3-2,P2,4,47,natural_missingness,ea4f5c2a61cf7df43321c66da250e1480ff9cb431dfabb22d9c4d05d565bb993,36acd56b56e9691b25833311a6dba037d1103629d12b6c53e97c0f66da24fd24,extrasensory-p2-fold4-seed47-v2_multiseed,0.05,0.0500098019996079,2551,0.1916256547133004,0.5575555971149894,0.9356347249383556,24441,task_confidence_full,0.8201564990137238
V3-2,P2,4,47,natural_missingness,ea4f5c2a61cf7df43321c66da250e1480ff9cb431dfabb22d9c4d05d565bb993,36acd56b56e9691b25833311a6dba037d1103629d12b6c53e97c0f66da24fd24,extrasensory-p2-fold4-seed47-v2_multiseed,0.1,0.1,5101,0.2177489007853045,0.5723450681116842,0.9081105539006824,51091,task_confidence_full,0.730800922835211
V3-2,P2,4,47,natural_missingness,ea4f5c2a61cf7df43321c66da250e1480ff9cb431dfabb22d9c4d05d565bb993,36acd56b56e9691b25833311a6dba037d1103629d12b6c53e97c0f66da24fd24,extrasensory-p2-fold4-seed47-v2_multiseed,0.15,0.1500098019996079,7652,0.2354268240699613,0.6329423653853116,0.8931190282201319,76652,task_confidence_full,0.6351924710659536
V3-2,P2,4,47,natural_missingness,ea4f5c2a61cf7df43321c66da250e1480ff9cb431dfabb22d9c4d05d565bb993,36acd56b56e9691b25833311a6dba037d1103629d12b6c53e97c0f66da24fd24,extrasensory-p2-fold4-seed47-v2_multiseed,0.2,0.2,10202,0.2716988911415074,0.6860819687386911,0.8775306126299504,100360,task_confidence_full,0.5565190148878691
V3-2,P2,4,47,natural_missingness,ea4f5c2a61cf7df43321c66da250e1480ff9cb431dfabb22d9c4d05d565bb993,36acd56b56e9691b25833311a6dba037d1103629d12b6c53e97c0f66da24fd24,extrasensory-p2-fold4-seed47-v2_multiseed,0.25,0.2500098019996079,12753,0.2811917737846129,0.704322788091552,0.8658429749569525,125621,task_confidence_full,0.4980973564765625
V3-2,P2,4,47,natural_missingness,ea4f5c2a61cf7df43321c66da250e1480ff9cb431dfabb22d9c4d05d565bb993,36acd56b56e9691b25833311a6dba037d1103629d12b6c53e97c0f66da24fd24,extrasensory-p2-fold4-seed47-v2_multiseed,0.3,0.3,15303,0.2892559102200268,0.7046477539552748,0.8560122447455856,151888,task_confidence_full,0.4501598234713031
V3-2,P2,4,47,natural_missingness,ea4f5c2a61cf7df43321c66da250e1480ff9cb431dfabb22d9c4d05d565bb993,36acd56b56e9691b25833311a6dba037d1103629d12b6c53e97c0f66da24fd24,extrasensory-p2-fold4-seed47-v2_multiseed,0.35,0.3500098019996079,17854,0.297866261910919,0.7095812295223235,0.8477587973673925,178332,task_confidence_full,0.4101640980378569
V3-2,P2,4,47,natural_missingness,ea4f5c2a61cf7df43321c66da250e1480ff9cb431dfabb22d9c4d05d565bb993,36acd56b56e9691b25833311a6dba037d1103629d12b6c53e97c0f66da24fd24,extrasensory-p2-fold4-seed47-v2_multiseed,0.4,0.4,20404,0.3101124015458586,0.7073147586054565,0.8351880507398793,203646,task_confidence_full,0.3733842900049193
V3-2,P2,4,47,natural_missingness,ea4f5c2a61cf7df43321c66da250e1480ff9cb431dfabb22d9c4d05d565bb993,36acd56b56e9691b25833311a6dba037d1103629d12b6c53e97c0f66da24fd24,extrasensory-p2-fold4-seed47-v2_multiseed,0.45,0.4500098019996079,22955,0.3255419358309579,0.6988151772632626,0.8214640609473336,228162,task_confidence_full,0.3396627909004497
V3-2,P2,4,47,natural_missingness,ea4f5c2a61cf7df43321c66da250e1480ff9cb431dfabb22d9c4d05d565bb993,36acd56b56e9691b25833311a6dba037d1103629d12b6c53e97c0f66da24fd24,extrasensory-p2-fold4-seed47-v2_multiseed,0.5,0.5,25505,0.3433826045686986,0.691848004104972,0.8070133534368865,253331,task_confidence_full,0.3088455733024519
V3-2,P2,4,47,natural_missingness,ea4f5c2a61cf7df43321c66da250e1480ff9cb431dfabb22d9c4d05d565bb993,36acd56b56e9691b25833311a6dba037d1103629d12b6c53e97c0f66da24fd24,extrasensory-p2-fold4-seed47-v2_multiseed,0.55,0.5500098019996079,28056,0.3574651187449711,0.6832285447198315,0.7937322209412583,278283,task_confidence_full,0.2800926409274471
V3-2,P2,4,47,natural_missingness,ea4f5c2a61cf7df43321c66da250e1480ff9cb431dfabb22d9c4d05d565bb993,36acd56b56e9691b25833311a6dba037d1103629d12b6c53e97c0f66da24fd24,extrasensory-p2-fold4-seed47-v2_multiseed,0.6,0.6,30606,0.3709570472085708,0.6769107043352264,0.7809448353486383,303232,task_confidence_full,0.253308137249809
V3-2,P2,4,47,natural_missingness,ea4f5c2a61cf7df43321c66da250e1480ff9cb431dfabb22d9c4d05d565bb993,36acd56b56e9691b25833311a6dba037d1103629d12b6c53e97c0f66da24fd24,extrasensory-p2-fold4-seed47-v2_multiseed,0.65,0.6500098019996079,33157,0.3837398866194892,0.6690679806549992,0.7686817384002659,328036,task_confidence_full,0.2285686027037797
V3-2,P2,4,47,natural_missingness,ea4f5c2a61cf7df43321c66da250e1480ff9cb431dfabb22d9c4d05d565bb993,36acd56b56e9691b25833311a6dba037d1103629d12b6c53e97c0f66da24fd24,extrasensory-p2-fold4-seed47-v2_multiseed,0.7,0.7,35707,0.3976057237419034,0.6589946831073746,0.756480689966841,352407,task_confidence_full,0.2035548917094188
V3-2,P2,4,47,natural_missingness,ea4f5c2a61cf7df43321c66da250e1480ff9cb431dfabb22d9c4d05d565bb993,36acd56b56e9691b25833311a6dba037d1103629d12b6c53e97c0f66da24fd24,extrasensory-p2-fold4-seed47-v2_multiseed,0.75,0.7500098019996079,38258,0.4091093122430934,0.6506617739314831,0.7457938769881401,377181,task_confidence_full,0.1798893755286253
V3-2,P2,4,47,natural_missingness,ea4f5c2a61cf7df43321c66da250e1480ff9cb431dfabb22d9c4d05d565bb993,36acd56b56e9691b25833311a6dba037d1103629d12b6c53e97c0f66da24fd24,extrasensory-p2-fold4-seed47-v2_multiseed,0.8,0.8,40808,0.4190390035679751,0.6424130784322027,0.7358605739883587,402018,task_confidence_full,0.1557153822691763
V3-2,P2,4,47,natural_missingness,ea4f5c2a61cf7df43321c66da250e1480ff9cb431dfabb22d9c4d05d565bb993,36acd56b56e9691b25833311a6dba037d1103629d12b6c53e97c0f66da24fd24,extrasensory-p2-fold4-seed47-v2_multiseed,0.85,0.850009801999608,43359,0.427840740010216,0.6327989905792204,0.7261005960947395,426673,task_confidence_full,0.1291297723089253
V3-2,P2,4,47,natural_missingness,ea4f5c2a61cf7df43321c66da250e1480ff9cb431dfabb22d9c4d05d565bb993,36acd56b56e9691b25833311a6dba037d1103629d12b6c53e97c0f66da24fd24,extrasensory-p2-fold4-seed47-v2_multiseed,0.9,0.9,45909,0.4358619657654745,0.6217934343304481,0.7164197058810894,451737,task_confidence_full,0.0986313774884483
V3-2,P2,4,47,natural_missingness,ea4f5c2a61cf7df43321c66da250e1480ff9cb431dfabb22d9c4d05d565bb993,36acd56b56e9691b25833311a6dba037d1103629d12b6c53e97c0f66da24fd24,extrasensory-p2-fold4-seed47-v2_multiseed,0.95,0.950009801999608,48460,0.4428570559023881,0.6100894705251377,0.7076092787359591,477514,task_confidence_full,0.0645985080757184
V3-2,P2,4,47,natural_missingness,ea4f5c2a61cf7df43321c66da250e1480ff9cb431dfabb22d9c4d05d565bb993,36acd56b56e9691b25833311a6dba037d1103629d12b6c53e97c0f66da24fd24,extrasensory-p2-fold4-seed47-v2_multiseed,1.0,1.0,51010,0.4503193512823913,0.5976761634819686,0.6998710940936614,504726,task_confidence_full,0.006314094181653
