phase,model_id,fold,seed,scenario,protocol_sha256,selected_family,source_prediction_sha256,run_id,requested_coverage,coverage,accepted_count,risk_masked_bce,macro_f1,micro_f1,known_target_count,score_method,confidence_cutoff
V3-3,P2,0,13,natural_missingness,efb672880ee0ff1680cafed70e33ce265ddcc65e24e6b7c44c7798d6500b08df,grouped_risk_output_compact,0d73ab992cbe5fe6bf4e93419766623e57622e207cab8673bb9ca23ec6927615,extrasensory-p2-fold0-seed13-v2_seed13,0.05,0.0500007685331775,3253,0.1044883847491499,0.426506094714693,0.9593711145870936,40506,mean_binary_certainty,0.9530369242362272
V3-3,P2,0,13,natural_missingness,efb672880ee0ff1680cafed70e33ce265ddcc65e24e6b7c44c7798d6500b08df,grouped_risk_output_compact,0d73ab992cbe5fe6bf4e93419766623e57622e207cab8673bb9ca23ec6927615,extrasensory-p2-fold0-seed13-v2_seed13,0.1,0.1000015370663551,6506,0.1404890592930159,0.4413127021310625,0.9491932855280312,83378,mean_binary_certainty,0.9285942112305604
V3-3,P2,0,13,natural_missingness,efb672880ee0ff1680cafed70e33ce265ddcc65e24e6b7c44c7798d6500b08df,grouped_risk_output_compact,0d73ab992cbe5fe6bf4e93419766623e57622e207cab8673bb9ca23ec6927615,extrasensory-p2-fold0-seed13-v2_seed13,0.15,0.1500023055995327,9759,0.1603260063889327,0.4312197389144692,0.9376033513394334,124108,mean_binary_certainty,0.8853910819970705
V3-3,P2,0,13,natural_missingness,efb672880ee0ff1680cafed70e33ce265ddcc65e24e6b7c44c7798d6500b08df,grouped_risk_output_compact,0d73ab992cbe5fe6bf4e93419766623e57622e207cab8673bb9ca23ec6927615,extrasensory-p2-fold0-seed13-v2_seed13,0.2,0.2000030741327103,13012,0.1900236238159784,0.5310696522641363,0.9217624463998808,162059,mean_binary_certainty,0.7764108315631508
V3-3,P2,0,13,natural_missingness,efb672880ee0ff1680cafed70e33ce265ddcc65e24e6b7c44c7798d6500b08df,grouped_risk_output_compact,0d73ab992cbe5fe6bf4e93419766623e57622e207cab8673bb9ca23ec6927615,extrasensory-p2-fold0-seed13-v2_seed13,0.25,0.2500038426658879,16265,0.2040961760762532,0.6045906300670824,0.9067051473949324,196235,mean_binary_certainty,0.6924591376609791
V3-3,P2,0,13,natural_missingness,efb672880ee0ff1680cafed70e33ce265ddcc65e24e6b7c44c7798d6500b08df,grouped_risk_output_compact,0d73ab992cbe5fe6bf4e93419766623e57622e207cab8673bb9ca23ec6927615,extrasensory-p2-fold0-seed13-v2_seed13,0.3,0.3000046111990654,19518,0.226763067776085,0.6335816503961456,0.8850375325736066,230005,mean_binary_certainty,0.6407395598412267
V3-3,P2,0,13,natural_missingness,efb672880ee0ff1680cafed70e33ce265ddcc65e24e6b7c44c7798d6500b08df,grouped_risk_output_compact,0d73ab992cbe5fe6bf4e93419766623e57622e207cab8673bb9ca23ec6927615,extrasensory-p2-fold0-seed13-v2_seed13,0.35,0.350005379732243,22771,0.248350854900463,0.6460744438843898,0.8639069562341528,263171,mean_binary_certainty,0.6041482556854216
V3-3,P2,0,13,natural_missingness,efb672880ee0ff1680cafed70e33ce265ddcc65e24e6b7c44c7798d6500b08df,grouped_risk_output_compact,0d73ab992cbe5fe6bf4e93419766623e57622e207cab8673bb9ca23ec6927615,extrasensory-p2-fold0-seed13-v2_seed13,0.4,0.4000061482654206,26024,0.2697030230428198,0.6490074151437452,0.8439733397574881,295881,mean_binary_certainty,0.5736398285575447
V3-3,P2,0,13,natural_missingness,efb672880ee0ff1680cafed70e33ce265ddcc65e24e6b7c44c7798d6500b08df,grouped_risk_output_compact,0d73ab992cbe5fe6bf4e93419766623e57622e207cab8673bb9ca23ec6927615,extrasensory-p2-fold0-seed13-v2_seed13,0.45,0.4500069167985982,29277,0.2879379976587788,0.6520068185754078,0.8271036951423409,327840,mean_binary_certainty,0.5466001841086692
V3-3,P2,0,13,natural_missingness,efb672880ee0ff1680cafed70e33ce265ddcc65e24e6b7c44c7798d6500b08df,grouped_risk_output_compact,0d73ab992cbe5fe6bf4e93419766623e57622e207cab8673bb9ca23ec6927615,extrasensory-p2-fold0-seed13-v2_seed13,0.5,0.5000076853317758,32530,0.3043067666756039,0.6484748130922254,0.8119994025022792,358980,mean_binary_certainty,0.5232574078067159
V3-3,P2,0,13,natural_missingness,efb672880ee0ff1680cafed70e33ce265ddcc65e24e6b7c44c7798d6500b08df,grouped_risk_output_compact,0d73ab992cbe5fe6bf4e93419766623e57622e207cab8673bb9ca23ec6927615,extrasensory-p2-fold0-seed13-v2_seed13,0.55,0.5500084538649533,35783,0.3200472787460044,0.6414075039990778,0.7982076888242725,389025,mean_binary_certainty,0.5012377901462297
V3-3,P2,0,13,natural_missingness,efb672880ee0ff1680cafed70e33ce265ddcc65e24e6b7c44c7798d6500b08df,grouped_risk_output_compact,0d73ab992cbe5fe6bf4e93419766623e57622e207cab8673bb9ca23ec6927615,extrasensory-p2-fold0-seed13-v2_seed13,0.6,0.6000092223981309,39036,0.3322425320593538,0.6371082480244378,0.7868723060822675,418997,mean_binary_certainty,0.4784530090065436
V3-3,P2,0,13,natural_missingness,efb672880ee0ff1680cafed70e33ce265ddcc65e24e6b7c44c7798d6500b08df,grouped_risk_output_compact,0d73ab992cbe5fe6bf4e93419766623e57622e207cab8673bb9ca23ec6927615,extrasensory-p2-fold0-seed13-v2_seed13,0.65,0.6500099909313085,42289,0.344034520913229,0.6316955442243877,0.776231276684736,449514,mean_binary_certainty,0.4544016582810005
V3-3,P2,0,13,natural_missingness,efb672880ee0ff1680cafed70e33ce265ddcc65e24e6b7c44c7798d6500b08df,grouped_risk_output_compact,0d73ab992cbe5fe6bf4e93419766623e57622e207cab8673bb9ca23ec6927615,extrasensory-p2-fold0-seed13-v2_seed13,0.7,0.7000107594644861,45542,0.3542385957429315,0.62609627710494,0.766255444360768,479981,mean_binary_certainty,0.4285179330458299
V3-3,P2,0,13,natural_missingness,efb672880ee0ff1680cafed70e33ce265ddcc65e24e6b7c44c7798d6500b08df,grouped_risk_output_compact,0d73ab992cbe5fe6bf4e93419766623e57622e207cab8673bb9ca23ec6927615,extrasensory-p2-fold0-seed13-v2_seed13,0.75,0.7500115279976637,48795,0.3639699626215537,0.620994176537805,0.7565269701223181,511178,mean_binary_certainty,0.4000576471777833
V3-3,P2,0,13,natural_missingness,efb672880ee0ff1680cafed70e33ce265ddcc65e24e6b7c44c7798d6500b08df,grouped_risk_output_compact,0d73ab992cbe5fe6bf4e93419766623e57622e207cab8673bb9ca23ec6927615,extrasensory-p2-fold0-seed13-v2_seed13,0.8,0.8000122965308413,52048,0.3737810642309998,0.6138393561471046,0.7467952019005637,543172,mean_binary_certainty,0.3694438274754567
V3-3,P2,0,13,natural_missingness,efb672880ee0ff1680cafed70e33ce265ddcc65e24e6b7c44c7798d6500b08df,grouped_risk_output_compact,0d73ab992cbe5fe6bf4e93419766623e57622e207cab8673bb9ca23ec6927615,extrasensory-p2-fold0-seed13-v2_seed13,0.85,0.8500130650640189,55301,0.3829917679829858,0.6075568008439685,0.7380378635218315,575909,mean_binary_certainty,0.3334310902728501
V3-3,P2,0,13,natural_missingness,efb672880ee0ff1680cafed70e33ce265ddcc65e24e6b7c44c7798d6500b08df,grouped_risk_output_compact,0d73ab992cbe5fe6bf4e93419766623e57622e207cab8673bb9ca23ec6927615,extrasensory-p2-fold0-seed13-v2_seed13,0.9,0.9000138335971964,58554,0.3927000631963255,0.6009921886336468,0.7294068828319751,608857,mean_binary_certainty,0.2904993596732641
V3-3,P2,0,13,natural_missingness,efb672880ee0ff1680cafed70e33ce265ddcc65e24e6b7c44c7798d6500b08df,grouped_risk_output_compact,0d73ab992cbe5fe6bf4e93419766623e57622e207cab8673bb9ca23ec6927615,extrasensory-p2-fold0-seed13-v2_seed13,0.95,0.950014602130374,61807,0.4022655027633949,0.5931422458339518,0.7215789519264911,641832,mean_binary_certainty,0.2348350774930503
V3-3,P2,0,13,natural_missingness,efb672880ee0ff1680cafed70e33ce265ddcc65e24e6b7c44c7798d6500b08df,grouped_risk_output_compact,0d73ab992cbe5fe6bf4e93419766623e57622e207cab8673bb9ca23ec6927615,extrasensory-p2-fold0-seed13-v2_seed13,1.0,1.0,65059,0.413312436456162,0.5864481220663477,0.715372390911304,673892,mean_binary_certainty,0.017540671260924
V3-3,P2,0,13,natural_missingness,efb672880ee0ff1680cafed70e33ce265ddcc65e24e6b7c44c7798d6500b08df,grouped_risk_output_compact,0d73ab992cbe5fe6bf4e93419766623e57622e207cab8673bb9ca23ec6927615,extrasensory-p2-fold0-seed13-v2_seed13,0.05,0.0500007685331775,3253,0.4034083797504982,0.4393597541778474,0.7688342006711736,35124,p2_system_reliability,0.9973007440567015
V3-3,P2,0,13,natural_missingness,efb672880ee0ff1680cafed70e33ce265ddcc65e24e6b7c44c7798d6500b08df,grouped_risk_output_compact,0d73ab992cbe5fe6bf4e93419766623e57622e207cab8673bb9ca23ec6927615,extrasensory-p2-fold0-seed13-v2_seed13,0.1,0.1000015370663551,6506,0.4163735837486885,0.4660227438227384,0.7511899834437086,66865,p2_system_reliability,0.996352195739746
V3-3,P2,0,13,natural_missingness,efb672880ee0ff1680cafed70e33ce265ddcc65e24e6b7c44c7798d6500b08df,grouped_risk_output_compact,0d73ab992cbe5fe6bf4e93419766623e57622e207cab8673bb9ca23ec6927615,extrasensory-p2-fold0-seed13-v2_seed13,0.15,0.1500023055995327,9759,0.4214389282191553,0.5097900705348241,0.7388476655445301,99117,p2_system_reliability,0.9955191612243652
V3-3,P2,0,13,natural_missingness,efb672880ee0ff1680cafed70e33ce265ddcc65e24e6b7c44c7798d6500b08df,grouped_risk_output_compact,0d73ab992cbe5fe6bf4e93419766623e57622e207cab8673bb9ca23ec6927615,extrasensory-p2-fold0-seed13-v2_seed13,0.2,0.2000030741327103,13012,0.4223098819287831,0.5379108683767931,0.7313426880361774,131869,p2_system_reliability,0.99473237991333
V3-3,P2,0,13,natural_missingness,efb672880ee0ff1680cafed70e33ce265ddcc65e24e6b7c44c7798d6500b08df,grouped_risk_output_compact,0d73ab992cbe5fe6bf4e93419766623e57622e207cab8673bb9ca23ec6927615,extrasensory-p2-fold0-seed13-v2_seed13,0.25,0.2500038426658879,16265,0.4167154147468648,0.5574476625055983,0.731621204870527,165461,p2_system_reliability,0.9939035177230836
V3-3,P2,0,13,natural_missingness,efb672880ee0ff1680cafed70e33ce265ddcc65e24e6b7c44c7798d6500b08df,grouped_risk_output_compact,0d73ab992cbe5fe6bf4e93419766623e57622e207cab8673bb9ca23ec6927615,extrasensory-p2-fold0-seed13-v2_seed13,0.3,0.3000046111990654,19518,0.4097128283095719,0.564340707774823,0.7329188151738412,199763,p2_system_reliability,0.993061900138855
V3-3,P2,0,13,natural_missingness,efb672880ee0ff1680cafed70e33ce265ddcc65e24e6b7c44c7798d6500b08df,grouped_risk_output_compact,0d73ab992cbe5fe6bf4e93419766623e57622e207cab8673bb9ca23ec6927615,extrasensory-p2-fold0-seed13-v2_seed13,0.35,0.350005379732243,22771,0.4059535881983956,0.5751349733178716,0.7344689076137839,234924,p2_system_reliability,0.992160439491272
V3-3,P2,0,13,natural_missingness,efb672880ee0ff1680cafed70e33ce265ddcc65e24e6b7c44c7798d6500b08df,grouped_risk_output_compact,0d73ab992cbe5fe6bf4e93419766623e57622e207cab8673bb9ca23ec6927615,extrasensory-p2-fold0-seed13-v2_seed13,0.4,0.4000061482654206,26024,0.4043230028914749,0.5788595292647029,0.7349143331970402,269826,p2_system_reliability,0.991173505783081
V3-3,P2,0,13,natural_missingness,efb672880ee0ff1680cafed70e33ce265ddcc65e24e6b7c44c7798d6500b08df,grouped_risk_output_compact,0d73ab992cbe5fe6bf4e93419766623e57622e207cab8673bb9ca23ec6927615,extrasensory-p2-fold0-seed13-v2_seed13,0.45,0.4500069167985982,29277,0.4035813666850678,0.588406868243141,0.734252095327902,304888,p2_system_reliability,0.9901034832000732
V3-3,P2,0,13,natural_missingness,efb672880ee0ff1680cafed70e33ce265ddcc65e24e6b7c44c7798d6500b08df,grouped_risk_output_compact,0d73ab992cbe5fe6bf4e93419766623e57622e207cab8673bb9ca23ec6927615,extrasensory-p2-fold0-seed13-v2_seed13,0.5,0.5000076853317758,32530,0.4039995331923278,0.5951444232573552,0.7327198417930125,339701,p2_system_reliability,0.9888125061988832
V3-3,P2,0,13,natural_missingness,efb672880ee0ff1680cafed70e33ce265ddcc65e24e6b7c44c7798d6500b08df,grouped_risk_output_compact,0d73ab992cbe5fe6bf4e93419766623e57622e207cab8673bb9ca23ec6927615,extrasensory-p2-fold0-seed13-v2_seed13,0.55,0.5500084538649533,35783,0.4054206605573229,0.5972084410972704,0.7305627132307426,374267,p2_system_reliability,0.9873774647712708
V3-3,P2,0,13,natural_missingness,efb672880ee0ff1680cafed70e33ce265ddcc65e24e6b7c44c7798d6500b08df,grouped_risk_output_compact,0d73ab992cbe5fe6bf4e93419766623e57622e207cab8673bb9ca23ec6927615,extrasensory-p2-fold0-seed13-v2_seed13,0.6,0.6000092223981309,39036,0.4070332074064439,0.6000107560220813,0.728635814392436,408525,p2_system_reliability,0.9856704473495485
V3-3,P2,0,13,natural_missingness,efb672880ee0ff1680cafed70e33ce265ddcc65e24e6b7c44c7798d6500b08df,grouped_risk_output_compact,0d73ab992cbe5fe6bf4e93419766623e57622e207cab8673bb9ca23ec6927615,extrasensory-p2-fold0-seed13-v2_seed13,0.65,0.6500099909313085,42289,0.4079999443371221,0.6009538830369991,0.7271628134956294,442513,p2_system_reliability,0.9837020635604858
V3-3,P2,0,13,natural_missingness,efb672880ee0ff1680cafed70e33ce265ddcc65e24e6b7c44c7798d6500b08df,grouped_risk_output_compact,0d73ab992cbe5fe6bf4e93419766623e57622e207cab8673bb9ca23ec6927615,extrasensory-p2-fold0-seed13-v2_seed13,0.7,0.7000107594644861,45542,0.4087204130746573,0.6010294062619755,0.7252100488432561,476562,p2_system_reliability,0.9812527894973756
V3-3,P2,0,13,natural_missingness,efb672880ee0ff1680cafed70e33ce265ddcc65e24e6b7c44c7798d6500b08df,grouped_risk_output_compact,0d73ab992cbe5fe6bf4e93419766623e57622e207cab8673bb9ca23ec6927615,extrasensory-p2-fold0-seed13-v2_seed13,0.75,0.7500115279976637,48795,0.4094523423043905,0.6002594898016116,0.7233421978210517,509420,p2_system_reliability,0.978266179561615
V3-3,P2,0,13,natural_missingness,efb672880ee0ff1680cafed70e33ce265ddcc65e24e6b7c44c7798d6500b08df,grouped_risk_output_compact,0d73ab992cbe5fe6bf4e93419766623e57622e207cab8673bb9ca23ec6927615,extrasensory-p2-fold0-seed13-v2_seed13,0.8,0.8000122965308413,52048,0.4103260173883554,0.5978167161004211,0.7208866109223407,541983,p2_system_reliability,0.9747037291526794
V3-3,P2,0,13,natural_missingness,efb672880ee0ff1680cafed70e33ce265ddcc65e24e6b7c44c7798d6500b08df,grouped_risk_output_compact,0d73ab992cbe5fe6bf4e93419766623e57622e207cab8673bb9ca23ec6927615,extrasensory-p2-fold0-seed13-v2_seed13,0.85,0.8500130650640189,55301,0.4105939378571501,0.5961664199914657,0.7197371939340693,574525,p2_system_reliability,0.9699658155441284
V3-3,P2,0,13,natural_missingness,efb672880ee0ff1680cafed70e33ce265ddcc65e24e6b7c44c7798d6500b08df,grouped_risk_output_compact,0d73ab992cbe5fe6bf4e93419766623e57622e207cab8673bb9ca23ec6927615,extrasensory-p2-fold0-seed13-v2_seed13,0.9,0.9000138335971964,58554,0.4111840375170621,0.5931666357508256,0.7180867597133157,607264,p2_system_reliability,0.9632570743560792
V3-3,P2,0,13,natural_missingness,efb672880ee0ff1680cafed70e33ce265ddcc65e24e6b7c44c7798d6500b08df,grouped_risk_output_compact,0d73ab992cbe5fe6bf4e93419766623e57622e207cab8673bb9ca23ec6927615,extrasensory-p2-fold0-seed13-v2_seed13,0.95,0.950014602130374,61807,0.4121701785670695,0.5904436066582378,0.716428630942633,639993,p2_system_reliability,0.9521130323410034
V3-3,P2,0,13,natural_missingness,efb672880ee0ff1680cafed70e33ce265ddcc65e24e6b7c44c7798d6500b08df,grouped_risk_output_compact,0d73ab992cbe5fe6bf4e93419766623e57622e207cab8673bb9ca23ec6927615,extrasensory-p2-fold0-seed13-v2_seed13,1.0,1.0,65059,0.413312436456162,0.5864481220663477,0.715372390911304,673892,p2_system_reliability,0.8367984294891357
V3-3,P2,0,13,natural_missingness,efb672880ee0ff1680cafed70e33ce265ddcc65e24e6b7c44c7798d6500b08df,grouped_risk_output_compact,0d73ab992cbe5fe6bf4e93419766623e57622e207cab8673bb9ca23ec6927615,extrasensory-p2-fold0-seed13-v2_seed13,0.05,0.0500007685331775,3253,0.2009298784787299,0.4639615991272822,0.9134948096885812,42551,grouped_risk_output_compact,0.4332285510142237
V3-3,P2,0,13,natural_missingness,efb672880ee0ff1680cafed70e33ce265ddcc65e24e6b7c44c7798d6500b08df,grouped_risk_output_compact,0d73ab992cbe5fe6bf4e93419766623e57622e207cab8673bb9ca23ec6927615,extrasensory-p2-fold0-seed13-v2_seed13,0.1,0.1000015370663551,6506,0.2345584352559299,0.5843853330086533,0.8884985997057009,80158,grouped_risk_output_compact,0.4183511086817946
V3-3,P2,0,13,natural_missingness,efb672880ee0ff1680cafed70e33ce265ddcc65e24e6b7c44c7798d6500b08df,grouped_risk_output_compact,0d73ab992cbe5fe6bf4e93419766623e57622e207cab8673bb9ca23ec6927615,extrasensory-p2-fold0-seed13-v2_seed13,0.15,0.1500023055995327,9759,0.2480057033559793,0.6272658057094567,0.8723365983680277,116422,grouped_risk_output_compact,0.410978126078793
V3-3,P2,0,13,natural_missingness,efb672880ee0ff1680cafed70e33ce265ddcc65e24e6b7c44c7798d6500b08df,grouped_risk_output_compact,0d73ab992cbe5fe6bf4e93419766623e57622e207cab8673bb9ca23ec6927615,extrasensory-p2-fold0-seed13-v2_seed13,0.2,0.2000030741327103,13012,0.2588360344796796,0.6467390060457249,0.8584596786379892,151968,grouped_risk_output_compact,0.4056285367521506
V3-3,P2,0,13,natural_missingness,efb672880ee0ff1680cafed70e33ce265ddcc65e24e6b7c44c7798d6500b08df,grouped_risk_output_compact,0d73ab992cbe5fe6bf4e93419766623e57622e207cab8673bb9ca23ec6927615,extrasensory-p2-fold0-seed13-v2_seed13,0.25,0.2500038426658879,16265,0.2711588822555412,0.6564023408918441,0.8455623561468515,186234,grouped_risk_output_compact,0.4012181851017526
V3-3,P2,0,13,natural_missingness,efb672880ee0ff1680cafed70e33ce265ddcc65e24e6b7c44c7798d6500b08df,grouped_risk_output_compact,0d73ab992cbe5fe6bf4e93419766623e57622e207cab8673bb9ca23ec6927615,extrasensory-p2-fold0-seed13-v2_seed13,0.3,0.3000046111990654,19518,0.2802240695857661,0.6608893683880301,0.835661296694614,219525,grouped_risk_output_compact,0.3973365194761494
V3-3,P2,0,13,natural_missingness,efb672880ee0ff1680cafed70e33ce265ddcc65e24e6b7c44c7798d6500b08df,grouped_risk_output_compact,0d73ab992cbe5fe6bf4e93419766623e57622e207cab8673bb9ca23ec6927615,extrasensory-p2-fold0-seed13-v2_seed13,0.35,0.350005379732243,22771,0.2900009369033497,0.6625151250023984,0.8272822090093108,252741,grouped_risk_output_compact,0.3940072385400872
V3-3,P2,0,13,natural_missingness,efb672880ee0ff1680cafed70e33ce265ddcc65e24e6b7c44c7798d6500b08df,grouped_risk_output_compact,0d73ab992cbe5fe6bf4e93419766623e57622e207cab8673bb9ca23ec6927615,extrasensory-p2-fold0-seed13-v2_seed13,0.4,0.4000061482654206,26024,0.2984255642134418,0.6609873187184652,0.8196558147667435,285675,grouped_risk_output_compact,0.3909321448055332
V3-3,P2,0,13,natural_missingness,efb672880ee0ff1680cafed70e33ce265ddcc65e24e6b7c44c7798d6500b08df,grouped_risk_output_compact,0d73ab992cbe5fe6bf4e93419766623e57622e207cab8673bb9ca23ec6927615,extrasensory-p2-fold0-seed13-v2_seed13,0.45,0.4500069167985982,29277,0.3074579000465451,0.6549735636079509,0.8112825945633593,318320,grouped_risk_output_compact,0.3878954533011329
V3-3,P2,0,13,natural_missingness,efb672880ee0ff1680cafed70e33ce265ddcc65e24e6b7c44c7798d6500b08df,grouped_risk_output_compact,0d73ab992cbe5fe6bf4e93419766623e57622e207cab8673bb9ca23ec6927615,extrasensory-p2-fold0-seed13-v2_seed13,0.5,0.5000076853317758,32530,0.3175985530322742,0.6495011987594751,0.8035723053590036,350300,grouped_risk_output_compact,0.3849888129326911
V3-3,P2,0,13,natural_missingness,efb672880ee0ff1680cafed70e33ce265ddcc65e24e6b7c44c7798d6500b08df,grouped_risk_output_compact,0d73ab992cbe5fe6bf4e93419766623e57622e207cab8673bb9ca23ec6927615,extrasensory-p2-fold0-seed13-v2_seed13,0.55,0.5500084538649533,35783,0.3272141155915972,0.6429884865731158,0.7949741064606504,382000,grouped_risk_output_compact,0.3820742684036486
V3-3,P2,0,13,natural_missingness,efb672880ee0ff1680cafed70e33ce265ddcc65e24e6b7c44c7798d6500b08df,grouped_risk_output_compact,0d73ab992cbe5fe6bf4e93419766623e57622e207cab8673bb9ca23ec6927615,extrasensory-p2-fold0-seed13-v2_seed13,0.6,0.6000092223981309,39036,0.3358800801440055,0.6368577390559739,0.7862747081926802,413982,grouped_risk_output_compact,0.3792587168863056
V3-3,P2,0,13,natural_missingness,efb672880ee0ff1680cafed70e33ce265ddcc65e24e6b7c44c7798d6500b08df,grouped_risk_output_compact,0d73ab992cbe5fe6bf4e93419766623e57622e207cab8673bb9ca23ec6927615,extrasensory-p2-fold0-seed13-v2_seed13,0.65,0.6500099909313085,42289,0.3453426193544331,0.6304184221575897,0.777274064849604,445689,grouped_risk_output_compact,0.3762797336404723
V3-3,P2,0,13,natural_missingness,efb672880ee0ff1680cafed70e33ce265ddcc65e24e6b7c44c7798d6500b08df,grouped_risk_output_compact,0d73ab992cbe5fe6bf4e93419766623e57622e207cab8673bb9ca23ec6927615,extrasensory-p2-fold0-seed13-v2_seed13,0.7,0.7000107594644861,45542,0.3535771094565547,0.6236480285066797,0.7679325900753194,477798,grouped_risk_output_compact,0.3732384117553063
V3-3,P2,0,13,natural_missingness,efb672880ee0ff1680cafed70e33ce265ddcc65e24e6b7c44c7798d6500b08df,grouped_risk_output_compact,0d73ab992cbe5fe6bf4e93419766623e57622e207cab8673bb9ca23ec6927615,extrasensory-p2-fold0-seed13-v2_seed13,0.75,0.7500115279976637,48795,0.3622532951679811,0.6173063387621691,0.7587921741460946,509552,grouped_risk_output_compact,0.3698342971549143
V3-3,P2,0,13,natural_missingness,efb672880ee0ff1680cafed70e33ce265ddcc65e24e6b7c44c7798d6500b08df,grouped_risk_output_compact,0d73ab992cbe5fe6bf4e93419766623e57622e207cab8673bb9ca23ec6927615,extrasensory-p2-fold0-seed13-v2_seed13,0.8,0.8000122965308413,52048,0.3726092144235103,0.6094842361158228,0.7486003471627998,542090,grouped_risk_output_compact,0.3661898829591822
V3-3,P2,0,13,natural_missingness,efb672880ee0ff1680cafed70e33ce265ddcc65e24e6b7c44c7798d6500b08df,grouped_risk_output_compact,0d73ab992cbe5fe6bf4e93419766623e57622e207cab8673bb9ca23ec6927615,extrasensory-p2-fold0-seed13-v2_seed13,0.85,0.8500130650640189,55301,0.3820828438077801,0.6037855264601646,0.7396666535324481,574637,grouped_risk_output_compact,0.36210586662633
V3-3,P2,0,13,natural_missingness,efb672880ee0ff1680cafed70e33ce265ddcc65e24e6b7c44c7798d6500b08df,grouped_risk_output_compact,0d73ab992cbe5fe6bf4e93419766623e57622e207cab8673bb9ca23ec6927615,extrasensory-p2-fold0-seed13-v2_seed13,0.9,0.9000138335971964,58554,0.3916632229622713,0.5990483445457395,0.7318581201068577,608008,grouped_risk_output_compact,0.3574865188863012
V3-3,P2,0,13,natural_missingness,efb672880ee0ff1680cafed70e33ce265ddcc65e24e6b7c44c7798d6500b08df,grouped_risk_output_compact,0d73ab992cbe5fe6bf4e93419766623e57622e207cab8673bb9ca23ec6927615,extrasensory-p2-fold0-seed13-v2_seed13,0.95,0.950014602130374,61807,0.4019252826863298,0.5927059218958058,0.7237409109028431,641292,grouped_risk_output_compact,0.3516345938688869
V3-3,P2,0,13,natural_missingness,efb672880ee0ff1680cafed70e33ce265ddcc65e24e6b7c44c7798d6500b08df,grouped_risk_output_compact,0d73ab992cbe5fe6bf4e93419766623e57622e207cab8673bb9ca23ec6927615,extrasensory-p2-fold0-seed13-v2_seed13,1.0,1.0,65059,0.4133124364561621,0.5864481220663477,0.715372390911304,673892,grouped_risk_output_compact,0.3274601314322239
V3-3,P2,0,13,natural_missingness,efb672880ee0ff1680cafed70e33ce265ddcc65e24e6b7c44c7798d6500b08df,grouped_risk_output_compact,0d73ab992cbe5fe6bf4e93419766623e57622e207cab8673bb9ca23ec6927615,extrasensory-p2-fold0-seed13-v2_seed13,0.05,0.0500007685331775,3253,0.18121467055265,0.5025570685182237,0.9226956944997566,42985,grouped_risk_full_compact,0.4317886515480494
V3-3,P2,0,13,natural_missingness,efb672880ee0ff1680cafed70e33ce265ddcc65e24e6b7c44c7798d6500b08df,grouped_risk_output_compact,0d73ab992cbe5fe6bf4e93419766623e57622e207cab8673bb9ca23ec6927615,extrasensory-p2-fold0-seed13-v2_seed13,0.1,0.1000015370663551,6506,0.2084544819879523,0.660502185402086,0.9040719696969696,80682,grouped_risk_full_compact,0.417657798271049
V3-3,P2,0,13,natural_missingness,efb672880ee0ff1680cafed70e33ce265ddcc65e24e6b7c44c7798d6500b08df,grouped_risk_output_compact,0d73ab992cbe5fe6bf4e93419766623e57622e207cab8673bb9ca23ec6927615,extrasensory-p2-fold0-seed13-v2_seed13,0.15,0.1500023055995327,9759,0.2280826172178715,0.6713593362674131,0.885126369204999,116764,grouped_risk_full_compact,0.4103709192378041
V3-3,P2,0,13,natural_missingness,efb672880ee0ff1680cafed70e33ce265ddcc65e24e6b7c44c7798d6500b08df,grouped_risk_output_compact,0d73ab992cbe5fe6bf4e93419766623e57622e207cab8673bb9ca23ec6927615,extrasensory-p2-fold0-seed13-v2_seed13,0.2,0.2000030741327103,13012,0.2419238349018244,0.6787388678713601,0.8710091021035127,151461,grouped_risk_full_compact,0.4052657094644585
V3-3,P2,0,13,natural_missingness,efb672880ee0ff1680cafed70e33ce265ddcc65e24e6b7c44c7798d6500b08df,grouped_risk_output_compact,0d73ab992cbe5fe6bf4e93419766623e57622e207cab8673bb9ca23ec6927615,extrasensory-p2-fold0-seed13-v2_seed13,0.25,0.2500038426658879,16265,0.2520303703673419,0.6879036506913554,0.8596554982193474,185715,grouped_risk_full_compact,0.4011492601480241
V3-3,P2,0,13,natural_missingness,efb672880ee0ff1680cafed70e33ce265ddcc65e24e6b7c44c7798d6500b08df,grouped_risk_output_compact,0d73ab992cbe5fe6bf4e93419766623e57622e207cab8673bb9ca23ec6927615,extrasensory-p2-fold0-seed13-v2_seed13,0.3,0.3000046111990654,19518,0.2619463028184485,0.68619145141961,0.8503067592356911,219802,grouped_risk_full_compact,0.3976127332437942
V3-3,P2,0,13,natural_missingness,efb672880ee0ff1680cafed70e33ce265ddcc65e24e6b7c44c7798d6500b08df,grouped_risk_output_compact,0d73ab992cbe5fe6bf4e93419766623e57622e207cab8673bb9ca23ec6927615,extrasensory-p2-fold0-seed13-v2_seed13,0.35,0.350005379732243,22771,0.2714451216784047,0.6836820789024053,0.8414178537800322,253349,grouped_risk_full_compact,0.394365832769858
V3-3,P2,0,13,natural_missingness,efb672880ee0ff1680cafed70e33ce265ddcc65e24e6b7c44c7798d6500b08df,grouped_risk_output_compact,0d73ab992cbe5fe6bf4e93419766623e57622e207cab8673bb9ca23ec6927615,extrasensory-p2-fold0-seed13-v2_seed13,0.4,0.4000061482654206,26024,0.2809061293222141,0.6763071433954401,0.8325627897925907,286466,grouped_risk_full_compact,0.3911000389291452
V3-3,P2,0,13,natural_missingness,efb672880ee0ff1680cafed70e33ce265ddcc65e24e6b7c44c7798d6500b08df,grouped_risk_output_compact,0d73ab992cbe5fe6bf4e93419766623e57622e207cab8673bb9ca23ec6927615,extrasensory-p2-fold0-seed13-v2_seed13,0.45,0.4500069167985982,29277,0.2921597565977494,0.6677687207737838,0.8233985363888371,319228,grouped_risk_full_compact,0.3880304803964385
V3-3,P2,0,13,natural_missingness,efb672880ee0ff1680cafed70e33ce265ddcc65e24e6b7c44c7798d6500b08df,grouped_risk_output_compact,0d73ab992cbe5fe6bf4e93419766623e57622e207cab8673bb9ca23ec6927615,extrasensory-p2-fold0-seed13-v2_seed13,0.5,0.5000076853317758,32530,0.3031754458462242,0.6591023155424646,0.8137163939615557,351031,grouped_risk_full_compact,0.385039611891209
V3-3,P2,0,13,natural_missingness,efb672880ee0ff1680cafed70e33ce265ddcc65e24e6b7c44c7798d6500b08df,grouped_risk_output_compact,0d73ab992cbe5fe6bf4e93419766623e57622e207cab8673bb9ca23ec6927615,extrasensory-p2-fold0-seed13-v2_seed13,0.55,0.5500084538649533,35783,0.3151831167339864,0.6487872256114765,0.8034839303213935,382549,grouped_risk_full_compact,0.382164081987161
V3-3,P2,0,13,natural_missingness,efb672880ee0ff1680cafed70e33ce265ddcc65e24e6b7c44c7798d6500b08df,grouped_risk_output_compact,0d73ab992cbe5fe6bf4e93419766623e57622e207cab8673bb9ca23ec6927615,extrasensory-p2-fold0-seed13-v2_seed13,0.6,0.6000092223981309,39036,0.3258880626851956,0.6414153288867855,0.7933246804835127,413791,grouped_risk_full_compact,0.3791814309835969
V3-3,P2,0,13,natural_missingness,efb672880ee0ff1680cafed70e33ce265ddcc65e24e6b7c44c7798d6500b08df,grouped_risk_output_compact,0d73ab992cbe5fe6bf4e93419766623e57622e207cab8673bb9ca23ec6927615,extrasensory-p2-fold0-seed13-v2_seed13,0.65,0.6500099909313085,42289,0.3360764467985074,0.6330236600851838,0.7832723408266984,445310,grouped_risk_full_compact,0.3761370898136219
V3-3,P2,0,13,natural_missingness,efb672880ee0ff1680cafed70e33ce265ddcc65e24e6b7c44c7798d6500b08df,grouped_risk_output_compact,0d73ab992cbe5fe6bf4e93419766623e57622e207cab8673bb9ca23ec6927615,extrasensory-p2-fold0-seed13-v2_seed13,0.7,0.7000107594644861,45542,0.3479554965762733,0.6249806694836891,0.7722796012545697,476766,grouped_risk_full_compact,0.3729042243596155
V3-3,P2,0,13,natural_missingness,efb672880ee0ff1680cafed70e33ce265ddcc65e24e6b7c44c7798d6500b08df,grouped_risk_output_compact,0d73ab992cbe5fe6bf4e93419766623e57622e207cab8673bb9ca23ec6927615,extrasensory-p2-fold0-seed13-v2_seed13,0.75,0.7500115279976637,48795,0.3586119499670288,0.6194344221083478,0.7618844691659844,508604,grouped_risk_full_compact,0.3693641919459298
V3-3,P2,0,13,natural_missingness,efb672880ee0ff1680cafed70e33ce265ddcc65e24e6b7c44c7798d6500b08df,grouped_risk_output_compact,0d73ab992cbe5fe6bf4e93419766623e57622e207cab8673bb9ca23ec6927615,extrasensory-p2-fold0-seed13-v2_seed13,0.8,0.8000122965308413,52048,0.3690222138472939,0.6119446910400967,0.7519614310376286,540532,grouped_risk_full_compact,0.3655262664402189
V3-3,P2,0,13,natural_missingness,efb672880ee0ff1680cafed70e33ce265ddcc65e24e6b7c44c7798d6500b08df,grouped_risk_output_compact,0d73ab992cbe5fe6bf4e93419766623e57622e207cab8673bb9ca23ec6927615,extrasensory-p2-fold0-seed13-v2_seed13,0.85,0.8500130650640189,55301,0.379807469084073,0.6053123336894815,0.74185146770715,573708,grouped_risk_full_compact,0.3613361883661943
V3-3,P2,0,13,natural_missingness,efb672880ee0ff1680cafed70e33ce265ddcc65e24e6b7c44c7798d6500b08df,grouped_risk_output_compact,0d73ab992cbe5fe6bf4e93419766623e57622e207cab8673bb9ca23ec6927615,extrasensory-p2-fold0-seed13-v2_seed13,0.9,0.9000138335971964,58554,0.3903808414757295,0.5985349480560955,0.7330135248057937,606928,grouped_risk_full_compact,0.3562511295662492
V3-3,P2,0,13,natural_missingness,efb672880ee0ff1680cafed70e33ce265ddcc65e24e6b7c44c7798d6500b08df,grouped_risk_output_compact,0d73ab992cbe5fe6bf4e93419766623e57622e207cab8673bb9ca23ec6927615,extrasensory-p2-fold0-seed13-v2_seed13,0.95,0.950014602130374,61807,0.4018685436869414,0.5916781241105308,0.7242828313419666,640161,grouped_risk_full_compact,0.3498139531457143
V3-3,P2,0,13,natural_missingness,efb672880ee0ff1680cafed70e33ce265ddcc65e24e6b7c44c7798d6500b08df,grouped_risk_output_compact,0d73ab992cbe5fe6bf4e93419766623e57622e207cab8673bb9ca23ec6927615,extrasensory-p2-fold0-seed13-v2_seed13,1.0,1.0,65059,0.413312436456162,0.5864481220663477,0.715372390911304,673892,grouped_risk_full_compact,0.2989819780023814
V3-3,P2,0,13,natural_missingness,efb672880ee0ff1680cafed70e33ce265ddcc65e24e6b7c44c7798d6500b08df,grouped_risk_output_compact,0d73ab992cbe5fe6bf4e93419766623e57622e207cab8673bb9ca23ec6927615,extrasensory-p2-fold0-seed13-v2_seed13,0.05,0.0500007685331775,3253,0.2009298784787299,0.4639615991272822,0.9134948096885812,42551,grouped_risk_selected,0.4332285510142237
V3-3,P2,0,13,natural_missingness,efb672880ee0ff1680cafed70e33ce265ddcc65e24e6b7c44c7798d6500b08df,grouped_risk_output_compact,0d73ab992cbe5fe6bf4e93419766623e57622e207cab8673bb9ca23ec6927615,extrasensory-p2-fold0-seed13-v2_seed13,0.1,0.1000015370663551,6506,0.2345584352559299,0.5843853330086533,0.8884985997057009,80158,grouped_risk_selected,0.4183511086817946
V3-3,P2,0,13,natural_missingness,efb672880ee0ff1680cafed70e33ce265ddcc65e24e6b7c44c7798d6500b08df,grouped_risk_output_compact,0d73ab992cbe5fe6bf4e93419766623e57622e207cab8673bb9ca23ec6927615,extrasensory-p2-fold0-seed13-v2_seed13,0.15,0.1500023055995327,9759,0.2480057033559793,0.6272658057094567,0.8723365983680277,116422,grouped_risk_selected,0.410978126078793
V3-3,P2,0,13,natural_missingness,efb672880ee0ff1680cafed70e33ce265ddcc65e24e6b7c44c7798d6500b08df,grouped_risk_output_compact,0d73ab992cbe5fe6bf4e93419766623e57622e207cab8673bb9ca23ec6927615,extrasensory-p2-fold0-seed13-v2_seed13,0.2,0.2000030741327103,13012,0.2588360344796796,0.6467390060457249,0.8584596786379892,151968,grouped_risk_selected,0.4056285367521506
V3-3,P2,0,13,natural_missingness,efb672880ee0ff1680cafed70e33ce265ddcc65e24e6b7c44c7798d6500b08df,grouped_risk_output_compact,0d73ab992cbe5fe6bf4e93419766623e57622e207cab8673bb9ca23ec6927615,extrasensory-p2-fold0-seed13-v2_seed13,0.25,0.2500038426658879,16265,0.2711588822555412,0.6564023408918441,0.8455623561468515,186234,grouped_risk_selected,0.4012181851017526
V3-3,P2,0,13,natural_missingness,efb672880ee0ff1680cafed70e33ce265ddcc65e24e6b7c44c7798d6500b08df,grouped_risk_output_compact,0d73ab992cbe5fe6bf4e93419766623e57622e207cab8673bb9ca23ec6927615,extrasensory-p2-fold0-seed13-v2_seed13,0.3,0.3000046111990654,19518,0.2802240695857661,0.6608893683880301,0.835661296694614,219525,grouped_risk_selected,0.3973365194761494
V3-3,P2,0,13,natural_missingness,efb672880ee0ff1680cafed70e33ce265ddcc65e24e6b7c44c7798d6500b08df,grouped_risk_output_compact,0d73ab992cbe5fe6bf4e93419766623e57622e207cab8673bb9ca23ec6927615,extrasensory-p2-fold0-seed13-v2_seed13,0.35,0.350005379732243,22771,0.2900009369033497,0.6625151250023984,0.8272822090093108,252741,grouped_risk_selected,0.3940072385400872
V3-3,P2,0,13,natural_missingness,efb672880ee0ff1680cafed70e33ce265ddcc65e24e6b7c44c7798d6500b08df,grouped_risk_output_compact,0d73ab992cbe5fe6bf4e93419766623e57622e207cab8673bb9ca23ec6927615,extrasensory-p2-fold0-seed13-v2_seed13,0.4,0.4000061482654206,26024,0.2984255642134418,0.6609873187184652,0.8196558147667435,285675,grouped_risk_selected,0.3909321448055332
V3-3,P2,0,13,natural_missingness,efb672880ee0ff1680cafed70e33ce265ddcc65e24e6b7c44c7798d6500b08df,grouped_risk_output_compact,0d73ab992cbe5fe6bf4e93419766623e57622e207cab8673bb9ca23ec6927615,extrasensory-p2-fold0-seed13-v2_seed13,0.45,0.4500069167985982,29277,0.3074579000465451,0.6549735636079509,0.8112825945633593,318320,grouped_risk_selected,0.3878954533011329
V3-3,P2,0,13,natural_missingness,efb672880ee0ff1680cafed70e33ce265ddcc65e24e6b7c44c7798d6500b08df,grouped_risk_output_compact,0d73ab992cbe5fe6bf4e93419766623e57622e207cab8673bb9ca23ec6927615,extrasensory-p2-fold0-seed13-v2_seed13,0.5,0.5000076853317758,32530,0.3175985530322742,0.6495011987594751,0.8035723053590036,350300,grouped_risk_selected,0.3849888129326911
V3-3,P2,0,13,natural_missingness,efb672880ee0ff1680cafed70e33ce265ddcc65e24e6b7c44c7798d6500b08df,grouped_risk_output_compact,0d73ab992cbe5fe6bf4e93419766623e57622e207cab8673bb9ca23ec6927615,extrasensory-p2-fold0-seed13-v2_seed13,0.55,0.5500084538649533,35783,0.3272141155915972,0.6429884865731158,0.7949741064606504,382000,grouped_risk_selected,0.3820742684036486
V3-3,P2,0,13,natural_missingness,efb672880ee0ff1680cafed70e33ce265ddcc65e24e6b7c44c7798d6500b08df,grouped_risk_output_compact,0d73ab992cbe5fe6bf4e93419766623e57622e207cab8673bb9ca23ec6927615,extrasensory-p2-fold0-seed13-v2_seed13,0.6,0.6000092223981309,39036,0.3358800801440055,0.6368577390559739,0.7862747081926802,413982,grouped_risk_selected,0.3792587168863056
V3-3,P2,0,13,natural_missingness,efb672880ee0ff1680cafed70e33ce265ddcc65e24e6b7c44c7798d6500b08df,grouped_risk_output_compact,0d73ab992cbe5fe6bf4e93419766623e57622e207cab8673bb9ca23ec6927615,extrasensory-p2-fold0-seed13-v2_seed13,0.65,0.6500099909313085,42289,0.3453426193544331,0.6304184221575897,0.777274064849604,445689,grouped_risk_selected,0.3762797336404723
V3-3,P2,0,13,natural_missingness,efb672880ee0ff1680cafed70e33ce265ddcc65e24e6b7c44c7798d6500b08df,grouped_risk_output_compact,0d73ab992cbe5fe6bf4e93419766623e57622e207cab8673bb9ca23ec6927615,extrasensory-p2-fold0-seed13-v2_seed13,0.7,0.7000107594644861,45542,0.3535771094565547,0.6236480285066797,0.7679325900753194,477798,grouped_risk_selected,0.3732384117553063
V3-3,P2,0,13,natural_missingness,efb672880ee0ff1680cafed70e33ce265ddcc65e24e6b7c44c7798d6500b08df,grouped_risk_output_compact,0d73ab992cbe5fe6bf4e93419766623e57622e207cab8673bb9ca23ec6927615,extrasensory-p2-fold0-seed13-v2_seed13,0.75,0.7500115279976637,48795,0.3622532951679811,0.6173063387621691,0.7587921741460946,509552,grouped_risk_selected,0.3698342971549143
V3-3,P2,0,13,natural_missingness,efb672880ee0ff1680cafed70e33ce265ddcc65e24e6b7c44c7798d6500b08df,grouped_risk_output_compact,0d73ab992cbe5fe6bf4e93419766623e57622e207cab8673bb9ca23ec6927615,extrasensory-p2-fold0-seed13-v2_seed13,0.8,0.8000122965308413,52048,0.3726092144235103,0.6094842361158228,0.7486003471627998,542090,grouped_risk_selected,0.3661898829591822
V3-3,P2,0,13,natural_missingness,efb672880ee0ff1680cafed70e33ce265ddcc65e24e6b7c44c7798d6500b08df,grouped_risk_output_compact,0d73ab992cbe5fe6bf4e93419766623e57622e207cab8673bb9ca23ec6927615,extrasensory-p2-fold0-seed13-v2_seed13,0.85,0.8500130650640189,55301,0.3820828438077801,0.6037855264601646,0.7396666535324481,574637,grouped_risk_selected,0.36210586662633
V3-3,P2,0,13,natural_missingness,efb672880ee0ff1680cafed70e33ce265ddcc65e24e6b7c44c7798d6500b08df,grouped_risk_output_compact,0d73ab992cbe5fe6bf4e93419766623e57622e207cab8673bb9ca23ec6927615,extrasensory-p2-fold0-seed13-v2_seed13,0.9,0.9000138335971964,58554,0.3916632229622713,0.5990483445457395,0.7318581201068577,608008,grouped_risk_selected,0.3574865188863012
V3-3,P2,0,13,natural_missingness,efb672880ee0ff1680cafed70e33ce265ddcc65e24e6b7c44c7798d6500b08df,grouped_risk_output_compact,0d73ab992cbe5fe6bf4e93419766623e57622e207cab8673bb9ca23ec6927615,extrasensory-p2-fold0-seed13-v2_seed13,0.95,0.950014602130374,61807,0.4019252826863298,0.5927059218958058,0.7237409109028431,641292,grouped_risk_selected,0.3516345938688869
V3-3,P2,0,13,natural_missingness,efb672880ee0ff1680cafed70e33ce265ddcc65e24e6b7c44c7798d6500b08df,grouped_risk_output_compact,0d73ab992cbe5fe6bf4e93419766623e57622e207cab8673bb9ca23ec6927615,extrasensory-p2-fold0-seed13-v2_seed13,1.0,1.0,65059,0.4133124364561621,0.5864481220663477,0.715372390911304,673892,grouped_risk_selected,0.3274601314322239
V3-3,P2,0,29,natural_missingness,efb672880ee0ff1680cafed70e33ce265ddcc65e24e6b7c44c7798d6500b08df,grouped_risk_full_compact,7d8326c7084490bf1a1a9cb0a75ab3e5549a365050be18355173ff12f9c3d0e2,extrasensory-p2-fold0-seed29-v2_multiseed,0.05,0.0500007685331775,3253,0.1755855400469421,0.6272040837794286,0.942396032359039,41463,mean_binary_certainty,0.9433388955812332
V3-3,P2,0,29,natural_missingness,efb672880ee0ff1680cafed70e33ce265ddcc65e24e6b7c44c7798d6500b08df,grouped_risk_full_compact,7d8326c7084490bf1a1a9cb0a75ab3e5549a365050be18355173ff12f9c3d0e2,extrasensory-p2-fold0-seed29-v2_multiseed,0.1,0.1000015370663551,6506,0.1564567060669881,0.4590561518980565,0.947392031320093,84423,mean_binary_certainty,0.9091684047681596
V3-3,P2,0,29,natural_missingness,efb672880ee0ff1680cafed70e33ce265ddcc65e24e6b7c44c7798d6500b08df,grouped_risk_full_compact,7d8326c7084490bf1a1a9cb0a75ab3e5549a365050be18355173ff12f9c3d0e2,extrasensory-p2-fold0-seed29-v2_multiseed,0.15,0.1500023055995327,9759,0.1728394403454851,0.5834485668606363,0.9386254646968588,125202,mean_binary_certainty,0.8412179011626166
V3-3,P2,0,29,natural_missingness,efb672880ee0ff1680cafed70e33ce265ddcc65e24e6b7c44c7798d6500b08df,grouped_risk_full_compact,7d8326c7084490bf1a1a9cb0a75ab3e5549a365050be18355173ff12f9c3d0e2,extrasensory-p2-fold0-seed29-v2_multiseed,0.2,0.2000030741327103,13012,0.2064076896466823,0.5872590896291016,0.9193109119842788,162967,mean_binary_certainty,0.736737223847536
V3-3,P2,0,29,natural_missingness,efb672880ee0ff1680cafed70e33ce265ddcc65e24e6b7c44c7798d6500b08df,grouped_risk_full_compact,7d8326c7084490bf1a1a9cb0a75ab3e5549a365050be18355173ff12f9c3d0e2,extrasensory-p2-fold0-seed29-v2_multiseed,0.25,0.2500038426658879,16265,0.2357904516031318,0.6174237566011297,0.8979628146962014,197796,mean_binary_certainty,0.6649145989013626
V3-3,P2,0,29,natural_missingness,efb672880ee0ff1680cafed70e33ce265ddcc65e24e6b7c44c7798d6500b08df,grouped_risk_full_compact,7d8326c7084490bf1a1a9cb0a75ab3e5549a365050be18355173ff12f9c3d0e2,extrasensory-p2-fold0-seed29-v2_multiseed,0.3,0.3000046111990654,19518,0.2633812996456143,0.6301704354333236,0.8745606090840714,232089,mean_binary_certainty,0.6216583851897933
V3-3,P2,0,29,natural_missingness,efb672880ee0ff1680cafed70e33ce265ddcc65e24e6b7c44c7798d6500b08df,grouped_risk_full_compact,7d8326c7084490bf1a1a9cb0a75ab3e5549a365050be18355173ff12f9c3d0e2,extrasensory-p2-fold0-seed29-v2_multiseed,0.35,0.350005379732243,22771,0.286317798415299,0.6518643755429712,0.854388483335261,264785,mean_binary_certainty,0.5895167979698093
V3-3,P2,0,29,natural_missingness,efb672880ee0ff1680cafed70e33ce265ddcc65e24e6b7c44c7798d6500b08df,grouped_risk_full_compact,7d8326c7084490bf1a1a9cb0a75ab3e5549a365050be18355173ff12f9c3d0e2,extrasensory-p2-fold0-seed29-v2_multiseed,0.4,0.4000061482654206,26024,0.304797566416547,0.6532459535261832,0.8372004704268143,296534,mean_binary_certainty,0.5631150003289906
V3-3,P2,0,29,natural_missingness,efb672880ee0ff1680cafed70e33ce265ddcc65e24e6b7c44c7798d6500b08df,grouped_risk_full_compact,7d8326c7084490bf1a1a9cb0a75ab3e5549a365050be18355173ff12f9c3d0e2,extrasensory-p2-fold0-seed29-v2_multiseed,0.45,0.4500069167985982,29277,0.3209351975697322,0.65058589071518,0.8230118216012896,326884,mean_binary_certainty,0.5393859482157632
V3-3,P2,0,29,natural_missingness,efb672880ee0ff1680cafed70e33ce265ddcc65e24e6b7c44c7798d6500b08df,grouped_risk_full_compact,7d8326c7084490bf1a1a9cb0a75ab3e5549a365050be18355173ff12f9c3d0e2,extrasensory-p2-fold0-seed29-v2_multiseed,0.5,0.5000076853317758,32530,0.3372975321155128,0.6449821756084855,0.8089586267015356,356804,mean_binary_certainty,0.5171224413433528
V3-3,P2,0,29,natural_missingness,efb672880ee0ff1680cafed70e33ce265ddcc65e24e6b7c44c7798d6500b08df,grouped_risk_full_compact,7d8326c7084490bf1a1a9cb0a75ab3e5549a365050be18355173ff12f9c3d0e2,extrasensory-p2-fold0-seed29-v2_multiseed,0.55,0.5500084538649533,35783,0.3506478373293024,0.6393430341433912,0.7971154489895463,387227,mean_binary_certainty,0.4948407957711503
V3-3,P2,0,29,natural_missingness,efb672880ee0ff1680cafed70e33ce265ddcc65e24e6b7c44c7798d6500b08df,grouped_risk_full_compact,7d8326c7084490bf1a1a9cb0a75ab3e5549a365050be18355173ff12f9c3d0e2,extrasensory-p2-fold0-seed29-v2_multiseed,0.6,0.6000092223981309,39036,0.3630001840940353,0.6349833024659512,0.7867290969899665,417237,mean_binary_certainty,0.4720862375232983
V3-3,P2,0,29,natural_missingness,efb672880ee0ff1680cafed70e33ce265ddcc65e24e6b7c44c7798d6500b08df,grouped_risk_full_compact,7d8326c7084490bf1a1a9cb0a75ab3e5549a365050be18355173ff12f9c3d0e2,extrasensory-p2-fold0-seed29-v2_multiseed,0.65,0.6500099909313085,42289,0.3719151590977843,0.6282304848931308,0.7771248889648816,448009,mean_binary_certainty,0.4485045105054165
V3-3,P2,0,29,natural_missingness,efb672880ee0ff1680cafed70e33ce265ddcc65e24e6b7c44c7798d6500b08df,grouped_risk_full_compact,7d8326c7084490bf1a1a9cb0a75ab3e5549a365050be18355173ff12f9c3d0e2,extrasensory-p2-fold0-seed29-v2_multiseed,0.7,0.7000107594644861,45542,0.3811849813832837,0.6211208795270725,0.7674799416911899,479854,mean_binary_certainty,0.4226790765551808
V3-3,P2,0,29,natural_missingness,efb672880ee0ff1680cafed70e33ce265ddcc65e24e6b7c44c7798d6500b08df,grouped_risk_full_compact,7d8326c7084490bf1a1a9cb0a75ab3e5549a365050be18355173ff12f9c3d0e2,extrasensory-p2-fold0-seed29-v2_multiseed,0.75,0.7500115279976637,48795,0.3888012916861594,0.6160397090980237,0.7585956416464891,512372,mean_binary_certainty,0.3947558212971191
V3-3,P2,0,29,natural_missingness,efb672880ee0ff1680cafed70e33ce265ddcc65e24e6b7c44c7798d6500b08df,grouped_risk_full_compact,7d8326c7084490bf1a1a9cb0a75ab3e5549a365050be18355173ff12f9c3d0e2,extrasensory-p2-fold0-seed29-v2_multiseed,0.8,0.8000122965308413,52048,0.3967520747728496,0.6102210185765526,0.7497075337242086,545152,mean_binary_certainty,0.3632095578091298
V3-3,P2,0,29,natural_missingness,efb672880ee0ff1680cafed70e33ce265ddcc65e24e6b7c44c7798d6500b08df,grouped_risk_full_compact,7d8326c7084490bf1a1a9cb0a75ab3e5549a365050be18355173ff12f9c3d0e2,extrasensory-p2-fold0-seed29-v2_multiseed,0.85,0.8500130650640189,55301,0.4049917351339818,0.6033941486193702,0.7413671875,577811,mean_binary_certainty,0.3275035206311466
V3-3,P2,0,29,natural_missingness,efb672880ee0ff1680cafed70e33ce265ddcc65e24e6b7c44c7798d6500b08df,grouped_risk_full_compact,7d8326c7084490bf1a1a9cb0a75ab3e5549a365050be18355173ff12f9c3d0e2,extrasensory-p2-fold0-seed29-v2_multiseed,0.9,0.9000138335971964,58554,0.4135652692529754,0.5952796747505011,0.7330795158195148,610679,mean_binary_certainty,0.2827403860609602
V3-3,P2,0,29,natural_missingness,efb672880ee0ff1680cafed70e33ce265ddcc65e24e6b7c44c7798d6500b08df,grouped_risk_full_compact,7d8326c7084490bf1a1a9cb0a75ab3e5549a365050be18355173ff12f9c3d0e2,extrasensory-p2-fold0-seed29-v2_multiseed,0.95,0.950014602130374,61807,0.4231760839781945,0.5865559747873451,0.7251532632451249,642156,mean_binary_certainty,0.2261735683419758
V3-3,P2,0,29,natural_missingness,efb672880ee0ff1680cafed70e33ce265ddcc65e24e6b7c44c7798d6500b08df,grouped_risk_full_compact,7d8326c7084490bf1a1a9cb0a75ab3e5549a365050be18355173ff12f9c3d0e2,extrasensory-p2-fold0-seed29-v2_multiseed,1.0,1.0,65059,0.4334111127946805,0.5776016285911816,0.7181435090139885,673892,mean_binary_certainty,0.0244148696101834
V3-3,P2,0,29,natural_missingness,efb672880ee0ff1680cafed70e33ce265ddcc65e24e6b7c44c7798d6500b08df,grouped_risk_full_compact,7d8326c7084490bf1a1a9cb0a75ab3e5549a365050be18355173ff12f9c3d0e2,extrasensory-p2-fold0-seed29-v2_multiseed,0.05,0.0500007685331775,3253,0.5353804605626966,0.544853241876487,0.6208301798917156,33969,p2_system_reliability,0.9952460527420044
V3-3,P2,0,29,natural_missingness,efb672880ee0ff1680cafed70e33ce265ddcc65e24e6b7c44c7798d6500b08df,grouped_risk_full_compact,7d8326c7084490bf1a1a9cb0a75ab3e5549a365050be18355173ff12f9c3d0e2,extrasensory-p2-fold0-seed29-v2_multiseed,0.1,0.1000015370663551,6506,0.5023103181477803,0.5688487382799082,0.6567674333903006,68991,p2_system_reliability,0.9941715002059937
V3-3,P2,0,29,natural_missingness,efb672880ee0ff1680cafed70e33ce265ddcc65e24e6b7c44c7798d6500b08df,grouped_risk_full_compact,7d8326c7084490bf1a1a9cb0a75ab3e5549a365050be18355173ff12f9c3d0e2,extrasensory-p2-fold0-seed29-v2_multiseed,0.15,0.1500023055995327,9759,0.4868668892982071,0.5769361751911354,0.670948763777182,103124,p2_system_reliability,0.9931910037994384
V3-3,P2,0,29,natural_missingness,efb672880ee0ff1680cafed70e33ce265ddcc65e24e6b7c44c7798d6500b08df,grouped_risk_full_compact,7d8326c7084490bf1a1a9cb0a75ab3e5549a365050be18355173ff12f9c3d0e2,extrasensory-p2-fold0-seed29-v2_multiseed,0.2,0.2000030741327103,13012,0.4747618875821082,0.5785833362977962,0.6793853855245776,137127,p2_system_reliability,0.9922913312911988
V3-3,P2,0,29,natural_missingness,efb672880ee0ff1680cafed70e33ce265ddcc65e24e6b7c44c7798d6500b08df,grouped_risk_full_compact,7d8326c7084490bf1a1a9cb0a75ab3e5549a365050be18355173ff12f9c3d0e2,extrasensory-p2-fold0-seed29-v2_multiseed,0.25,0.2500038426658879,16265,0.4667968164297957,0.5772775206225652,0.6879342249603865,170922,p2_system_reliability,0.9913910627365112
V3-3,P2,0,29,natural_missingness,efb672880ee0ff1680cafed70e33ce265ddcc65e24e6b7c44c7798d6500b08df,grouped_risk_full_compact,7d8326c7084490bf1a1a9cb0a75ab3e5549a365050be18355173ff12f9c3d0e2,extrasensory-p2-fold0-seed29-v2_multiseed,0.3,0.3000046111990654,19518,0.4622497422613206,0.5754408108479868,0.6915562593796323,204810,p2_system_reliability,0.9905064105987548
V3-3,P2,0,29,natural_missingness,efb672880ee0ff1680cafed70e33ce265ddcc65e24e6b7c44c7798d6500b08df,grouped_risk_full_compact,7d8326c7084490bf1a1a9cb0a75ab3e5549a365050be18355173ff12f9c3d0e2,extrasensory-p2-fold0-seed29-v2_multiseed,0.35,0.350005379732243,22771,0.4575861304796179,0.574999368959,0.6968676745905636,238568,p2_system_reliability,0.9895945191383362
V3-3,P2,0,29,natural_missingness,efb672880ee0ff1680cafed70e33ce265ddcc65e24e6b7c44c7798d6500b08df,grouped_risk_full_compact,7d8326c7084490bf1a1a9cb0a75ab3e5549a365050be18355173ff12f9c3d0e2,extrasensory-p2-fold0-seed29-v2_multiseed,0.4,0.4000061482654206,26024,0.4519210205428027,0.5779175136782562,0.7027393972640312,272536,p2_system_reliability,0.9886724948883056
V3-3,P2,0,29,natural_missingness,efb672880ee0ff1680cafed70e33ce265ddcc65e24e6b7c44c7798d6500b08df,grouped_risk_full_compact,7d8326c7084490bf1a1a9cb0a75ab3e5549a365050be18355173ff12f9c3d0e2,extrasensory-p2-fold0-seed29-v2_multiseed,0.45,0.4500069167985982,29277,0.4478867059679147,0.5795873101855122,0.7076921205338135,306416,p2_system_reliability,0.9876927137374878
V3-3,P2,0,29,natural_missingness,efb672880ee0ff1680cafed70e33ce265ddcc65e24e6b7c44c7798d6500b08df,grouped_risk_full_compact,7d8326c7084490bf1a1a9cb0a75ab3e5549a365050be18355173ff12f9c3d0e2,extrasensory-p2-fold0-seed29-v2_multiseed,0.5,0.5000076853317758,32530,0.4443025809418612,0.5793657568484716,0.7108329689549628,340437,p2_system_reliability,0.986685276031494
V3-3,P2,0,29,natural_missingness,efb672880ee0ff1680cafed70e33ce265ddcc65e24e6b7c44c7798d6500b08df,grouped_risk_full_compact,7d8326c7084490bf1a1a9cb0a75ab3e5549a365050be18355173ff12f9c3d0e2,extrasensory-p2-fold0-seed29-v2_multiseed,0.55,0.5500084538649533,35783,0.442196329219532,0.5792642705710265,0.7126079464476369,374142,p2_system_reliability,0.98558247089386
V3-3,P2,0,29,natural_missingness,efb672880ee0ff1680cafed70e33ce265ddcc65e24e6b7c44c7798d6500b08df,grouped_risk_full_compact,7d8326c7084490bf1a1a9cb0a75ab3e5549a365050be18355173ff12f9c3d0e2,extrasensory-p2-fold0-seed29-v2_multiseed,0.6,0.6000092223981309,39036,0.4413142193914227,0.5796647237156907,0.7141219603169549,407721,p2_system_reliability,0.9843692779541016
V3-3,P2,0,29,natural_missingness,efb672880ee0ff1680cafed70e33ce265ddcc65e24e6b7c44c7798d6500b08df,grouped_risk_full_compact,7d8326c7084490bf1a1a9cb0a75ab3e5549a365050be18355173ff12f9c3d0e2,extrasensory-p2-fold0-seed29-v2_multiseed,0.65,0.6500099909313085,42289,0.4401782405612693,0.5800395466720332,0.7149923448357084,440963,p2_system_reliability,0.9829427003860474
V3-3,P2,0,29,natural_missingness,efb672880ee0ff1680cafed70e33ce265ddcc65e24e6b7c44c7798d6500b08df,grouped_risk_full_compact,7d8326c7084490bf1a1a9cb0a75ab3e5549a365050be18355173ff12f9c3d0e2,extrasensory-p2-fold0-seed29-v2_multiseed,0.7,0.7000107594644861,45542,0.4380977706269044,0.5804074085798968,0.7163447442798673,474557,p2_system_reliability,0.9812993407249452
V3-3,P2,0,29,natural_missingness,efb672880ee0ff1680cafed70e33ce265ddcc65e24e6b7c44c7798d6500b08df,grouped_risk_full_compact,7d8326c7084490bf1a1a9cb0a75ab3e5549a365050be18355173ff12f9c3d0e2,extrasensory-p2-fold0-seed29-v2_multiseed,0.75,0.7500115279976637,48795,0.4367342614131756,0.5807869688392023,0.717427408610589,508112,p2_system_reliability,0.9793846607208252
V3-3,P2,0,29,natural_missingness,efb672880ee0ff1680cafed70e33ce265ddcc65e24e6b7c44c7798d6500b08df,grouped_risk_full_compact,7d8326c7084490bf1a1a9cb0a75ab3e5549a365050be18355173ff12f9c3d0e2,extrasensory-p2-fold0-seed29-v2_multiseed,0.8,0.8000122965308413,52048,0.4355677954757319,0.5819752843115832,0.718659136754215,541926,p2_system_reliability,0.9769119024276732
V3-3,P2,0,29,natural_missingness,efb672880ee0ff1680cafed70e33ce265ddcc65e24e6b7c44c7798d6500b08df,grouped_risk_full_compact,7d8326c7084490bf1a1a9cb0a75ab3e5549a365050be18355173ff12f9c3d0e2,extrasensory-p2-fold0-seed29-v2_multiseed,0.85,0.8500130650640189,55301,0.434588936859035,0.5828684653455837,0.719079435783222,575464,p2_system_reliability,0.9736175537109376
V3-3,P2,0,29,natural_missingness,efb672880ee0ff1680cafed70e33ce265ddcc65e24e6b7c44c7798d6500b08df,grouped_risk_full_compact,7d8326c7084490bf1a1a9cb0a75ab3e5549a365050be18355173ff12f9c3d0e2,extrasensory-p2-fold0-seed29-v2_multiseed,0.9,0.9000138335971964,58554,0.4345794372258859,0.5807993204938053,0.718948857300841,608542,p2_system_reliability,0.9690585136413574
V3-3,P2,0,29,natural_missingness,efb672880ee0ff1680cafed70e33ce265ddcc65e24e6b7c44c7798d6500b08df,grouped_risk_full_compact,7d8326c7084490bf1a1a9cb0a75ab3e5549a365050be18355173ff12f9c3d0e2,extrasensory-p2-fold0-seed29-v2_multiseed,0.95,0.950014602130374,61807,0.4348193717108646,0.5785616015491228,0.7182717225831193,641510,p2_system_reliability,0.9597870111465454
V3-3,P2,0,29,natural_missingness,efb672880ee0ff1680cafed70e33ce265ddcc65e24e6b7c44c7798d6500b08df,grouped_risk_full_compact,7d8326c7084490bf1a1a9cb0a75ab3e5549a365050be18355173ff12f9c3d0e2,extrasensory-p2-fold0-seed29-v2_multiseed,1.0,1.0,65059,0.4334111127946805,0.5776016285911816,0.7181435090139885,673892,p2_system_reliability,0.8518236875534058
V3-3,P2,0,29,natural_missingness,efb672880ee0ff1680cafed70e33ce265ddcc65e24e6b7c44c7798d6500b08df,grouped_risk_full_compact,7d8326c7084490bf1a1a9cb0a75ab3e5549a365050be18355173ff12f9c3d0e2,extrasensory-p2-fold0-seed29-v2_multiseed,0.05,0.0500007685331775,3253,0.2048827502837606,0.5330127428087077,0.9013241005006316,41329,grouped_risk_output_compact,0.4255531850392516
V3-3,P2,0,29,natural_missingness,efb672880ee0ff1680cafed70e33ce265ddcc65e24e6b7c44c7798d6500b08df,grouped_risk_full_compact,7d8326c7084490bf1a1a9cb0a75ab3e5549a365050be18355173ff12f9c3d0e2,extrasensory-p2-fold0-seed29-v2_multiseed,0.1,0.1000015370663551,6506,0.2475002597843286,0.5856378538797992,0.878699600969424,77748,grouped_risk_output_compact,0.4141569628582997
V3-3,P2,0,29,natural_missingness,efb672880ee0ff1680cafed70e33ce265ddcc65e24e6b7c44c7798d6500b08df,grouped_risk_full_compact,7d8326c7084490bf1a1a9cb0a75ab3e5549a365050be18355173ff12f9c3d0e2,extrasensory-p2-fold0-seed29-v2_multiseed,0.15,0.1500023055995327,9759,0.2695508338717433,0.597555580908476,0.8593177617207192,113620,grouped_risk_output_compact,0.4078318756160404
V3-3,P2,0,29,natural_missingness,efb672880ee0ff1680cafed70e33ce265ddcc65e24e6b7c44c7798d6500b08df,grouped_risk_full_compact,7d8326c7084490bf1a1a9cb0a75ab3e5549a365050be18355173ff12f9c3d0e2,extrasensory-p2-fold0-seed29-v2_multiseed,0.2,0.2000030741327103,13012,0.2847344064610287,0.6160509714737806,0.8439281129653402,149186,grouped_risk_output_compact,0.4032358241164828
V3-3,P2,0,29,natural_missingness,efb672880ee0ff1680cafed70e33ce265ddcc65e24e6b7c44c7798d6500b08df,grouped_risk_full_compact,7d8326c7084490bf1a1a9cb0a75ab3e5549a365050be18355173ff12f9c3d0e2,extrasensory-p2-fold0-seed29-v2_multiseed,0.25,0.2500038426658879,16265,0.3021114777213398,0.618302789606561,0.8302998641730227,184037,grouped_risk_output_compact,0.3995520135136838
V3-3,P2,0,29,natural_missingness,efb672880ee0ff1680cafed70e33ce265ddcc65e24e6b7c44c7798d6500b08df,grouped_risk_full_compact,7d8326c7084490bf1a1a9cb0a75ab3e5549a365050be18355173ff12f9c3d0e2,extrasensory-p2-fold0-seed29-v2_multiseed,0.3,0.3000046111990654,19518,0.3126396904469099,0.6276034556477723,0.8208458120201779,217856,grouped_risk_output_compact,0.3964993497262764
V3-3,P2,0,29,natural_missingness,efb672880ee0ff1680cafed70e33ce265ddcc65e24e6b7c44c7798d6500b08df,grouped_risk_full_compact,7d8326c7084490bf1a1a9cb0a75ab3e5549a365050be18355173ff12f9c3d0e2,extrasensory-p2-fold0-seed29-v2_multiseed,0.35,0.350005379732243,22771,0.323949759389421,0.6317403493347562,0.8126474101755138,250943,grouped_risk_output_compact,0.3937033953372055
V3-3,P2,0,29,natural_missingness,efb672880ee0ff1680cafed70e33ce265ddcc65e24e6b7c44c7798d6500b08df,grouped_risk_full_compact,7d8326c7084490bf1a1a9cb0a75ab3e5549a365050be18355173ff12f9c3d0e2,extrasensory-p2-fold0-seed29-v2_multiseed,0.4,0.4000061482654206,26024,0.3331207491889984,0.6352791871321306,0.8064280694166621,283825,grouped_risk_output_compact,0.3912607829775154
V3-3,P2,0,29,natural_missingness,efb672880ee0ff1680cafed70e33ce265ddcc65e24e6b7c44c7798d6500b08df,grouped_risk_full_compact,7d8326c7084490bf1a1a9cb0a75ab3e5549a365050be18355173ff12f9c3d0e2,extrasensory-p2-fold0-seed29-v2_multiseed,0.45,0.4500069167985982,29277,0.3427022657340094,0.6367658325843139,0.8000314140553734,316578,grouped_risk_output_compact,0.3887867507215545
V3-3,P2,0,29,natural_missingness,efb672880ee0ff1680cafed70e33ce265ddcc65e24e6b7c44c7798d6500b08df,grouped_risk_full_compact,7d8326c7084490bf1a1a9cb0a75ab3e5549a365050be18355173ff12f9c3d0e2,extrasensory-p2-fold0-seed29-v2_multiseed,0.5,0.5000076853317758,32530,0.3515921000301454,0.6367670990411562,0.7940552713279986,349124,grouped_risk_output_compact,0.3864402993120991
V3-3,P2,0,29,natural_missingness,efb672880ee0ff1680cafed70e33ce265ddcc65e24e6b7c44c7798d6500b08df,grouped_risk_full_compact,7d8326c7084490bf1a1a9cb0a75ab3e5549a365050be18355173ff12f9c3d0e2,extrasensory-p2-fold0-seed29-v2_multiseed,0.55,0.5500084538649533,35783,0.3597432291751778,0.6358312849248057,0.7885198638932331,381026,grouped_risk_output_compact,0.3838335511346805
V3-3,P2,0,29,natural_missingness,efb672880ee0ff1680cafed70e33ce265ddcc65e24e6b7c44c7798d6500b08df,grouped_risk_full_compact,7d8326c7084490bf1a1a9cb0a75ab3e5549a365050be18355173ff12f9c3d0e2,extrasensory-p2-fold0-seed29-v2_multiseed,0.6,0.6000092223981309,39036,0.366289781898298,0.63165949375333,0.7824549154348605,413702,grouped_risk_output_compact,0.3811110978720556
V3-3,P2,0,29,natural_missingness,efb672880ee0ff1680cafed70e33ce265ddcc65e24e6b7c44c7798d6500b08df,grouped_risk_full_compact,7d8326c7084490bf1a1a9cb0a75ab3e5549a365050be18355173ff12f9c3d0e2,extrasensory-p2-fold0-seed29-v2_multiseed,0.65,0.6500099909313085,42289,0.3719740286990957,0.6260722999656058,0.776785638428927,446555,grouped_risk_output_compact,0.3780899942391681
V3-3,P2,0,29,natural_missingness,efb672880ee0ff1680cafed70e33ce265ddcc65e24e6b7c44c7798d6500b08df,grouped_risk_full_compact,7d8326c7084490bf1a1a9cb0a75ab3e5549a365050be18355173ff12f9c3d0e2,extrasensory-p2-fold0-seed29-v2_multiseed,0.7,0.7000107594644861,45542,0.3790250092391398,0.6210422690904289,0.7700021352482028,479076,grouped_risk_output_compact,0.3747760694043875
V3-3,P2,0,29,natural_missingness,efb672880ee0ff1680cafed70e33ce265ddcc65e24e6b7c44c7798d6500b08df,grouped_risk_full_compact,7d8326c7084490bf1a1a9cb0a75ab3e5549a365050be18355173ff12f9c3d0e2,extrasensory-p2-fold0-seed29-v2_multiseed,0.75,0.7500115279976637,48795,0.3864455448953575,0.6160674477872813,0.7619520436290347,511110,grouped_risk_output_compact,0.3707837468962708
V3-3,P2,0,29,natural_missingness,efb672880ee0ff1680cafed70e33ce265ddcc65e24e6b7c44c7798d6500b08df,grouped_risk_full_compact,7d8326c7084490bf1a1a9cb0a75ab3e5549a365050be18355173ff12f9c3d0e2,extrasensory-p2-fold0-seed29-v2_multiseed,0.8,0.8000122965308413,52048,0.3948413543328847,0.6086635260426834,0.7535564635312527,543693,grouped_risk_output_compact,0.3663128901470506
V3-3,P2,0,29,natural_missingness,efb672880ee0ff1680cafed70e33ce265ddcc65e24e6b7c44c7798d6500b08df,grouped_risk_full_compact,7d8326c7084490bf1a1a9cb0a75ab3e5549a365050be18355173ff12f9c3d0e2,extrasensory-p2-fold0-seed29-v2_multiseed,0.85,0.8500130650640189,55301,0.4032899270902275,0.6025418394171741,0.7457701503291521,576083,grouped_risk_output_compact,0.3614133488819654
V3-3,P2,0,29,natural_missingness,efb672880ee0ff1680cafed70e33ce265ddcc65e24e6b7c44c7798d6500b08df,grouped_risk_full_compact,7d8326c7084490bf1a1a9cb0a75ab3e5549a365050be18355173ff12f9c3d0e2,extrasensory-p2-fold0-seed29-v2_multiseed,0.9,0.9000138335971964,58554,0.4116366662753513,0.5966378408430001,0.7375558056417804,608923,grouped_risk_output_compact,0.3558775982977201
V3-3,P2,0,29,natural_missingness,efb672880ee0ff1680cafed70e33ce265ddcc65e24e6b7c44c7798d6500b08df,grouped_risk_full_compact,7d8326c7084490bf1a1a9cb0a75ab3e5549a365050be18355173ff12f9c3d0e2,extrasensory-p2-fold0-seed29-v2_multiseed,0.95,0.950014602130374,61807,0.4210984214102706,0.5890913820850976,0.7285426515689731,641873,grouped_risk_output_compact,0.3488230419098925
V3-3,P2,0,29,natural_missingness,efb672880ee0ff1680cafed70e33ce265ddcc65e24e6b7c44c7798d6500b08df,grouped_risk_full_compact,7d8326c7084490bf1a1a9cb0a75ab3e5549a365050be18355173ff12f9c3d0e2,extrasensory-p2-fold0-seed29-v2_multiseed,1.0,1.0,65059,0.4334111127946805,0.5776016285911816,0.7181435090139885,673892,grouped_risk_output_compact,0.3181354954038213
V3-3,P2,0,29,natural_missingness,efb672880ee0ff1680cafed70e33ce265ddcc65e24e6b7c44c7798d6500b08df,grouped_risk_full_compact,7d8326c7084490bf1a1a9cb0a75ab3e5549a365050be18355173ff12f9c3d0e2,extrasensory-p2-fold0-seed29-v2_multiseed,0.05,0.0500007685331775,3253,0.1629044169606601,0.5262113924370797,0.9293711126468556,41620,grouped_risk_full_compact,0.422547431023362
V3-3,P2,0,29,natural_missingness,efb672880ee0ff1680cafed70e33ce265ddcc65e24e6b7c44c7798d6500b08df,grouped_risk_full_compact,7d8326c7084490bf1a1a9cb0a75ab3e5549a365050be18355173ff12f9c3d0e2,extrasensory-p2-fold0-seed29-v2_multiseed,0.1,0.1000015370663551,6506,0.1900366668309877,0.6282274175165539,0.9089186365734556,78466,grouped_risk_full_compact,0.4116917074471543
V3-3,P2,0,29,natural_missingness,efb672880ee0ff1680cafed70e33ce265ddcc65e24e6b7c44c7798d6500b08df,grouped_risk_full_compact,7d8326c7084490bf1a1a9cb0a75ab3e5549a365050be18355173ff12f9c3d0e2,extrasensory-p2-fold0-seed29-v2_multiseed,0.15,0.1500023055995327,9759,0.2121642221410532,0.653395153868022,0.8932185724372121,114086,grouped_risk_full_compact,0.4052182204100804
V3-3,P2,0,29,natural_missingness,efb672880ee0ff1680cafed70e33ce265ddcc65e24e6b7c44c7798d6500b08df,grouped_risk_full_compact,7d8326c7084490bf1a1a9cb0a75ab3e5549a365050be18355173ff12f9c3d0e2,extrasensory-p2-fold0-seed29-v2_multiseed,0.2,0.2000030741327103,13012,0.2324324725240294,0.6571530641754365,0.876155840136186,149224,grouped_risk_full_compact,0.4006319809922669
V3-3,P2,0,29,natural_missingness,efb672880ee0ff1680cafed70e33ce265ddcc65e24e6b7c44c7798d6500b08df,grouped_risk_full_compact,7d8326c7084490bf1a1a9cb0a75ab3e5549a365050be18355173ff12f9c3d0e2,extrasensory-p2-fold0-seed29-v2_multiseed,0.25,0.2500038426658879,16265,0.2497774448591241,0.66049781182759,0.8638004525601221,183496,grouped_risk_full_compact,0.396843040315666
V3-3,P2,0,29,natural_missingness,efb672880ee0ff1680cafed70e33ce265ddcc65e24e6b7c44c7798d6500b08df,grouped_risk_full_compact,7d8326c7084490bf1a1a9cb0a75ab3e5549a365050be18355173ff12f9c3d0e2,extrasensory-p2-fold0-seed29-v2_multiseed,0.3,0.3000046111990654,19518,0.2628188289526975,0.6601323144220356,0.8540191549697694,216774,grouped_risk_full_compact,0.3937003473673939
V3-3,P2,0,29,natural_missingness,efb672880ee0ff1680cafed70e33ce265ddcc65e24e6b7c44c7798d6500b08df,grouped_risk_full_compact,7d8326c7084490bf1a1a9cb0a75ab3e5549a365050be18355173ff12f9c3d0e2,extrasensory-p2-fold0-seed29-v2_multiseed,0.35,0.350005379732243,22771,0.2767699979307033,0.6634866523772796,0.8433252963476939,249641,grouped_risk_full_compact,0.3907942110713517
V3-3,P2,0,29,natural_missingness,efb672880ee0ff1680cafed70e33ce265ddcc65e24e6b7c44c7798d6500b08df,grouped_risk_full_compact,7d8326c7084490bf1a1a9cb0a75ab3e5549a365050be18355173ff12f9c3d0e2,extrasensory-p2-fold0-seed29-v2_multiseed,0.4,0.4000061482654206,26024,0.2905638180234482,0.6559808280543787,0.8331677639917512,282451,grouped_risk_full_compact,0.3880817149495436
V3-3,P2,0,29,natural_missingness,efb672880ee0ff1680cafed70e33ce265ddcc65e24e6b7c44c7798d6500b08df,grouped_risk_full_compact,7d8326c7084490bf1a1a9cb0a75ab3e5549a365050be18355173ff12f9c3d0e2,extrasensory-p2-fold0-seed29-v2_multiseed,0.45,0.4500069167985982,29277,0.3043000063504014,0.6548672891889461,0.8241228850744712,314671,grouped_risk_full_compact,0.3853820366546728
V3-3,P2,0,29,natural_missingness,efb672880ee0ff1680cafed70e33ce265ddcc65e24e6b7c44c7798d6500b08df,grouped_risk_full_compact,7d8326c7084490bf1a1a9cb0a75ab3e5549a365050be18355173ff12f9c3d0e2,extrasensory-p2-fold0-seed29-v2_multiseed,0.5,0.5000076853317758,32530,0.3157330251792922,0.6508463769820582,0.8155765040686558,346752,grouped_risk_full_compact,0.3825773036619538
V3-3,P2,0,29,natural_missingness,efb672880ee0ff1680cafed70e33ce265ddcc65e24e6b7c44c7798d6500b08df,grouped_risk_full_compact,7d8326c7084490bf1a1a9cb0a75ab3e5549a365050be18355173ff12f9c3d0e2,extrasensory-p2-fold0-seed29-v2_multiseed,0.55,0.5500084538649533,35783,0.329264755286221,0.6434971582191857,0.8047418458239541,378427,grouped_risk_full_compact,0.3796457874505236
V3-3,P2,0,29,natural_missingness,efb672880ee0ff1680cafed70e33ce265ddcc65e24e6b7c44c7798d6500b08df,grouped_risk_full_compact,7d8326c7084490bf1a1a9cb0a75ab3e5549a365050be18355173ff12f9c3d0e2,extrasensory-p2-fold0-seed29-v2_multiseed,0.6,0.6000092223981309,39036,0.3434461431576922,0.6378479748394486,0.7938131785847997,410267,grouped_risk_full_compact,0.376385622116733
V3-3,P2,0,29,natural_missingness,efb672880ee0ff1680cafed70e33ce265ddcc65e24e6b7c44c7798d6500b08df,grouped_risk_full_compact,7d8326c7084490bf1a1a9cb0a75ab3e5549a365050be18355173ff12f9c3d0e2,extrasensory-p2-fold0-seed29-v2_multiseed,0.65,0.6500099909313085,42289,0.3564229021220089,0.6303823488536897,0.7832467453619782,441866,grouped_risk_full_compact,0.3729851565546304
V3-3,P2,0,29,natural_missingness,efb672880ee0ff1680cafed70e33ce265ddcc65e24e6b7c44c7798d6500b08df,grouped_risk_full_compact,7d8326c7084490bf1a1a9cb0a75ab3e5549a365050be18355173ff12f9c3d0e2,extrasensory-p2-fold0-seed29-v2_multiseed,0.7,0.7000107594644861,45542,0.3691321045745317,0.6216958849232661,0.7722353757355996,473969,grouped_risk_full_compact,0.3694113916036885
V3-3,P2,0,29,natural_missingness,efb672880ee0ff1680cafed70e33ce265ddcc65e24e6b7c44c7798d6500b08df,grouped_risk_full_compact,7d8326c7084490bf1a1a9cb0a75ab3e5549a365050be18355173ff12f9c3d0e2,extrasensory-p2-fold0-seed29-v2_multiseed,0.75,0.7500115279976637,48795,0.3804014873648087,0.6139658989268703,0.7621999616312006,506848,grouped_risk_full_compact,0.3655491752182173
V3-3,P2,0,29,natural_missingness,efb672880ee0ff1680cafed70e33ce265ddcc65e24e6b7c44c7798d6500b08df,grouped_risk_full_compact,7d8326c7084490bf1a1a9cb0a75ab3e5549a365050be18355173ff12f9c3d0e2,extrasensory-p2-fold0-seed29-v2_multiseed,0.8,0.8000122965308413,52048,0.3903722442714832,0.6070873862231021,0.753323226176364,540225,grouped_risk_full_compact,0.3615294790711871
V3-3,P2,0,29,natural_missingness,efb672880ee0ff1680cafed70e33ce265ddcc65e24e6b7c44c7798d6500b08df,grouped_risk_full_compact,7d8326c7084490bf1a1a9cb0a75ab3e5549a365050be18355173ff12f9c3d0e2,extrasensory-p2-fold0-seed29-v2_multiseed,0.85,0.8500130650640189,55301,0.3990875109399992,0.601567002372855,0.7454587474000463,573607,grouped_risk_full_compact,0.3571463552702638
V3-3,P2,0,29,natural_missingness,efb672880ee0ff1680cafed70e33ce265ddcc65e24e6b7c44c7798d6500b08df,grouped_risk_full_compact,7d8326c7084490bf1a1a9cb0a75ab3e5549a365050be18355173ff12f9c3d0e2,extrasensory-p2-fold0-seed29-v2_multiseed,0.9,0.9000138335971964,58554,0.4097862788013784,0.5954736708710129,0.7366526694661067,606853,grouped_risk_full_compact,0.3518245147536077
V3-3,P2,0,29,natural_missingness,efb672880ee0ff1680cafed70e33ce265ddcc65e24e6b7c44c7798d6500b08df,grouped_risk_full_compact,7d8326c7084490bf1a1a9cb0a75ab3e5549a365050be18355173ff12f9c3d0e2,extrasensory-p2-fold0-seed29-v2_multiseed,0.95,0.950014602130374,61807,0.420738318443581,0.5887991186565491,0.7276801668531657,640805,grouped_risk_full_compact,0.344862793725516
V3-3,P2,0,29,natural_missingness,efb672880ee0ff1680cafed70e33ce265ddcc65e24e6b7c44c7798d6500b08df,grouped_risk_full_compact,7d8326c7084490bf1a1a9cb0a75ab3e5549a365050be18355173ff12f9c3d0e2,extrasensory-p2-fold0-seed29-v2_multiseed,1.0,1.0,65059,0.4334111127946805,0.5776016285911816,0.7181435090139885,673892,grouped_risk_full_compact,0.2883685470152713
V3-3,P2,0,29,natural_missingness,efb672880ee0ff1680cafed70e33ce265ddcc65e24e6b7c44c7798d6500b08df,grouped_risk_full_compact,7d8326c7084490bf1a1a9cb0a75ab3e5549a365050be18355173ff12f9c3d0e2,extrasensory-p2-fold0-seed29-v2_multiseed,0.05,0.0500007685331775,3253,0.1629044169606601,0.5262113924370797,0.9293711126468556,41620,grouped_risk_selected,0.422547431023362
V3-3,P2,0,29,natural_missingness,efb672880ee0ff1680cafed70e33ce265ddcc65e24e6b7c44c7798d6500b08df,grouped_risk_full_compact,7d8326c7084490bf1a1a9cb0a75ab3e5549a365050be18355173ff12f9c3d0e2,extrasensory-p2-fold0-seed29-v2_multiseed,0.1,0.1000015370663551,6506,0.1900366668309877,0.6282274175165539,0.9089186365734556,78466,grouped_risk_selected,0.4116917074471543
V3-3,P2,0,29,natural_missingness,efb672880ee0ff1680cafed70e33ce265ddcc65e24e6b7c44c7798d6500b08df,grouped_risk_full_compact,7d8326c7084490bf1a1a9cb0a75ab3e5549a365050be18355173ff12f9c3d0e2,extrasensory-p2-fold0-seed29-v2_multiseed,0.15,0.1500023055995327,9759,0.2121642221410532,0.653395153868022,0.8932185724372121,114086,grouped_risk_selected,0.4052182204100804
V3-3,P2,0,29,natural_missingness,efb672880ee0ff1680cafed70e33ce265ddcc65e24e6b7c44c7798d6500b08df,grouped_risk_full_compact,7d8326c7084490bf1a1a9cb0a75ab3e5549a365050be18355173ff12f9c3d0e2,extrasensory-p2-fold0-seed29-v2_multiseed,0.2,0.2000030741327103,13012,0.2324324725240294,0.6571530641754365,0.876155840136186,149224,grouped_risk_selected,0.4006319809922669
V3-3,P2,0,29,natural_missingness,efb672880ee0ff1680cafed70e33ce265ddcc65e24e6b7c44c7798d6500b08df,grouped_risk_full_compact,7d8326c7084490bf1a1a9cb0a75ab3e5549a365050be18355173ff12f9c3d0e2,extrasensory-p2-fold0-seed29-v2_multiseed,0.25,0.2500038426658879,16265,0.2497774448591241,0.66049781182759,0.8638004525601221,183496,grouped_risk_selected,0.396843040315666
V3-3,P2,0,29,natural_missingness,efb672880ee0ff1680cafed70e33ce265ddcc65e24e6b7c44c7798d6500b08df,grouped_risk_full_compact,7d8326c7084490bf1a1a9cb0a75ab3e5549a365050be18355173ff12f9c3d0e2,extrasensory-p2-fold0-seed29-v2_multiseed,0.3,0.3000046111990654,19518,0.2628188289526975,0.6601323144220356,0.8540191549697694,216774,grouped_risk_selected,0.3937003473673939
V3-3,P2,0,29,natural_missingness,efb672880ee0ff1680cafed70e33ce265ddcc65e24e6b7c44c7798d6500b08df,grouped_risk_full_compact,7d8326c7084490bf1a1a9cb0a75ab3e5549a365050be18355173ff12f9c3d0e2,extrasensory-p2-fold0-seed29-v2_multiseed,0.35,0.350005379732243,22771,0.2767699979307033,0.6634866523772796,0.8433252963476939,249641,grouped_risk_selected,0.3907942110713517
V3-3,P2,0,29,natural_missingness,efb672880ee0ff1680cafed70e33ce265ddcc65e24e6b7c44c7798d6500b08df,grouped_risk_full_compact,7d8326c7084490bf1a1a9cb0a75ab3e5549a365050be18355173ff12f9c3d0e2,extrasensory-p2-fold0-seed29-v2_multiseed,0.4,0.4000061482654206,26024,0.2905638180234482,0.6559808280543787,0.8331677639917512,282451,grouped_risk_selected,0.3880817149495436
V3-3,P2,0,29,natural_missingness,efb672880ee0ff1680cafed70e33ce265ddcc65e24e6b7c44c7798d6500b08df,grouped_risk_full_compact,7d8326c7084490bf1a1a9cb0a75ab3e5549a365050be18355173ff12f9c3d0e2,extrasensory-p2-fold0-seed29-v2_multiseed,0.45,0.4500069167985982,29277,0.3043000063504014,0.6548672891889461,0.8241228850744712,314671,grouped_risk_selected,0.3853820366546728
V3-3,P2,0,29,natural_missingness,efb672880ee0ff1680cafed70e33ce265ddcc65e24e6b7c44c7798d6500b08df,grouped_risk_full_compact,7d8326c7084490bf1a1a9cb0a75ab3e5549a365050be18355173ff12f9c3d0e2,extrasensory-p2-fold0-seed29-v2_multiseed,0.5,0.5000076853317758,32530,0.3157330251792922,0.6508463769820582,0.8155765040686558,346752,grouped_risk_selected,0.3825773036619538
V3-3,P2,0,29,natural_missingness,efb672880ee0ff1680cafed70e33ce265ddcc65e24e6b7c44c7798d6500b08df,grouped_risk_full_compact,7d8326c7084490bf1a1a9cb0a75ab3e5549a365050be18355173ff12f9c3d0e2,extrasensory-p2-fold0-seed29-v2_multiseed,0.55,0.5500084538649533,35783,0.329264755286221,0.6434971582191857,0.8047418458239541,378427,grouped_risk_selected,0.3796457874505236
V3-3,P2,0,29,natural_missingness,efb672880ee0ff1680cafed70e33ce265ddcc65e24e6b7c44c7798d6500b08df,grouped_risk_full_compact,7d8326c7084490bf1a1a9cb0a75ab3e5549a365050be18355173ff12f9c3d0e2,extrasensory-p2-fold0-seed29-v2_multiseed,0.6,0.6000092223981309,39036,0.3434461431576922,0.6378479748394486,0.7938131785847997,410267,grouped_risk_selected,0.376385622116733
V3-3,P2,0,29,natural_missingness,efb672880ee0ff1680cafed70e33ce265ddcc65e24e6b7c44c7798d6500b08df,grouped_risk_full_compact,7d8326c7084490bf1a1a9cb0a75ab3e5549a365050be18355173ff12f9c3d0e2,extrasensory-p2-fold0-seed29-v2_multiseed,0.65,0.6500099909313085,42289,0.3564229021220089,0.6303823488536897,0.7832467453619782,441866,grouped_risk_selected,0.3729851565546304
V3-3,P2,0,29,natural_missingness,efb672880ee0ff1680cafed70e33ce265ddcc65e24e6b7c44c7798d6500b08df,grouped_risk_full_compact,7d8326c7084490bf1a1a9cb0a75ab3e5549a365050be18355173ff12f9c3d0e2,extrasensory-p2-fold0-seed29-v2_multiseed,0.7,0.7000107594644861,45542,0.3691321045745317,0.6216958849232661,0.7722353757355996,473969,grouped_risk_selected,0.3694113916036885
V3-3,P2,0,29,natural_missingness,efb672880ee0ff1680cafed70e33ce265ddcc65e24e6b7c44c7798d6500b08df,grouped_risk_full_compact,7d8326c7084490bf1a1a9cb0a75ab3e5549a365050be18355173ff12f9c3d0e2,extrasensory-p2-fold0-seed29-v2_multiseed,0.75,0.7500115279976637,48795,0.3804014873648087,0.6139658989268703,0.7621999616312006,506848,grouped_risk_selected,0.3655491752182173
V3-3,P2,0,29,natural_missingness,efb672880ee0ff1680cafed70e33ce265ddcc65e24e6b7c44c7798d6500b08df,grouped_risk_full_compact,7d8326c7084490bf1a1a9cb0a75ab3e5549a365050be18355173ff12f9c3d0e2,extrasensory-p2-fold0-seed29-v2_multiseed,0.8,0.8000122965308413,52048,0.3903722442714832,0.6070873862231021,0.753323226176364,540225,grouped_risk_selected,0.3615294790711871
V3-3,P2,0,29,natural_missingness,efb672880ee0ff1680cafed70e33ce265ddcc65e24e6b7c44c7798d6500b08df,grouped_risk_full_compact,7d8326c7084490bf1a1a9cb0a75ab3e5549a365050be18355173ff12f9c3d0e2,extrasensory-p2-fold0-seed29-v2_multiseed,0.85,0.8500130650640189,55301,0.3990875109399992,0.601567002372855,0.7454587474000463,573607,grouped_risk_selected,0.3571463552702638
V3-3,P2,0,29,natural_missingness,efb672880ee0ff1680cafed70e33ce265ddcc65e24e6b7c44c7798d6500b08df,grouped_risk_full_compact,7d8326c7084490bf1a1a9cb0a75ab3e5549a365050be18355173ff12f9c3d0e2,extrasensory-p2-fold0-seed29-v2_multiseed,0.9,0.9000138335971964,58554,0.4097862788013784,0.5954736708710129,0.7366526694661067,606853,grouped_risk_selected,0.3518245147536077
V3-3,P2,0,29,natural_missingness,efb672880ee0ff1680cafed70e33ce265ddcc65e24e6b7c44c7798d6500b08df,grouped_risk_full_compact,7d8326c7084490bf1a1a9cb0a75ab3e5549a365050be18355173ff12f9c3d0e2,extrasensory-p2-fold0-seed29-v2_multiseed,0.95,0.950014602130374,61807,0.420738318443581,0.5887991186565491,0.7276801668531657,640805,grouped_risk_selected,0.344862793725516
V3-3,P2,0,29,natural_missingness,efb672880ee0ff1680cafed70e33ce265ddcc65e24e6b7c44c7798d6500b08df,grouped_risk_full_compact,7d8326c7084490bf1a1a9cb0a75ab3e5549a365050be18355173ff12f9c3d0e2,extrasensory-p2-fold0-seed29-v2_multiseed,1.0,1.0,65059,0.4334111127946805,0.5776016285911816,0.7181435090139885,673892,grouped_risk_selected,0.2883685470152713
V3-3,P2,0,47,natural_missingness,efb672880ee0ff1680cafed70e33ce265ddcc65e24e6b7c44c7798d6500b08df,grouped_risk_full_compact,4713ca0d554d4ba66875cada7f2b9ad8e1a37c83062a6da42fc3f5f33ec0cd2f,extrasensory-p2-fold0-seed47-v2_multiseed,0.05,0.0500007685331775,3253,0.1283918734192015,0.4669467027436116,0.9383417768441864,41069,mean_binary_certainty,0.9396212001801604
V3-3,P2,0,47,natural_missingness,efb672880ee0ff1680cafed70e33ce265ddcc65e24e6b7c44c7798d6500b08df,grouped_risk_full_compact,4713ca0d554d4ba66875cada7f2b9ad8e1a37c83062a6da42fc3f5f33ec0cd2f,extrasensory-p2-fold0-seed47-v2_multiseed,0.1,0.1000015370663551,6506,0.15564231107868,0.4159587708796797,0.9362255428052506,83718,mean_binary_certainty,0.908600545950944
V3-3,P2,0,47,natural_missingness,efb672880ee0ff1680cafed70e33ce265ddcc65e24e6b7c44c7798d6500b08df,grouped_risk_full_compact,4713ca0d554d4ba66875cada7f2b9ad8e1a37c83062a6da42fc3f5f33ec0cd2f,extrasensory-p2-fold0-seed47-v2_multiseed,0.15,0.1500023055995327,9759,0.1694730506396526,0.508142137645459,0.930203572912339,125134,mean_binary_certainty,0.8314947200436541
V3-3,P2,0,47,natural_missingness,efb672880ee0ff1680cafed70e33ce265ddcc65e24e6b7c44c7798d6500b08df,grouped_risk_full_compact,4713ca0d554d4ba66875cada7f2b9ad8e1a37c83062a6da42fc3f5f33ec0cd2f,extrasensory-p2-fold0-seed47-v2_multiseed,0.2,0.2000030741327103,13012,0.184748965506648,0.5764495276606137,0.9221146431325508,162624,mean_binary_certainty,0.7210056529260597
V3-3,P2,0,47,natural_missingness,efb672880ee0ff1680cafed70e33ce265ddcc65e24e6b7c44c7798d6500b08df,grouped_risk_full_compact,4713ca0d554d4ba66875cada7f2b9ad8e1a37c83062a6da42fc3f5f33ec0cd2f,extrasensory-p2-fold0-seed47-v2_multiseed,0.25,0.2500038426658879,16265,0.2018250756380301,0.6402716473082435,0.9083903648219,197175,mean_binary_certainty,0.6481237864985328
V3-3,P2,0,47,natural_missingness,efb672880ee0ff1680cafed70e33ce265ddcc65e24e6b7c44c7798d6500b08df,grouped_risk_full_compact,4713ca0d554d4ba66875cada7f2b9ad8e1a37c83062a6da42fc3f5f33ec0cd2f,extrasensory-p2-fold0-seed47-v2_multiseed,0.3,0.3000046111990654,19518,0.2219271260783533,0.6685649194056397,0.8901026975642444,230433,mean_binary_certainty,0.6028354217315954
V3-3,P2,0,47,natural_missingness,efb672880ee0ff1680cafed70e33ce265ddcc65e24e6b7c44c7798d6500b08df,grouped_risk_full_compact,4713ca0d554d4ba66875cada7f2b9ad8e1a37c83062a6da42fc3f5f33ec0cd2f,extrasensory-p2-fold0-seed47-v2_multiseed,0.35,0.350005379732243,22771,0.2418955538190431,0.6588835213469306,0.8727878553257383,262220,mean_binary_certainty,0.5682146325590403
V3-3,P2,0,47,natural_missingness,efb672880ee0ff1680cafed70e33ce265ddcc65e24e6b7c44c7798d6500b08df,grouped_risk_full_compact,4713ca0d554d4ba66875cada7f2b9ad8e1a37c83062a6da42fc3f5f33ec0cd2f,extrasensory-p2-fold0-seed47-v2_multiseed,0.4,0.4000061482654206,26024,0.2616028196875394,0.6571673422404546,0.8543800338072984,293920,mean_binary_certainty,0.5411690550017887
V3-3,P2,0,47,natural_missingness,efb672880ee0ff1680cafed70e33ce265ddcc65e24e6b7c44c7798d6500b08df,grouped_risk_full_compact,4713ca0d554d4ba66875cada7f2b9ad8e1a37c83062a6da42fc3f5f33ec0cd2f,extrasensory-p2-fold0-seed47-v2_multiseed,0.45,0.4500069167985982,29277,0.2819426366378839,0.6472890448204819,0.8366694625167185,324499,mean_binary_certainty,0.5168883862784375
V3-3,P2,0,47,natural_missingness,efb672880ee0ff1680cafed70e33ce265ddcc65e24e6b7c44c7798d6500b08df,grouped_risk_full_compact,4713ca0d554d4ba66875cada7f2b9ad8e1a37c83062a6da42fc3f5f33ec0cd2f,extrasensory-p2-fold0-seed47-v2_multiseed,0.5,0.5000076853317758,32530,0.2987835126881096,0.6432098854252924,0.8219467846220374,355139,mean_binary_certainty,0.4930544639418319
V3-3,P2,0,47,natural_missingness,efb672880ee0ff1680cafed70e33ce265ddcc65e24e6b7c44c7798d6500b08df,grouped_risk_full_compact,4713ca0d554d4ba66875cada7f2b9ad8e1a37c83062a6da42fc3f5f33ec0cd2f,extrasensory-p2-fold0-seed47-v2_multiseed,0.55,0.5500084538649533,35783,0.3155145586300903,0.6389675133799683,0.8082473630699696,385778,mean_binary_certainty,0.4699313628138644
V3-3,P2,0,47,natural_missingness,efb672880ee0ff1680cafed70e33ce265ddcc65e24e6b7c44c7798d6500b08df,grouped_risk_full_compact,4713ca0d554d4ba66875cada7f2b9ad8e1a37c83062a6da42fc3f5f33ec0cd2f,extrasensory-p2-fold0-seed47-v2_multiseed,0.6,0.6000092223981309,39036,0.3303939458070422,0.6313885344823102,0.7961744027548605,416204,mean_binary_certainty,0.4465938073968521
V3-3,P2,0,47,natural_missingness,efb672880ee0ff1680cafed70e33ce265ddcc65e24e6b7c44c7798d6500b08df,grouped_risk_full_compact,4713ca0d554d4ba66875cada7f2b9ad8e1a37c83062a6da42fc3f5f33ec0cd2f,extrasensory-p2-fold0-seed47-v2_multiseed,0.65,0.6500099909313085,42289,0.3429697816266423,0.625201667646875,0.7847555229818867,447244,mean_binary_certainty,0.4219460551541024
V3-3,P2,0,47,natural_missingness,efb672880ee0ff1680cafed70e33ce265ddcc65e24e6b7c44c7798d6500b08df,grouped_risk_full_compact,4713ca0d554d4ba66875cada7f2b9ad8e1a37c83062a6da42fc3f5f33ec0cd2f,extrasensory-p2-fold0-seed47-v2_multiseed,0.7,0.7000107594644861,45542,0.3539518977054489,0.6201257463208539,0.7745895855872806,478954,mean_binary_certainty,0.3963412140317791
V3-3,P2,0,47,natural_missingness,efb672880ee0ff1680cafed70e33ce265ddcc65e24e6b7c44c7798d6500b08df,grouped_risk_full_compact,4713ca0d554d4ba66875cada7f2b9ad8e1a37c83062a6da42fc3f5f33ec0cd2f,extrasensory-p2-fold0-seed47-v2_multiseed,0.75,0.7500115279976637,48795,0.3646250972295869,0.613129794970111,0.7641819172273671,510795,mean_binary_certainty,0.3686606962899518
V3-3,P2,0,47,natural_missingness,efb672880ee0ff1680cafed70e33ce265ddcc65e24e6b7c44c7798d6500b08df,grouped_risk_full_compact,4713ca0d554d4ba66875cada7f2b9ad8e1a37c83062a6da42fc3f5f33ec0cd2f,extrasensory-p2-fold0-seed47-v2_multiseed,0.8,0.8000122965308413,52048,0.3751683586447783,0.6054973751355324,0.7538499889208952,543171,mean_binary_certainty,0.3379506711772573
V3-3,P2,0,47,natural_missingness,efb672880ee0ff1680cafed70e33ce265ddcc65e24e6b7c44c7798d6500b08df,grouped_risk_full_compact,4713ca0d554d4ba66875cada7f2b9ad8e1a37c83062a6da42fc3f5f33ec0cd2f,extrasensory-p2-fold0-seed47-v2_multiseed,0.85,0.8500130650640189,55301,0.3857376185485299,0.596983995328,0.7438657021688133,575466,mean_binary_certainty,0.3031094636040442
V3-3,P2,0,47,natural_missingness,efb672880ee0ff1680cafed70e33ce265ddcc65e24e6b7c44c7798d6500b08df,grouped_risk_full_compact,4713ca0d554d4ba66875cada7f2b9ad8e1a37c83062a6da42fc3f5f33ec0cd2f,extrasensory-p2-fold0-seed47-v2_multiseed,0.9,0.9000138335971964,58554,0.3961952460759259,0.5881490238451433,0.7341747926447937,608051,mean_binary_certainty,0.2627211165653271
V3-3,P2,0,47,natural_missingness,efb672880ee0ff1680cafed70e33ce265ddcc65e24e6b7c44c7798d6500b08df,grouped_risk_full_compact,4713ca0d554d4ba66875cada7f2b9ad8e1a37c83062a6da42fc3f5f33ec0cd2f,extrasensory-p2-fold0-seed47-v2_multiseed,0.95,0.950014602130374,61807,0.4068570267209815,0.5789186747097698,0.7246799811659009,640596,mean_binary_certainty,0.2101152726671481
V3-3,P2,0,47,natural_missingness,efb672880ee0ff1680cafed70e33ce265ddcc65e24e6b7c44c7798d6500b08df,grouped_risk_full_compact,4713ca0d554d4ba66875cada7f2b9ad8e1a37c83062a6da42fc3f5f33ec0cd2f,extrasensory-p2-fold0-seed47-v2_multiseed,1.0,1.0,65059,0.4181073355770862,0.5716197763884875,0.7167951290389538,673892,mean_binary_certainty,0.0268310751088106
V3-3,P2,0,47,natural_missingness,efb672880ee0ff1680cafed70e33ce265ddcc65e24e6b7c44c7798d6500b08df,grouped_risk_full_compact,4713ca0d554d4ba66875cada7f2b9ad8e1a37c83062a6da42fc3f5f33ec0cd2f,extrasensory-p2-fold0-seed47-v2_multiseed,0.05,0.0500007685331775,3253,0.4768268975826918,0.5467316817574984,0.6042272639131278,32767,p2_system_reliability,0.9956885576248168
V3-3,P2,0,47,natural_missingness,efb672880ee0ff1680cafed70e33ce265ddcc65e24e6b7c44c7798d6500b08df,grouped_risk_full_compact,4713ca0d554d4ba66875cada7f2b9ad8e1a37c83062a6da42fc3f5f33ec0cd2f,extrasensory-p2-fold0-seed47-v2_multiseed,0.1,0.1000015370663551,6506,0.4644613090023653,0.5585424248611104,0.628962939894114,66291,p2_system_reliability,0.9947141408920288
V3-3,P2,0,47,natural_missingness,efb672880ee0ff1680cafed70e33ce265ddcc65e24e6b7c44c7798d6500b08df,grouped_risk_full_compact,4713ca0d554d4ba66875cada7f2b9ad8e1a37c83062a6da42fc3f5f33ec0cd2f,extrasensory-p2-fold0-seed47-v2_multiseed,0.15,0.1500023055995327,9759,0.4481398941983128,0.5740797668912191,0.6557317295425551,100151,p2_system_reliability,0.9939663410186768
V3-3,P2,0,47,natural_missingness,efb672880ee0ff1680cafed70e33ce265ddcc65e24e6b7c44c7798d6500b08df,grouped_risk_full_compact,4713ca0d554d4ba66875cada7f2b9ad8e1a37c83062a6da42fc3f5f33ec0cd2f,extrasensory-p2-fold0-seed47-v2_multiseed,0.2,0.2000030741327103,13012,0.4369785860698295,0.580564003942555,0.6742414155311941,134890,p2_system_reliability,0.9933104515075684
V3-3,P2,0,47,natural_missingness,efb672880ee0ff1680cafed70e33ce265ddcc65e24e6b7c44c7798d6500b08df,grouped_risk_full_compact,4713ca0d554d4ba66875cada7f2b9ad8e1a37c83062a6da42fc3f5f33ec0cd2f,extrasensory-p2-fold0-seed47-v2_multiseed,0.25,0.2500038426658879,16265,0.4272697933945921,0.579501516688193,0.6884160646674874,169903,p2_system_reliability,0.9926761388778688
V3-3,P2,0,47,natural_missingness,efb672880ee0ff1680cafed70e33ce265ddcc65e24e6b7c44c7798d6500b08df,grouped_risk_full_compact,4713ca0d554d4ba66875cada7f2b9ad8e1a37c83062a6da42fc3f5f33ec0cd2f,extrasensory-p2-fold0-seed47-v2_multiseed,0.3,0.3000046111990654,19518,0.4193054602152747,0.5808941196130634,0.699741246789455,204872,p2_system_reliability,0.9920637607574464
V3-3,P2,0,47,natural_missingness,efb672880ee0ff1680cafed70e33ce265ddcc65e24e6b7c44c7798d6500b08df,grouped_risk_full_compact,4713ca0d554d4ba66875cada7f2b9ad8e1a37c83062a6da42fc3f5f33ec0cd2f,extrasensory-p2-fold0-seed47-v2_multiseed,0.35,0.350005379732243,22771,0.4150738983802355,0.5795241236056826,0.7050490462552028,239440,p2_system_reliability,0.9914196133613586
V3-3,P2,0,47,natural_missingness,efb672880ee0ff1680cafed70e33ce265ddcc65e24e6b7c44c7798d6500b08df,grouped_risk_full_compact,4713ca0d554d4ba66875cada7f2b9ad8e1a37c83062a6da42fc3f5f33ec0cd2f,extrasensory-p2-fold0-seed47-v2_multiseed,0.4,0.4000061482654206,26024,0.4120588754843905,0.5780372810753477,0.7095320892317872,273905,p2_system_reliability,0.9906931519508362
V3-3,P2,0,47,natural_missingness,efb672880ee0ff1680cafed70e33ce265ddcc65e24e6b7c44c7798d6500b08df,grouped_risk_full_compact,4713ca0d554d4ba66875cada7f2b9ad8e1a37c83062a6da42fc3f5f33ec0cd2f,extrasensory-p2-fold0-seed47-v2_multiseed,0.45,0.4500069167985982,29277,0.4121631824277422,0.5756651947674686,0.7107123232928718,307151,p2_system_reliability,0.9898720383644104
V3-3,P2,0,47,natural_missingness,efb672880ee0ff1680cafed70e33ce265ddcc65e24e6b7c44c7798d6500b08df,grouped_risk_full_compact,4713ca0d554d4ba66875cada7f2b9ad8e1a37c83062a6da42fc3f5f33ec0cd2f,extrasensory-p2-fold0-seed47-v2_multiseed,0.5,0.5000076853317758,32530,0.412871690390941,0.5766399377836773,0.7114796933963586,340157,p2_system_reliability,0.9889090061187744
V3-3,P2,0,47,natural_missingness,efb672880ee0ff1680cafed70e33ce265ddcc65e24e6b7c44c7798d6500b08df,grouped_risk_full_compact,4713ca0d554d4ba66875cada7f2b9ad8e1a37c83062a6da42fc3f5f33ec0cd2f,extrasensory-p2-fold0-seed47-v2_multiseed,0.55,0.5500084538649533,35783,0.4142828846294457,0.5755797830945719,0.7119196362655099,372961,p2_system_reliability,0.9878247380256652
V3-3,P2,0,47,natural_missingness,efb672880ee0ff1680cafed70e33ce265ddcc65e24e6b7c44c7798d6500b08df,grouped_risk_full_compact,4713ca0d554d4ba66875cada7f2b9ad8e1a37c83062a6da42fc3f5f33ec0cd2f,extrasensory-p2-fold0-seed47-v2_multiseed,0.6,0.6000092223981309,39036,0.4165035847503516,0.5744254418978857,0.7115839353758471,405415,p2_system_reliability,0.9864811897277832
V3-3,P2,0,47,natural_missingness,efb672880ee0ff1680cafed70e33ce265ddcc65e24e6b7c44c7798d6500b08df,grouped_risk_full_compact,4713ca0d554d4ba66875cada7f2b9ad8e1a37c83062a6da42fc3f5f33ec0cd2f,extrasensory-p2-fold0-seed47-v2_multiseed,0.65,0.6500099909313085,42289,0.4181223548998322,0.5737666476985993,0.7117785417043604,437594,p2_system_reliability,0.9848722219467164
V3-3,P2,0,47,natural_missingness,efb672880ee0ff1680cafed70e33ce265ddcc65e24e6b7c44c7798d6500b08df,grouped_risk_full_compact,4713ca0d554d4ba66875cada7f2b9ad8e1a37c83062a6da42fc3f5f33ec0cd2f,extrasensory-p2-fold0-seed47-v2_multiseed,0.7,0.7000107594644861,45542,0.4190814117046746,0.5727675801479511,0.7119593038136678,470111,p2_system_reliability,0.982997179031372
V3-3,P2,0,47,natural_missingness,efb672880ee0ff1680cafed70e33ce265ddcc65e24e6b7c44c7798d6500b08df,grouped_risk_full_compact,4713ca0d554d4ba66875cada7f2b9ad8e1a37c83062a6da42fc3f5f33ec0cd2f,extrasensory-p2-fold0-seed47-v2_multiseed,0.75,0.7500115279976637,48795,0.4197826113787505,0.5727066183136402,0.7115653167449537,502815,p2_system_reliability,0.9806127548217772
V3-3,P2,0,47,natural_missingness,efb672880ee0ff1680cafed70e33ce265ddcc65e24e6b7c44c7798d6500b08df,grouped_risk_full_compact,4713ca0d554d4ba66875cada7f2b9ad8e1a37c83062a6da42fc3f5f33ec0cd2f,extrasensory-p2-fold0-seed47-v2_multiseed,0.8,0.8000122965308413,52048,0.419793107733506,0.5733749006031575,0.7118701007838746,535604,p2_system_reliability,0.9775732755661012
V3-3,P2,0,47,natural_missingness,efb672880ee0ff1680cafed70e33ce265ddcc65e24e6b7c44c7798d6500b08df,grouped_risk_full_compact,4713ca0d554d4ba66875cada7f2b9ad8e1a37c83062a6da42fc3f5f33ec0cd2f,extrasensory-p2-fold0-seed47-v2_multiseed,0.85,0.8500130650640189,55301,0.4190429302425533,0.5734864772007026,0.7128422671367688,569463,p2_system_reliability,0.9738026261329652
V3-3,P2,0,47,natural_missingness,efb672880ee0ff1680cafed70e33ce265ddcc65e24e6b7c44c7798d6500b08df,grouped_risk_full_compact,4713ca0d554d4ba66875cada7f2b9ad8e1a37c83062a6da42fc3f5f33ec0cd2f,extrasensory-p2-fold0-seed47-v2_multiseed,0.9,0.9000138335971964,58554,0.4176185337861211,0.5745028582752746,0.7148735782972983,603672,p2_system_reliability,0.9685654044151306
V3-3,P2,0,47,natural_missingness,efb672880ee0ff1680cafed70e33ce265ddcc65e24e6b7c44c7798d6500b08df,grouped_risk_full_compact,4713ca0d554d4ba66875cada7f2b9ad8e1a37c83062a6da42fc3f5f33ec0cd2f,extrasensory-p2-fold0-seed47-v2_multiseed,0.95,0.950014602130374,61807,0.4172111513328521,0.5739443682162044,0.716200425342962,638546,p2_system_reliability,0.9591469168663024
V3-3,P2,0,47,natural_missingness,efb672880ee0ff1680cafed70e33ce265ddcc65e24e6b7c44c7798d6500b08df,grouped_risk_full_compact,4713ca0d554d4ba66875cada7f2b9ad8e1a37c83062a6da42fc3f5f33ec0cd2f,extrasensory-p2-fold0-seed47-v2_multiseed,1.0,1.0,65059,0.4181073355770862,0.5716197763884875,0.7167951290389538,673892,p2_system_reliability,0.8240059614181519
V3-3,P2,0,47,natural_missingness,efb672880ee0ff1680cafed70e33ce265ddcc65e24e6b7c44c7798d6500b08df,grouped_risk_full_compact,4713ca0d554d4ba66875cada7f2b9ad8e1a37c83062a6da42fc3f5f33ec0cd2f,extrasensory-p2-fold0-seed47-v2_multiseed,0.05,0.0500007685331775,3253,0.2349016315008475,0.4318776702527546,0.8964189096244669,42424,grouped_risk_output_compact,0.4397336273557414
V3-3,P2,0,47,natural_missingness,efb672880ee0ff1680cafed70e33ce265ddcc65e24e6b7c44c7798d6500b08df,grouped_risk_full_compact,4713ca0d554d4ba66875cada7f2b9ad8e1a37c83062a6da42fc3f5f33ec0cd2f,extrasensory-p2-fold0-seed47-v2_multiseed,0.1,0.1000015370663551,6506,0.2339548567246013,0.5943815605161931,0.8878923766816144,80538,grouped_risk_output_compact,0.4233285144130469
V3-3,P2,0,47,natural_missingness,efb672880ee0ff1680cafed70e33ce265ddcc65e24e6b7c44c7798d6500b08df,grouped_risk_full_compact,4713ca0d554d4ba66875cada7f2b9ad8e1a37c83062a6da42fc3f5f33ec0cd2f,extrasensory-p2-fold0-seed47-v2_multiseed,0.15,0.1500023055995327,9759,0.238248664250425,0.6155271064203877,0.8793126065853338,116875,grouped_risk_output_compact,0.4161350860523111
V3-3,P2,0,47,natural_missingness,efb672880ee0ff1680cafed70e33ce265ddcc65e24e6b7c44c7798d6500b08df,grouped_risk_full_compact,4713ca0d554d4ba66875cada7f2b9ad8e1a37c83062a6da42fc3f5f33ec0cd2f,extrasensory-p2-fold0-seed47-v2_multiseed,0.2,0.2000030741327103,13012,0.2456823788574564,0.6414659146135974,0.870514899018462,152189,grouped_risk_output_compact,0.4108809198144916
V3-3,P2,0,47,natural_missingness,efb672880ee0ff1680cafed70e33ce265ddcc65e24e6b7c44c7798d6500b08df,grouped_risk_full_compact,4713ca0d554d4ba66875cada7f2b9ad8e1a37c83062a6da42fc3f5f33ec0cd2f,extrasensory-p2-fold0-seed47-v2_multiseed,0.25,0.2500038426658879,16265,0.2540523812601328,0.6423289170259103,0.8615164081298315,186593,grouped_risk_output_compact,0.4066063012747845
V3-3,P2,0,47,natural_missingness,efb672880ee0ff1680cafed70e33ce265ddcc65e24e6b7c44c7798d6500b08df,grouped_risk_full_compact,4713ca0d554d4ba66875cada7f2b9ad8e1a37c83062a6da42fc3f5f33ec0cd2f,extrasensory-p2-fold0-seed47-v2_multiseed,0.3,0.3000046111990654,19518,0.2625643598059191,0.6425316219285182,0.8525094390157504,220976,grouped_risk_output_compact,0.4028979583827822
V3-3,P2,0,47,natural_missingness,efb672880ee0ff1680cafed70e33ce265ddcc65e24e6b7c44c7798d6500b08df,grouped_risk_full_compact,4713ca0d554d4ba66875cada7f2b9ad8e1a37c83062a6da42fc3f5f33ec0cd2f,extrasensory-p2-fold0-seed47-v2_multiseed,0.35,0.350005379732243,22771,0.2727622129660995,0.6420708772657565,0.8449122596873689,254598,grouped_risk_output_compact,0.3996408115777685
V3-3,P2,0,47,natural_missingness,efb672880ee0ff1680cafed70e33ce265ddcc65e24e6b7c44c7798d6500b08df,grouped_risk_full_compact,4713ca0d554d4ba66875cada7f2b9ad8e1a37c83062a6da42fc3f5f33ec0cd2f,extrasensory-p2-fold0-seed47-v2_multiseed,0.4,0.4000061482654206,26024,0.2832104989702914,0.6409333235977496,0.8366091741177716,287755,grouped_risk_output_compact,0.3966596125373737
V3-3,P2,0,47,natural_missingness,efb672880ee0ff1680cafed70e33ce265ddcc65e24e6b7c44c7798d6500b08df,grouped_risk_full_compact,4713ca0d554d4ba66875cada7f2b9ad8e1a37c83062a6da42fc3f5f33ec0cd2f,extrasensory-p2-fold0-seed47-v2_multiseed,0.45,0.4500069167985982,29277,0.2936208325082727,0.6413695687825691,0.8290331760297849,320214,grouped_risk_output_compact,0.3935992305372752
V3-3,P2,0,47,natural_missingness,efb672880ee0ff1680cafed70e33ce265ddcc65e24e6b7c44c7798d6500b08df,grouped_risk_full_compact,4713ca0d554d4ba66875cada7f2b9ad8e1a37c83062a6da42fc3f5f33ec0cd2f,extrasensory-p2-fold0-seed47-v2_multiseed,0.5,0.5000076853317758,32530,0.3044385797448892,0.6385152399548412,0.820362697088737,351968,grouped_risk_output_compact,0.3904423737822974
V3-3,P2,0,47,natural_missingness,efb672880ee0ff1680cafed70e33ce265ddcc65e24e6b7c44c7798d6500b08df,grouped_risk_full_compact,4713ca0d554d4ba66875cada7f2b9ad8e1a37c83062a6da42fc3f5f33ec0cd2f,extrasensory-p2-fold0-seed47-v2_multiseed,0.55,0.5500084538649533,35783,0.315166695403912,0.6347247266462982,0.8107971645810232,382759,grouped_risk_output_compact,0.3870839963669313
V3-3,P2,0,47,natural_missingness,efb672880ee0ff1680cafed70e33ce265ddcc65e24e6b7c44c7798d6500b08df,grouped_risk_full_compact,4713ca0d554d4ba66875cada7f2b9ad8e1a37c83062a6da42fc3f5f33ec0cd2f,extrasensory-p2-fold0-seed47-v2_multiseed,0.6,0.6000092223981309,39036,0.3267192716553675,0.6275602120608504,0.8004304916306015,413776,grouped_risk_output_compact,0.3832836686247615
V3-3,P2,0,47,natural_missingness,efb672880ee0ff1680cafed70e33ce265ddcc65e24e6b7c44c7798d6500b08df,grouped_risk_full_compact,4713ca0d554d4ba66875cada7f2b9ad8e1a37c83062a6da42fc3f5f33ec0cd2f,extrasensory-p2-fold0-seed47-v2_multiseed,0.65,0.6500099909313085,42289,0.3379064399906386,0.6232546593295146,0.7902277157200193,444396,grouped_risk_output_compact,0.3792626777966618
V3-3,P2,0,47,natural_missingness,efb672880ee0ff1680cafed70e33ce265ddcc65e24e6b7c44c7798d6500b08df,grouped_risk_full_compact,4713ca0d554d4ba66875cada7f2b9ad8e1a37c83062a6da42fc3f5f33ec0cd2f,extrasensory-p2-fold0-seed47-v2_multiseed,0.7,0.7000107594644861,45542,0.3488379741659675,0.6185125773302775,0.7799782649368847,476022,grouped_risk_output_compact,0.375057365070655
V3-3,P2,0,47,natural_missingness,efb672880ee0ff1680cafed70e33ce265ddcc65e24e6b7c44c7798d6500b08df,grouped_risk_full_compact,4713ca0d554d4ba66875cada7f2b9ad8e1a37c83062a6da42fc3f5f33ec0cd2f,extrasensory-p2-fold0-seed47-v2_multiseed,0.75,0.7500115279976637,48795,0.3591708888329559,0.6118156049105414,0.7697128676717168,508006,grouped_risk_output_compact,0.37070080225545
V3-3,P2,0,47,natural_missingness,efb672880ee0ff1680cafed70e33ce265ddcc65e24e6b7c44c7798d6500b08df,grouped_risk_full_compact,4713ca0d554d4ba66875cada7f2b9ad8e1a37c83062a6da42fc3f5f33ec0cd2f,extrasensory-p2-fold0-seed47-v2_multiseed,0.8,0.8000122965308413,52048,0.3694290362717523,0.603888639716994,0.7599430476503658,540378,grouped_risk_output_compact,0.3658224802975566
V3-3,P2,0,47,natural_missingness,efb672880ee0ff1680cafed70e33ce265ddcc65e24e6b7c44c7798d6500b08df,grouped_risk_full_compact,4713ca0d554d4ba66875cada7f2b9ad8e1a37c83062a6da42fc3f5f33ec0cd2f,extrasensory-p2-fold0-seed47-v2_multiseed,0.85,0.8500130650640189,55301,0.379699827692034,0.5966555422458716,0.7503110005331438,573211,grouped_risk_output_compact,0.3601574882988836
V3-3,P2,0,47,natural_missingness,efb672880ee0ff1680cafed70e33ce265ddcc65e24e6b7c44c7798d6500b08df,grouped_risk_full_compact,4713ca0d554d4ba66875cada7f2b9ad8e1a37c83062a6da42fc3f5f33ec0cd2f,extrasensory-p2-fold0-seed47-v2_multiseed,0.9,0.9000138335971964,58554,0.3910391120583887,0.5902340361343902,0.7402088853860904,606467,grouped_risk_output_compact,0.3535087875874895
V3-3,P2,0,47,natural_missingness,efb672880ee0ff1680cafed70e33ce265ddcc65e24e6b7c44c7798d6500b08df,grouped_risk_full_compact,4713ca0d554d4ba66875cada7f2b9ad8e1a37c83062a6da42fc3f5f33ec0cd2f,extrasensory-p2-fold0-seed47-v2_multiseed,0.95,0.950014602130374,61807,0.4032608336486625,0.5822649527197746,0.7293731596911943,640226,grouped_risk_output_compact,0.3449518352386309
V3-3,P2,0,47,natural_missingness,efb672880ee0ff1680cafed70e33ce265ddcc65e24e6b7c44c7798d6500b08df,grouped_risk_full_compact,4713ca0d554d4ba66875cada7f2b9ad8e1a37c83062a6da42fc3f5f33ec0cd2f,extrasensory-p2-fold0-seed47-v2_multiseed,1.0,1.0,65059,0.4181073355770862,0.5716197763884875,0.7167951290389538,673892,grouped_risk_output_compact,0.3042850223904477
V3-3,P2,0,47,natural_missingness,efb672880ee0ff1680cafed70e33ce265ddcc65e24e6b7c44c7798d6500b08df,grouped_risk_full_compact,4713ca0d554d4ba66875cada7f2b9ad8e1a37c83062a6da42fc3f5f33ec0cd2f,extrasensory-p2-fold0-seed47-v2_multiseed,0.05,0.0500007685331775,3253,0.2208620588822611,0.4951928333914607,0.9040182648401828,42588,grouped_risk_full_compact,0.4395392615875774
V3-3,P2,0,47,natural_missingness,efb672880ee0ff1680cafed70e33ce265ddcc65e24e6b7c44c7798d6500b08df,grouped_risk_full_compact,4713ca0d554d4ba66875cada7f2b9ad8e1a37c83062a6da42fc3f5f33ec0cd2f,extrasensory-p2-fold0-seed47-v2_multiseed,0.1,0.1000015370663551,6506,0.2082228836403422,0.6315643914207165,0.9034221625766872,80795,grouped_risk_full_compact,0.422919334439255
V3-3,P2,0,47,natural_missingness,efb672880ee0ff1680cafed70e33ce265ddcc65e24e6b7c44c7798d6500b08df,grouped_risk_full_compact,4713ca0d554d4ba66875cada7f2b9ad8e1a37c83062a6da42fc3f5f33ec0cd2f,extrasensory-p2-fold0-seed47-v2_multiseed,0.15,0.1500023055995327,9759,0.2191085008417108,0.6292669207505225,0.8925389939397953,116486,grouped_risk_full_compact,0.4154434978207375
V3-3,P2,0,47,natural_missingness,efb672880ee0ff1680cafed70e33ce265ddcc65e24e6b7c44c7798d6500b08df,grouped_risk_full_compact,4713ca0d554d4ba66875cada7f2b9ad8e1a37c83062a6da42fc3f5f33ec0cd2f,extrasensory-p2-fold0-seed47-v2_multiseed,0.2,0.2000030741327103,13012,0.2278252652621593,0.6407072771511676,0.8824839313730451,151880,grouped_risk_full_compact,0.4103879849004903
V3-3,P2,0,47,natural_missingness,efb672880ee0ff1680cafed70e33ce265ddcc65e24e6b7c44c7798d6500b08df,grouped_risk_full_compact,4713ca0d554d4ba66875cada7f2b9ad8e1a37c83062a6da42fc3f5f33ec0cd2f,extrasensory-p2-fold0-seed47-v2_multiseed,0.25,0.2500038426658879,16265,0.23805104014111,0.6434899326861888,0.8724541620922812,186861,grouped_risk_full_compact,0.4062169764643658
V3-3,P2,0,47,natural_missingness,efb672880ee0ff1680cafed70e33ce265ddcc65e24e6b7c44c7798d6500b08df,grouped_risk_full_compact,4713ca0d554d4ba66875cada7f2b9ad8e1a37c83062a6da42fc3f5f33ec0cd2f,extrasensory-p2-fold0-seed47-v2_multiseed,0.3,0.3000046111990654,19518,0.2486229522825562,0.6515656434824408,0.8639328661648932,221124,grouped_risk_full_compact,0.4024492581513406
V3-3,P2,0,47,natural_missingness,efb672880ee0ff1680cafed70e33ce265ddcc65e24e6b7c44c7798d6500b08df,grouped_risk_full_compact,4713ca0d554d4ba66875cada7f2b9ad8e1a37c83062a6da42fc3f5f33ec0cd2f,extrasensory-p2-fold0-seed47-v2_multiseed,0.35,0.350005379732243,22771,0.2591714816328238,0.6514911295983671,0.85537335702664,254789,grouped_risk_full_compact,0.3989989380486742
V3-3,P2,0,47,natural_missingness,efb672880ee0ff1680cafed70e33ce265ddcc65e24e6b7c44c7798d6500b08df,grouped_risk_full_compact,4713ca0d554d4ba66875cada7f2b9ad8e1a37c83062a6da42fc3f5f33ec0cd2f,extrasensory-p2-fold0-seed47-v2_multiseed,0.4,0.4000061482654206,26024,0.2709268068066069,0.648653505622367,0.8454197587357168,287802,grouped_risk_full_compact,0.3957639855777893
V3-3,P2,0,47,natural_missingness,efb672880ee0ff1680cafed70e33ce265ddcc65e24e6b7c44c7798d6500b08df,grouped_risk_full_compact,4713ca0d554d4ba66875cada7f2b9ad8e1a37c83062a6da42fc3f5f33ec0cd2f,extrasensory-p2-fold0-seed47-v2_multiseed,0.45,0.4500069167985982,29277,0.2832157698392191,0.6482304851363029,0.8364991842227488,319839,grouped_risk_full_compact,0.3924611655896546
V3-3,P2,0,47,natural_missingness,efb672880ee0ff1680cafed70e33ce265ddcc65e24e6b7c44c7798d6500b08df,grouped_risk_full_compact,4713ca0d554d4ba66875cada7f2b9ad8e1a37c83062a6da42fc3f5f33ec0cd2f,extrasensory-p2-fold0-seed47-v2_multiseed,0.5,0.5000076853317758,32530,0.2952261839826971,0.646490425328854,0.8269608108840587,350976,grouped_risk_full_compact,0.3890777436722494
V3-3,P2,0,47,natural_missingness,efb672880ee0ff1680cafed70e33ce265ddcc65e24e6b7c44c7798d6500b08df,grouped_risk_full_compact,4713ca0d554d4ba66875cada7f2b9ad8e1a37c83062a6da42fc3f5f33ec0cd2f,extrasensory-p2-fold0-seed47-v2_multiseed,0.55,0.5500084538649533,35783,0.3075918620453087,0.6402394156175342,0.8161125727497409,382017,grouped_risk_full_compact,0.3854765450807617
V3-3,P2,0,47,natural_missingness,efb672880ee0ff1680cafed70e33ce265ddcc65e24e6b7c44c7798d6500b08df,grouped_risk_full_compact,4713ca0d554d4ba66875cada7f2b9ad8e1a37c83062a6da42fc3f5f33ec0cd2f,extrasensory-p2-fold0-seed47-v2_multiseed,0.6,0.6000092223981309,39036,0.3203420257641726,0.6345554488701848,0.8052091634842615,412904,grouped_risk_full_compact,0.3815557744764526
V3-3,P2,0,47,natural_missingness,efb672880ee0ff1680cafed70e33ce265ddcc65e24e6b7c44c7798d6500b08df,grouped_risk_full_compact,4713ca0d554d4ba66875cada7f2b9ad8e1a37c83062a6da42fc3f5f33ec0cd2f,extrasensory-p2-fold0-seed47-v2_multiseed,0.65,0.6500099909313085,42289,0.3335707942218665,0.6279236885451259,0.7939812137799879,444023,grouped_risk_full_compact,0.3776415787715506
V3-3,P2,0,47,natural_missingness,efb672880ee0ff1680cafed70e33ce265ddcc65e24e6b7c44c7798d6500b08df,grouped_risk_full_compact,4713ca0d554d4ba66875cada7f2b9ad8e1a37c83062a6da42fc3f5f33ec0cd2f,extrasensory-p2-fold0-seed47-v2_multiseed,0.7,0.7000107594644861,45542,0.3459578897931402,0.6204158862098244,0.7821737007659738,474956,grouped_risk_full_compact,0.3736135526401566
V3-3,P2,0,47,natural_missingness,efb672880ee0ff1680cafed70e33ce265ddcc65e24e6b7c44c7798d6500b08df,grouped_risk_full_compact,4713ca0d554d4ba66875cada7f2b9ad8e1a37c83062a6da42fc3f5f33ec0cd2f,extrasensory-p2-fold0-seed47-v2_multiseed,0.75,0.7500115279976637,48795,0.3569907364764632,0.6134694683499051,0.7720008986071589,506829,grouped_risk_full_compact,0.3692404472871219
V3-3,P2,0,47,natural_missingness,efb672880ee0ff1680cafed70e33ce265ddcc65e24e6b7c44c7798d6500b08df,grouped_risk_full_compact,4713ca0d554d4ba66875cada7f2b9ad8e1a37c83062a6da42fc3f5f33ec0cd2f,extrasensory-p2-fold0-seed47-v2_multiseed,0.8,0.8000122965308413,52048,0.3679582685463322,0.6050865901097229,0.7614403732482066,539492,grouped_risk_full_compact,0.3643739221819615
V3-3,P2,0,47,natural_missingness,efb672880ee0ff1680cafed70e33ce265ddcc65e24e6b7c44c7798d6500b08df,grouped_risk_full_compact,4713ca0d554d4ba66875cada7f2b9ad8e1a37c83062a6da42fc3f5f33ec0cd2f,extrasensory-p2-fold0-seed47-v2_multiseed,0.85,0.8500130650640189,55301,0.3786552251637079,0.5983363209834559,0.7514516394793211,572503,grouped_risk_full_compact,0.3584810485960325
V3-3,P2,0,47,natural_missingness,efb672880ee0ff1680cafed70e33ce265ddcc65e24e6b7c44c7798d6500b08df,grouped_risk_full_compact,4713ca0d554d4ba66875cada7f2b9ad8e1a37c83062a6da42fc3f5f33ec0cd2f,extrasensory-p2-fold0-seed47-v2_multiseed,0.9,0.9000138335971964,58554,0.3904392967097805,0.5906910825046299,0.7409027775619972,605714,grouped_risk_full_compact,0.3514403784554171
V3-3,P2,0,47,natural_missingness,efb672880ee0ff1680cafed70e33ce265ddcc65e24e6b7c44c7798d6500b08df,grouped_risk_full_compact,4713ca0d554d4ba66875cada7f2b9ad8e1a37c83062a6da42fc3f5f33ec0cd2f,extrasensory-p2-fold0-seed47-v2_multiseed,0.95,0.950014602130374,61807,0.4028106788898166,0.5825781461446814,0.7295930638415196,639568,grouped_risk_full_compact,0.3423355630244939
V3-3,P2,0,47,natural_missingness,efb672880ee0ff1680cafed70e33ce265ddcc65e24e6b7c44c7798d6500b08df,grouped_risk_full_compact,4713ca0d554d4ba66875cada7f2b9ad8e1a37c83062a6da42fc3f5f33ec0cd2f,extrasensory-p2-fold0-seed47-v2_multiseed,1.0,1.0,65059,0.4181073355770862,0.5716197763884875,0.7167951290389538,673892,grouped_risk_full_compact,0.301540780724607
V3-3,P2,0,47,natural_missingness,efb672880ee0ff1680cafed70e33ce265ddcc65e24e6b7c44c7798d6500b08df,grouped_risk_full_compact,4713ca0d554d4ba66875cada7f2b9ad8e1a37c83062a6da42fc3f5f33ec0cd2f,extrasensory-p2-fold0-seed47-v2_multiseed,0.05,0.0500007685331775,3253,0.2208620588822611,0.4951928333914607,0.9040182648401828,42588,grouped_risk_selected,0.4395392615875774
V3-3,P2,0,47,natural_missingness,efb672880ee0ff1680cafed70e33ce265ddcc65e24e6b7c44c7798d6500b08df,grouped_risk_full_compact,4713ca0d554d4ba66875cada7f2b9ad8e1a37c83062a6da42fc3f5f33ec0cd2f,extrasensory-p2-fold0-seed47-v2_multiseed,0.1,0.1000015370663551,6506,0.2082228836403422,0.6315643914207165,0.9034221625766872,80795,grouped_risk_selected,0.422919334439255
V3-3,P2,0,47,natural_missingness,efb672880ee0ff1680cafed70e33ce265ddcc65e24e6b7c44c7798d6500b08df,grouped_risk_full_compact,4713ca0d554d4ba66875cada7f2b9ad8e1a37c83062a6da42fc3f5f33ec0cd2f,extrasensory-p2-fold0-seed47-v2_multiseed,0.15,0.1500023055995327,9759,0.2191085008417108,0.6292669207505225,0.8925389939397953,116486,grouped_risk_selected,0.4154434978207375
V3-3,P2,0,47,natural_missingness,efb672880ee0ff1680cafed70e33ce265ddcc65e24e6b7c44c7798d6500b08df,grouped_risk_full_compact,4713ca0d554d4ba66875cada7f2b9ad8e1a37c83062a6da42fc3f5f33ec0cd2f,extrasensory-p2-fold0-seed47-v2_multiseed,0.2,0.2000030741327103,13012,0.2278252652621593,0.6407072771511676,0.8824839313730451,151880,grouped_risk_selected,0.4103879849004903
V3-3,P2,0,47,natural_missingness,efb672880ee0ff1680cafed70e33ce265ddcc65e24e6b7c44c7798d6500b08df,grouped_risk_full_compact,4713ca0d554d4ba66875cada7f2b9ad8e1a37c83062a6da42fc3f5f33ec0cd2f,extrasensory-p2-fold0-seed47-v2_multiseed,0.25,0.2500038426658879,16265,0.23805104014111,0.6434899326861888,0.8724541620922812,186861,grouped_risk_selected,0.4062169764643658
V3-3,P2,0,47,natural_missingness,efb672880ee0ff1680cafed70e33ce265ddcc65e24e6b7c44c7798d6500b08df,grouped_risk_full_compact,4713ca0d554d4ba66875cada7f2b9ad8e1a37c83062a6da42fc3f5f33ec0cd2f,extrasensory-p2-fold0-seed47-v2_multiseed,0.3,0.3000046111990654,19518,0.2486229522825562,0.6515656434824408,0.8639328661648932,221124,grouped_risk_selected,0.4024492581513406
V3-3,P2,0,47,natural_missingness,efb672880ee0ff1680cafed70e33ce265ddcc65e24e6b7c44c7798d6500b08df,grouped_risk_full_compact,4713ca0d554d4ba66875cada7f2b9ad8e1a37c83062a6da42fc3f5f33ec0cd2f,extrasensory-p2-fold0-seed47-v2_multiseed,0.35,0.350005379732243,22771,0.2591714816328238,0.6514911295983671,0.85537335702664,254789,grouped_risk_selected,0.3989989380486742
V3-3,P2,0,47,natural_missingness,efb672880ee0ff1680cafed70e33ce265ddcc65e24e6b7c44c7798d6500b08df,grouped_risk_full_compact,4713ca0d554d4ba66875cada7f2b9ad8e1a37c83062a6da42fc3f5f33ec0cd2f,extrasensory-p2-fold0-seed47-v2_multiseed,0.4,0.4000061482654206,26024,0.2709268068066069,0.648653505622367,0.8454197587357168,287802,grouped_risk_selected,0.3957639855777893
V3-3,P2,0,47,natural_missingness,efb672880ee0ff1680cafed70e33ce265ddcc65e24e6b7c44c7798d6500b08df,grouped_risk_full_compact,4713ca0d554d4ba66875cada7f2b9ad8e1a37c83062a6da42fc3f5f33ec0cd2f,extrasensory-p2-fold0-seed47-v2_multiseed,0.45,0.4500069167985982,29277,0.2832157698392191,0.6482304851363029,0.8364991842227488,319839,grouped_risk_selected,0.3924611655896546
V3-3,P2,0,47,natural_missingness,efb672880ee0ff1680cafed70e33ce265ddcc65e24e6b7c44c7798d6500b08df,grouped_risk_full_compact,4713ca0d554d4ba66875cada7f2b9ad8e1a37c83062a6da42fc3f5f33ec0cd2f,extrasensory-p2-fold0-seed47-v2_multiseed,0.5,0.5000076853317758,32530,0.2952261839826971,0.646490425328854,0.8269608108840587,350976,grouped_risk_selected,0.3890777436722494
V3-3,P2,0,47,natural_missingness,efb672880ee0ff1680cafed70e33ce265ddcc65e24e6b7c44c7798d6500b08df,grouped_risk_full_compact,4713ca0d554d4ba66875cada7f2b9ad8e1a37c83062a6da42fc3f5f33ec0cd2f,extrasensory-p2-fold0-seed47-v2_multiseed,0.55,0.5500084538649533,35783,0.3075918620453087,0.6402394156175342,0.8161125727497409,382017,grouped_risk_selected,0.3854765450807617
V3-3,P2,0,47,natural_missingness,efb672880ee0ff1680cafed70e33ce265ddcc65e24e6b7c44c7798d6500b08df,grouped_risk_full_compact,4713ca0d554d4ba66875cada7f2b9ad8e1a37c83062a6da42fc3f5f33ec0cd2f,extrasensory-p2-fold0-seed47-v2_multiseed,0.6,0.6000092223981309,39036,0.3203420257641726,0.6345554488701848,0.8052091634842615,412904,grouped_risk_selected,0.3815557744764526
V3-3,P2,0,47,natural_missingness,efb672880ee0ff1680cafed70e33ce265ddcc65e24e6b7c44c7798d6500b08df,grouped_risk_full_compact,4713ca0d554d4ba66875cada7f2b9ad8e1a37c83062a6da42fc3f5f33ec0cd2f,extrasensory-p2-fold0-seed47-v2_multiseed,0.65,0.6500099909313085,42289,0.3335707942218665,0.6279236885451259,0.7939812137799879,444023,grouped_risk_selected,0.3776415787715506
V3-3,P2,0,47,natural_missingness,efb672880ee0ff1680cafed70e33ce265ddcc65e24e6b7c44c7798d6500b08df,grouped_risk_full_compact,4713ca0d554d4ba66875cada7f2b9ad8e1a37c83062a6da42fc3f5f33ec0cd2f,extrasensory-p2-fold0-seed47-v2_multiseed,0.7,0.7000107594644861,45542,0.3459578897931402,0.6204158862098244,0.7821737007659738,474956,grouped_risk_selected,0.3736135526401566
V3-3,P2,0,47,natural_missingness,efb672880ee0ff1680cafed70e33ce265ddcc65e24e6b7c44c7798d6500b08df,grouped_risk_full_compact,4713ca0d554d4ba66875cada7f2b9ad8e1a37c83062a6da42fc3f5f33ec0cd2f,extrasensory-p2-fold0-seed47-v2_multiseed,0.75,0.7500115279976637,48795,0.3569907364764632,0.6134694683499051,0.7720008986071589,506829,grouped_risk_selected,0.3692404472871219
V3-3,P2,0,47,natural_missingness,efb672880ee0ff1680cafed70e33ce265ddcc65e24e6b7c44c7798d6500b08df,grouped_risk_full_compact,4713ca0d554d4ba66875cada7f2b9ad8e1a37c83062a6da42fc3f5f33ec0cd2f,extrasensory-p2-fold0-seed47-v2_multiseed,0.8,0.8000122965308413,52048,0.3679582685463322,0.6050865901097229,0.7614403732482066,539492,grouped_risk_selected,0.3643739221819615
V3-3,P2,0,47,natural_missingness,efb672880ee0ff1680cafed70e33ce265ddcc65e24e6b7c44c7798d6500b08df,grouped_risk_full_compact,4713ca0d554d4ba66875cada7f2b9ad8e1a37c83062a6da42fc3f5f33ec0cd2f,extrasensory-p2-fold0-seed47-v2_multiseed,0.85,0.8500130650640189,55301,0.3786552251637079,0.5983363209834559,0.7514516394793211,572503,grouped_risk_selected,0.3584810485960325
V3-3,P2,0,47,natural_missingness,efb672880ee0ff1680cafed70e33ce265ddcc65e24e6b7c44c7798d6500b08df,grouped_risk_full_compact,4713ca0d554d4ba66875cada7f2b9ad8e1a37c83062a6da42fc3f5f33ec0cd2f,extrasensory-p2-fold0-seed47-v2_multiseed,0.9,0.9000138335971964,58554,0.3904392967097805,0.5906910825046299,0.7409027775619972,605714,grouped_risk_selected,0.3514403784554171
V3-3,P2,0,47,natural_missingness,efb672880ee0ff1680cafed70e33ce265ddcc65e24e6b7c44c7798d6500b08df,grouped_risk_full_compact,4713ca0d554d4ba66875cada7f2b9ad8e1a37c83062a6da42fc3f5f33ec0cd2f,extrasensory-p2-fold0-seed47-v2_multiseed,0.95,0.950014602130374,61807,0.4028106788898166,0.5825781461446814,0.7295930638415196,639568,grouped_risk_selected,0.3423355630244939
V3-3,P2,0,47,natural_missingness,efb672880ee0ff1680cafed70e33ce265ddcc65e24e6b7c44c7798d6500b08df,grouped_risk_full_compact,4713ca0d554d4ba66875cada7f2b9ad8e1a37c83062a6da42fc3f5f33ec0cd2f,extrasensory-p2-fold0-seed47-v2_multiseed,1.0,1.0,65059,0.4181073355770862,0.5716197763884875,0.7167951290389538,673892,grouped_risk_selected,0.301540780724607
V3-3,P2,1,13,natural_missingness,efb672880ee0ff1680cafed70e33ce265ddcc65e24e6b7c44c7798d6500b08df,grouped_risk_full_compact,55799d64eb4b670d768a32f8b9fd53879e682405ee16749e6da649f3ba29497d,extrasensory-p2-fold1-seed13-v2_seed13,0.05,0.0500121159904149,3715,0.4177091896202738,0.4507216178371386,0.889377426446513,39466,mean_binary_certainty,0.9400786823982652
V3-3,P2,1,13,natural_missingness,efb672880ee0ff1680cafed70e33ce265ddcc65e24e6b7c44c7798d6500b08df,grouped_risk_full_compact,55799d64eb4b670d768a32f8b9fd53879e682405ee16749e6da649f3ba29497d,extrasensory-p2-fold1-seed13-v2_seed13,0.1,0.1000107697692577,7429,0.3806631174480379,0.304966964438113,0.903491732600559,75688,mean_binary_certainty,0.9205942245613976
V3-3,P2,1,13,natural_missingness,efb672880ee0ff1680cafed70e33ce265ddcc65e24e6b7c44c7798d6500b08df,grouped_risk_full_compact,55799d64eb4b670d768a32f8b9fd53879e682405ee16749e6da649f3ba29497d,extrasensory-p2-fold1-seed13-v2_seed13,0.15,0.1500094235481004,11143,0.3472288151305926,0.4956259316535311,0.911944334720914,116190,mean_binary_certainty,0.8771928253817333
V3-3,P2,1,13,natural_missingness,efb672880ee0ff1680cafed70e33ce265ddcc65e24e6b7c44c7798d6500b08df,grouped_risk_full_compact,55799d64eb4b670d768a32f8b9fd53879e682405ee16749e6da649f3ba29497d,extrasensory-p2-fold1-seed13-v2_seed13,0.2,0.2000080773269432,14857,0.3344396829613473,0.58816800492057,0.905754527162978,154849,mean_binary_certainty,0.7916887984727355
V3-3,P2,1,13,natural_missingness,efb672880ee0ff1680cafed70e33ce265ddcc65e24e6b7c44c7798d6500b08df,grouped_risk_full_compact,55799d64eb4b670d768a32f8b9fd53879e682405ee16749e6da649f3ba29497d,extrasensory-p2-fold1-seed13-v2_seed13,0.25,0.2500067311057861,18571,0.3257410285125021,0.6559989091544491,0.8928353185608588,193209,mean_binary_certainty,0.7191275591173472
V3-3,P2,1,13,natural_missingness,efb672880ee0ff1680cafed70e33ce265ddcc65e24e6b7c44c7798d6500b08df,grouped_risk_full_compact,55799d64eb4b670d768a32f8b9fd53879e682405ee16749e6da649f3ba29497d,extrasensory-p2-fold1-seed13-v2_seed13,0.3,0.3000053848846288,22285,0.3244560989744253,0.6694257998585278,0.8771329146834127,230743,mean_binary_certainty,0.6655767384284037
V3-3,P2,1,13,natural_missingness,efb672880ee0ff1680cafed70e33ce265ddcc65e24e6b7c44c7798d6500b08df,grouped_risk_full_compact,55799d64eb4b670d768a32f8b9fd53879e682405ee16749e6da649f3ba29497d,extrasensory-p2-fold1-seed13-v2_seed13,0.35,0.3500040386634716,25999,0.3289651272217206,0.6803940876507923,0.8602288419806668,265449,mean_binary_certainty,0.6185340126615165
V3-3,P2,1,13,natural_missingness,efb672880ee0ff1680cafed70e33ce265ddcc65e24e6b7c44c7798d6500b08df,grouped_risk_full_compact,55799d64eb4b670d768a32f8b9fd53879e682405ee16749e6da649f3ba29497d,extrasensory-p2-fold1-seed13-v2_seed13,0.4,0.4000026924423144,29713,0.3373828286406769,0.6821533092082976,0.8413390463304017,302189,mean_binary_certainty,0.58141434719537
V3-3,P2,1,13,natural_missingness,efb672880ee0ff1680cafed70e33ce265ddcc65e24e6b7c44c7798d6500b08df,grouped_risk_full_compact,55799d64eb4b670d768a32f8b9fd53879e682405ee16749e6da649f3ba29497d,extrasensory-p2-fold1-seed13-v2_seed13,0.45,0.4500013462211572,33427,0.3500602874735919,0.6773360855861764,0.8205705030144875,340253,mean_binary_certainty,0.5506025940935488
V3-3,P2,1,13,natural_missingness,efb672880ee0ff1680cafed70e33ce265ddcc65e24e6b7c44c7798d6500b08df,grouped_risk_full_compact,55799d64eb4b670d768a32f8b9fd53879e682405ee16749e6da649f3ba29497d,extrasensory-p2-fold1-seed13-v2_seed13,0.5,0.5,37141,0.3623572783635048,0.6719199036653013,0.8023820093994458,378265,mean_binary_certainty,0.5236786704702504
V3-3,P2,1,13,natural_missingness,efb672880ee0ff1680cafed70e33ce265ddcc65e24e6b7c44c7798d6500b08df,grouped_risk_full_compact,55799d64eb4b670d768a32f8b9fd53879e682405ee16749e6da649f3ba29497d,extrasensory-p2-fold1-seed13-v2_seed13,0.55,0.5500121159904149,40856,0.3723403693260679,0.6662923379311574,0.785537542463315,416621,mean_binary_certainty,0.4996024273403121
V3-3,P2,1,13,natural_missingness,efb672880ee0ff1680cafed70e33ce265ddcc65e24e6b7c44c7798d6500b08df,grouped_risk_full_compact,55799d64eb4b670d768a32f8b9fd53879e682405ee16749e6da649f3ba29497d,extrasensory-p2-fold1-seed13-v2_seed13,0.6,0.6000107697692577,44570,0.3802667849024632,0.6595204859955651,0.7710726738458111,454973,mean_binary_certainty,0.4772084151665967
V3-3,P2,1,13,natural_missingness,efb672880ee0ff1680cafed70e33ce265ddcc65e24e6b7c44c7798d6500b08df,grouped_risk_full_compact,55799d64eb4b670d768a32f8b9fd53879e682405ee16749e6da649f3ba29497d,extrasensory-p2-fold1-seed13-v2_seed13,0.65,0.6500094235481004,48284,0.3886563253362496,0.6529812006644711,0.7582907228662751,492832,mean_binary_certainty,0.4548530646759149
V3-3,P2,1,13,natural_missingness,efb672880ee0ff1680cafed70e33ce265ddcc65e24e6b7c44c7798d6500b08df,grouped_risk_full_compact,55799d64eb4b670d768a32f8b9fd53879e682405ee16749e6da649f3ba29497d,extrasensory-p2-fold1-seed13-v2_seed13,0.7,0.7000080773269433,51998,0.3964689824667435,0.6461266475979774,0.7461578875821604,531102,mean_binary_certainty,0.4325902975148643
V3-3,P2,1,13,natural_missingness,efb672880ee0ff1680cafed70e33ce265ddcc65e24e6b7c44c7798d6500b08df,grouped_risk_full_compact,55799d64eb4b670d768a32f8b9fd53879e682405ee16749e6da649f3ba29497d,extrasensory-p2-fold1-seed13-v2_seed13,0.75,0.7500067311057861,55712,0.4040544532606107,0.6382356897611017,0.734571644925972,569085,mean_binary_certainty,0.4095244126039182
V3-3,P2,1,13,natural_missingness,efb672880ee0ff1680cafed70e33ce265ddcc65e24e6b7c44c7798d6500b08df,grouped_risk_full_compact,55799d64eb4b670d768a32f8b9fd53879e682405ee16749e6da649f3ba29497d,extrasensory-p2-fold1-seed13-v2_seed13,0.8,0.8000053848846288,59426,0.4120522731931179,0.6304241479931196,0.723476395814403,606582,mean_binary_certainty,0.3837633548688054
V3-3,P2,1,13,natural_missingness,efb672880ee0ff1680cafed70e33ce265ddcc65e24e6b7c44c7798d6500b08df,grouped_risk_full_compact,55799d64eb4b670d768a32f8b9fd53879e682405ee16749e6da649f3ba29497d,extrasensory-p2-fold1-seed13-v2_seed13,0.85,0.8500040386634716,63140,0.4198633690777267,0.6223262578088845,0.7127189738604907,644654,mean_binary_certainty,0.353325124624648
V3-3,P2,1,13,natural_missingness,efb672880ee0ff1680cafed70e33ce265ddcc65e24e6b7c44c7798d6500b08df,grouped_risk_full_compact,55799d64eb4b670d768a32f8b9fd53879e682405ee16749e6da649f3ba29497d,extrasensory-p2-fold1-seed13-v2_seed13,0.9,0.9000026924423145,66854,0.4274191991979487,0.6134265626980799,0.7027311611917277,682914,mean_binary_certainty,0.3179682894790453
V3-3,P2,1,13,natural_missingness,efb672880ee0ff1680cafed70e33ce265ddcc65e24e6b7c44c7798d6500b08df,grouped_risk_full_compact,55799d64eb4b670d768a32f8b9fd53879e682405ee16749e6da649f3ba29497d,extrasensory-p2-fold1-seed13-v2_seed13,0.95,0.9500013462211572,70568,0.4352436532448133,0.6045718491004408,0.6931790053702688,720849,mean_binary_certainty,0.2689232375318959
V3-3,P2,1,13,natural_missingness,efb672880ee0ff1680cafed70e33ce265ddcc65e24e6b7c44c7798d6500b08df,grouped_risk_full_compact,55799d64eb4b670d768a32f8b9fd53879e682405ee16749e6da649f3ba29497d,extrasensory-p2-fold1-seed13-v2_seed13,1.0,1.0,74282,0.4434743201797353,0.5955340123603474,0.6842692412750847,756803,mean_binary_certainty,0.0420572040274948
V3-3,P2,1,13,natural_missingness,efb672880ee0ff1680cafed70e33ce265ddcc65e24e6b7c44c7798d6500b08df,grouped_risk_full_compact,55799d64eb4b670d768a32f8b9fd53879e682405ee16749e6da649f3ba29497d,extrasensory-p2-fold1-seed13-v2_seed13,0.05,0.0500121159904149,3715,0.4272627227016416,0.5365020036095315,0.7428068438136106,34399,p2_system_reliability,0.9942522048950196
V3-3,P2,1,13,natural_missingness,efb672880ee0ff1680cafed70e33ce265ddcc65e24e6b7c44c7798d6500b08df,grouped_risk_full_compact,55799d64eb4b670d768a32f8b9fd53879e682405ee16749e6da649f3ba29497d,extrasensory-p2-fold1-seed13-v2_seed13,0.1,0.1000107697692577,7429,0.410906092904438,0.5407790196986764,0.7297591805600959,69869,p2_system_reliability,0.9927303791046144
V3-3,P2,1,13,natural_missingness,efb672880ee0ff1680cafed70e33ce265ddcc65e24e6b7c44c7798d6500b08df,grouped_risk_full_compact,55799d64eb4b670d768a32f8b9fd53879e682405ee16749e6da649f3ba29497d,extrasensory-p2-fold1-seed13-v2_seed13,0.15,0.1500094235481004,11143,0.411290576163361,0.551385331647931,0.7195528324196496,106320,p2_system_reliability,0.9914065599441528
V3-3,P2,1,13,natural_missingness,efb672880ee0ff1680cafed70e33ce265ddcc65e24e6b7c44c7798d6500b08df,grouped_risk_full_compact,55799d64eb4b670d768a32f8b9fd53879e682405ee16749e6da649f3ba29497d,extrasensory-p2-fold1-seed13-v2_seed13,0.2,0.2000080773269432,14857,0.41861660886534,0.5716618107040656,0.7134973741035963,143112,p2_system_reliability,0.990103244781494
V3-3,P2,1,13,natural_missingness,efb672880ee0ff1680cafed70e33ce265ddcc65e24e6b7c44c7798d6500b08df,grouped_risk_full_compact,55799d64eb4b670d768a32f8b9fd53879e682405ee16749e6da649f3ba29497d,extrasensory-p2-fold1-seed13-v2_seed13,0.25,0.2500067311057861,18571,0.4261795891904286,0.5788398086481763,0.70873919028255,180943,p2_system_reliability,0.9887686967849731
V3-3,P2,1,13,natural_missingness,efb672880ee0ff1680cafed70e33ce265ddcc65e24e6b7c44c7798d6500b08df,grouped_risk_full_compact,55799d64eb4b670d768a32f8b9fd53879e682405ee16749e6da649f3ba29497d,extrasensory-p2-fold1-seed13-v2_seed13,0.3,0.3000053848846288,22285,0.4282521682328649,0.5805307286191489,0.7084955782842705,219218,p2_system_reliability,0.987467885017395
V3-3,P2,1,13,natural_missingness,efb672880ee0ff1680cafed70e33ce265ddcc65e24e6b7c44c7798d6500b08df,grouped_risk_full_compact,55799d64eb4b670d768a32f8b9fd53879e682405ee16749e6da649f3ba29497d,extrasensory-p2-fold1-seed13-v2_seed13,0.35,0.3500040386634716,25999,0.4296612039046377,0.587124400063183,0.7070197189750856,257515,p2_system_reliability,0.986109495162964
V3-3,P2,1,13,natural_missingness,efb672880ee0ff1680cafed70e33ce265ddcc65e24e6b7c44c7798d6500b08df,grouped_risk_full_compact,55799d64eb4b670d768a32f8b9fd53879e682405ee16749e6da649f3ba29497d,extrasensory-p2-fold1-seed13-v2_seed13,0.4,0.4000026924423144,29713,0.4334490475092549,0.5925700634637668,0.7045301226493282,296608,p2_system_reliability,0.984694004058838
V3-3,P2,1,13,natural_missingness,efb672880ee0ff1680cafed70e33ce265ddcc65e24e6b7c44c7798d6500b08df,grouped_risk_full_compact,55799d64eb4b670d768a32f8b9fd53879e682405ee16749e6da649f3ba29497d,extrasensory-p2-fold1-seed13-v2_seed13,0.45,0.4500013462211572,33427,0.4360792771138863,0.5950499140372253,0.6997649722941792,334223,p2_system_reliability,0.9830319881439208
V3-3,P2,1,13,natural_missingness,efb672880ee0ff1680cafed70e33ce265ddcc65e24e6b7c44c7798d6500b08df,grouped_risk_full_compact,55799d64eb4b670d768a32f8b9fd53879e682405ee16749e6da649f3ba29497d,extrasensory-p2-fold1-seed13-v2_seed13,0.5,0.5,37141,0.4365834532056634,0.5960307942549,0.6950114198902451,371109,p2_system_reliability,0.9811189770698548
V3-3,P2,1,13,natural_missingness,efb672880ee0ff1680cafed70e33ce265ddcc65e24e6b7c44c7798d6500b08df,grouped_risk_full_compact,55799d64eb4b670d768a32f8b9fd53879e682405ee16749e6da649f3ba29497d,extrasensory-p2-fold1-seed13-v2_seed13,0.55,0.5500121159904149,40856,0.4374916684263428,0.5949431020001641,0.6899661781285231,407818,p2_system_reliability,0.9789540767669678
V3-3,P2,1,13,natural_missingness,efb672880ee0ff1680cafed70e33ce265ddcc65e24e6b7c44c7798d6500b08df,grouped_risk_full_compact,55799d64eb4b670d768a32f8b9fd53879e682405ee16749e6da649f3ba29497d,extrasensory-p2-fold1-seed13-v2_seed13,0.6,0.6000107697692577,44570,0.4403343174881449,0.5947471143726674,0.685326157718849,443651,p2_system_reliability,0.9764406681060792
V3-3,P2,1,13,natural_missingness,efb672880ee0ff1680cafed70e33ce265ddcc65e24e6b7c44c7798d6500b08df,grouped_risk_full_compact,55799d64eb4b670d768a32f8b9fd53879e682405ee16749e6da649f3ba29497d,extrasensory-p2-fold1-seed13-v2_seed13,0.65,0.6500094235481004,48284,0.4429837696901175,0.5944146911014151,0.6815077705022021,480268,p2_system_reliability,0.973726451396942
V3-3,P2,1,13,natural_missingness,efb672880ee0ff1680cafed70e33ce265ddcc65e24e6b7c44c7798d6500b08df,grouped_risk_full_compact,55799d64eb4b670d768a32f8b9fd53879e682405ee16749e6da649f3ba29497d,extrasensory-p2-fold1-seed13-v2_seed13,0.7,0.7000080773269433,51998,0.4441632190727723,0.5963755192212529,0.6793790417264578,517488,p2_system_reliability,0.9703469276428224
V3-3,P2,1,13,natural_missingness,efb672880ee0ff1680cafed70e33ce265ddcc65e24e6b7c44c7798d6500b08df,grouped_risk_full_compact,55799d64eb4b670d768a32f8b9fd53879e682405ee16749e6da649f3ba29497d,extrasensory-p2-fold1-seed13-v2_seed13,0.75,0.7500067311057861,55712,0.4449247871972157,0.5964499797262393,0.6774089232128017,555003,p2_system_reliability,0.9661962985992432
V3-3,P2,1,13,natural_missingness,efb672880ee0ff1680cafed70e33ce265ddcc65e24e6b7c44c7798d6500b08df,grouped_risk_full_compact,55799d64eb4b670d768a32f8b9fd53879e682405ee16749e6da649f3ba29497d,extrasensory-p2-fold1-seed13-v2_seed13,0.8,0.8000053848846288,59426,0.4455577009433985,0.5961787017343892,0.6752137309500675,592442,p2_system_reliability,0.9605535268783568
V3-3,P2,1,13,natural_missingness,efb672880ee0ff1680cafed70e33ce265ddcc65e24e6b7c44c7798d6500b08df,grouped_risk_full_compact,55799d64eb4b670d768a32f8b9fd53879e682405ee16749e6da649f3ba29497d,extrasensory-p2-fold1-seed13-v2_seed13,0.85,0.8500040386634716,63140,0.445359342784016,0.5970134683366496,0.6742020828160016,630579,p2_system_reliability,0.951343834400177
V3-3,P2,1,13,natural_missingness,efb672880ee0ff1680cafed70e33ce265ddcc65e24e6b7c44c7798d6500b08df,grouped_risk_full_compact,55799d64eb4b670d768a32f8b9fd53879e682405ee16749e6da649f3ba29497d,extrasensory-p2-fold1-seed13-v2_seed13,0.9,0.9000026924423145,66854,0.4439888600741893,0.5977309237943221,0.675319339765938,669157,p2_system_reliability,0.92915016412735
V3-3,P2,1,13,natural_missingness,efb672880ee0ff1680cafed70e33ce265ddcc65e24e6b7c44c7798d6500b08df,grouped_risk_full_compact,55799d64eb4b670d768a32f8b9fd53879e682405ee16749e6da649f3ba29497d,extrasensory-p2-fold1-seed13-v2_seed13,0.95,0.9500013462211572,70568,0.4435466095239855,0.5970213304590675,0.6790936009792453,712136,p2_system_reliability,0.8906126618385315
V3-3,P2,1,13,natural_missingness,efb672880ee0ff1680cafed70e33ce265ddcc65e24e6b7c44c7798d6500b08df,grouped_risk_full_compact,55799d64eb4b670d768a32f8b9fd53879e682405ee16749e6da649f3ba29497d,extrasensory-p2-fold1-seed13-v2_seed13,1.0,1.0,74282,0.4434743201797353,0.5955340123603474,0.6842692412750847,756803,p2_system_reliability,0.7833995223045349
V3-3,P2,1,13,natural_missingness,efb672880ee0ff1680cafed70e33ce265ddcc65e24e6b7c44c7798d6500b08df,grouped_risk_full_compact,55799d64eb4b670d768a32f8b9fd53879e682405ee16749e6da649f3ba29497d,extrasensory-p2-fold1-seed13-v2_seed13,0.05,0.0500121159904149,3715,0.3295342951277677,0.3791364764763689,0.9267265066862064,36808,grouped_risk_output_compact,0.4583379615352563
V3-3,P2,1,13,natural_missingness,efb672880ee0ff1680cafed70e33ce265ddcc65e24e6b7c44c7798d6500b08df,grouped_risk_full_compact,55799d64eb4b670d768a32f8b9fd53879e682405ee16749e6da649f3ba29497d,extrasensory-p2-fold1-seed13-v2_seed13,0.1,0.1000107697692577,7429,0.3215197326314202,0.5841586421864274,0.9208306294613888,73257,grouped_risk_output_compact,0.4440589997061828
V3-3,P2,1,13,natural_missingness,efb672880ee0ff1680cafed70e33ce265ddcc65e24e6b7c44c7798d6500b08df,grouped_risk_full_compact,55799d64eb4b670d768a32f8b9fd53879e682405ee16749e6da649f3ba29497d,extrasensory-p2-fold1-seed13-v2_seed13,0.15,0.1500094235481004,11143,0.3176816988643953,0.6615183332865423,0.9022426128525136,109343,grouped_risk_output_compact,0.4326100777233234
V3-3,P2,1,13,natural_missingness,efb672880ee0ff1680cafed70e33ce265ddcc65e24e6b7c44c7798d6500b08df,grouped_risk_full_compact,55799d64eb4b670d768a32f8b9fd53879e682405ee16749e6da649f3ba29497d,extrasensory-p2-fold1-seed13-v2_seed13,0.2,0.2000080773269432,14857,0.3143064836218874,0.6811099790128773,0.8844547336444591,147488,grouped_risk_output_compact,0.4246160742276422
V3-3,P2,1,13,natural_missingness,efb672880ee0ff1680cafed70e33ce265ddcc65e24e6b7c44c7798d6500b08df,grouped_risk_full_compact,55799d64eb4b670d768a32f8b9fd53879e682405ee16749e6da649f3ba29497d,extrasensory-p2-fold1-seed13-v2_seed13,0.25,0.2500067311057861,18571,0.3190313871285701,0.6867880198645445,0.8669431877802746,186346,grouped_risk_output_compact,0.4183758645451347
V3-3,P2,1,13,natural_missingness,efb672880ee0ff1680cafed70e33ce265ddcc65e24e6b7c44c7798d6500b08df,grouped_risk_full_compact,55799d64eb4b670d768a32f8b9fd53879e682405ee16749e6da649f3ba29497d,extrasensory-p2-fold1-seed13-v2_seed13,0.3,0.3000053848846288,22285,0.3277398898782714,0.6847395383828855,0.8506788080843265,225647,grouped_risk_output_compact,0.4133191361832257
V3-3,P2,1,13,natural_missingness,efb672880ee0ff1680cafed70e33ce265ddcc65e24e6b7c44c7798d6500b08df,grouped_risk_full_compact,55799d64eb4b670d768a32f8b9fd53879e682405ee16749e6da649f3ba29497d,extrasensory-p2-fold1-seed13-v2_seed13,0.35,0.3500040386634716,25999,0.3377010543088471,0.6833956634613294,0.8349764804433275,263878,grouped_risk_output_compact,0.408747129800381
V3-3,P2,1,13,natural_missingness,efb672880ee0ff1680cafed70e33ce265ddcc65e24e6b7c44c7798d6500b08df,grouped_risk_full_compact,55799d64eb4b670d768a32f8b9fd53879e682405ee16749e6da649f3ba29497d,extrasensory-p2-fold1-seed13-v2_seed13,0.4,0.4000026924423144,29713,0.3480805457807469,0.6784012104998378,0.8188042909965921,302490,grouped_risk_output_compact,0.40438987476238
V3-3,P2,1,13,natural_missingness,efb672880ee0ff1680cafed70e33ce265ddcc65e24e6b7c44c7798d6500b08df,grouped_risk_full_compact,55799d64eb4b670d768a32f8b9fd53879e682405ee16749e6da649f3ba29497d,extrasensory-p2-fold1-seed13-v2_seed13,0.45,0.4500013462211572,33427,0.3573494075706358,0.6751576356731566,0.803819463970398,340550,grouped_risk_output_compact,0.4003601520025316
V3-3,P2,1,13,natural_missingness,efb672880ee0ff1680cafed70e33ce265ddcc65e24e6b7c44c7798d6500b08df,grouped_risk_full_compact,55799d64eb4b670d768a32f8b9fd53879e682405ee16749e6da649f3ba29497d,extrasensory-p2-fold1-seed13-v2_seed13,0.5,0.5,37141,0.3660942843974163,0.6698693322568113,0.7894272144190956,378778,grouped_risk_output_compact,0.396560606971883
V3-3,P2,1,13,natural_missingness,efb672880ee0ff1680cafed70e33ce265ddcc65e24e6b7c44c7798d6500b08df,grouped_risk_full_compact,55799d64eb4b670d768a32f8b9fd53879e682405ee16749e6da649f3ba29497d,extrasensory-p2-fold1-seed13-v2_seed13,0.55,0.5500121159904149,40856,0.3755950566691927,0.6633854708915389,0.7759704131903242,417402,grouped_risk_output_compact,0.392994213468593
V3-3,P2,1,13,natural_missingness,efb672880ee0ff1680cafed70e33ce265ddcc65e24e6b7c44c7798d6500b08df,grouped_risk_full_compact,55799d64eb4b670d768a32f8b9fd53879e682405ee16749e6da649f3ba29497d,extrasensory-p2-fold1-seed13-v2_seed13,0.6,0.6000107697692577,44570,0.3847262190383292,0.658020203089025,0.7646799901808917,456201,grouped_risk_output_compact,0.3895391287935196
V3-3,P2,1,13,natural_missingness,efb672880ee0ff1680cafed70e33ce265ddcc65e24e6b7c44c7798d6500b08df,grouped_risk_full_compact,55799d64eb4b670d768a32f8b9fd53879e682405ee16749e6da649f3ba29497d,extrasensory-p2-fold1-seed13-v2_seed13,0.65,0.6500094235481004,48284,0.3925127945530929,0.6526323653593827,0.7543913040085524,495078,grouped_risk_output_compact,0.3859190648439247
V3-3,P2,1,13,natural_missingness,efb672880ee0ff1680cafed70e33ce265ddcc65e24e6b7c44c7798d6500b08df,grouped_risk_full_compact,55799d64eb4b670d768a32f8b9fd53879e682405ee16749e6da649f3ba29497d,extrasensory-p2-fold1-seed13-v2_seed13,0.7,0.7000080773269433,51998,0.4007375615893249,0.6466811081178976,0.7446943243292142,533726,grouped_risk_output_compact,0.3821209073051479
V3-3,P2,1,13,natural_missingness,efb672880ee0ff1680cafed70e33ce265ddcc65e24e6b7c44c7798d6500b08df,grouped_risk_full_compact,55799d64eb4b670d768a32f8b9fd53879e682405ee16749e6da649f3ba29497d,extrasensory-p2-fold1-seed13-v2_seed13,0.75,0.7500067311057861,55712,0.4080561186342955,0.6392872475211391,0.733921815889029,571880,grouped_risk_output_compact,0.3776646585793345
V3-3,P2,1,13,natural_missingness,efb672880ee0ff1680cafed70e33ce265ddcc65e24e6b7c44c7798d6500b08df,grouped_risk_full_compact,55799d64eb4b670d768a32f8b9fd53879e682405ee16749e6da649f3ba29497d,extrasensory-p2-fold1-seed13-v2_seed13,0.8,0.8000053848846288,59426,0.4148509933109209,0.6330909217121803,0.7237183549791739,610348,grouped_risk_output_compact,0.3725646292420205
V3-3,P2,1,13,natural_missingness,efb672880ee0ff1680cafed70e33ce265ddcc65e24e6b7c44c7798d6500b08df,grouped_risk_full_compact,55799d64eb4b670d768a32f8b9fd53879e682405ee16749e6da649f3ba29497d,extrasensory-p2-fold1-seed13-v2_seed13,0.85,0.8500040386634716,63140,0.4216067594254775,0.6253833158457195,0.7142509511119552,647887,grouped_risk_output_compact,0.3661041816088863
V3-3,P2,1,13,natural_missingness,efb672880ee0ff1680cafed70e33ce265ddcc65e24e6b7c44c7798d6500b08df,grouped_risk_full_compact,55799d64eb4b670d768a32f8b9fd53879e682405ee16749e6da649f3ba29497d,extrasensory-p2-fold1-seed13-v2_seed13,0.9,0.9000026924423145,66854,0.4281982378710547,0.6167025714313887,0.7048905013303577,685189,grouped_risk_output_compact,0.3580448225105697
V3-3,P2,1,13,natural_missingness,efb672880ee0ff1680cafed70e33ce265ddcc65e24e6b7c44c7798d6500b08df,grouped_risk_full_compact,55799d64eb4b670d768a32f8b9fd53879e682405ee16749e6da649f3ba29497d,extrasensory-p2-fold1-seed13-v2_seed13,0.95,0.9500013462211572,70568,0.4356767330752463,0.6072499052896602,0.6947477843672952,722059,grouped_risk_output_compact,0.3461680852328425
V3-3,P2,1,13,natural_missingness,efb672880ee0ff1680cafed70e33ce265ddcc65e24e6b7c44c7798d6500b08df,grouped_risk_full_compact,55799d64eb4b670d768a32f8b9fd53879e682405ee16749e6da649f3ba29497d,extrasensory-p2-fold1-seed13-v2_seed13,1.0,1.0,74282,0.4434743201797353,0.5955340123603474,0.6842692412750847,756803,grouped_risk_output_compact,0.3018031817838268
V3-3,P2,1,13,natural_missingness,efb672880ee0ff1680cafed70e33ce265ddcc65e24e6b7c44c7798d6500b08df,grouped_risk_full_compact,55799d64eb4b670d768a32f8b9fd53879e682405ee16749e6da649f3ba29497d,extrasensory-p2-fold1-seed13-v2_seed13,0.05,0.0500121159904149,3715,0.3130823615292572,0.5409853053874407,0.9374438546345448,42324,grouped_risk_full_compact,0.466703112535683
V3-3,P2,1,13,natural_missingness,efb672880ee0ff1680cafed70e33ce265ddcc65e24e6b7c44c7798d6500b08df,grouped_risk_full_compact,55799d64eb4b670d768a32f8b9fd53879e682405ee16749e6da649f3ba29497d,extrasensory-p2-fold1-seed13-v2_seed13,0.1,0.1000107697692577,7429,0.3243631004436506,0.6195972403006882,0.9124440306778384,79900,grouped_risk_full_compact,0.4491722258240671
V3-3,P2,1,13,natural_missingness,efb672880ee0ff1680cafed70e33ce265ddcc65e24e6b7c44c7798d6500b08df,grouped_risk_full_compact,55799d64eb4b670d768a32f8b9fd53879e682405ee16749e6da649f3ba29497d,extrasensory-p2-fold1-seed13-v2_seed13,0.15,0.1500094235481004,11143,0.3204755148504382,0.6716730370533797,0.892475780742208,117133,grouped_risk_full_compact,0.4381556940149961
V3-3,P2,1,13,natural_missingness,efb672880ee0ff1680cafed70e33ce265ddcc65e24e6b7c44c7798d6500b08df,grouped_risk_full_compact,55799d64eb4b670d768a32f8b9fd53879e682405ee16749e6da649f3ba29497d,extrasensory-p2-fold1-seed13-v2_seed13,0.2,0.2000080773269432,14857,0.3174709410534955,0.6838131759284912,0.8726881720430107,155286,grouped_risk_full_compact,0.4295051427083264
V3-3,P2,1,13,natural_missingness,efb672880ee0ff1680cafed70e33ce265ddcc65e24e6b7c44c7798d6500b08df,grouped_risk_full_compact,55799d64eb4b670d768a32f8b9fd53879e682405ee16749e6da649f3ba29497d,extrasensory-p2-fold1-seed13-v2_seed13,0.25,0.2500067311057861,18571,0.3191798505796436,0.6898520016879498,0.8560504348841282,193417,grouped_risk_full_compact,0.4223823725713457
V3-3,P2,1,13,natural_missingness,efb672880ee0ff1680cafed70e33ce265ddcc65e24e6b7c44c7798d6500b08df,grouped_risk_full_compact,55799d64eb4b670d768a32f8b9fd53879e682405ee16749e6da649f3ba29497d,extrasensory-p2-fold1-seed13-v2_seed13,0.3,0.3000053848846288,22285,0.3270844529681697,0.686161255790559,0.8391854163245196,231416,grouped_risk_full_compact,0.4162488666820725
V3-3,P2,1,13,natural_missingness,efb672880ee0ff1680cafed70e33ce265ddcc65e24e6b7c44c7798d6500b08df,grouped_risk_full_compact,55799d64eb4b670d768a32f8b9fd53879e682405ee16749e6da649f3ba29497d,extrasensory-p2-fold1-seed13-v2_seed13,0.35,0.3500040386634716,25999,0.3363914566745,0.6852035993569973,0.8227242196061795,269747,grouped_risk_full_compact,0.4108616913407625
V3-3,P2,1,13,natural_missingness,efb672880ee0ff1680cafed70e33ce265ddcc65e24e6b7c44c7798d6500b08df,grouped_risk_full_compact,55799d64eb4b670d768a32f8b9fd53879e682405ee16749e6da649f3ba29497d,extrasensory-p2-fold1-seed13-v2_seed13,0.4,0.4000026924423144,29713,0.3456270592929633,0.6808538403437445,0.8084728280455827,307595,grouped_risk_full_compact,0.4060553615345604
V3-3,P2,1,13,natural_missingness,efb672880ee0ff1680cafed70e33ce265ddcc65e24e6b7c44c7798d6500b08df,grouped_risk_full_compact,55799d64eb4b670d768a32f8b9fd53879e682405ee16749e6da649f3ba29497d,extrasensory-p2-fold1-seed13-v2_seed13,0.45,0.4500013462211572,33427,0.3551558710356916,0.6724073333338925,0.7945779161427202,345789,grouped_risk_full_compact,0.4017552607570452
V3-3,P2,1,13,natural_missingness,efb672880ee0ff1680cafed70e33ce265ddcc65e24e6b7c44c7798d6500b08df,grouped_risk_full_compact,55799d64eb4b670d768a32f8b9fd53879e682405ee16749e6da649f3ba29497d,extrasensory-p2-fold1-seed13-v2_seed13,0.5,0.5,37141,0.3635441583192288,0.668806151671595,0.7831512171280665,384469,grouped_risk_full_compact,0.3975247817940098
V3-3,P2,1,13,natural_missingness,efb672880ee0ff1680cafed70e33ce265ddcc65e24e6b7c44c7798d6500b08df,grouped_risk_full_compact,55799d64eb4b670d768a32f8b9fd53879e682405ee16749e6da649f3ba29497d,extrasensory-p2-fold1-seed13-v2_seed13,0.55,0.5500121159904149,40856,0.371610377241312,0.6657135489792299,0.7720597264734911,421771,grouped_risk_full_compact,0.3934771457237245
V3-3,P2,1,13,natural_missingness,efb672880ee0ff1680cafed70e33ce265ddcc65e24e6b7c44c7798d6500b08df,grouped_risk_full_compact,55799d64eb4b670d768a32f8b9fd53879e682405ee16749e6da649f3ba29497d,extrasensory-p2-fold1-seed13-v2_seed13,0.6,0.6000107697692577,44570,0.3798552571688724,0.6600514826742611,0.7604569720799575,459804,grouped_risk_full_compact,0.3892370333532296
V3-3,P2,1,13,natural_missingness,efb672880ee0ff1680cafed70e33ce265ddcc65e24e6b7c44c7798d6500b08df,grouped_risk_full_compact,55799d64eb4b670d768a32f8b9fd53879e682405ee16749e6da649f3ba29497d,extrasensory-p2-fold1-seed13-v2_seed13,0.65,0.6500094235481004,48284,0.386961387868285,0.6540771359438551,0.7493217705845526,496792,grouped_risk_full_compact,0.3847577619514501
V3-3,P2,1,13,natural_missingness,efb672880ee0ff1680cafed70e33ce265ddcc65e24e6b7c44c7798d6500b08df,grouped_risk_full_compact,55799d64eb4b670d768a32f8b9fd53879e682405ee16749e6da649f3ba29497d,extrasensory-p2-fold1-seed13-v2_seed13,0.7,0.7000080773269433,51998,0.3937262501835877,0.6485031579764363,0.738964934835766,533312,grouped_risk_full_compact,0.3799880574682431
V3-3,P2,1,13,natural_missingness,efb672880ee0ff1680cafed70e33ce265ddcc65e24e6b7c44c7798d6500b08df,grouped_risk_full_compact,55799d64eb4b670d768a32f8b9fd53879e682405ee16749e6da649f3ba29497d,extrasensory-p2-fold1-seed13-v2_seed13,0.75,0.7500067311057861,55712,0.4006069111224033,0.6408850366007983,0.7283747743864659,571140,grouped_risk_full_compact,0.3747831596342711
V3-3,P2,1,13,natural_missingness,efb672880ee0ff1680cafed70e33ce265ddcc65e24e6b7c44c7798d6500b08df,grouped_risk_full_compact,55799d64eb4b670d768a32f8b9fd53879e682405ee16749e6da649f3ba29497d,extrasensory-p2-fold1-seed13-v2_seed13,0.8,0.8000053848846288,59426,0.408440404888742,0.6323423248664232,0.7184694293542668,609363,grouped_risk_full_compact,0.3691390463413644
V3-3,P2,1,13,natural_missingness,efb672880ee0ff1680cafed70e33ce265ddcc65e24e6b7c44c7798d6500b08df,grouped_risk_full_compact,55799d64eb4b670d768a32f8b9fd53879e682405ee16749e6da649f3ba29497d,extrasensory-p2-fold1-seed13-v2_seed13,0.85,0.8500040386634716,63140,0.4163892532921875,0.6244975273632872,0.7102115860624524,648560,grouped_risk_full_compact,0.3630739812100429
V3-3,P2,1,13,natural_missingness,efb672880ee0ff1680cafed70e33ce265ddcc65e24e6b7c44c7798d6500b08df,grouped_risk_full_compact,55799d64eb4b670d768a32f8b9fd53879e682405ee16749e6da649f3ba29497d,extrasensory-p2-fold1-seed13-v2_seed13,0.9,0.9000026924423145,66854,0.4247585671555572,0.6161626151846546,0.7026316602403345,687085,grouped_risk_full_compact,0.3557247611341707
V3-3,P2,1,13,natural_missingness,efb672880ee0ff1680cafed70e33ce265ddcc65e24e6b7c44c7798d6500b08df,grouped_risk_full_compact,55799d64eb4b670d768a32f8b9fd53879e682405ee16749e6da649f3ba29497d,extrasensory-p2-fold1-seed13-v2_seed13,0.95,0.9500013462211572,70568,0.4329493546888867,0.605539292477568,0.6937858534112437,723118,grouped_risk_full_compact,0.343675228294672
V3-3,P2,1,13,natural_missingness,efb672880ee0ff1680cafed70e33ce265ddcc65e24e6b7c44c7798d6500b08df,grouped_risk_full_compact,55799d64eb4b670d768a32f8b9fd53879e682405ee16749e6da649f3ba29497d,extrasensory-p2-fold1-seed13-v2_seed13,1.0,1.0,74282,0.4434743201797353,0.5955340123603474,0.6842692412750847,756803,grouped_risk_full_compact,0.2371754736697459
V3-3,P2,1,13,natural_missingness,efb672880ee0ff1680cafed70e33ce265ddcc65e24e6b7c44c7798d6500b08df,grouped_risk_full_compact,55799d64eb4b670d768a32f8b9fd53879e682405ee16749e6da649f3ba29497d,extrasensory-p2-fold1-seed13-v2_seed13,0.05,0.0500121159904149,3715,0.3130823615292572,0.5409853053874407,0.9374438546345448,42324,grouped_risk_selected,0.466703112535683
V3-3,P2,1,13,natural_missingness,efb672880ee0ff1680cafed70e33ce265ddcc65e24e6b7c44c7798d6500b08df,grouped_risk_full_compact,55799d64eb4b670d768a32f8b9fd53879e682405ee16749e6da649f3ba29497d,extrasensory-p2-fold1-seed13-v2_seed13,0.1,0.1000107697692577,7429,0.3243631004436506,0.6195972403006882,0.9124440306778384,79900,grouped_risk_selected,0.4491722258240671
V3-3,P2,1,13,natural_missingness,efb672880ee0ff1680cafed70e33ce265ddcc65e24e6b7c44c7798d6500b08df,grouped_risk_full_compact,55799d64eb4b670d768a32f8b9fd53879e682405ee16749e6da649f3ba29497d,extrasensory-p2-fold1-seed13-v2_seed13,0.15,0.1500094235481004,11143,0.3204755148504382,0.6716730370533797,0.892475780742208,117133,grouped_risk_selected,0.4381556940149961
V3-3,P2,1,13,natural_missingness,efb672880ee0ff1680cafed70e33ce265ddcc65e24e6b7c44c7798d6500b08df,grouped_risk_full_compact,55799d64eb4b670d768a32f8b9fd53879e682405ee16749e6da649f3ba29497d,extrasensory-p2-fold1-seed13-v2_seed13,0.2,0.2000080773269432,14857,0.3174709410534955,0.6838131759284912,0.8726881720430107,155286,grouped_risk_selected,0.4295051427083264
V3-3,P2,1,13,natural_missingness,efb672880ee0ff1680cafed70e33ce265ddcc65e24e6b7c44c7798d6500b08df,grouped_risk_full_compact,55799d64eb4b670d768a32f8b9fd53879e682405ee16749e6da649f3ba29497d,extrasensory-p2-fold1-seed13-v2_seed13,0.25,0.2500067311057861,18571,0.3191798505796436,0.6898520016879498,0.8560504348841282,193417,grouped_risk_selected,0.4223823725713457
V3-3,P2,1,13,natural_missingness,efb672880ee0ff1680cafed70e33ce265ddcc65e24e6b7c44c7798d6500b08df,grouped_risk_full_compact,55799d64eb4b670d768a32f8b9fd53879e682405ee16749e6da649f3ba29497d,extrasensory-p2-fold1-seed13-v2_seed13,0.3,0.3000053848846288,22285,0.3270844529681697,0.686161255790559,0.8391854163245196,231416,grouped_risk_selected,0.4162488666820725
V3-3,P2,1,13,natural_missingness,efb672880ee0ff1680cafed70e33ce265ddcc65e24e6b7c44c7798d6500b08df,grouped_risk_full_compact,55799d64eb4b670d768a32f8b9fd53879e682405ee16749e6da649f3ba29497d,extrasensory-p2-fold1-seed13-v2_seed13,0.35,0.3500040386634716,25999,0.3363914566745,0.6852035993569973,0.8227242196061795,269747,grouped_risk_selected,0.4108616913407625
V3-3,P2,1,13,natural_missingness,efb672880ee0ff1680cafed70e33ce265ddcc65e24e6b7c44c7798d6500b08df,grouped_risk_full_compact,55799d64eb4b670d768a32f8b9fd53879e682405ee16749e6da649f3ba29497d,extrasensory-p2-fold1-seed13-v2_seed13,0.4,0.4000026924423144,29713,0.3456270592929633,0.6808538403437445,0.8084728280455827,307595,grouped_risk_selected,0.4060553615345604
V3-3,P2,1,13,natural_missingness,efb672880ee0ff1680cafed70e33ce265ddcc65e24e6b7c44c7798d6500b08df,grouped_risk_full_compact,55799d64eb4b670d768a32f8b9fd53879e682405ee16749e6da649f3ba29497d,extrasensory-p2-fold1-seed13-v2_seed13,0.45,0.4500013462211572,33427,0.3551558710356916,0.6724073333338925,0.7945779161427202,345789,grouped_risk_selected,0.4017552607570452
V3-3,P2,1,13,natural_missingness,efb672880ee0ff1680cafed70e33ce265ddcc65e24e6b7c44c7798d6500b08df,grouped_risk_full_compact,55799d64eb4b670d768a32f8b9fd53879e682405ee16749e6da649f3ba29497d,extrasensory-p2-fold1-seed13-v2_seed13,0.5,0.5,37141,0.3635441583192288,0.668806151671595,0.7831512171280665,384469,grouped_risk_selected,0.3975247817940098
V3-3,P2,1,13,natural_missingness,efb672880ee0ff1680cafed70e33ce265ddcc65e24e6b7c44c7798d6500b08df,grouped_risk_full_compact,55799d64eb4b670d768a32f8b9fd53879e682405ee16749e6da649f3ba29497d,extrasensory-p2-fold1-seed13-v2_seed13,0.55,0.5500121159904149,40856,0.371610377241312,0.6657135489792299,0.7720597264734911,421771,grouped_risk_selected,0.3934771457237245
V3-3,P2,1,13,natural_missingness,efb672880ee0ff1680cafed70e33ce265ddcc65e24e6b7c44c7798d6500b08df,grouped_risk_full_compact,55799d64eb4b670d768a32f8b9fd53879e682405ee16749e6da649f3ba29497d,extrasensory-p2-fold1-seed13-v2_seed13,0.6,0.6000107697692577,44570,0.3798552571688724,0.6600514826742611,0.7604569720799575,459804,grouped_risk_selected,0.3892370333532296
V3-3,P2,1,13,natural_missingness,efb672880ee0ff1680cafed70e33ce265ddcc65e24e6b7c44c7798d6500b08df,grouped_risk_full_compact,55799d64eb4b670d768a32f8b9fd53879e682405ee16749e6da649f3ba29497d,extrasensory-p2-fold1-seed13-v2_seed13,0.65,0.6500094235481004,48284,0.386961387868285,0.6540771359438551,0.7493217705845526,496792,grouped_risk_selected,0.3847577619514501
V3-3,P2,1,13,natural_missingness,efb672880ee0ff1680cafed70e33ce265ddcc65e24e6b7c44c7798d6500b08df,grouped_risk_full_compact,55799d64eb4b670d768a32f8b9fd53879e682405ee16749e6da649f3ba29497d,extrasensory-p2-fold1-seed13-v2_seed13,0.7,0.7000080773269433,51998,0.3937262501835877,0.6485031579764363,0.738964934835766,533312,grouped_risk_selected,0.3799880574682431
V3-3,P2,1,13,natural_missingness,efb672880ee0ff1680cafed70e33ce265ddcc65e24e6b7c44c7798d6500b08df,grouped_risk_full_compact,55799d64eb4b670d768a32f8b9fd53879e682405ee16749e6da649f3ba29497d,extrasensory-p2-fold1-seed13-v2_seed13,0.75,0.7500067311057861,55712,0.4006069111224033,0.6408850366007983,0.7283747743864659,571140,grouped_risk_selected,0.3747831596342711
V3-3,P2,1,13,natural_missingness,efb672880ee0ff1680cafed70e33ce265ddcc65e24e6b7c44c7798d6500b08df,grouped_risk_full_compact,55799d64eb4b670d768a32f8b9fd53879e682405ee16749e6da649f3ba29497d,extrasensory-p2-fold1-seed13-v2_seed13,0.8,0.8000053848846288,59426,0.408440404888742,0.6323423248664232,0.7184694293542668,609363,grouped_risk_selected,0.3691390463413644
V3-3,P2,1,13,natural_missingness,efb672880ee0ff1680cafed70e33ce265ddcc65e24e6b7c44c7798d6500b08df,grouped_risk_full_compact,55799d64eb4b670d768a32f8b9fd53879e682405ee16749e6da649f3ba29497d,extrasensory-p2-fold1-seed13-v2_seed13,0.85,0.8500040386634716,63140,0.4163892532921875,0.6244975273632872,0.7102115860624524,648560,grouped_risk_selected,0.3630739812100429
V3-3,P2,1,13,natural_missingness,efb672880ee0ff1680cafed70e33ce265ddcc65e24e6b7c44c7798d6500b08df,grouped_risk_full_compact,55799d64eb4b670d768a32f8b9fd53879e682405ee16749e6da649f3ba29497d,extrasensory-p2-fold1-seed13-v2_seed13,0.9,0.9000026924423145,66854,0.4247585671555572,0.6161626151846546,0.7026316602403345,687085,grouped_risk_selected,0.3557247611341707
V3-3,P2,1,13,natural_missingness,efb672880ee0ff1680cafed70e33ce265ddcc65e24e6b7c44c7798d6500b08df,grouped_risk_full_compact,55799d64eb4b670d768a32f8b9fd53879e682405ee16749e6da649f3ba29497d,extrasensory-p2-fold1-seed13-v2_seed13,0.95,0.9500013462211572,70568,0.4329493546888867,0.605539292477568,0.6937858534112437,723118,grouped_risk_selected,0.343675228294672
V3-3,P2,1,13,natural_missingness,efb672880ee0ff1680cafed70e33ce265ddcc65e24e6b7c44c7798d6500b08df,grouped_risk_full_compact,55799d64eb4b670d768a32f8b9fd53879e682405ee16749e6da649f3ba29497d,extrasensory-p2-fold1-seed13-v2_seed13,1.0,1.0,74282,0.4434743201797353,0.5955340123603474,0.6842692412750847,756803,grouped_risk_selected,0.2371754736697459
V3-3,P2,1,29,natural_missingness,efb672880ee0ff1680cafed70e33ce265ddcc65e24e6b7c44c7798d6500b08df,grouped_risk_full_compact,f52c8661a0b6d6269cb249637d65fbdd91d0f67599b6461a875df807a2fb997e,extrasensory-p2-fold1-seed29-v2_multiseed,0.05,0.0500121159904149,3715,0.4869518259406057,0.5096489912592166,0.8865777080062794,37985,mean_binary_certainty,0.9413269272955744
V3-3,P2,1,29,natural_missingness,efb672880ee0ff1680cafed70e33ce265ddcc65e24e6b7c44c7798d6500b08df,grouped_risk_full_compact,f52c8661a0b6d6269cb249637d65fbdd91d0f67599b6461a875df807a2fb997e,extrasensory-p2-fold1-seed29-v2_multiseed,0.1,0.1000107697692577,7429,0.395827016613142,0.4426009002002213,0.8915063281878703,75416,mean_binary_certainty,0.9140281275847212
V3-3,P2,1,29,natural_missingness,efb672880ee0ff1680cafed70e33ce265ddcc65e24e6b7c44c7798d6500b08df,grouped_risk_full_compact,f52c8661a0b6d6269cb249637d65fbdd91d0f67599b6461a875df807a2fb997e,extrasensory-p2-fold1-seed29-v2_multiseed,0.15,0.1500094235481004,11143,0.3522261339627509,0.4816918217914417,0.895279607081379,116879,mean_binary_certainty,0.8614616447902647
V3-3,P2,1,29,natural_missingness,efb672880ee0ff1680cafed70e33ce265ddcc65e24e6b7c44c7798d6500b08df,grouped_risk_full_compact,f52c8661a0b6d6269cb249637d65fbdd91d0f67599b6461a875df807a2fb997e,extrasensory-p2-fold1-seed29-v2_multiseed,0.2,0.2000080773269432,14857,0.3365986767522422,0.6074376734105684,0.8908495024580236,156496,mean_binary_certainty,0.789287249807584
V3-3,P2,1,29,natural_missingness,efb672880ee0ff1680cafed70e33ce265ddcc65e24e6b7c44c7798d6500b08df,grouped_risk_full_compact,f52c8661a0b6d6269cb249637d65fbdd91d0f67599b6461a875df807a2fb997e,extrasensory-p2-fold1-seed29-v2_multiseed,0.25,0.2500067311057861,18571,0.332912074103587,0.6848583255949645,0.8768792145491344,193270,mean_binary_certainty,0.7255662272532457
V3-3,P2,1,29,natural_missingness,efb672880ee0ff1680cafed70e33ce265ddcc65e24e6b7c44c7798d6500b08df,grouped_risk_full_compact,f52c8661a0b6d6269cb249637d65fbdd91d0f67599b6461a875df807a2fb997e,extrasensory-p2-fold1-seed29-v2_multiseed,0.3,0.3000053848846288,22285,0.3383858809368267,0.6996038350903349,0.857611776993087,228916,mean_binary_certainty,0.6782197170301814
V3-3,P2,1,29,natural_missingness,efb672880ee0ff1680cafed70e33ce265ddcc65e24e6b7c44c7798d6500b08df,grouped_risk_full_compact,f52c8661a0b6d6269cb249637d65fbdd91d0f67599b6461a875df807a2fb997e,extrasensory-p2-fold1-seed29-v2_multiseed,0.35,0.3500040386634716,25999,0.3462668703715197,0.6980191129115013,0.8376825438177529,265212,mean_binary_certainty,0.6376008304174616
V3-3,P2,1,29,natural_missingness,efb672880ee0ff1680cafed70e33ce265ddcc65e24e6b7c44c7798d6500b08df,grouped_risk_full_compact,f52c8661a0b6d6269cb249637d65fbdd91d0f67599b6461a875df807a2fb997e,extrasensory-p2-fold1-seed29-v2_multiseed,0.4,0.4000026924423144,29713,0.3565764909017931,0.6921868709571785,0.8179077227697312,302108,mean_binary_certainty,0.6024220247521186
V3-3,P2,1,29,natural_missingness,efb672880ee0ff1680cafed70e33ce265ddcc65e24e6b7c44c7798d6500b08df,grouped_risk_full_compact,f52c8661a0b6d6269cb249637d65fbdd91d0f67599b6461a875df807a2fb997e,extrasensory-p2-fold1-seed29-v2_multiseed,0.45,0.4500013462211572,33427,0.3644894362348341,0.6836481582845783,0.7990010612282563,339529,mean_binary_certainty,0.573295980438183
V3-3,P2,1,29,natural_missingness,efb672880ee0ff1680cafed70e33ce265ddcc65e24e6b7c44c7798d6500b08df,grouped_risk_full_compact,f52c8661a0b6d6269cb249637d65fbdd91d0f67599b6461a875df807a2fb997e,extrasensory-p2-fold1-seed29-v2_multiseed,0.5,0.5,37141,0.3701041538923598,0.6741195217003391,0.7819963930055673,376805,mean_binary_certainty,0.5457039577441215
V3-3,P2,1,29,natural_missingness,efb672880ee0ff1680cafed70e33ce265ddcc65e24e6b7c44c7798d6500b08df,grouped_risk_full_compact,f52c8661a0b6d6269cb249637d65fbdd91d0f67599b6461a875df807a2fb997e,extrasensory-p2-fold1-seed29-v2_multiseed,0.55,0.5500121159904149,40856,0.3754641214377606,0.6645842749071573,0.7665456349869029,414757,mean_binary_certainty,0.5190000126309785
V3-3,P2,1,29,natural_missingness,efb672880ee0ff1680cafed70e33ce265ddcc65e24e6b7c44c7798d6500b08df,grouped_risk_full_compact,f52c8661a0b6d6269cb249637d65fbdd91d0f67599b6461a875df807a2fb997e,extrasensory-p2-fold1-seed29-v2_multiseed,0.6,0.6000107697692577,44570,0.3815973810922032,0.656577793992379,0.7532283278378414,452911,mean_binary_certainty,0.4933411034634219
V3-3,P2,1,29,natural_missingness,efb672880ee0ff1680cafed70e33ce265ddcc65e24e6b7c44c7798d6500b08df,grouped_risk_full_compact,f52c8661a0b6d6269cb249637d65fbdd91d0f67599b6461a875df807a2fb997e,extrasensory-p2-fold1-seed29-v2_multiseed,0.65,0.6500094235481004,48284,0.3872363724342541,0.6486660488673479,0.7409653635255069,491305,mean_binary_certainty,0.4673952380399283
V3-3,P2,1,29,natural_missingness,efb672880ee0ff1680cafed70e33ce265ddcc65e24e6b7c44c7798d6500b08df,grouped_risk_full_compact,f52c8661a0b6d6269cb249637d65fbdd91d0f67599b6461a875df807a2fb997e,extrasensory-p2-fold1-seed29-v2_multiseed,0.7,0.7000080773269433,51998,0.3935919286121059,0.6409508637091664,0.7295934977603646,529236,mean_binary_certainty,0.4421518216445551
V3-3,P2,1,29,natural_missingness,efb672880ee0ff1680cafed70e33ce265ddcc65e24e6b7c44c7798d6500b08df,grouped_risk_full_compact,f52c8661a0b6d6269cb249637d65fbdd91d0f67599b6461a875df807a2fb997e,extrasensory-p2-fold1-seed29-v2_multiseed,0.75,0.7500067311057861,55712,0.4012434751049299,0.6327295191418282,0.7191765074720452,567324,mean_binary_certainty,0.414636301384553
V3-3,P2,1,29,natural_missingness,efb672880ee0ff1680cafed70e33ce265ddcc65e24e6b7c44c7798d6500b08df,grouped_risk_full_compact,f52c8661a0b6d6269cb249637d65fbdd91d0f67599b6461a875df807a2fb997e,extrasensory-p2-fold1-seed29-v2_multiseed,0.8,0.8000053848846288,59426,0.408515527258834,0.6247662530691298,0.7094921559955252,605251,mean_binary_certainty,0.3843454667914241
V3-3,P2,1,29,natural_missingness,efb672880ee0ff1680cafed70e33ce265ddcc65e24e6b7c44c7798d6500b08df,grouped_risk_full_compact,f52c8661a0b6d6269cb249637d65fbdd91d0f67599b6461a875df807a2fb997e,extrasensory-p2-fold1-seed29-v2_multiseed,0.85,0.8500040386634716,63140,0.4159840006505248,0.6166427970457231,0.6993926293516813,643768,mean_binary_certainty,0.3525578233496793
V3-3,P2,1,29,natural_missingness,efb672880ee0ff1680cafed70e33ce265ddcc65e24e6b7c44c7798d6500b08df,grouped_risk_full_compact,f52c8661a0b6d6269cb249637d65fbdd91d0f67599b6461a875df807a2fb997e,extrasensory-p2-fold1-seed29-v2_multiseed,0.9,0.9000026924423145,66854,0.4233878717354515,0.6078180676252258,0.6890421885318779,682236,mean_binary_certainty,0.313714727905902
V3-3,P2,1,29,natural_missingness,efb672880ee0ff1680cafed70e33ce265ddcc65e24e6b7c44c7798d6500b08df,grouped_risk_full_compact,f52c8661a0b6d6269cb249637d65fbdd91d0f67599b6461a875df807a2fb997e,extrasensory-p2-fold1-seed29-v2_multiseed,0.95,0.9500013462211572,70568,0.4312683866456365,0.5992173801823808,0.679425065033936,720799,mean_binary_certainty,0.2551477881671081
V3-3,P2,1,29,natural_missingness,efb672880ee0ff1680cafed70e33ce265ddcc65e24e6b7c44c7798d6500b08df,grouped_risk_full_compact,f52c8661a0b6d6269cb249637d65fbdd91d0f67599b6461a875df807a2fb997e,extrasensory-p2-fold1-seed29-v2_multiseed,1.0,1.0,74282,0.4418665989971377,0.5897960850388606,0.6703722119619264,756803,mean_binary_certainty,0.028949374138106
V3-3,P2,1,29,natural_missingness,efb672880ee0ff1680cafed70e33ce265ddcc65e24e6b7c44c7798d6500b08df,grouped_risk_full_compact,f52c8661a0b6d6269cb249637d65fbdd91d0f67599b6461a875df807a2fb997e,extrasensory-p2-fold1-seed29-v2_multiseed,0.05,0.0500121159904149,3715,0.4234913346576884,0.5579437364179516,0.5635913166588014,37767,p2_system_reliability,0.9955055713653564
V3-3,P2,1,29,natural_missingness,efb672880ee0ff1680cafed70e33ce265ddcc65e24e6b7c44c7798d6500b08df,grouped_risk_full_compact,f52c8661a0b6d6269cb249637d65fbdd91d0f67599b6461a875df807a2fb997e,extrasensory-p2-fold1-seed29-v2_multiseed,0.1,0.1000107697692577,7429,0.4012484632735569,0.5958801540679395,0.6032861787189175,75258,p2_system_reliability,0.9938597679138184
V3-3,P2,1,29,natural_missingness,efb672880ee0ff1680cafed70e33ce265ddcc65e24e6b7c44c7798d6500b08df,grouped_risk_full_compact,f52c8661a0b6d6269cb249637d65fbdd91d0f67599b6461a875df807a2fb997e,extrasensory-p2-fold1-seed29-v2_multiseed,0.15,0.1500094235481004,11143,0.4059055119271894,0.6007510050384021,0.6164891153311718,112866,p2_system_reliability,0.992363691329956
V3-3,P2,1,29,natural_missingness,efb672880ee0ff1680cafed70e33ce265ddcc65e24e6b7c44c7798d6500b08df,grouped_risk_full_compact,f52c8661a0b6d6269cb249637d65fbdd91d0f67599b6461a875df807a2fb997e,extrasensory-p2-fold1-seed29-v2_multiseed,0.2,0.2000080773269432,14857,0.4186477600409339,0.6020752014478149,0.6177782928666627,148260,p2_system_reliability,0.9908709526062012
V3-3,P2,1,29,natural_missingness,efb672880ee0ff1680cafed70e33ce265ddcc65e24e6b7c44c7798d6500b08df,grouped_risk_full_compact,f52c8661a0b6d6269cb249637d65fbdd91d0f67599b6461a875df807a2fb997e,extrasensory-p2-fold1-seed29-v2_multiseed,0.25,0.2500067311057861,18571,0.4253729556855048,0.6008531218833598,0.62,183865,p2_system_reliability,0.9893977046012878
V3-3,P2,1,29,natural_missingness,efb672880ee0ff1680cafed70e33ce265ddcc65e24e6b7c44c7798d6500b08df,grouped_risk_full_compact,f52c8661a0b6d6269cb249637d65fbdd91d0f67599b6461a875df807a2fb997e,extrasensory-p2-fold1-seed29-v2_multiseed,0.3,0.3000053848846288,22285,0.4257559381764599,0.6036930961590864,0.6262174707046112,220351,p2_system_reliability,0.9878327250480652
V3-3,P2,1,29,natural_missingness,efb672880ee0ff1680cafed70e33ce265ddcc65e24e6b7c44c7798d6500b08df,grouped_risk_full_compact,f52c8661a0b6d6269cb249637d65fbdd91d0f67599b6461a875df807a2fb997e,extrasensory-p2-fold1-seed29-v2_multiseed,0.35,0.3500040386634716,25999,0.4248819568054035,0.6051885598628829,0.6336167408669378,256704,p2_system_reliability,0.9862452745437622
V3-3,P2,1,29,natural_missingness,efb672880ee0ff1680cafed70e33ce265ddcc65e24e6b7c44c7798d6500b08df,grouped_risk_full_compact,f52c8661a0b6d6269cb249637d65fbdd91d0f67599b6461a875df807a2fb997e,extrasensory-p2-fold1-seed29-v2_multiseed,0.4,0.4000026924423144,29713,0.4257367672543036,0.6052519161653901,0.6401014132380495,293037,p2_system_reliability,0.984643816947937
V3-3,P2,1,29,natural_missingness,efb672880ee0ff1680cafed70e33ce265ddcc65e24e6b7c44c7798d6500b08df,grouped_risk_full_compact,f52c8661a0b6d6269cb249637d65fbdd91d0f67599b6461a875df807a2fb997e,extrasensory-p2-fold1-seed29-v2_multiseed,0.45,0.4500013462211572,33427,0.4290082478361149,0.6057039242445615,0.6464527234722734,329625,p2_system_reliability,0.98301899433136
V3-3,P2,1,29,natural_missingness,efb672880ee0ff1680cafed70e33ce265ddcc65e24e6b7c44c7798d6500b08df,grouped_risk_full_compact,f52c8661a0b6d6269cb249637d65fbdd91d0f67599b6461a875df807a2fb997e,extrasensory-p2-fold1-seed29-v2_multiseed,0.5,0.5,37141,0.431813888698537,0.6068438725445572,0.651831395028992,366008,p2_system_reliability,0.9811591506004332
V3-3,P2,1,29,natural_missingness,efb672880ee0ff1680cafed70e33ce265ddcc65e24e6b7c44c7798d6500b08df,grouped_risk_full_compact,f52c8661a0b6d6269cb249637d65fbdd91d0f67599b6461a875df807a2fb997e,extrasensory-p2-fold1-seed29-v2_multiseed,0.55,0.5500121159904149,40856,0.4317620227393412,0.6065226449065854,0.6557437243528356,402753,p2_system_reliability,0.9789415597915648
V3-3,P2,1,29,natural_missingness,efb672880ee0ff1680cafed70e33ce265ddcc65e24e6b7c44c7798d6500b08df,grouped_risk_full_compact,f52c8661a0b6d6269cb249637d65fbdd91d0f67599b6461a875df807a2fb997e,extrasensory-p2-fold1-seed29-v2_multiseed,0.6,0.6000107697692577,44570,0.4324226375494804,0.60609880525366,0.6572794515605268,440293,p2_system_reliability,0.9762032628059388
V3-3,P2,1,29,natural_missingness,efb672880ee0ff1680cafed70e33ce265ddcc65e24e6b7c44c7798d6500b08df,grouped_risk_full_compact,f52c8661a0b6d6269cb249637d65fbdd91d0f67599b6461a875df807a2fb997e,extrasensory-p2-fold1-seed29-v2_multiseed,0.65,0.6500094235481004,48284,0.4320095588660242,0.6047747148488312,0.6592687085361373,478261,p2_system_reliability,0.9728968739509584
V3-3,P2,1,29,natural_missingness,efb672880ee0ff1680cafed70e33ce265ddcc65e24e6b7c44c7798d6500b08df,grouped_risk_full_compact,f52c8661a0b6d6269cb249637d65fbdd91d0f67599b6461a875df807a2fb997e,extrasensory-p2-fold1-seed29-v2_multiseed,0.7,0.7000080773269433,51998,0.4321722788442282,0.6036705680627649,0.6604357344847508,516846,p2_system_reliability,0.968725085258484
V3-3,P2,1,29,natural_missingness,efb672880ee0ff1680cafed70e33ce265ddcc65e24e6b7c44c7798d6500b08df,grouped_risk_full_compact,f52c8661a0b6d6269cb249637d65fbdd91d0f67599b6461a875df807a2fb997e,extrasensory-p2-fold1-seed29-v2_multiseed,0.75,0.7500067311057861,55712,0.4324028390787811,0.602543464662808,0.6616160725931828,554901,p2_system_reliability,0.9632661938667296
V3-3,P2,1,29,natural_missingness,efb672880ee0ff1680cafed70e33ce265ddcc65e24e6b7c44c7798d6500b08df,grouped_risk_full_compact,f52c8661a0b6d6269cb249637d65fbdd91d0f67599b6461a875df807a2fb997e,extrasensory-p2-fold1-seed29-v2_multiseed,0.8,0.8000053848846288,59426,0.4340483506962455,0.6008922155069878,0.6623702535803443,592545,p2_system_reliability,0.9556609392166138
V3-3,P2,1,29,natural_missingness,efb672880ee0ff1680cafed70e33ce265ddcc65e24e6b7c44c7798d6500b08df,grouped_risk_full_compact,f52c8661a0b6d6269cb249637d65fbdd91d0f67599b6461a875df807a2fb997e,extrasensory-p2-fold1-seed29-v2_multiseed,0.85,0.8500040386634716,63140,0.4364308349115131,0.5986531875157215,0.6636341901509903,630296,p2_system_reliability,0.9465326070785522
V3-3,P2,1,29,natural_missingness,efb672880ee0ff1680cafed70e33ce265ddcc65e24e6b7c44c7798d6500b08df,grouped_risk_full_compact,f52c8661a0b6d6269cb249637d65fbdd91d0f67599b6461a875df807a2fb997e,extrasensory-p2-fold1-seed29-v2_multiseed,0.9,0.9000026924423145,66854,0.4393995882770329,0.5958707690423277,0.6649412655874302,669391,p2_system_reliability,0.9351643323898317
V3-3,P2,1,29,natural_missingness,efb672880ee0ff1680cafed70e33ce265ddcc65e24e6b7c44c7798d6500b08df,grouped_risk_full_compact,f52c8661a0b6d6269cb249637d65fbdd91d0f67599b6461a875df807a2fb997e,extrasensory-p2-fold1-seed29-v2_multiseed,0.95,0.9500013462211572,70568,0.4440411819000993,0.5927995278331463,0.6659324087787801,710407,p2_system_reliability,0.9118347764015198
V3-3,P2,1,29,natural_missingness,efb672880ee0ff1680cafed70e33ce265ddcc65e24e6b7c44c7798d6500b08df,grouped_risk_full_compact,f52c8661a0b6d6269cb249637d65fbdd91d0f67599b6461a875df807a2fb997e,extrasensory-p2-fold1-seed29-v2_multiseed,1.0,1.0,74282,0.4418665989971377,0.5897960850388606,0.6703722119619264,756803,p2_system_reliability,0.7879309058189392
V3-3,P2,1,29,natural_missingness,efb672880ee0ff1680cafed70e33ce265ddcc65e24e6b7c44c7798d6500b08df,grouped_risk_full_compact,f52c8661a0b6d6269cb249637d65fbdd91d0f67599b6461a875df807a2fb997e,extrasensory-p2-fold1-seed29-v2_multiseed,0.05,0.0500121159904149,3715,0.3157242367185737,0.6005227758206808,0.9116666666666666,35439,grouped_risk_output_compact,0.4417983738884039
V3-3,P2,1,29,natural_missingness,efb672880ee0ff1680cafed70e33ce265ddcc65e24e6b7c44c7798d6500b08df,grouped_risk_full_compact,f52c8661a0b6d6269cb249637d65fbdd91d0f67599b6461a875df807a2fb997e,extrasensory-p2-fold1-seed29-v2_multiseed,0.1,0.1000107697692577,7429,0.3062548357045862,0.6496652078987543,0.8904133509616584,72554,grouped_risk_output_compact,0.4299325147711175
V3-3,P2,1,29,natural_missingness,efb672880ee0ff1680cafed70e33ce265ddcc65e24e6b7c44c7798d6500b08df,grouped_risk_full_compact,f52c8661a0b6d6269cb249637d65fbdd91d0f67599b6461a875df807a2fb997e,extrasensory-p2-fold1-seed29-v2_multiseed,0.15,0.1500094235481004,11143,0.3129638387589697,0.680093750099159,0.8676217184174072,110720,grouped_risk_output_compact,0.4231665323776858
V3-3,P2,1,29,natural_missingness,efb672880ee0ff1680cafed70e33ce265ddcc65e24e6b7c44c7798d6500b08df,grouped_risk_full_compact,f52c8661a0b6d6269cb249637d65fbdd91d0f67599b6461a875df807a2fb997e,extrasensory-p2-fold1-seed29-v2_multiseed,0.2,0.2000080773269432,14857,0.3231937018937438,0.6861464216848436,0.8478205324748327,148541,grouped_risk_output_compact,0.417896445728283
V3-3,P2,1,29,natural_missingness,efb672880ee0ff1680cafed70e33ce265ddcc65e24e6b7c44c7798d6500b08df,grouped_risk_full_compact,f52c8661a0b6d6269cb249637d65fbdd91d0f67599b6461a875df807a2fb997e,extrasensory-p2-fold1-seed29-v2_multiseed,0.25,0.2500067311057861,18571,0.3317017454593315,0.6918272147726402,0.8320741969166513,187095,grouped_risk_output_compact,0.4135476624768872
V3-3,P2,1,29,natural_missingness,efb672880ee0ff1680cafed70e33ce265ddcc65e24e6b7c44c7798d6500b08df,grouped_risk_full_compact,f52c8661a0b6d6269cb249637d65fbdd91d0f67599b6461a875df807a2fb997e,extrasensory-p2-fold1-seed29-v2_multiseed,0.3,0.3000053848846288,22285,0.3406462415380031,0.6911436387411652,0.8178633826224059,225540,grouped_risk_output_compact,0.4097081508808822
V3-3,P2,1,29,natural_missingness,efb672880ee0ff1680cafed70e33ce265ddcc65e24e6b7c44c7798d6500b08df,grouped_risk_full_compact,f52c8661a0b6d6269cb249637d65fbdd91d0f67599b6461a875df807a2fb997e,extrasensory-p2-fold1-seed29-v2_multiseed,0.35,0.3500040386634716,25999,0.350518761774398,0.6852940634361647,0.8048207880078159,264400,grouped_risk_output_compact,0.4061607983215523
V3-3,P2,1,29,natural_missingness,efb672880ee0ff1680cafed70e33ce265ddcc65e24e6b7c44c7798d6500b08df,grouped_risk_full_compact,f52c8661a0b6d6269cb249637d65fbdd91d0f67599b6461a875df807a2fb997e,extrasensory-p2-fold1-seed29-v2_multiseed,0.4,0.4000026924423144,29713,0.355367356402848,0.6807680091253532,0.7935331933040545,303524,grouped_risk_output_compact,0.4025527213500081
V3-3,P2,1,29,natural_missingness,efb672880ee0ff1680cafed70e33ce265ddcc65e24e6b7c44c7798d6500b08df,grouped_risk_full_compact,f52c8661a0b6d6269cb249637d65fbdd91d0f67599b6461a875df807a2fb997e,extrasensory-p2-fold1-seed29-v2_multiseed,0.45,0.4500013462211572,33427,0.3628262219701164,0.675338746911217,0.7815017269351,342345,grouped_risk_output_compact,0.3991094455315035
V3-3,P2,1,29,natural_missingness,efb672880ee0ff1680cafed70e33ce265ddcc65e24e6b7c44c7798d6500b08df,grouped_risk_full_compact,f52c8661a0b6d6269cb249637d65fbdd91d0f67599b6461a875df807a2fb997e,extrasensory-p2-fold1-seed29-v2_multiseed,0.5,0.5,37141,0.3684176946475486,0.670193825894342,0.7703359498922194,381053,grouped_risk_output_compact,0.3958105377978946
V3-3,P2,1,29,natural_missingness,efb672880ee0ff1680cafed70e33ce265ddcc65e24e6b7c44c7798d6500b08df,grouped_risk_full_compact,f52c8661a0b6d6269cb249637d65fbdd91d0f67599b6461a875df807a2fb997e,extrasensory-p2-fold1-seed29-v2_multiseed,0.55,0.5500121159904149,40856,0.3749419668840037,0.6641645260841584,0.7601584261032917,419004,grouped_risk_output_compact,0.3926846334687124
V3-3,P2,1,29,natural_missingness,efb672880ee0ff1680cafed70e33ce265ddcc65e24e6b7c44c7798d6500b08df,grouped_risk_full_compact,f52c8661a0b6d6269cb249637d65fbdd91d0f67599b6461a875df807a2fb997e,extrasensory-p2-fold1-seed29-v2_multiseed,0.6,0.6000107697692577,44570,0.3826849492442091,0.6568519343785421,0.7503300939547166,456396,grouped_risk_output_compact,0.3894320475255726
V3-3,P2,1,29,natural_missingness,efb672880ee0ff1680cafed70e33ce265ddcc65e24e6b7c44c7798d6500b08df,grouped_risk_full_compact,f52c8661a0b6d6269cb249637d65fbdd91d0f67599b6461a875df807a2fb997e,extrasensory-p2-fold1-seed29-v2_multiseed,0.65,0.6500094235481004,48284,0.3927739313262834,0.650068368817272,0.7403243937690702,494397,grouped_risk_output_compact,0.3861212299755409
V3-3,P2,1,29,natural_missingness,efb672880ee0ff1680cafed70e33ce265ddcc65e24e6b7c44c7798d6500b08df,grouped_risk_full_compact,f52c8661a0b6d6269cb249637d65fbdd91d0f67599b6461a875df807a2fb997e,extrasensory-p2-fold1-seed29-v2_multiseed,0.7,0.7000080773269433,51998,0.4005298933527891,0.6416864597010516,0.7295088810881647,532768,grouped_risk_output_compact,0.3823553150731532
V3-3,P2,1,29,natural_missingness,efb672880ee0ff1680cafed70e33ce265ddcc65e24e6b7c44c7798d6500b08df,grouped_risk_full_compact,f52c8661a0b6d6269cb249637d65fbdd91d0f67599b6461a875df807a2fb997e,extrasensory-p2-fold1-seed29-v2_multiseed,0.75,0.7500067311057861,55712,0.4068769571575663,0.6347445194543803,0.7190097725153076,571205,grouped_risk_output_compact,0.378139439112995
V3-3,P2,1,29,natural_missingness,efb672880ee0ff1680cafed70e33ce265ddcc65e24e6b7c44c7798d6500b08df,grouped_risk_full_compact,f52c8661a0b6d6269cb249637d65fbdd91d0f67599b6461a875df807a2fb997e,extrasensory-p2-fold1-seed29-v2_multiseed,0.8,0.8000053848846288,59426,0.4122958649207489,0.6283853725603962,0.7094447447191168,609790,grouped_risk_output_compact,0.3733036037679648
V3-3,P2,1,29,natural_missingness,efb672880ee0ff1680cafed70e33ce265ddcc65e24e6b7c44c7798d6500b08df,grouped_risk_full_compact,f52c8661a0b6d6269cb249637d65fbdd91d0f67599b6461a875df807a2fb997e,extrasensory-p2-fold1-seed29-v2_multiseed,0.85,0.8500040386634716,63140,0.4181797834172114,0.6218953786770033,0.7002108656794545,646971,grouped_risk_output_compact,0.3675864290404769
V3-3,P2,1,29,natural_missingness,efb672880ee0ff1680cafed70e33ce265ddcc65e24e6b7c44c7798d6500b08df,grouped_risk_full_compact,f52c8661a0b6d6269cb249637d65fbdd91d0f67599b6461a875df807a2fb997e,extrasensory-p2-fold1-seed29-v2_multiseed,0.9,0.9000026924423145,66854,0.4253437990667645,0.6128210232501625,0.6908548204860115,684113,grouped_risk_output_compact,0.3600130631915295
V3-3,P2,1,29,natural_missingness,efb672880ee0ff1680cafed70e33ce265ddcc65e24e6b7c44c7798d6500b08df,grouped_risk_full_compact,f52c8661a0b6d6269cb249637d65fbdd91d0f67599b6461a875df807a2fb997e,extrasensory-p2-fold1-seed29-v2_multiseed,0.95,0.9500013462211572,70568,0.4332874947432706,0.6027661492316465,0.6807592292608066,721080,grouped_risk_output_compact,0.349072750747702
V3-3,P2,1,29,natural_missingness,efb672880ee0ff1680cafed70e33ce265ddcc65e24e6b7c44c7798d6500b08df,grouped_risk_full_compact,f52c8661a0b6d6269cb249637d65fbdd91d0f67599b6461a875df807a2fb997e,extrasensory-p2-fold1-seed29-v2_multiseed,1.0,1.0,74282,0.4418665989971377,0.5897960850388606,0.6703722119619264,756803,grouped_risk_output_compact,0.3016572148317894
V3-3,P2,1,29,natural_missingness,efb672880ee0ff1680cafed70e33ce265ddcc65e24e6b7c44c7798d6500b08df,grouped_risk_full_compact,f52c8661a0b6d6269cb249637d65fbdd91d0f67599b6461a875df807a2fb997e,extrasensory-p2-fold1-seed29-v2_multiseed,0.05,0.0500121159904149,3715,0.4142463515760508,0.5190205327892466,0.8364433704747841,37592,grouped_risk_full_compact,0.4550812156320821
V3-3,P2,1,29,natural_missingness,efb672880ee0ff1680cafed70e33ce265ddcc65e24e6b7c44c7798d6500b08df,grouped_risk_full_compact,f52c8661a0b6d6269cb249637d65fbdd91d0f67599b6461a875df807a2fb997e,extrasensory-p2-fold1-seed29-v2_multiseed,0.1,0.1000107697692577,7429,0.3862323121162714,0.610827756913291,0.815850170679952,76283,grouped_risk_full_compact,0.4406648270009962
V3-3,P2,1,29,natural_missingness,efb672880ee0ff1680cafed70e33ce265ddcc65e24e6b7c44c7798d6500b08df,grouped_risk_full_compact,f52c8661a0b6d6269cb249637d65fbdd91d0f67599b6461a875df807a2fb997e,extrasensory-p2-fold1-seed29-v2_multiseed,0.15,0.1500094235481004,11143,0.3729711364397378,0.6400915330989623,0.806165328650276,114785,grouped_risk_full_compact,0.4323058344561706
V3-3,P2,1,29,natural_missingness,efb672880ee0ff1680cafed70e33ce265ddcc65e24e6b7c44c7798d6500b08df,grouped_risk_full_compact,f52c8661a0b6d6269cb249637d65fbdd91d0f67599b6461a875df807a2fb997e,extrasensory-p2-fold1-seed29-v2_multiseed,0.2,0.2000080773269432,14857,0.3643280824636325,0.6504821337376011,0.8000903492712618,153228,grouped_risk_full_compact,0.4260591573681309
V3-3,P2,1,29,natural_missingness,efb672880ee0ff1680cafed70e33ce265ddcc65e24e6b7c44c7798d6500b08df,grouped_risk_full_compact,f52c8661a0b6d6269cb249637d65fbdd91d0f67599b6461a875df807a2fb997e,extrasensory-p2-fold1-seed29-v2_multiseed,0.25,0.2500067311057861,18571,0.3577643415090455,0.6572379331737932,0.7952214842070053,192812,grouped_risk_full_compact,0.4204992546885096
V3-3,P2,1,29,natural_missingness,efb672880ee0ff1680cafed70e33ce265ddcc65e24e6b7c44c7798d6500b08df,grouped_risk_full_compact,f52c8661a0b6d6269cb249637d65fbdd91d0f67599b6461a875df807a2fb997e,extrasensory-p2-fold1-seed29-v2_multiseed,0.3,0.3000053848846288,22285,0.361174533490053,0.6572182193467656,0.7873632271190785,231792,grouped_risk_full_compact,0.4156936697141042
V3-3,P2,1,29,natural_missingness,efb672880ee0ff1680cafed70e33ce265ddcc65e24e6b7c44c7798d6500b08df,grouped_risk_full_compact,f52c8661a0b6d6269cb249637d65fbdd91d0f67599b6461a875df807a2fb997e,extrasensory-p2-fold1-seed29-v2_multiseed,0.35,0.3500040386634716,25999,0.3632510276503668,0.6564964949803956,0.7799856488381078,270933,grouped_risk_full_compact,0.411071762377974
V3-3,P2,1,29,natural_missingness,efb672880ee0ff1680cafed70e33ce265ddcc65e24e6b7c44c7798d6500b08df,grouped_risk_full_compact,f52c8661a0b6d6269cb249637d65fbdd91d0f67599b6461a875df807a2fb997e,extrasensory-p2-fold1-seed29-v2_multiseed,0.4,0.4000026924423144,29713,0.3661719627214428,0.6546296824422019,0.7726823470916026,309841,grouped_risk_full_compact,0.406712028189526
V3-3,P2,1,29,natural_missingness,efb672880ee0ff1680cafed70e33ce265ddcc65e24e6b7c44c7798d6500b08df,grouped_risk_full_compact,f52c8661a0b6d6269cb249637d65fbdd91d0f67599b6461a875df807a2fb997e,extrasensory-p2-fold1-seed29-v2_multiseed,0.45,0.4500013462211572,33427,0.3679833901340032,0.6566356188703459,0.7667765526126331,348419,grouped_risk_full_compact,0.4024513458309841
V3-3,P2,1,29,natural_missingness,efb672880ee0ff1680cafed70e33ce265ddcc65e24e6b7c44c7798d6500b08df,grouped_risk_full_compact,f52c8661a0b6d6269cb249637d65fbdd91d0f67599b6461a875df807a2fb997e,extrasensory-p2-fold1-seed29-v2_multiseed,0.5,0.5,37141,0.3737397435662606,0.6565912657386439,0.7579097014559537,386484,grouped_risk_full_compact,0.3982902975570906
V3-3,P2,1,29,natural_missingness,efb672880ee0ff1680cafed70e33ce265ddcc65e24e6b7c44c7798d6500b08df,grouped_risk_full_compact,f52c8661a0b6d6269cb249637d65fbdd91d0f67599b6461a875df807a2fb997e,extrasensory-p2-fold1-seed29-v2_multiseed,0.55,0.5500121159904149,40856,0.3787949605759437,0.6556470138120917,0.7493713102298247,424174,grouped_risk_full_compact,0.3939150660616952
V3-3,P2,1,29,natural_missingness,efb672880ee0ff1680cafed70e33ce265ddcc65e24e6b7c44c7798d6500b08df,grouped_risk_full_compact,f52c8661a0b6d6269cb249637d65fbdd91d0f67599b6461a875df807a2fb997e,extrasensory-p2-fold1-seed29-v2_multiseed,0.6,0.6000107697692577,44570,0.3847931020587212,0.6520166429959705,0.7403465244179795,461400,grouped_risk_full_compact,0.3896730625951436
V3-3,P2,1,29,natural_missingness,efb672880ee0ff1680cafed70e33ce265ddcc65e24e6b7c44c7798d6500b08df,grouped_risk_full_compact,f52c8661a0b6d6269cb249637d65fbdd91d0f67599b6461a875df807a2fb997e,extrasensory-p2-fold1-seed29-v2_multiseed,0.65,0.6500094235481004,48284,0.3891447824836233,0.6491924418277887,0.7320547524429342,498122,grouped_risk_full_compact,0.3853493034400627
V3-3,P2,1,29,natural_missingness,efb672880ee0ff1680cafed70e33ce265ddcc65e24e6b7c44c7798d6500b08df,grouped_risk_full_compact,f52c8661a0b6d6269cb249637d65fbdd91d0f67599b6461a875df807a2fb997e,extrasensory-p2-fold1-seed29-v2_multiseed,0.7,0.7000080773269433,51998,0.3940701442267892,0.6444578600463762,0.7235442710949722,534667,grouped_risk_full_compact,0.3808749518953074
V3-3,P2,1,29,natural_missingness,efb672880ee0ff1680cafed70e33ce265ddcc65e24e6b7c44c7798d6500b08df,grouped_risk_full_compact,f52c8661a0b6d6269cb249637d65fbdd91d0f67599b6461a875df807a2fb997e,extrasensory-p2-fold1-seed29-v2_multiseed,0.75,0.7500067311057861,55712,0.3990261008740259,0.6384212276131215,0.7155884214921674,571078,grouped_risk_full_compact,0.3763112593401331
V3-3,P2,1,29,natural_missingness,efb672880ee0ff1680cafed70e33ce265ddcc65e24e6b7c44c7798d6500b08df,grouped_risk_full_compact,f52c8661a0b6d6269cb249637d65fbdd91d0f67599b6461a875df807a2fb997e,extrasensory-p2-fold1-seed29-v2_multiseed,0.8,0.8000053848846288,59426,0.4059131296087796,0.6304289497496119,0.7076088296954002,609019,grouped_risk_full_compact,0.3711452445613637
V3-3,P2,1,29,natural_missingness,efb672880ee0ff1680cafed70e33ce265ddcc65e24e6b7c44c7798d6500b08df,grouped_risk_full_compact,f52c8661a0b6d6269cb249637d65fbdd91d0f67599b6461a875df807a2fb997e,extrasensory-p2-fold1-seed29-v2_multiseed,0.85,0.8500040386634716,63140,0.4145497949198265,0.6214914040201402,0.6986768769054879,647148,grouped_risk_full_compact,0.3648977107781292
V3-3,P2,1,29,natural_missingness,efb672880ee0ff1680cafed70e33ce265ddcc65e24e6b7c44c7798d6500b08df,grouped_risk_full_compact,f52c8661a0b6d6269cb249637d65fbdd91d0f67599b6461a875df807a2fb997e,extrasensory-p2-fold1-seed29-v2_multiseed,0.9,0.9000026924423145,66854,0.4230650800348243,0.6116805520713005,0.6889238638599252,685257,grouped_risk_full_compact,0.3568496811385185
V3-3,P2,1,29,natural_missingness,efb672880ee0ff1680cafed70e33ce265ddcc65e24e6b7c44c7798d6500b08df,grouped_risk_full_compact,f52c8661a0b6d6269cb249637d65fbdd91d0f67599b6461a875df807a2fb997e,extrasensory-p2-fold1-seed29-v2_multiseed,0.95,0.9500013462211572,70568,0.4315590117524397,0.6008350291869476,0.6796736696171484,721532,grouped_risk_full_compact,0.3452278291491663
V3-3,P2,1,29,natural_missingness,efb672880ee0ff1680cafed70e33ce265ddcc65e24e6b7c44c7798d6500b08df,grouped_risk_full_compact,f52c8661a0b6d6269cb249637d65fbdd91d0f67599b6461a875df807a2fb997e,extrasensory-p2-fold1-seed29-v2_multiseed,1.0,1.0,74282,0.4418665989971377,0.5897960850388606,0.6703722119619264,756803,grouped_risk_full_compact,0.2659335349152735
V3-3,P2,1,29,natural_missingness,efb672880ee0ff1680cafed70e33ce265ddcc65e24e6b7c44c7798d6500b08df,grouped_risk_full_compact,f52c8661a0b6d6269cb249637d65fbdd91d0f67599b6461a875df807a2fb997e,extrasensory-p2-fold1-seed29-v2_multiseed,0.05,0.0500121159904149,3715,0.4142463515760508,0.5190205327892466,0.8364433704747841,37592,grouped_risk_selected,0.4550812156320821
V3-3,P2,1,29,natural_missingness,efb672880ee0ff1680cafed70e33ce265ddcc65e24e6b7c44c7798d6500b08df,grouped_risk_full_compact,f52c8661a0b6d6269cb249637d65fbdd91d0f67599b6461a875df807a2fb997e,extrasensory-p2-fold1-seed29-v2_multiseed,0.1,0.1000107697692577,7429,0.3862323121162714,0.610827756913291,0.815850170679952,76283,grouped_risk_selected,0.4406648270009962
V3-3,P2,1,29,natural_missingness,efb672880ee0ff1680cafed70e33ce265ddcc65e24e6b7c44c7798d6500b08df,grouped_risk_full_compact,f52c8661a0b6d6269cb249637d65fbdd91d0f67599b6461a875df807a2fb997e,extrasensory-p2-fold1-seed29-v2_multiseed,0.15,0.1500094235481004,11143,0.3729711364397378,0.6400915330989623,0.806165328650276,114785,grouped_risk_selected,0.4323058344561706
V3-3,P2,1,29,natural_missingness,efb672880ee0ff1680cafed70e33ce265ddcc65e24e6b7c44c7798d6500b08df,grouped_risk_full_compact,f52c8661a0b6d6269cb249637d65fbdd91d0f67599b6461a875df807a2fb997e,extrasensory-p2-fold1-seed29-v2_multiseed,0.2,0.2000080773269432,14857,0.3643280824636325,0.6504821337376011,0.8000903492712618,153228,grouped_risk_selected,0.4260591573681309
V3-3,P2,1,29,natural_missingness,efb672880ee0ff1680cafed70e33ce265ddcc65e24e6b7c44c7798d6500b08df,grouped_risk_full_compact,f52c8661a0b6d6269cb249637d65fbdd91d0f67599b6461a875df807a2fb997e,extrasensory-p2-fold1-seed29-v2_multiseed,0.25,0.2500067311057861,18571,0.3577643415090455,0.6572379331737932,0.7952214842070053,192812,grouped_risk_selected,0.4204992546885096
V3-3,P2,1,29,natural_missingness,efb672880ee0ff1680cafed70e33ce265ddcc65e24e6b7c44c7798d6500b08df,grouped_risk_full_compact,f52c8661a0b6d6269cb249637d65fbdd91d0f67599b6461a875df807a2fb997e,extrasensory-p2-fold1-seed29-v2_multiseed,0.3,0.3000053848846288,22285,0.361174533490053,0.6572182193467656,0.7873632271190785,231792,grouped_risk_selected,0.4156936697141042
V3-3,P2,1,29,natural_missingness,efb672880ee0ff1680cafed70e33ce265ddcc65e24e6b7c44c7798d6500b08df,grouped_risk_full_compact,f52c8661a0b6d6269cb249637d65fbdd91d0f67599b6461a875df807a2fb997e,extrasensory-p2-fold1-seed29-v2_multiseed,0.35,0.3500040386634716,25999,0.3632510276503668,0.6564964949803956,0.7799856488381078,270933,grouped_risk_selected,0.411071762377974
V3-3,P2,1,29,natural_missingness,efb672880ee0ff1680cafed70e33ce265ddcc65e24e6b7c44c7798d6500b08df,grouped_risk_full_compact,f52c8661a0b6d6269cb249637d65fbdd91d0f67599b6461a875df807a2fb997e,extrasensory-p2-fold1-seed29-v2_multiseed,0.4,0.4000026924423144,29713,0.3661719627214428,0.6546296824422019,0.7726823470916026,309841,grouped_risk_selected,0.406712028189526
V3-3,P2,1,29,natural_missingness,efb672880ee0ff1680cafed70e33ce265ddcc65e24e6b7c44c7798d6500b08df,grouped_risk_full_compact,f52c8661a0b6d6269cb249637d65fbdd91d0f67599b6461a875df807a2fb997e,extrasensory-p2-fold1-seed29-v2_multiseed,0.45,0.4500013462211572,33427,0.3679833901340032,0.6566356188703459,0.7667765526126331,348419,grouped_risk_selected,0.4024513458309841
V3-3,P2,1,29,natural_missingness,efb672880ee0ff1680cafed70e33ce265ddcc65e24e6b7c44c7798d6500b08df,grouped_risk_full_compact,f52c8661a0b6d6269cb249637d65fbdd91d0f67599b6461a875df807a2fb997e,extrasensory-p2-fold1-seed29-v2_multiseed,0.5,0.5,37141,0.3737397435662606,0.6565912657386439,0.7579097014559537,386484,grouped_risk_selected,0.3982902975570906
V3-3,P2,1,29,natural_missingness,efb672880ee0ff1680cafed70e33ce265ddcc65e24e6b7c44c7798d6500b08df,grouped_risk_full_compact,f52c8661a0b6d6269cb249637d65fbdd91d0f67599b6461a875df807a2fb997e,extrasensory-p2-fold1-seed29-v2_multiseed,0.55,0.5500121159904149,40856,0.3787949605759437,0.6556470138120917,0.7493713102298247,424174,grouped_risk_selected,0.3939150660616952
V3-3,P2,1,29,natural_missingness,efb672880ee0ff1680cafed70e33ce265ddcc65e24e6b7c44c7798d6500b08df,grouped_risk_full_compact,f52c8661a0b6d6269cb249637d65fbdd91d0f67599b6461a875df807a2fb997e,extrasensory-p2-fold1-seed29-v2_multiseed,0.6,0.6000107697692577,44570,0.3847931020587212,0.6520166429959705,0.7403465244179795,461400,grouped_risk_selected,0.3896730625951436
V3-3,P2,1,29,natural_missingness,efb672880ee0ff1680cafed70e33ce265ddcc65e24e6b7c44c7798d6500b08df,grouped_risk_full_compact,f52c8661a0b6d6269cb249637d65fbdd91d0f67599b6461a875df807a2fb997e,extrasensory-p2-fold1-seed29-v2_multiseed,0.65,0.6500094235481004,48284,0.3891447824836233,0.6491924418277887,0.7320547524429342,498122,grouped_risk_selected,0.3853493034400627
V3-3,P2,1,29,natural_missingness,efb672880ee0ff1680cafed70e33ce265ddcc65e24e6b7c44c7798d6500b08df,grouped_risk_full_compact,f52c8661a0b6d6269cb249637d65fbdd91d0f67599b6461a875df807a2fb997e,extrasensory-p2-fold1-seed29-v2_multiseed,0.7,0.7000080773269433,51998,0.3940701442267892,0.6444578600463762,0.7235442710949722,534667,grouped_risk_selected,0.3808749518953074
V3-3,P2,1,29,natural_missingness,efb672880ee0ff1680cafed70e33ce265ddcc65e24e6b7c44c7798d6500b08df,grouped_risk_full_compact,f52c8661a0b6d6269cb249637d65fbdd91d0f67599b6461a875df807a2fb997e,extrasensory-p2-fold1-seed29-v2_multiseed,0.75,0.7500067311057861,55712,0.3990261008740259,0.6384212276131215,0.7155884214921674,571078,grouped_risk_selected,0.3763112593401331
V3-3,P2,1,29,natural_missingness,efb672880ee0ff1680cafed70e33ce265ddcc65e24e6b7c44c7798d6500b08df,grouped_risk_full_compact,f52c8661a0b6d6269cb249637d65fbdd91d0f67599b6461a875df807a2fb997e,extrasensory-p2-fold1-seed29-v2_multiseed,0.8,0.8000053848846288,59426,0.4059131296087796,0.6304289497496119,0.7076088296954002,609019,grouped_risk_selected,0.3711452445613637
V3-3,P2,1,29,natural_missingness,efb672880ee0ff1680cafed70e33ce265ddcc65e24e6b7c44c7798d6500b08df,grouped_risk_full_compact,f52c8661a0b6d6269cb249637d65fbdd91d0f67599b6461a875df807a2fb997e,extrasensory-p2-fold1-seed29-v2_multiseed,0.85,0.8500040386634716,63140,0.4145497949198265,0.6214914040201402,0.6986768769054879,647148,grouped_risk_selected,0.3648977107781292
V3-3,P2,1,29,natural_missingness,efb672880ee0ff1680cafed70e33ce265ddcc65e24e6b7c44c7798d6500b08df,grouped_risk_full_compact,f52c8661a0b6d6269cb249637d65fbdd91d0f67599b6461a875df807a2fb997e,extrasensory-p2-fold1-seed29-v2_multiseed,0.9,0.9000026924423145,66854,0.4230650800348243,0.6116805520713005,0.6889238638599252,685257,grouped_risk_selected,0.3568496811385185
V3-3,P2,1,29,natural_missingness,efb672880ee0ff1680cafed70e33ce265ddcc65e24e6b7c44c7798d6500b08df,grouped_risk_full_compact,f52c8661a0b6d6269cb249637d65fbdd91d0f67599b6461a875df807a2fb997e,extrasensory-p2-fold1-seed29-v2_multiseed,0.95,0.9500013462211572,70568,0.4315590117524397,0.6008350291869476,0.6796736696171484,721532,grouped_risk_selected,0.3452278291491663
V3-3,P2,1,29,natural_missingness,efb672880ee0ff1680cafed70e33ce265ddcc65e24e6b7c44c7798d6500b08df,grouped_risk_full_compact,f52c8661a0b6d6269cb249637d65fbdd91d0f67599b6461a875df807a2fb997e,extrasensory-p2-fold1-seed29-v2_multiseed,1.0,1.0,74282,0.4418665989971377,0.5897960850388606,0.6703722119619264,756803,grouped_risk_selected,0.2659335349152735
V3-3,P2,1,47,natural_missingness,efb672880ee0ff1680cafed70e33ce265ddcc65e24e6b7c44c7798d6500b08df,grouped_risk_output_compact,fb9bacb9054577d3496b06c24fdfc18f5eb1bd887eab1bbeda4472dcd3d24c72,extrasensory-p2-fold1-seed47-v2_multiseed,0.05,0.0500121159904149,3715,0.3398605260708616,0.7390466668376149,0.9138704190505644,34816,mean_binary_certainty,0.9081007654970764
V3-3,P2,1,47,natural_missingness,efb672880ee0ff1680cafed70e33ce265ddcc65e24e6b7c44c7798d6500b08df,grouped_risk_output_compact,fb9bacb9054577d3496b06c24fdfc18f5eb1bd887eab1bbeda4472dcd3d24c72,extrasensory-p2-fold1-seed47-v2_multiseed,0.1,0.1000107697692577,7429,0.2875378479352252,0.5325772803528955,0.923164296362905,73704,mean_binary_certainty,0.8626276332290207
V3-3,P2,1,47,natural_missingness,efb672880ee0ff1680cafed70e33ce265ddcc65e24e6b7c44c7798d6500b08df,grouped_risk_output_compact,fb9bacb9054577d3496b06c24fdfc18f5eb1bd887eab1bbeda4472dcd3d24c72,extrasensory-p2-fold1-seed47-v2_multiseed,0.15,0.1500094235481004,11143,0.2640020278871877,0.3979864936182802,0.921876875075003,116294,mean_binary_certainty,0.7929255563459814
V3-3,P2,1,47,natural_missingness,efb672880ee0ff1680cafed70e33ce265ddcc65e24e6b7c44c7798d6500b08df,grouped_risk_output_compact,fb9bacb9054577d3496b06c24fdfc18f5eb1bd887eab1bbeda4472dcd3d24c72,extrasensory-p2-fold1-seed47-v2_multiseed,0.2,0.2000080773269432,14857,0.2545826976778888,0.6072322286268956,0.9163990354162268,158571,mean_binary_certainty,0.7072350901302293
V3-3,P2,1,47,natural_missingness,efb672880ee0ff1680cafed70e33ce265ddcc65e24e6b7c44c7798d6500b08df,grouped_risk_output_compact,fb9bacb9054577d3496b06c24fdfc18f5eb1bd887eab1bbeda4472dcd3d24c72,extrasensory-p2-fold1-seed47-v2_multiseed,0.25,0.2500067311057861,18571,0.2580779805784641,0.6407477466821141,0.9028270469847244,198254,mean_binary_certainty,0.6266930804643429
V3-3,P2,1,47,natural_missingness,efb672880ee0ff1680cafed70e33ce265ddcc65e24e6b7c44c7798d6500b08df,grouped_risk_output_compact,fb9bacb9054577d3496b06c24fdfc18f5eb1bd887eab1bbeda4472dcd3d24c72,extrasensory-p2-fold1-seed47-v2_multiseed,0.3,0.3000053848846288,22285,0.2730245049834306,0.6725222936828428,0.8829650704312464,236810,mean_binary_certainty,0.5664523424254214
V3-3,P2,1,47,natural_missingness,efb672880ee0ff1680cafed70e33ce265ddcc65e24e6b7c44c7798d6500b08df,grouped_risk_output_compact,fb9bacb9054577d3496b06c24fdfc18f5eb1bd887eab1bbeda4472dcd3d24c72,extrasensory-p2-fold1-seed47-v2_multiseed,0.35,0.3500040386634716,25999,0.2917836026825828,0.6816568129287787,0.8612403205901897,274243,mean_binary_certainty,0.5233317117859999
V3-3,P2,1,47,natural_missingness,efb672880ee0ff1680cafed70e33ce265ddcc65e24e6b7c44c7798d6500b08df,grouped_risk_output_compact,fb9bacb9054577d3496b06c24fdfc18f5eb1bd887eab1bbeda4472dcd3d24c72,extrasensory-p2-fold1-seed47-v2_multiseed,0.4,0.4000026924423144,29713,0.3062071964038632,0.6832567135280393,0.841838378802342,310031,mean_binary_certainty,0.4915634124161493
V3-3,P2,1,47,natural_missingness,efb672880ee0ff1680cafed70e33ce265ddcc65e24e6b7c44c7798d6500b08df,grouped_risk_output_compact,fb9bacb9054577d3496b06c24fdfc18f5eb1bd887eab1bbeda4472dcd3d24c72,extrasensory-p2-fold1-seed47-v2_multiseed,0.45,0.4500013462211572,33427,0.3169347684849508,0.6778055108036265,0.8250534232279225,345070,mean_binary_certainty,0.4665230185182693
V3-3,P2,1,47,natural_missingness,efb672880ee0ff1680cafed70e33ce265ddcc65e24e6b7c44c7798d6500b08df,grouped_risk_output_compact,fb9bacb9054577d3496b06c24fdfc18f5eb1bd887eab1bbeda4472dcd3d24c72,extrasensory-p2-fold1-seed47-v2_multiseed,0.5,0.5,37141,0.3259756883806031,0.6748231718233281,0.8099294502366798,380857,mean_binary_certainty,0.4443358137671785
V3-3,P2,1,47,natural_missingness,efb672880ee0ff1680cafed70e33ce265ddcc65e24e6b7c44c7798d6500b08df,grouped_risk_output_compact,fb9bacb9054577d3496b06c24fdfc18f5eb1bd887eab1bbeda4472dcd3d24c72,extrasensory-p2-fold1-seed47-v2_multiseed,0.55,0.5500121159904149,40856,0.3369178572335694,0.6696638600026928,0.7953758511520972,417894,mean_binary_certainty,0.4233177390665888
V3-3,P2,1,47,natural_missingness,efb672880ee0ff1680cafed70e33ce265ddcc65e24e6b7c44c7798d6500b08df,grouped_risk_output_compact,fb9bacb9054577d3496b06c24fdfc18f5eb1bd887eab1bbeda4472dcd3d24c72,extrasensory-p2-fold1-seed47-v2_multiseed,0.6,0.6000107697692577,44570,0.3475148243597526,0.6606424889552044,0.7810459756327433,454894,mean_binary_certainty,0.4021939102727541
V3-3,P2,1,47,natural_missingness,efb672880ee0ff1680cafed70e33ce265ddcc65e24e6b7c44c7798d6500b08df,grouped_risk_output_compact,fb9bacb9054577d3496b06c24fdfc18f5eb1bd887eab1bbeda4472dcd3d24c72,extrasensory-p2-fold1-seed47-v2_multiseed,0.65,0.6500094235481004,48284,0.3580197885764855,0.651040313155962,0.7673766638076178,493520,mean_binary_certainty,0.3815961789430473
V3-3,P2,1,47,natural_missingness,efb672880ee0ff1680cafed70e33ce265ddcc65e24e6b7c44c7798d6500b08df,grouped_risk_output_compact,fb9bacb9054577d3496b06c24fdfc18f5eb1bd887eab1bbeda4472dcd3d24c72,extrasensory-p2-fold1-seed47-v2_multiseed,0.7,0.7000080773269433,51998,0.3682647759125825,0.6427500286066145,0.7548933273145716,531647,mean_binary_certainty,0.3605699403278974
V3-3,P2,1,47,natural_missingness,efb672880ee0ff1680cafed70e33ce265ddcc65e24e6b7c44c7798d6500b08df,grouped_risk_output_compact,fb9bacb9054577d3496b06c24fdfc18f5eb1bd887eab1bbeda4472dcd3d24c72,extrasensory-p2-fold1-seed47-v2_multiseed,0.75,0.7500067311057861,55712,0.3785602656136817,0.6348943352200502,0.7439192417140364,569743,mean_binary_certainty,0.3379864723963052
V3-3,P2,1,47,natural_missingness,efb672880ee0ff1680cafed70e33ce265ddcc65e24e6b7c44c7798d6500b08df,grouped_risk_output_compact,fb9bacb9054577d3496b06c24fdfc18f5eb1bd887eab1bbeda4472dcd3d24c72,extrasensory-p2-fold1-seed47-v2_multiseed,0.8,0.8000053848846288,59426,0.3889496735144158,0.6251319616552522,0.7326366789198177,608220,mean_binary_certainty,0.3129431128098975
V3-3,P2,1,47,natural_missingness,efb672880ee0ff1680cafed70e33ce265ddcc65e24e6b7c44c7798d6500b08df,grouped_risk_output_compact,fb9bacb9054577d3496b06c24fdfc18f5eb1bd887eab1bbeda4472dcd3d24c72,extrasensory-p2-fold1-seed47-v2_multiseed,0.85,0.8500040386634716,63140,0.3988824640481914,0.6151374738644027,0.7218882861750476,646414,mean_binary_certainty,0.2860737035209918
V3-3,P2,1,47,natural_missingness,efb672880ee0ff1680cafed70e33ce265ddcc65e24e6b7c44c7798d6500b08df,grouped_risk_output_compact,fb9bacb9054577d3496b06c24fdfc18f5eb1bd887eab1bbeda4472dcd3d24c72,extrasensory-p2-fold1-seed47-v2_multiseed,0.9,0.9000026924423145,66854,0.4091792604421189,0.6060675568203665,0.7120716793800702,684305,mean_binary_certainty,0.2540231332153119
V3-3,P2,1,47,natural_missingness,efb672880ee0ff1680cafed70e33ce265ddcc65e24e6b7c44c7798d6500b08df,grouped_risk_output_compact,fb9bacb9054577d3496b06c24fdfc18f5eb1bd887eab1bbeda4472dcd3d24c72,extrasensory-p2-fold1-seed47-v2_multiseed,0.95,0.9500013462211572,70568,0.4187257041857277,0.596805764884867,0.702372378271023,721733,mean_binary_certainty,0.2111279704972281
V3-3,P2,1,47,natural_missingness,efb672880ee0ff1680cafed70e33ce265ddcc65e24e6b7c44c7798d6500b08df,grouped_risk_output_compact,fb9bacb9054577d3496b06c24fdfc18f5eb1bd887eab1bbeda4472dcd3d24c72,extrasensory-p2-fold1-seed47-v2_multiseed,1.0,1.0,74282,0.4277175798563684,0.5900286318594605,0.6948837546397196,756803,mean_binary_certainty,0.0329562464654046
V3-3,P2,1,47,natural_missingness,efb672880ee0ff1680cafed70e33ce265ddcc65e24e6b7c44c7798d6500b08df,grouped_risk_output_compact,fb9bacb9054577d3496b06c24fdfc18f5eb1bd887eab1bbeda4472dcd3d24c72,extrasensory-p2-fold1-seed47-v2_multiseed,0.05,0.0500121159904149,3715,0.3627586890109217,0.5423563291970922,0.7929602717750307,42903,p2_system_reliability,0.9954696893692015
V3-3,P2,1,47,natural_missingness,efb672880ee0ff1680cafed70e33ce265ddcc65e24e6b7c44c7798d6500b08df,grouped_risk_output_compact,fb9bacb9054577d3496b06c24fdfc18f5eb1bd887eab1bbeda4472dcd3d24c72,extrasensory-p2-fold1-seed47-v2_multiseed,0.1,0.1000107697692577,7429,0.360537041589286,0.5858866793791587,0.7711733293407197,80143,p2_system_reliability,0.9943671226501464
V3-3,P2,1,47,natural_missingness,efb672880ee0ff1680cafed70e33ce265ddcc65e24e6b7c44c7798d6500b08df,grouped_risk_output_compact,fb9bacb9054577d3496b06c24fdfc18f5eb1bd887eab1bbeda4472dcd3d24c72,extrasensory-p2-fold1-seed47-v2_multiseed,0.15,0.1500094235481004,11143,0.3657919404576231,0.5859445712171815,0.757418827297196,115956,p2_system_reliability,0.993436872959137
V3-3,P2,1,47,natural_missingness,efb672880ee0ff1680cafed70e33ce265ddcc65e24e6b7c44c7798d6500b08df,grouped_risk_output_compact,fb9bacb9054577d3496b06c24fdfc18f5eb1bd887eab1bbeda4472dcd3d24c72,extrasensory-p2-fold1-seed47-v2_multiseed,0.2,0.2000080773269432,14857,0.372097951639465,0.5813071083009783,0.7488239376879772,152599,p2_system_reliability,0.9926711320877076
V3-3,P2,1,47,natural_missingness,efb672880ee0ff1680cafed70e33ce265ddcc65e24e6b7c44c7798d6500b08df,grouped_risk_output_compact,fb9bacb9054577d3496b06c24fdfc18f5eb1bd887eab1bbeda4472dcd3d24c72,extrasensory-p2-fold1-seed47-v2_multiseed,0.25,0.2500067311057861,18571,0.3764246580849258,0.5767052689559423,0.7443185298621746,191175,p2_system_reliability,0.9919044375419616
V3-3,P2,1,47,natural_missingness,efb672880ee0ff1680cafed70e33ce265ddcc65e24e6b7c44c7798d6500b08df,grouped_risk_output_compact,fb9bacb9054577d3496b06c24fdfc18f5eb1bd887eab1bbeda4472dcd3d24c72,extrasensory-p2-fold1-seed47-v2_multiseed,0.3,0.3000053848846288,22285,0.3808122298639816,0.5726961520475088,0.7396230895798348,229418,p2_system_reliability,0.9911451935768129
V3-3,P2,1,47,natural_missingness,efb672880ee0ff1680cafed70e33ce265ddcc65e24e6b7c44c7798d6500b08df,grouped_risk_output_compact,fb9bacb9054577d3496b06c24fdfc18f5eb1bd887eab1bbeda4472dcd3d24c72,extrasensory-p2-fold1-seed47-v2_multiseed,0.35,0.3500040386634716,25999,0.385904220494816,0.5748795628131708,0.7351777504135002,266643,p2_system_reliability,0.9903563261032104
V3-3,P2,1,47,natural_missingness,efb672880ee0ff1680cafed70e33ce265ddcc65e24e6b7c44c7798d6500b08df,grouped_risk_output_compact,fb9bacb9054577d3496b06c24fdfc18f5eb1bd887eab1bbeda4472dcd3d24c72,extrasensory-p2-fold1-seed47-v2_multiseed,0.4,0.4000026924423144,29713,0.3888466921509547,0.5718083959082596,0.7332453270581033,304991,p2_system_reliability,0.989516258239746
V3-3,P2,1,47,natural_missingness,efb672880ee0ff1680cafed70e33ce265ddcc65e24e6b7c44c7798d6500b08df,grouped_risk_output_compact,fb9bacb9054577d3496b06c24fdfc18f5eb1bd887eab1bbeda4472dcd3d24c72,extrasensory-p2-fold1-seed47-v2_multiseed,0.45,0.4500013462211572,33427,0.3933003661382491,0.5697731087570116,0.7297355504925132,343971,p2_system_reliability,0.9885947704315186
V3-3,P2,1,47,natural_missingness,efb672880ee0ff1680cafed70e33ce265ddcc65e24e6b7c44c7798d6500b08df,grouped_risk_output_compact,fb9bacb9054577d3496b06c24fdfc18f5eb1bd887eab1bbeda4472dcd3d24c72,extrasensory-p2-fold1-seed47-v2_multiseed,0.5,0.5,37141,0.3975041957238889,0.5707608407654627,0.7264089322528627,382520,p2_system_reliability,0.9875563383102416
V3-3,P2,1,47,natural_missingness,efb672880ee0ff1680cafed70e33ce265ddcc65e24e6b7c44c7798d6500b08df,grouped_risk_output_compact,fb9bacb9054577d3496b06c24fdfc18f5eb1bd887eab1bbeda4472dcd3d24c72,extrasensory-p2-fold1-seed47-v2_multiseed,0.55,0.5500121159904149,40856,0.4006134171874581,0.5711570866147687,0.7230508395847365,420909,p2_system_reliability,0.986382246017456
V3-3,P2,1,47,natural_missingness,efb672880ee0ff1680cafed70e33ce265ddcc65e24e6b7c44c7798d6500b08df,grouped_risk_output_compact,fb9bacb9054577d3496b06c24fdfc18f5eb1bd887eab1bbeda4472dcd3d24c72,extrasensory-p2-fold1-seed47-v2_multiseed,0.6,0.6000107697692577,44570,0.4081856800020227,0.5706426869550345,0.7175676311254965,457873,p2_system_reliability,0.9850137233734132
V3-3,P2,1,47,natural_missingness,efb672880ee0ff1680cafed70e33ce265ddcc65e24e6b7c44c7798d6500b08df,grouped_risk_output_compact,fb9bacb9054577d3496b06c24fdfc18f5eb1bd887eab1bbeda4472dcd3d24c72,extrasensory-p2-fold1-seed47-v2_multiseed,0.65,0.6500094235481004,48284,0.4127643478595192,0.5702643967645009,0.7119664356074425,494369,p2_system_reliability,0.9835224151611328
V3-3,P2,1,47,natural_missingness,efb672880ee0ff1680cafed70e33ce265ddcc65e24e6b7c44c7798d6500b08df,grouped_risk_output_compact,fb9bacb9054577d3496b06c24fdfc18f5eb1bd887eab1bbeda4472dcd3d24c72,extrasensory-p2-fold1-seed47-v2_multiseed,0.7,0.7000080773269433,51998,0.4158809133005656,0.5696811440577151,0.7073042060332838,532172,p2_system_reliability,0.981825351715088
V3-3,P2,1,47,natural_missingness,efb672880ee0ff1680cafed70e33ce265ddcc65e24e6b7c44c7798d6500b08df,grouped_risk_output_compact,fb9bacb9054577d3496b06c24fdfc18f5eb1bd887eab1bbeda4472dcd3d24c72,extrasensory-p2-fold1-seed47-v2_multiseed,0.75,0.7500067311057861,55712,0.4185294548318126,0.5708356138727539,0.7035116231725033,569366,p2_system_reliability,0.979652464389801
V3-3,P2,1,47,natural_missingness,efb672880ee0ff1680cafed70e33ce265ddcc65e24e6b7c44c7798d6500b08df,grouped_risk_output_compact,fb9bacb9054577d3496b06c24fdfc18f5eb1bd887eab1bbeda4472dcd3d24c72,extrasensory-p2-fold1-seed47-v2_multiseed,0.8,0.8000053848846288,59426,0.4205983325628428,0.5742230085152837,0.7005939927062619,607337,p2_system_reliability,0.9765764474868774
V3-3,P2,1,47,natural_missingness,efb672880ee0ff1680cafed70e33ce265ddcc65e24e6b7c44c7798d6500b08df,grouped_risk_output_compact,fb9bacb9054577d3496b06c24fdfc18f5eb1bd887eab1bbeda4472dcd3d24c72,extrasensory-p2-fold1-seed47-v2_multiseed,0.85,0.8500040386634716,63140,0.4224459930620165,0.5823927925233309,0.6977654552449816,645437,p2_system_reliability,0.9722275733947754
V3-3,P2,1,47,natural_missingness,efb672880ee0ff1680cafed70e33ce265ddcc65e24e6b7c44c7798d6500b08df,grouped_risk_output_compact,fb9bacb9054577d3496b06c24fdfc18f5eb1bd887eab1bbeda4472dcd3d24c72,extrasensory-p2-fold1-seed47-v2_multiseed,0.9,0.9000026924423145,66854,0.4244829415336068,0.5885948842662568,0.6958370157288832,682668,p2_system_reliability,0.9655613899230956
V3-3,P2,1,47,natural_missingness,efb672880ee0ff1680cafed70e33ce265ddcc65e24e6b7c44c7798d6500b08df,grouped_risk_output_compact,fb9bacb9054577d3496b06c24fdfc18f5eb1bd887eab1bbeda4472dcd3d24c72,extrasensory-p2-fold1-seed47-v2_multiseed,0.95,0.9500013462211572,70568,0.4266960743052416,0.5900671064843181,0.6944127676913526,719236,p2_system_reliability,0.95624178647995
V3-3,P2,1,47,natural_missingness,efb672880ee0ff1680cafed70e33ce265ddcc65e24e6b7c44c7798d6500b08df,grouped_risk_output_compact,fb9bacb9054577d3496b06c24fdfc18f5eb1bd887eab1bbeda4472dcd3d24c72,extrasensory-p2-fold1-seed47-v2_multiseed,1.0,1.0,74282,0.4277175798563684,0.5900286318594605,0.6948837546397196,756803,p2_system_reliability,0.8818825483322144
V3-3,P2,1,47,natural_missingness,efb672880ee0ff1680cafed70e33ce265ddcc65e24e6b7c44c7798d6500b08df,grouped_risk_output_compact,fb9bacb9054577d3496b06c24fdfc18f5eb1bd887eab1bbeda4472dcd3d24c72,extrasensory-p2-fold1-seed47-v2_multiseed,0.05,0.0500121159904149,3715,0.2287319896108253,0.5457680254395344,0.9489813388118472,37472,grouped_risk_output_compact,0.4451695551615882
V3-3,P2,1,47,natural_missingness,efb672880ee0ff1680cafed70e33ce265ddcc65e24e6b7c44c7798d6500b08df,grouped_risk_output_compact,fb9bacb9054577d3496b06c24fdfc18f5eb1bd887eab1bbeda4472dcd3d24c72,extrasensory-p2-fold1-seed47-v2_multiseed,0.1,0.1000107697692577,7429,0.2210990324269988,0.5460447118537564,0.9351611708040016,77240,grouped_risk_output_compact,0.433377568273032
V3-3,P2,1,47,natural_missingness,efb672880ee0ff1680cafed70e33ce265ddcc65e24e6b7c44c7798d6500b08df,grouped_risk_output_compact,fb9bacb9054577d3496b06c24fdfc18f5eb1bd887eab1bbeda4472dcd3d24c72,extrasensory-p2-fold1-seed47-v2_multiseed,0.15,0.1500094235481004,11143,0.2272623558876605,0.5681221512827754,0.9232509002172424,116362,grouped_risk_output_compact,0.4261984584567514
V3-3,P2,1,47,natural_missingness,efb672880ee0ff1680cafed70e33ce265ddcc65e24e6b7c44c7798d6500b08df,grouped_risk_output_compact,fb9bacb9054577d3496b06c24fdfc18f5eb1bd887eab1bbeda4472dcd3d24c72,extrasensory-p2-fold1-seed47-v2_multiseed,0.2,0.2000080773269432,14857,0.2406634788988629,0.6281683288133117,0.907480006272542,157961,grouped_risk_output_compact,0.4203307059483739
V3-3,P2,1,47,natural_missingness,efb672880ee0ff1680cafed70e33ce265ddcc65e24e6b7c44c7798d6500b08df,grouped_risk_output_compact,fb9bacb9054577d3496b06c24fdfc18f5eb1bd887eab1bbeda4472dcd3d24c72,extrasensory-p2-fold1-seed47-v2_multiseed,0.25,0.2500067311057861,18571,0.2571170921772577,0.6738786560970639,0.8916761687571265,197472,grouped_risk_output_compact,0.4148416322021658
V3-3,P2,1,47,natural_missingness,efb672880ee0ff1680cafed70e33ce265ddcc65e24e6b7c44c7798d6500b08df,grouped_risk_output_compact,fb9bacb9054577d3496b06c24fdfc18f5eb1bd887eab1bbeda4472dcd3d24c72,extrasensory-p2-fold1-seed47-v2_multiseed,0.3,0.3000053848846288,22285,0.2727720024546411,0.6780306955002142,0.8776444523630618,236520,grouped_risk_output_compact,0.4102342443949859
V3-3,P2,1,47,natural_missingness,efb672880ee0ff1680cafed70e33ce265ddcc65e24e6b7c44c7798d6500b08df,grouped_risk_output_compact,fb9bacb9054577d3496b06c24fdfc18f5eb1bd887eab1bbeda4472dcd3d24c72,extrasensory-p2-fold1-seed47-v2_multiseed,0.35,0.3500040386634716,25999,0.2870210256478969,0.6859393199170803,0.8632816733499512,274270,grouped_risk_output_compact,0.4059718778260366
V3-3,P2,1,47,natural_missingness,efb672880ee0ff1680cafed70e33ce265ddcc65e24e6b7c44c7798d6500b08df,grouped_risk_output_compact,fb9bacb9054577d3496b06c24fdfc18f5eb1bd887eab1bbeda4472dcd3d24c72,extrasensory-p2-fold1-seed47-v2_multiseed,0.4,0.4000026924423144,29713,0.3002018552416085,0.6958498581740644,0.848061360067641,311536,grouped_risk_output_compact,0.4018900874638821
V3-3,P2,1,47,natural_missingness,efb672880ee0ff1680cafed70e33ce265ddcc65e24e6b7c44c7798d6500b08df,grouped_risk_output_compact,fb9bacb9054577d3496b06c24fdfc18f5eb1bd887eab1bbeda4472dcd3d24c72,extrasensory-p2-fold1-seed47-v2_multiseed,0.45,0.4500013462211572,33427,0.3131587033713607,0.6951074580941169,0.8328704817301175,347585,grouped_risk_output_compact,0.3981749408941801
V3-3,P2,1,47,natural_missingness,efb672880ee0ff1680cafed70e33ce265ddcc65e24e6b7c44c7798d6500b08df,grouped_risk_output_compact,fb9bacb9054577d3496b06c24fdfc18f5eb1bd887eab1bbeda4472dcd3d24c72,extrasensory-p2-fold1-seed47-v2_multiseed,0.5,0.5,37141,0.3255215177123827,0.6895912914749851,0.8170090874158503,383416,grouped_risk_output_compact,0.3946255193034994
V3-3,P2,1,47,natural_missingness,efb672880ee0ff1680cafed70e33ce265ddcc65e24e6b7c44c7798d6500b08df,grouped_risk_output_compact,fb9bacb9054577d3496b06c24fdfc18f5eb1bd887eab1bbeda4472dcd3d24c72,extrasensory-p2-fold1-seed47-v2_multiseed,0.55,0.5500121159904149,40856,0.3376511117843774,0.683516033922281,0.8024083697717543,420342,grouped_risk_output_compact,0.3912821236929683
V3-3,P2,1,47,natural_missingness,efb672880ee0ff1680cafed70e33ce265ddcc65e24e6b7c44c7798d6500b08df,grouped_risk_output_compact,fb9bacb9054577d3496b06c24fdfc18f5eb1bd887eab1bbeda4472dcd3d24c72,extrasensory-p2-fold1-seed47-v2_multiseed,0.6,0.6000107697692577,44570,0.3492945914658773,0.6759957950317296,0.7879671416256782,457545,grouped_risk_output_compact,0.3879558200172797
V3-3,P2,1,47,natural_missingness,efb672880ee0ff1680cafed70e33ce265ddcc65e24e6b7c44c7798d6500b08df,grouped_risk_output_compact,fb9bacb9054577d3496b06c24fdfc18f5eb1bd887eab1bbeda4472dcd3d24c72,extrasensory-p2-fold1-seed47-v2_multiseed,0.65,0.6500094235481004,48284,0.3595515498885756,0.6660440029534962,0.7743884519989186,495250,grouped_risk_output_compact,0.3846142586855257
V3-3,P2,1,47,natural_missingness,efb672880ee0ff1680cafed70e33ce265ddcc65e24e6b7c44c7798d6500b08df,grouped_risk_output_compact,fb9bacb9054577d3496b06c24fdfc18f5eb1bd887eab1bbeda4472dcd3d24c72,extrasensory-p2-fold1-seed47-v2_multiseed,0.7,0.7000080773269433,51998,0.3692915077069804,0.6543918035737931,0.761271475780979,533136,grouped_risk_output_compact,0.3812265386325184
V3-3,P2,1,47,natural_missingness,efb672880ee0ff1680cafed70e33ce265ddcc65e24e6b7c44c7798d6500b08df,grouped_risk_output_compact,fb9bacb9054577d3496b06c24fdfc18f5eb1bd887eab1bbeda4472dcd3d24c72,extrasensory-p2-fold1-seed47-v2_multiseed,0.75,0.7500067311057861,55712,0.380075258197835,0.6421693544693389,0.7493074036165132,571663,grouped_risk_output_compact,0.3775494475051584
V3-3,P2,1,47,natural_missingness,efb672880ee0ff1680cafed70e33ce265ddcc65e24e6b7c44c7798d6500b08df,grouped_risk_output_compact,fb9bacb9054577d3496b06c24fdfc18f5eb1bd887eab1bbeda4472dcd3d24c72,extrasensory-p2-fold1-seed47-v2_multiseed,0.8,0.8000053848846288,59426,0.3905086786369485,0.6311218701131014,0.7380119392474753,610003,grouped_risk_output_compact,0.3734907326986547
V3-3,P2,1,47,natural_missingness,efb672880ee0ff1680cafed70e33ce265ddcc65e24e6b7c44c7798d6500b08df,grouped_risk_output_compact,fb9bacb9054577d3496b06c24fdfc18f5eb1bd887eab1bbeda4472dcd3d24c72,extrasensory-p2-fold1-seed47-v2_multiseed,0.85,0.8500040386634716,63140,0.4004455948356527,0.620857254002742,0.7269389268563263,648165,grouped_risk_output_compact,0.3688836272348085
V3-3,P2,1,47,natural_missingness,efb672880ee0ff1680cafed70e33ce265ddcc65e24e6b7c44c7798d6500b08df,grouped_risk_output_compact,fb9bacb9054577d3496b06c24fdfc18f5eb1bd887eab1bbeda4472dcd3d24c72,extrasensory-p2-fold1-seed47-v2_multiseed,0.9,0.9000026924423145,66854,0.4097743743998892,0.6116302235100232,0.7164731962229098,686129,grouped_risk_output_compact,0.3627915377059844
V3-3,P2,1,47,natural_missingness,efb672880ee0ff1680cafed70e33ce265ddcc65e24e6b7c44c7798d6500b08df,grouped_risk_output_compact,fb9bacb9054577d3496b06c24fdfc18f5eb1bd887eab1bbeda4472dcd3d24c72,extrasensory-p2-fold1-seed47-v2_multiseed,0.95,0.9500013462211572,70568,0.41873510723895,0.6011020588161028,0.7056583124749428,722341,grouped_risk_output_compact,0.3547318901978351
V3-3,P2,1,47,natural_missingness,efb672880ee0ff1680cafed70e33ce265ddcc65e24e6b7c44c7798d6500b08df,grouped_risk_output_compact,fb9bacb9054577d3496b06c24fdfc18f5eb1bd887eab1bbeda4472dcd3d24c72,extrasensory-p2-fold1-seed47-v2_multiseed,1.0,1.0,74282,0.4277175798563684,0.5900286318594605,0.6948837546397196,756803,grouped_risk_output_compact,0.3199364550687827
V3-3,P2,1,47,natural_missingness,efb672880ee0ff1680cafed70e33ce265ddcc65e24e6b7c44c7798d6500b08df,grouped_risk_output_compact,fb9bacb9054577d3496b06c24fdfc18f5eb1bd887eab1bbeda4472dcd3d24c72,extrasensory-p2-fold1-seed47-v2_multiseed,0.05,0.0500121159904149,3715,0.2420150471996041,0.6263698739373619,0.9418007243325192,39206,grouped_risk_full_compact,0.4493043072532393
V3-3,P2,1,47,natural_missingness,efb672880ee0ff1680cafed70e33ce265ddcc65e24e6b7c44c7798d6500b08df,grouped_risk_output_compact,fb9bacb9054577d3496b06c24fdfc18f5eb1bd887eab1bbeda4472dcd3d24c72,extrasensory-p2-fold1-seed47-v2_multiseed,0.1,0.1000107697692577,7429,0.2335775248837745,0.6812624268651425,0.9298192115007624,77597,grouped_risk_full_compact,0.4360697020332311
V3-3,P2,1,47,natural_missingness,efb672880ee0ff1680cafed70e33ce265ddcc65e24e6b7c44c7798d6500b08df,grouped_risk_output_compact,fb9bacb9054577d3496b06c24fdfc18f5eb1bd887eab1bbeda4472dcd3d24c72,extrasensory-p2-fold1-seed47-v2_multiseed,0.15,0.1500094235481004,11143,0.2437615785816982,0.6794136360734975,0.9114544139996754,118691,grouped_risk_full_compact,0.4271107247474333
V3-3,P2,1,47,natural_missingness,efb672880ee0ff1680cafed70e33ce265ddcc65e24e6b7c44c7798d6500b08df,grouped_risk_output_compact,fb9bacb9054577d3496b06c24fdfc18f5eb1bd887eab1bbeda4472dcd3d24c72,extrasensory-p2-fold1-seed47-v2_multiseed,0.2,0.2000080773269432,14857,0.252607217260116,0.6894201086874434,0.8957502871427606,158733,grouped_risk_full_compact,0.4209511589041363
V3-3,P2,1,47,natural_missingness,efb672880ee0ff1680cafed70e33ce265ddcc65e24e6b7c44c7798d6500b08df,grouped_risk_output_compact,fb9bacb9054577d3496b06c24fdfc18f5eb1bd887eab1bbeda4472dcd3d24c72,extrasensory-p2-fold1-seed47-v2_multiseed,0.25,0.2500067311057861,18571,0.256829122161013,0.6976663040206138,0.8852850335735566,199332,grouped_risk_full_compact,0.4159025208004467
V3-3,P2,1,47,natural_missingness,efb672880ee0ff1680cafed70e33ce265ddcc65e24e6b7c44c7798d6500b08df,grouped_risk_output_compact,fb9bacb9054577d3496b06c24fdfc18f5eb1bd887eab1bbeda4472dcd3d24c72,extrasensory-p2-fold1-seed47-v2_multiseed,0.3,0.3000053848846288,22285,0.2676105659099532,0.7014929806583136,0.8728803774717704,239197,grouped_risk_full_compact,0.4111428449353142
V3-3,P2,1,47,natural_missingness,efb672880ee0ff1680cafed70e33ce265ddcc65e24e6b7c44c7798d6500b08df,grouped_risk_output_compact,fb9bacb9054577d3496b06c24fdfc18f5eb1bd887eab1bbeda4472dcd3d24c72,extrasensory-p2-fold1-seed47-v2_multiseed,0.35,0.3500040386634716,25999,0.2821488262842393,0.703375573747858,0.8579583523168869,278031,grouped_risk_full_compact,0.406730147829686
V3-3,P2,1,47,natural_missingness,efb672880ee0ff1680cafed70e33ce265ddcc65e24e6b7c44c7798d6500b08df,grouped_risk_output_compact,fb9bacb9054577d3496b06c24fdfc18f5eb1bd887eab1bbeda4472dcd3d24c72,extrasensory-p2-fold1-seed47-v2_multiseed,0.4,0.4000026924423144,29713,0.2968691950745146,0.7017269116397112,0.8437296655145036,315124,grouped_risk_full_compact,0.4026217442577776
V3-3,P2,1,47,natural_missingness,efb672880ee0ff1680cafed70e33ce265ddcc65e24e6b7c44c7798d6500b08df,grouped_risk_output_compact,fb9bacb9054577d3496b06c24fdfc18f5eb1bd887eab1bbeda4472dcd3d24c72,extrasensory-p2-fold1-seed47-v2_multiseed,0.45,0.4500013462211572,33427,0.3107344660817718,0.7005215286174038,0.8294692624606188,351926,grouped_risk_full_compact,0.3987747998844792
V3-3,P2,1,47,natural_missingness,efb672880ee0ff1680cafed70e33ce265ddcc65e24e6b7c44c7798d6500b08df,grouped_risk_output_compact,fb9bacb9054577d3496b06c24fdfc18f5eb1bd887eab1bbeda4472dcd3d24c72,extrasensory-p2-fold1-seed47-v2_multiseed,0.5,0.5,37141,0.3245919416714924,0.694559379286806,0.8152282318723808,388421,grouped_risk_full_compact,0.3950751972300236
V3-3,P2,1,47,natural_missingness,efb672880ee0ff1680cafed70e33ce265ddcc65e24e6b7c44c7798d6500b08df,grouped_risk_output_compact,fb9bacb9054577d3496b06c24fdfc18f5eb1bd887eab1bbeda4472dcd3d24c72,extrasensory-p2-fold1-seed47-v2_multiseed,0.55,0.5500121159904149,40856,0.3364924721476232,0.6868294139339365,0.8001029721929915,425089,grouped_risk_full_compact,0.3913658261748902
V3-3,P2,1,47,natural_missingness,efb672880ee0ff1680cafed70e33ce265ddcc65e24e6b7c44c7798d6500b08df,grouped_risk_output_compact,fb9bacb9054577d3496b06c24fdfc18f5eb1bd887eab1bbeda4472dcd3d24c72,extrasensory-p2-fold1-seed47-v2_multiseed,0.6,0.6000107697692577,44570,0.3486005990363277,0.6763656700863242,0.7850717959216073,461572,grouped_risk_full_compact,0.3876557266977227
V3-3,P2,1,47,natural_missingness,efb672880ee0ff1680cafed70e33ce265ddcc65e24e6b7c44c7798d6500b08df,grouped_risk_output_compact,fb9bacb9054577d3496b06c24fdfc18f5eb1bd887eab1bbeda4472dcd3d24c72,extrasensory-p2-fold1-seed47-v2_multiseed,0.65,0.6500094235481004,48284,0.3598446880424285,0.6662497201488502,0.772255572618549,499198,grouped_risk_full_compact,0.3839257773132711
V3-3,P2,1,47,natural_missingness,efb672880ee0ff1680cafed70e33ce265ddcc65e24e6b7c44c7798d6500b08df,grouped_risk_output_compact,fb9bacb9054577d3496b06c24fdfc18f5eb1bd887eab1bbeda4472dcd3d24c72,extrasensory-p2-fold1-seed47-v2_multiseed,0.7,0.7000080773269433,51998,0.3702084191240107,0.6544532278350287,0.7600001447068059,536891,grouped_risk_full_compact,0.3802436783959967
V3-3,P2,1,47,natural_missingness,efb672880ee0ff1680cafed70e33ce265ddcc65e24e6b7c44c7798d6500b08df,grouped_risk_output_compact,fb9bacb9054577d3496b06c24fdfc18f5eb1bd887eab1bbeda4472dcd3d24c72,extrasensory-p2-fold1-seed47-v2_multiseed,0.75,0.7500067311057861,55712,0.3796700864517303,0.6425571744750108,0.7483113268388717,574190,grouped_risk_full_compact,0.3764698392660042
V3-3,P2,1,47,natural_missingness,efb672880ee0ff1680cafed70e33ce265ddcc65e24e6b7c44c7798d6500b08df,grouped_risk_output_compact,fb9bacb9054577d3496b06c24fdfc18f5eb1bd887eab1bbeda4472dcd3d24c72,extrasensory-p2-fold1-seed47-v2_multiseed,0.8,0.8000053848846288,59426,0.3888417987735423,0.6310139726411664,0.7369056170090504,611916,grouped_risk_full_compact,0.3724189487163543
V3-3,P2,1,47,natural_missingness,efb672880ee0ff1680cafed70e33ce265ddcc65e24e6b7c44c7798d6500b08df,grouped_risk_output_compact,fb9bacb9054577d3496b06c24fdfc18f5eb1bd887eab1bbeda4472dcd3d24c72,extrasensory-p2-fold1-seed47-v2_multiseed,0.85,0.8500040386634716,63140,0.3979976017502583,0.6214475140468945,0.7260920435644398,649931,grouped_risk_full_compact,0.3675846235721319
V3-3,P2,1,47,natural_missingness,efb672880ee0ff1680cafed70e33ce265ddcc65e24e6b7c44c7798d6500b08df,grouped_risk_output_compact,fb9bacb9054577d3496b06c24fdfc18f5eb1bd887eab1bbeda4472dcd3d24c72,extrasensory-p2-fold1-seed47-v2_multiseed,0.9,0.9000026924423145,66854,0.4073079347808958,0.6106500346876328,0.7153224358846508,686936,grouped_risk_full_compact,0.3617590690288732
V3-3,P2,1,47,natural_missingness,efb672880ee0ff1680cafed70e33ce265ddcc65e24e6b7c44c7798d6500b08df,grouped_risk_output_compact,fb9bacb9054577d3496b06c24fdfc18f5eb1bd887eab1bbeda4472dcd3d24c72,extrasensory-p2-fold1-seed47-v2_multiseed,0.95,0.9500013462211572,70568,0.4167378503585228,0.6001442030937639,0.7049657037705527,722998,grouped_risk_full_compact,0.3532828187431457
V3-3,P2,1,47,natural_missingness,efb672880ee0ff1680cafed70e33ce265ddcc65e24e6b7c44c7798d6500b08df,grouped_risk_output_compact,fb9bacb9054577d3496b06c24fdfc18f5eb1bd887eab1bbeda4472dcd3d24c72,extrasensory-p2-fold1-seed47-v2_multiseed,1.0,1.0,74282,0.4277175798563684,0.5900286318594605,0.6948837546397196,756803,grouped_risk_full_compact,0.3062319786396284
V3-3,P2,1,47,natural_missingness,efb672880ee0ff1680cafed70e33ce265ddcc65e24e6b7c44c7798d6500b08df,grouped_risk_output_compact,fb9bacb9054577d3496b06c24fdfc18f5eb1bd887eab1bbeda4472dcd3d24c72,extrasensory-p2-fold1-seed47-v2_multiseed,0.05,0.0500121159904149,3715,0.2287319896108253,0.5457680254395344,0.9489813388118472,37472,grouped_risk_selected,0.4451695551615882
V3-3,P2,1,47,natural_missingness,efb672880ee0ff1680cafed70e33ce265ddcc65e24e6b7c44c7798d6500b08df,grouped_risk_output_compact,fb9bacb9054577d3496b06c24fdfc18f5eb1bd887eab1bbeda4472dcd3d24c72,extrasensory-p2-fold1-seed47-v2_multiseed,0.1,0.1000107697692577,7429,0.2210990324269988,0.5460447118537564,0.9351611708040016,77240,grouped_risk_selected,0.433377568273032
V3-3,P2,1,47,natural_missingness,efb672880ee0ff1680cafed70e33ce265ddcc65e24e6b7c44c7798d6500b08df,grouped_risk_output_compact,fb9bacb9054577d3496b06c24fdfc18f5eb1bd887eab1bbeda4472dcd3d24c72,extrasensory-p2-fold1-seed47-v2_multiseed,0.15,0.1500094235481004,11143,0.2272623558876605,0.5681221512827754,0.9232509002172424,116362,grouped_risk_selected,0.4261984584567514
V3-3,P2,1,47,natural_missingness,efb672880ee0ff1680cafed70e33ce265ddcc65e24e6b7c44c7798d6500b08df,grouped_risk_output_compact,fb9bacb9054577d3496b06c24fdfc18f5eb1bd887eab1bbeda4472dcd3d24c72,extrasensory-p2-fold1-seed47-v2_multiseed,0.2,0.2000080773269432,14857,0.2406634788988629,0.6281683288133117,0.907480006272542,157961,grouped_risk_selected,0.4203307059483739
V3-3,P2,1,47,natural_missingness,efb672880ee0ff1680cafed70e33ce265ddcc65e24e6b7c44c7798d6500b08df,grouped_risk_output_compact,fb9bacb9054577d3496b06c24fdfc18f5eb1bd887eab1bbeda4472dcd3d24c72,extrasensory-p2-fold1-seed47-v2_multiseed,0.25,0.2500067311057861,18571,0.2571170921772577,0.6738786560970639,0.8916761687571265,197472,grouped_risk_selected,0.4148416322021658
V3-3,P2,1,47,natural_missingness,efb672880ee0ff1680cafed70e33ce265ddcc65e24e6b7c44c7798d6500b08df,grouped_risk_output_compact,fb9bacb9054577d3496b06c24fdfc18f5eb1bd887eab1bbeda4472dcd3d24c72,extrasensory-p2-fold1-seed47-v2_multiseed,0.3,0.3000053848846288,22285,0.2727720024546411,0.6780306955002142,0.8776444523630618,236520,grouped_risk_selected,0.4102342443949859
V3-3,P2,1,47,natural_missingness,efb672880ee0ff1680cafed70e33ce265ddcc65e24e6b7c44c7798d6500b08df,grouped_risk_output_compact,fb9bacb9054577d3496b06c24fdfc18f5eb1bd887eab1bbeda4472dcd3d24c72,extrasensory-p2-fold1-seed47-v2_multiseed,0.35,0.3500040386634716,25999,0.2870210256478969,0.6859393199170803,0.8632816733499512,274270,grouped_risk_selected,0.4059718778260366
V3-3,P2,1,47,natural_missingness,efb672880ee0ff1680cafed70e33ce265ddcc65e24e6b7c44c7798d6500b08df,grouped_risk_output_compact,fb9bacb9054577d3496b06c24fdfc18f5eb1bd887eab1bbeda4472dcd3d24c72,extrasensory-p2-fold1-seed47-v2_multiseed,0.4,0.4000026924423144,29713,0.3002018552416085,0.6958498581740644,0.848061360067641,311536,grouped_risk_selected,0.4018900874638821
V3-3,P2,1,47,natural_missingness,efb672880ee0ff1680cafed70e33ce265ddcc65e24e6b7c44c7798d6500b08df,grouped_risk_output_compact,fb9bacb9054577d3496b06c24fdfc18f5eb1bd887eab1bbeda4472dcd3d24c72,extrasensory-p2-fold1-seed47-v2_multiseed,0.45,0.4500013462211572,33427,0.3131587033713607,0.6951074580941169,0.8328704817301175,347585,grouped_risk_selected,0.3981749408941801
V3-3,P2,1,47,natural_missingness,efb672880ee0ff1680cafed70e33ce265ddcc65e24e6b7c44c7798d6500b08df,grouped_risk_output_compact,fb9bacb9054577d3496b06c24fdfc18f5eb1bd887eab1bbeda4472dcd3d24c72,extrasensory-p2-fold1-seed47-v2_multiseed,0.5,0.5,37141,0.3255215177123827,0.6895912914749851,0.8170090874158503,383416,grouped_risk_selected,0.3946255193034994
V3-3,P2,1,47,natural_missingness,efb672880ee0ff1680cafed70e33ce265ddcc65e24e6b7c44c7798d6500b08df,grouped_risk_output_compact,fb9bacb9054577d3496b06c24fdfc18f5eb1bd887eab1bbeda4472dcd3d24c72,extrasensory-p2-fold1-seed47-v2_multiseed,0.55,0.5500121159904149,40856,0.3376511117843774,0.683516033922281,0.8024083697717543,420342,grouped_risk_selected,0.3912821236929683
V3-3,P2,1,47,natural_missingness,efb672880ee0ff1680cafed70e33ce265ddcc65e24e6b7c44c7798d6500b08df,grouped_risk_output_compact,fb9bacb9054577d3496b06c24fdfc18f5eb1bd887eab1bbeda4472dcd3d24c72,extrasensory-p2-fold1-seed47-v2_multiseed,0.6,0.6000107697692577,44570,0.3492945914658773,0.6759957950317296,0.7879671416256782,457545,grouped_risk_selected,0.3879558200172797
V3-3,P2,1,47,natural_missingness,efb672880ee0ff1680cafed70e33ce265ddcc65e24e6b7c44c7798d6500b08df,grouped_risk_output_compact,fb9bacb9054577d3496b06c24fdfc18f5eb1bd887eab1bbeda4472dcd3d24c72,extrasensory-p2-fold1-seed47-v2_multiseed,0.65,0.6500094235481004,48284,0.3595515498885756,0.6660440029534962,0.7743884519989186,495250,grouped_risk_selected,0.3846142586855257
V3-3,P2,1,47,natural_missingness,efb672880ee0ff1680cafed70e33ce265ddcc65e24e6b7c44c7798d6500b08df,grouped_risk_output_compact,fb9bacb9054577d3496b06c24fdfc18f5eb1bd887eab1bbeda4472dcd3d24c72,extrasensory-p2-fold1-seed47-v2_multiseed,0.7,0.7000080773269433,51998,0.3692915077069804,0.6543918035737931,0.761271475780979,533136,grouped_risk_selected,0.3812265386325184
V3-3,P2,1,47,natural_missingness,efb672880ee0ff1680cafed70e33ce265ddcc65e24e6b7c44c7798d6500b08df,grouped_risk_output_compact,fb9bacb9054577d3496b06c24fdfc18f5eb1bd887eab1bbeda4472dcd3d24c72,extrasensory-p2-fold1-seed47-v2_multiseed,0.75,0.7500067311057861,55712,0.380075258197835,0.6421693544693389,0.7493074036165132,571663,grouped_risk_selected,0.3775494475051584
V3-3,P2,1,47,natural_missingness,efb672880ee0ff1680cafed70e33ce265ddcc65e24e6b7c44c7798d6500b08df,grouped_risk_output_compact,fb9bacb9054577d3496b06c24fdfc18f5eb1bd887eab1bbeda4472dcd3d24c72,extrasensory-p2-fold1-seed47-v2_multiseed,0.8,0.8000053848846288,59426,0.3905086786369485,0.6311218701131014,0.7380119392474753,610003,grouped_risk_selected,0.3734907326986547
V3-3,P2,1,47,natural_missingness,efb672880ee0ff1680cafed70e33ce265ddcc65e24e6b7c44c7798d6500b08df,grouped_risk_output_compact,fb9bacb9054577d3496b06c24fdfc18f5eb1bd887eab1bbeda4472dcd3d24c72,extrasensory-p2-fold1-seed47-v2_multiseed,0.85,0.8500040386634716,63140,0.4004455948356527,0.620857254002742,0.7269389268563263,648165,grouped_risk_selected,0.3688836272348085
V3-3,P2,1,47,natural_missingness,efb672880ee0ff1680cafed70e33ce265ddcc65e24e6b7c44c7798d6500b08df,grouped_risk_output_compact,fb9bacb9054577d3496b06c24fdfc18f5eb1bd887eab1bbeda4472dcd3d24c72,extrasensory-p2-fold1-seed47-v2_multiseed,0.9,0.9000026924423145,66854,0.4097743743998892,0.6116302235100232,0.7164731962229098,686129,grouped_risk_selected,0.3627915377059844
V3-3,P2,1,47,natural_missingness,efb672880ee0ff1680cafed70e33ce265ddcc65e24e6b7c44c7798d6500b08df,grouped_risk_output_compact,fb9bacb9054577d3496b06c24fdfc18f5eb1bd887eab1bbeda4472dcd3d24c72,extrasensory-p2-fold1-seed47-v2_multiseed,0.95,0.9500013462211572,70568,0.41873510723895,0.6011020588161028,0.7056583124749428,722341,grouped_risk_selected,0.3547318901978351
V3-3,P2,1,47,natural_missingness,efb672880ee0ff1680cafed70e33ce265ddcc65e24e6b7c44c7798d6500b08df,grouped_risk_output_compact,fb9bacb9054577d3496b06c24fdfc18f5eb1bd887eab1bbeda4472dcd3d24c72,extrasensory-p2-fold1-seed47-v2_multiseed,1.0,1.0,74282,0.4277175798563684,0.5900286318594605,0.6948837546397196,756803,grouped_risk_selected,0.3199364550687827
V3-3,P2,2,13,natural_missingness,efb672880ee0ff1680cafed70e33ce265ddcc65e24e6b7c44c7798d6500b08df,grouped_risk_full_compact,ed6b7ef0b738c337e05453c5f54c76e5d9d73ea1c87e88b38f504078b40100aa,extrasensory-p2-fold2-seed13-v2_seed13,0.05,0.050005764655326,4771,0.4493149514457273,0.4148763949262971,0.9373352764255372,54883,mean_binary_certainty,0.9650076596136586
V3-3,P2,2,13,natural_missingness,efb672880ee0ff1680cafed70e33ce265ddcc65e24e6b7c44c7798d6500b08df,grouped_risk_full_compact,ed6b7ef0b738c337e05453c5f54c76e5d9d73ea1c87e88b38f504078b40100aa,extrasensory-p2-fold2-seed13-v2_seed13,0.1,0.1000010481191501,9541,0.3592841693063032,0.6433867793335922,0.9401378384971943,109920,mean_binary_certainty,0.930439528622884
V3-3,P2,2,13,natural_missingness,efb672880ee0ff1680cafed70e33ce265ddcc65e24e6b7c44c7798d6500b08df,grouped_risk_full_compact,ed6b7ef0b738c337e05453c5f54c76e5d9d73ea1c87e88b38f504078b40100aa,extrasensory-p2-fold2-seed13-v2_seed13,0.15,0.1500068127744762,14312,0.3393910310118467,0.5821649636760294,0.9339910295234825,163302,mean_binary_certainty,0.8820981703923805
V3-3,P2,2,13,natural_missingness,efb672880ee0ff1680cafed70e33ce265ddcc65e24e6b7c44c7798d6500b08df,grouped_risk_full_compact,ed6b7ef0b738c337e05453c5f54c76e5d9d73ea1c87e88b38f504078b40100aa,extrasensory-p2-fold2-seed13-v2_seed13,0.2,0.2000020962383003,19082,0.3114937321553563,0.5384627459294189,0.9274480202567236,217097,mean_binary_certainty,0.8248958690091229
V3-3,P2,2,13,natural_missingness,efb672880ee0ff1680cafed70e33ce265ddcc65e24e6b7c44c7798d6500b08df,grouped_risk_full_compact,ed6b7ef0b738c337e05453c5f54c76e5d9d73ea1c87e88b38f504078b40100aa,extrasensory-p2-fold2-seed13-v2_seed13,0.25,0.2500078608936263,23853,0.3064043577224379,0.5945549267403584,0.915728129910948,269255,mean_binary_certainty,0.753766485397161
V3-3,P2,2,13,natural_missingness,efb672880ee0ff1680cafed70e33ce265ddcc65e24e6b7c44c7798d6500b08df,grouped_risk_full_compact,ed6b7ef0b738c337e05453c5f54c76e5d9d73ea1c87e88b38f504078b40100aa,extrasensory-p2-fold2-seed13-v2_seed13,0.3,0.3000031443574505,28623,0.3144694165289896,0.6487073182018477,0.8985953671759488,318598,mean_binary_certainty,0.6858773710380215
V3-3,P2,2,13,natural_missingness,efb672880ee0ff1680cafed70e33ce265ddcc65e24e6b7c44c7798d6500b08df,grouped_risk_full_compact,ed6b7ef0b738c337e05453c5f54c76e5d9d73ea1c87e88b38f504078b40100aa,extrasensory-p2-fold2-seed13-v2_seed13,0.35,0.3500089090127766,33394,0.3328990910357404,0.656216908447578,0.8748301788700825,367011,mean_binary_certainty,0.634017994889824
V3-3,P2,2,13,natural_missingness,efb672880ee0ff1680cafed70e33ce265ddcc65e24e6b7c44c7798d6500b08df,grouped_risk_full_compact,ed6b7ef0b738c337e05453c5f54c76e5d9d73ea1c87e88b38f504078b40100aa,extrasensory-p2-fold2-seed13-v2_seed13,0.4,0.4000041924766007,38164,0.3560440075506635,0.655773933890414,0.8499123289105232,415876,mean_binary_certainty,0.593775630503549
V3-3,P2,2,13,natural_missingness,efb672880ee0ff1680cafed70e33ce265ddcc65e24e6b7c44c7798d6500b08df,grouped_risk_full_compact,ed6b7ef0b738c337e05453c5f54c76e5d9d73ea1c87e88b38f504078b40100aa,extrasensory-p2-fold2-seed13-v2_seed13,0.45,0.4500099571319267,42935,0.37518594717121,0.6494754571476958,0.8265987784834209,464558,mean_binary_certainty,0.5610465389403498
V3-3,P2,2,13,natural_missingness,efb672880ee0ff1680cafed70e33ce265ddcc65e24e6b7c44c7798d6500b08df,grouped_risk_full_compact,ed6b7ef0b738c337e05453c5f54c76e5d9d73ea1c87e88b38f504078b40100aa,extrasensory-p2-fold2-seed13-v2_seed13,0.5,0.5000052405957509,47705,0.3907096768431638,0.6402856552697721,0.8058675697353177,512748,mean_binary_certainty,0.5336845792628093
V3-3,P2,2,13,natural_missingness,efb672880ee0ff1680cafed70e33ce265ddcc65e24e6b7c44c7798d6500b08df,grouped_risk_full_compact,ed6b7ef0b738c337e05453c5f54c76e5d9d73ea1c87e88b38f504078b40100aa,extrasensory-p2-fold2-seed13-v2_seed13,0.55,0.5500005240595751,52475,0.4027226365036931,0.6325992770268066,0.7885986987078352,560837,mean_binary_certainty,0.5084073706522834
V3-3,P2,2,13,natural_missingness,efb672880ee0ff1680cafed70e33ce265ddcc65e24e6b7c44c7798d6500b08df,grouped_risk_full_compact,ed6b7ef0b738c337e05453c5f54c76e5d9d73ea1c87e88b38f504078b40100aa,extrasensory-p2-fold2-seed13-v2_seed13,0.6,0.6000062887149011,57246,0.4123107951173885,0.6255405404259664,0.7741521292393538,608240,mean_binary_certainty,0.4848282432527631
V3-3,P2,2,13,natural_missingness,efb672880ee0ff1680cafed70e33ce265ddcc65e24e6b7c44c7798d6500b08df,grouped_risk_full_compact,ed6b7ef0b738c337e05453c5f54c76e5d9d73ea1c87e88b38f504078b40100aa,extrasensory-p2-fold2-seed13-v2_seed13,0.65,0.6500015721787252,62016,0.4214773780776954,0.6181739296076897,0.7609316328571111,656091,mean_binary_certainty,0.4610559383047383
V3-3,P2,2,13,natural_missingness,efb672880ee0ff1680cafed70e33ce265ddcc65e24e6b7c44c7798d6500b08df,grouped_risk_full_compact,ed6b7ef0b738c337e05453c5f54c76e5d9d73ea1c87e88b38f504078b40100aa,extrasensory-p2-fold2-seed13-v2_seed13,0.7,0.7000073368340513,66787,0.4286067742592898,0.6118684868201307,0.7496337862241615,703140,mean_binary_certainty,0.4367150505883403
V3-3,P2,2,13,natural_missingness,efb672880ee0ff1680cafed70e33ce265ddcc65e24e6b7c44c7798d6500b08df,grouped_risk_full_compact,ed6b7ef0b738c337e05453c5f54c76e5d9d73ea1c87e88b38f504078b40100aa,extrasensory-p2-fold2-seed13-v2_seed13,0.75,0.7500026202978755,71557,0.4349138581020655,0.6061644563553039,0.73969825474328,749984,mean_binary_certainty,0.4119193407361893
V3-3,P2,2,13,natural_missingness,efb672880ee0ff1680cafed70e33ce265ddcc65e24e6b7c44c7798d6500b08df,grouped_risk_full_compact,ed6b7ef0b738c337e05453c5f54c76e5d9d73ea1c87e88b38f504078b40100aa,extrasensory-p2-fold2-seed13-v2_seed13,0.8,0.8000083849532015,76328,0.44127542665259,0.6003040488234999,0.7305891599640312,796498,mean_binary_certainty,0.3852848197089683
V3-3,P2,2,13,natural_missingness,efb672880ee0ff1680cafed70e33ce265ddcc65e24e6b7c44c7798d6500b08df,grouped_risk_full_compact,ed6b7ef0b738c337e05453c5f54c76e5d9d73ea1c87e88b38f504078b40100aa,extrasensory-p2-fold2-seed13-v2_seed13,0.85,0.8500036684170257,81098,0.4464841827126038,0.5949007243002423,0.722526886764292,843190,mean_binary_certainty,0.3545275947899952
V3-3,P2,2,13,natural_missingness,efb672880ee0ff1680cafed70e33ce265ddcc65e24e6b7c44c7798d6500b08df,grouped_risk_full_compact,ed6b7ef0b738c337e05453c5f54c76e5d9d73ea1c87e88b38f504078b40100aa,extrasensory-p2-fold2-seed13-v2_seed13,0.9,0.9000094330723517,85869,0.4519150262394631,0.5899648657448134,0.7147535970644092,890146,mean_binary_certainty,0.3170933525042934
V3-3,P2,2,13,natural_missingness,efb672880ee0ff1680cafed70e33ce265ddcc65e24e6b7c44c7798d6500b08df,grouped_risk_full_compact,ed6b7ef0b738c337e05453c5f54c76e5d9d73ea1c87e88b38f504078b40100aa,extrasensory-p2-fold2-seed13-v2_seed13,0.95,0.9500047165361758,90639,0.4576214391722451,0.5842788664908449,0.7070951308298404,937883,mean_binary_certainty,0.2650375907472025
V3-3,P2,2,13,natural_missingness,efb672880ee0ff1680cafed70e33ce265ddcc65e24e6b7c44c7798d6500b08df,grouped_risk_full_compact,ed6b7ef0b738c337e05453c5f54c76e5d9d73ea1c87e88b38f504078b40100aa,extrasensory-p2-fold2-seed13-v2_seed13,1.0,1.0,95409,0.4643390512323676,0.5770586778765388,0.6988816342362144,986204,mean_binary_certainty,0.0387463801804174
V3-3,P2,2,13,natural_missingness,efb672880ee0ff1680cafed70e33ce265ddcc65e24e6b7c44c7798d6500b08df,grouped_risk_full_compact,ed6b7ef0b738c337e05453c5f54c76e5d9d73ea1c87e88b38f504078b40100aa,extrasensory-p2-fold2-seed13-v2_seed13,0.05,0.050005764655326,4771,0.3573811067531097,0.5350364347418228,0.7717786454826983,53859,p2_system_reliability,0.9946728944778442
V3-3,P2,2,13,natural_missingness,efb672880ee0ff1680cafed70e33ce265ddcc65e24e6b7c44c7798d6500b08df,grouped_risk_full_compact,ed6b7ef0b738c337e05453c5f54c76e5d9d73ea1c87e88b38f504078b40100aa,extrasensory-p2-fold2-seed13-v2_seed13,0.1,0.1000010481191501,9541,0.3664921887234609,0.5758743626862098,0.7619688654171413,107435,p2_system_reliability,0.9930989146232604
V3-3,P2,2,13,natural_missingness,efb672880ee0ff1680cafed70e33ce265ddcc65e24e6b7c44c7798d6500b08df,grouped_risk_full_compact,ed6b7ef0b738c337e05453c5f54c76e5d9d73ea1c87e88b38f504078b40100aa,extrasensory-p2-fold2-seed13-v2_seed13,0.15,0.1500068127744762,14312,0.376279440587988,0.5849834051588498,0.753427720698137,159813,p2_system_reliability,0.9917594194412231
V3-3,P2,2,13,natural_missingness,efb672880ee0ff1680cafed70e33ce265ddcc65e24e6b7c44c7798d6500b08df,grouped_risk_full_compact,ed6b7ef0b738c337e05453c5f54c76e5d9d73ea1c87e88b38f504078b40100aa,extrasensory-p2-fold2-seed13-v2_seed13,0.2,0.2000020962383003,19082,0.3856304929089356,0.588801137366561,0.7445850157021086,210982,p2_system_reliability,0.9904801845550536
V3-3,P2,2,13,natural_missingness,efb672880ee0ff1680cafed70e33ce265ddcc65e24e6b7c44c7798d6500b08df,grouped_risk_full_compact,ed6b7ef0b738c337e05453c5f54c76e5d9d73ea1c87e88b38f504078b40100aa,extrasensory-p2-fold2-seed13-v2_seed13,0.25,0.2500078608936263,23853,0.4077279088419748,0.5862219326234465,0.7335823801762559,261236,p2_system_reliability,0.9892265796661376
V3-3,P2,2,13,natural_missingness,efb672880ee0ff1680cafed70e33ce265ddcc65e24e6b7c44c7798d6500b08df,grouped_risk_full_compact,ed6b7ef0b738c337e05453c5f54c76e5d9d73ea1c87e88b38f504078b40100aa,extrasensory-p2-fold2-seed13-v2_seed13,0.3,0.3000031443574505,28623,0.4270914372557948,0.5816758849801389,0.7239552607182846,310846,p2_system_reliability,0.9879226684570312
V3-3,P2,2,13,natural_missingness,efb672880ee0ff1680cafed70e33ce265ddcc65e24e6b7c44c7798d6500b08df,grouped_risk_full_compact,ed6b7ef0b738c337e05453c5f54c76e5d9d73ea1c87e88b38f504078b40100aa,extrasensory-p2-fold2-seed13-v2_seed13,0.35,0.3500089090127766,33394,0.4417284997379662,0.5802131736852983,0.7170333214641421,360356,p2_system_reliability,0.9865403771400452
V3-3,P2,2,13,natural_missingness,efb672880ee0ff1680cafed70e33ce265ddcc65e24e6b7c44c7798d6500b08df,grouped_risk_full_compact,ed6b7ef0b738c337e05453c5f54c76e5d9d73ea1c87e88b38f504078b40100aa,extrasensory-p2-fold2-seed13-v2_seed13,0.4,0.4000041924766007,38164,0.4501555700549183,0.5798466993198675,0.7104541930365482,409992,p2_system_reliability,0.9850809574127196
V3-3,P2,2,13,natural_missingness,efb672880ee0ff1680cafed70e33ce265ddcc65e24e6b7c44c7798d6500b08df,grouped_risk_full_compact,ed6b7ef0b738c337e05453c5f54c76e5d9d73ea1c87e88b38f504078b40100aa,extrasensory-p2-fold2-seed13-v2_seed13,0.45,0.4500099571319267,42935,0.4589660894477494,0.5776260222847339,0.7054846493253091,458735,p2_system_reliability,0.9835411310195924
V3-3,P2,2,13,natural_missingness,efb672880ee0ff1680cafed70e33ce265ddcc65e24e6b7c44c7798d6500b08df,grouped_risk_full_compact,ed6b7ef0b738c337e05453c5f54c76e5d9d73ea1c87e88b38f504078b40100aa,extrasensory-p2-fold2-seed13-v2_seed13,0.5,0.5000052405957509,47705,0.4625413034004307,0.5782386754470519,0.7042722089918453,508781,p2_system_reliability,0.9819767475128174
V3-3,P2,2,13,natural_missingness,efb672880ee0ff1680cafed70e33ce265ddcc65e24e6b7c44c7798d6500b08df,grouped_risk_full_compact,ed6b7ef0b738c337e05453c5f54c76e5d9d73ea1c87e88b38f504078b40100aa,extrasensory-p2-fold2-seed13-v2_seed13,0.55,0.5500005240595751,52475,0.4662607878980151,0.5785064900982559,0.7025869981380957,557749,p2_system_reliability,0.9801955223083496
V3-3,P2,2,13,natural_missingness,efb672880ee0ff1680cafed70e33ce265ddcc65e24e6b7c44c7798d6500b08df,grouped_risk_full_compact,ed6b7ef0b738c337e05453c5f54c76e5d9d73ea1c87e88b38f504078b40100aa,extrasensory-p2-fold2-seed13-v2_seed13,0.6,0.6000062887149011,57246,0.469084588965394,0.5779632563589768,0.7012297381218818,606752,p2_system_reliability,0.978248119354248
V3-3,P2,2,13,natural_missingness,efb672880ee0ff1680cafed70e33ce265ddcc65e24e6b7c44c7798d6500b08df,grouped_risk_full_compact,ed6b7ef0b738c337e05453c5f54c76e5d9d73ea1c87e88b38f504078b40100aa,extrasensory-p2-fold2-seed13-v2_seed13,0.65,0.6500015721787252,62016,0.4691946111932051,0.5777517998770594,0.7013946742761615,655318,p2_system_reliability,0.9761109948158264
V3-3,P2,2,13,natural_missingness,efb672880ee0ff1680cafed70e33ce265ddcc65e24e6b7c44c7798d6500b08df,grouped_risk_full_compact,ed6b7ef0b738c337e05453c5f54c76e5d9d73ea1c87e88b38f504078b40100aa,extrasensory-p2-fold2-seed13-v2_seed13,0.7,0.7000073368340513,66787,0.4691402413798453,0.5776710509311953,0.7012577325933297,704524,p2_system_reliability,0.9735757112503052
V3-3,P2,2,13,natural_missingness,efb672880ee0ff1680cafed70e33ce265ddcc65e24e6b7c44c7798d6500b08df,grouped_risk_full_compact,ed6b7ef0b738c337e05453c5f54c76e5d9d73ea1c87e88b38f504078b40100aa,extrasensory-p2-fold2-seed13-v2_seed13,0.75,0.7500026202978755,71557,0.4688349130923401,0.5787265816838937,0.7008428007875391,753558,p2_system_reliability,0.9703919887542723
V3-3,P2,2,13,natural_missingness,efb672880ee0ff1680cafed70e33ce265ddcc65e24e6b7c44c7798d6500b08df,grouped_risk_full_compact,ed6b7ef0b738c337e05453c5f54c76e5d9d73ea1c87e88b38f504078b40100aa,extrasensory-p2-fold2-seed13-v2_seed13,0.8,0.8000083849532015,76328,0.4691386669599934,0.5789107721628991,0.6994321537069428,801838,p2_system_reliability,0.9661113023757936
V3-3,P2,2,13,natural_missingness,efb672880ee0ff1680cafed70e33ce265ddcc65e24e6b7c44c7798d6500b08df,grouped_risk_full_compact,ed6b7ef0b738c337e05453c5f54c76e5d9d73ea1c87e88b38f504078b40100aa,extrasensory-p2-fold2-seed13-v2_seed13,0.85,0.8500036684170257,81098,0.4708030477003215,0.5783491273405915,0.6966193695838492,849878,p2_system_reliability,0.9599716663360596
V3-3,P2,2,13,natural_missingness,efb672880ee0ff1680cafed70e33ce265ddcc65e24e6b7c44c7798d6500b08df,grouped_risk_full_compact,ed6b7ef0b738c337e05453c5f54c76e5d9d73ea1c87e88b38f504078b40100aa,extrasensory-p2-fold2-seed13-v2_seed13,0.9,0.9000094330723517,85869,0.472832380710065,0.5779492890433524,0.6938077756114356,896845,p2_system_reliability,0.9499086141586304
V3-3,P2,2,13,natural_missingness,efb672880ee0ff1680cafed70e33ce265ddcc65e24e6b7c44c7798d6500b08df,grouped_risk_full_compact,ed6b7ef0b738c337e05453c5f54c76e5d9d73ea1c87e88b38f504078b40100aa,extrasensory-p2-fold2-seed13-v2_seed13,0.95,0.9500047165361758,90639,0.47073639930841,0.5768779548938847,0.6936776964550632,941922,p2_system_reliability,0.9316253662109376
V3-3,P2,2,13,natural_missingness,efb672880ee0ff1680cafed70e33ce265ddcc65e24e6b7c44c7798d6500b08df,grouped_risk_full_compact,ed6b7ef0b738c337e05453c5f54c76e5d9d73ea1c87e88b38f504078b40100aa,extrasensory-p2-fold2-seed13-v2_seed13,1.0,1.0,95409,0.4643390512323677,0.5770586778765388,0.6988816342362144,986204,p2_system_reliability,0.8082089424133301
V3-3,P2,2,13,natural_missingness,efb672880ee0ff1680cafed70e33ce265ddcc65e24e6b7c44c7798d6500b08df,grouped_risk_full_compact,ed6b7ef0b738c337e05453c5f54c76e5d9d73ea1c87e88b38f504078b40100aa,extrasensory-p2-fold2-seed13-v2_seed13,0.05,0.050005764655326,4771,0.4548649509421126,0.6430190042564164,0.9332405197560328,53780,grouped_risk_output_compact,0.4661980007721598
V3-3,P2,2,13,natural_missingness,efb672880ee0ff1680cafed70e33ce265ddcc65e24e6b7c44c7798d6500b08df,grouped_risk_full_compact,ed6b7ef0b738c337e05453c5f54c76e5d9d73ea1c87e88b38f504078b40100aa,extrasensory-p2-fold2-seed13-v2_seed13,0.1,0.1000010481191501,9541,0.3488648069019432,0.5942061154726268,0.9415059927045336,108044,grouped_risk_output_compact,0.4530110539696973
V3-3,P2,2,13,natural_missingness,efb672880ee0ff1680cafed70e33ce265ddcc65e24e6b7c44c7798d6500b08df,grouped_risk_full_compact,ed6b7ef0b738c337e05453c5f54c76e5d9d73ea1c87e88b38f504078b40100aa,extrasensory-p2-fold2-seed13-v2_seed13,0.15,0.1500068127744762,14312,0.317972225629868,0.5957287310099046,0.9357375241246207,161307,grouped_risk_output_compact,0.4392355651711213
V3-3,P2,2,13,natural_missingness,efb672880ee0ff1680cafed70e33ce265ddcc65e24e6b7c44c7798d6500b08df,grouped_risk_full_compact,ed6b7ef0b738c337e05453c5f54c76e5d9d73ea1c87e88b38f504078b40100aa,extrasensory-p2-fold2-seed13-v2_seed13,0.2,0.2000020962383003,19082,0.3089324114261546,0.5758426232987961,0.9257475416415814,214092,grouped_risk_output_compact,0.4270373206667425
V3-3,P2,2,13,natural_missingness,efb672880ee0ff1680cafed70e33ce265ddcc65e24e6b7c44c7798d6500b08df,grouped_risk_full_compact,ed6b7ef0b738c337e05453c5f54c76e5d9d73ea1c87e88b38f504078b40100aa,extrasensory-p2-fold2-seed13-v2_seed13,0.25,0.2500078608936263,23853,0.3074810120875896,0.5905857844013066,0.9115058670143416,266273,grouped_risk_output_compact,0.4137302031668906
V3-3,P2,2,13,natural_missingness,efb672880ee0ff1680cafed70e33ce265ddcc65e24e6b7c44c7798d6500b08df,grouped_risk_full_compact,ed6b7ef0b738c337e05453c5f54c76e5d9d73ea1c87e88b38f504078b40100aa,extrasensory-p2-fold2-seed13-v2_seed13,0.3,0.3000031443574505,28623,0.3144370448144923,0.6113205689840836,0.8928608518052686,316544,grouped_risk_output_compact,0.4043843045051382
V3-3,P2,2,13,natural_missingness,efb672880ee0ff1680cafed70e33ce265ddcc65e24e6b7c44c7798d6500b08df,grouped_risk_full_compact,ed6b7ef0b738c337e05453c5f54c76e5d9d73ea1c87e88b38f504078b40100aa,extrasensory-p2-fold2-seed13-v2_seed13,0.35,0.3500089090127766,33394,0.3278944247600397,0.6223371078489792,0.8713717713950406,365114,grouped_risk_output_compact,0.3967158416292435
V3-3,P2,2,13,natural_missingness,efb672880ee0ff1680cafed70e33ce265ddcc65e24e6b7c44c7798d6500b08df,grouped_risk_full_compact,ed6b7ef0b738c337e05453c5f54c76e5d9d73ea1c87e88b38f504078b40100aa,extrasensory-p2-fold2-seed13-v2_seed13,0.4,0.4000041924766007,38164,0.3438937800371777,0.6286818948851469,0.8482864809378883,414025,grouped_risk_output_compact,0.3905572428400354
V3-3,P2,2,13,natural_missingness,efb672880ee0ff1680cafed70e33ce265ddcc65e24e6b7c44c7798d6500b08df,grouped_risk_full_compact,ed6b7ef0b738c337e05453c5f54c76e5d9d73ea1c87e88b38f504078b40100aa,extrasensory-p2-fold2-seed13-v2_seed13,0.45,0.4500099571319267,42935,0.3591773702104375,0.6341555511697313,0.8275137767577277,462560,grouped_risk_output_compact,0.3858103383992126
V3-3,P2,2,13,natural_missingness,efb672880ee0ff1680cafed70e33ce265ddcc65e24e6b7c44c7798d6500b08df,grouped_risk_full_compact,ed6b7ef0b738c337e05453c5f54c76e5d9d73ea1c87e88b38f504078b40100aa,extrasensory-p2-fold2-seed13-v2_seed13,0.5,0.5000052405957509,47705,0.374575238646552,0.6335872542603992,0.8085935489563191,511228,grouped_risk_output_compact,0.3819929360282266
V3-3,P2,2,13,natural_missingness,efb672880ee0ff1680cafed70e33ce265ddcc65e24e6b7c44c7798d6500b08df,grouped_risk_full_compact,ed6b7ef0b738c337e05453c5f54c76e5d9d73ea1c87e88b38f504078b40100aa,extrasensory-p2-fold2-seed13-v2_seed13,0.55,0.5500005240595751,52475,0.3884744697120594,0.6325005819123842,0.7915077216255842,559773,grouped_risk_output_compact,0.3787592613947692
V3-3,P2,2,13,natural_missingness,efb672880ee0ff1680cafed70e33ce265ddcc65e24e6b7c44c7798d6500b08df,grouped_risk_full_compact,ed6b7ef0b738c337e05453c5f54c76e5d9d73ea1c87e88b38f504078b40100aa,extrasensory-p2-fold2-seed13-v2_seed13,0.6,0.6000062887149011,57246,0.3985102772124069,0.6303090223786597,0.7769863958990536,608335,grouped_risk_output_compact,0.37573600006067
V3-3,P2,2,13,natural_missingness,efb672880ee0ff1680cafed70e33ce265ddcc65e24e6b7c44c7798d6500b08df,grouped_risk_full_compact,ed6b7ef0b738c337e05453c5f54c76e5d9d73ea1c87e88b38f504078b40100aa,extrasensory-p2-fold2-seed13-v2_seed13,0.65,0.6500015721787252,62016,0.4071886475741013,0.6258894057556171,0.7642955812882651,656425,grouped_risk_output_compact,0.3729965966715448
V3-3,P2,2,13,natural_missingness,efb672880ee0ff1680cafed70e33ce265ddcc65e24e6b7c44c7798d6500b08df,grouped_risk_full_compact,ed6b7ef0b738c337e05453c5f54c76e5d9d73ea1c87e88b38f504078b40100aa,extrasensory-p2-fold2-seed13-v2_seed13,0.7,0.7000073368340513,66787,0.4153045748843735,0.6204332204209428,0.7527485552634767,704302,grouped_risk_output_compact,0.3702746541530271
V3-3,P2,2,13,natural_missingness,efb672880ee0ff1680cafed70e33ce265ddcc65e24e6b7c44c7798d6500b08df,grouped_risk_full_compact,ed6b7ef0b738c337e05453c5f54c76e5d9d73ea1c87e88b38f504078b40100aa,extrasensory-p2-fold2-seed13-v2_seed13,0.75,0.7500026202978755,71557,0.4229805276190501,0.6140275116655475,0.7420580695018584,751510,grouped_risk_output_compact,0.3676211635657891
V3-3,P2,2,13,natural_missingness,efb672880ee0ff1680cafed70e33ce265ddcc65e24e6b7c44c7798d6500b08df,grouped_risk_full_compact,ed6b7ef0b738c337e05453c5f54c76e5d9d73ea1c87e88b38f504078b40100aa,extrasensory-p2-fold2-seed13-v2_seed13,0.8,0.8000083849532015,76328,0.4313340988624525,0.6071036599663473,0.7323362274172022,798302,grouped_risk_output_compact,0.3649911312272577
V3-3,P2,2,13,natural_missingness,efb672880ee0ff1680cafed70e33ce265ddcc65e24e6b7c44c7798d6500b08df,grouped_risk_full_compact,ed6b7ef0b738c337e05453c5f54c76e5d9d73ea1c87e88b38f504078b40100aa,extrasensory-p2-fold2-seed13-v2_seed13,0.85,0.8500036684170257,81098,0.4392156805393599,0.5996116941122538,0.7231870394986911,845089,grouped_risk_output_compact,0.3623239744261615
V3-3,P2,2,13,natural_missingness,efb672880ee0ff1680cafed70e33ce265ddcc65e24e6b7c44c7798d6500b08df,grouped_risk_full_compact,ed6b7ef0b738c337e05453c5f54c76e5d9d73ea1c87e88b38f504078b40100aa,extrasensory-p2-fold2-seed13-v2_seed13,0.9,0.9000094330723517,85869,0.4474496761257603,0.5927453776722248,0.7146645815531946,892189,grouped_risk_output_compact,0.3595376034933717
V3-3,P2,2,13,natural_missingness,efb672880ee0ff1680cafed70e33ce265ddcc65e24e6b7c44c7798d6500b08df,grouped_risk_full_compact,ed6b7ef0b738c337e05453c5f54c76e5d9d73ea1c87e88b38f504078b40100aa,extrasensory-p2-fold2-seed13-v2_seed13,0.95,0.9500047165361758,90639,0.4562009549183122,0.5858493849244956,0.7069205530373432,939489,grouped_risk_output_compact,0.3562439946861226
V3-3,P2,2,13,natural_missingness,efb672880ee0ff1680cafed70e33ce265ddcc65e24e6b7c44c7798d6500b08df,grouped_risk_full_compact,ed6b7ef0b738c337e05453c5f54c76e5d9d73ea1c87e88b38f504078b40100aa,extrasensory-p2-fold2-seed13-v2_seed13,1.0,1.0,95409,0.4643390512323676,0.5770586778765388,0.6988816342362144,986204,grouped_risk_output_compact,0.3415672292101654
V3-3,P2,2,13,natural_missingness,efb672880ee0ff1680cafed70e33ce265ddcc65e24e6b7c44c7798d6500b08df,grouped_risk_full_compact,ed6b7ef0b738c337e05453c5f54c76e5d9d73ea1c87e88b38f504078b40100aa,extrasensory-p2-fold2-seed13-v2_seed13,0.05,0.050005764655326,4771,0.22950413244662,0.6125707246816481,0.9499753876445975,54307,grouped_risk_full_compact,0.4662668944371827
V3-3,P2,2,13,natural_missingness,efb672880ee0ff1680cafed70e33ce265ddcc65e24e6b7c44c7798d6500b08df,grouped_risk_full_compact,ed6b7ef0b738c337e05453c5f54c76e5d9d73ea1c87e88b38f504078b40100aa,extrasensory-p2-fold2-seed13-v2_seed13,0.1,0.1000010481191501,9541,0.3018211077333573,0.633460728540827,0.9472031649842222,106992,grouped_risk_full_compact,0.452552724288595
V3-3,P2,2,13,natural_missingness,efb672880ee0ff1680cafed70e33ce265ddcc65e24e6b7c44c7798d6500b08df,grouped_risk_full_compact,ed6b7ef0b738c337e05453c5f54c76e5d9d73ea1c87e88b38f504078b40100aa,extrasensory-p2-fold2-seed13-v2_seed13,0.15,0.1500068127744762,14312,0.28054982229184,0.6828236203047445,0.944417799094058,160250,grouped_risk_full_compact,0.442462103809433
V3-3,P2,2,13,natural_missingness,efb672880ee0ff1680cafed70e33ce265ddcc65e24e6b7c44c7798d6500b08df,grouped_risk_full_compact,ed6b7ef0b738c337e05453c5f54c76e5d9d73ea1c87e88b38f504078b40100aa,extrasensory-p2-fold2-seed13-v2_seed13,0.2,0.2000020962383003,19082,0.2855987731050136,0.6564606157317971,0.9327512216902736,213124,grouped_risk_full_compact,0.4309730688701012
V3-3,P2,2,13,natural_missingness,efb672880ee0ff1680cafed70e33ce265ddcc65e24e6b7c44c7798d6500b08df,grouped_risk_full_compact,ed6b7ef0b738c337e05453c5f54c76e5d9d73ea1c87e88b38f504078b40100aa,extrasensory-p2-fold2-seed13-v2_seed13,0.25,0.2500078608936263,23853,0.2949554312789857,0.6635684368619025,0.9133911999126544,264291,grouped_risk_full_compact,0.4213831213342464
V3-3,P2,2,13,natural_missingness,efb672880ee0ff1680cafed70e33ce265ddcc65e24e6b7c44c7798d6500b08df,grouped_risk_full_compact,ed6b7ef0b738c337e05453c5f54c76e5d9d73ea1c87e88b38f504078b40100aa,extrasensory-p2-fold2-seed13-v2_seed13,0.3,0.3000031443574505,28623,0.3116552327814396,0.6663040054588852,0.8905912417237775,314574,grouped_risk_full_compact,0.4137105292414851
V3-3,P2,2,13,natural_missingness,efb672880ee0ff1680cafed70e33ce265ddcc65e24e6b7c44c7798d6500b08df,grouped_risk_full_compact,ed6b7ef0b738c337e05453c5f54c76e5d9d73ea1c87e88b38f504078b40100aa,extrasensory-p2-fold2-seed13-v2_seed13,0.35,0.3500089090127766,33394,0.3270300096400664,0.6638527323834195,0.8666622822771171,364299,grouped_risk_full_compact,0.4067883096424693
V3-3,P2,2,13,natural_missingness,efb672880ee0ff1680cafed70e33ce265ddcc65e24e6b7c44c7798d6500b08df,grouped_risk_full_compact,ed6b7ef0b738c337e05453c5f54c76e5d9d73ea1c87e88b38f504078b40100aa,extrasensory-p2-fold2-seed13-v2_seed13,0.4,0.4000041924766007,38164,0.341894016964497,0.6659284224970842,0.8455074800680821,413919,grouped_risk_full_compact,0.4011049298890017
V3-3,P2,2,13,natural_missingness,efb672880ee0ff1680cafed70e33ce265ddcc65e24e6b7c44c7798d6500b08df,grouped_risk_full_compact,ed6b7ef0b738c337e05453c5f54c76e5d9d73ea1c87e88b38f504078b40100aa,extrasensory-p2-fold2-seed13-v2_seed13,0.45,0.4500099571319267,42935,0.3546023175089752,0.6624684316972065,0.8273265712298875,464446,grouped_risk_full_compact,0.3964987697484555
V3-3,P2,2,13,natural_missingness,efb672880ee0ff1680cafed70e33ce265ddcc65e24e6b7c44c7798d6500b08df,grouped_risk_full_compact,ed6b7ef0b738c337e05453c5f54c76e5d9d73ea1c87e88b38f504078b40100aa,extrasensory-p2-fold2-seed13-v2_seed13,0.5,0.5000052405957509,47705,0.3657400674339393,0.6592509027017015,0.8111229931120401,514659,grouped_risk_full_compact,0.3924670813106423
V3-3,P2,2,13,natural_missingness,efb672880ee0ff1680cafed70e33ce265ddcc65e24e6b7c44c7798d6500b08df,grouped_risk_full_compact,ed6b7ef0b738c337e05453c5f54c76e5d9d73ea1c87e88b38f504078b40100aa,extrasensory-p2-fold2-seed13-v2_seed13,0.55,0.5500005240595751,52475,0.3771668363091676,0.6517974102363125,0.795672133720474,564249,grouped_risk_full_compact,0.3886053155692253
V3-3,P2,2,13,natural_missingness,efb672880ee0ff1680cafed70e33ce265ddcc65e24e6b7c44c7798d6500b08df,grouped_risk_full_compact,ed6b7ef0b738c337e05453c5f54c76e5d9d73ea1c87e88b38f504078b40100aa,extrasensory-p2-fold2-seed13-v2_seed13,0.6,0.6000062887149011,57246,0.3864369490821447,0.643559275199986,0.7821309082877941,614206,grouped_risk_full_compact,0.3847806094499957
V3-3,P2,2,13,natural_missingness,efb672880ee0ff1680cafed70e33ce265ddcc65e24e6b7c44c7798d6500b08df,grouped_risk_full_compact,ed6b7ef0b738c337e05453c5f54c76e5d9d73ea1c87e88b38f504078b40100aa,extrasensory-p2-fold2-seed13-v2_seed13,0.65,0.6500015721787252,62016,0.3949439307637751,0.6360556706685454,0.7701969802745952,664448,grouped_risk_full_compact,0.3808776369201304
V3-3,P2,2,13,natural_missingness,efb672880ee0ff1680cafed70e33ce265ddcc65e24e6b7c44c7798d6500b08df,grouped_risk_full_compact,ed6b7ef0b738c337e05453c5f54c76e5d9d73ea1c87e88b38f504078b40100aa,extrasensory-p2-fold2-seed13-v2_seed13,0.7,0.7000073368340513,66787,0.403781160841394,0.627291645623701,0.758549238509414,713858,grouped_risk_full_compact,0.3767495878976254
V3-3,P2,2,13,natural_missingness,efb672880ee0ff1680cafed70e33ce265ddcc65e24e6b7c44c7798d6500b08df,grouped_risk_full_compact,ed6b7ef0b738c337e05453c5f54c76e5d9d73ea1c87e88b38f504078b40100aa,extrasensory-p2-fold2-seed13-v2_seed13,0.75,0.7500026202978755,71557,0.4127356519950891,0.6189165731154639,0.7474846994189415,762834,grouped_risk_full_compact,0.3723912551335605
V3-3,P2,2,13,natural_missingness,efb672880ee0ff1680cafed70e33ce265ddcc65e24e6b7c44c7798d6500b08df,grouped_risk_full_compact,ed6b7ef0b738c337e05453c5f54c76e5d9d73ea1c87e88b38f504078b40100aa,extrasensory-p2-fold2-seed13-v2_seed13,0.8,0.8000083849532015,76328,0.4219707591523726,0.6099232080449328,0.7372522691520381,810221,grouped_risk_full_compact,0.3669754333294277
V3-3,P2,2,13,natural_missingness,efb672880ee0ff1680cafed70e33ce265ddcc65e24e6b7c44c7798d6500b08df,grouped_risk_full_compact,ed6b7ef0b738c337e05453c5f54c76e5d9d73ea1c87e88b38f504078b40100aa,extrasensory-p2-fold2-seed13-v2_seed13,0.85,0.8500036684170257,81098,0.4298706024437347,0.6045261787506445,0.7291308500477555,854817,grouped_risk_full_compact,0.3594279492590702
V3-3,P2,2,13,natural_missingness,efb672880ee0ff1680cafed70e33ce265ddcc65e24e6b7c44c7798d6500b08df,grouped_risk_full_compact,ed6b7ef0b738c337e05453c5f54c76e5d9d73ea1c87e88b38f504078b40100aa,extrasensory-p2-fold2-seed13-v2_seed13,0.9,0.9000094330723517,85869,0.4371778708240194,0.5994439123121681,0.7220909943380773,896576,grouped_risk_full_compact,0.3509562657994165
V3-3,P2,2,13,natural_missingness,efb672880ee0ff1680cafed70e33ce265ddcc65e24e6b7c44c7798d6500b08df,grouped_risk_full_compact,ed6b7ef0b738c337e05453c5f54c76e5d9d73ea1c87e88b38f504078b40100aa,extrasensory-p2-fold2-seed13-v2_seed13,0.95,0.9500047165361758,90639,0.4482668291760054,0.5932412290577854,0.7142076790934571,937782,grouped_risk_full_compact,0.3417695577952881
V3-3,P2,2,13,natural_missingness,efb672880ee0ff1680cafed70e33ce265ddcc65e24e6b7c44c7798d6500b08df,grouped_risk_full_compact,ed6b7ef0b738c337e05453c5f54c76e5d9d73ea1c87e88b38f504078b40100aa,extrasensory-p2-fold2-seed13-v2_seed13,1.0,1.0,95409,0.4643390512323677,0.5770586778765388,0.6988816342362144,986204,grouped_risk_full_compact,0.2396986292982406
V3-3,P2,2,13,natural_missingness,efb672880ee0ff1680cafed70e33ce265ddcc65e24e6b7c44c7798d6500b08df,grouped_risk_full_compact,ed6b7ef0b738c337e05453c5f54c76e5d9d73ea1c87e88b38f504078b40100aa,extrasensory-p2-fold2-seed13-v2_seed13,0.05,0.050005764655326,4771,0.22950413244662,0.6125707246816481,0.9499753876445975,54307,grouped_risk_selected,0.4662668944371827
V3-3,P2,2,13,natural_missingness,efb672880ee0ff1680cafed70e33ce265ddcc65e24e6b7c44c7798d6500b08df,grouped_risk_full_compact,ed6b7ef0b738c337e05453c5f54c76e5d9d73ea1c87e88b38f504078b40100aa,extrasensory-p2-fold2-seed13-v2_seed13,0.1,0.1000010481191501,9541,0.3018211077333573,0.633460728540827,0.9472031649842222,106992,grouped_risk_selected,0.452552724288595
V3-3,P2,2,13,natural_missingness,efb672880ee0ff1680cafed70e33ce265ddcc65e24e6b7c44c7798d6500b08df,grouped_risk_full_compact,ed6b7ef0b738c337e05453c5f54c76e5d9d73ea1c87e88b38f504078b40100aa,extrasensory-p2-fold2-seed13-v2_seed13,0.15,0.1500068127744762,14312,0.28054982229184,0.6828236203047445,0.944417799094058,160250,grouped_risk_selected,0.442462103809433
V3-3,P2,2,13,natural_missingness,efb672880ee0ff1680cafed70e33ce265ddcc65e24e6b7c44c7798d6500b08df,grouped_risk_full_compact,ed6b7ef0b738c337e05453c5f54c76e5d9d73ea1c87e88b38f504078b40100aa,extrasensory-p2-fold2-seed13-v2_seed13,0.2,0.2000020962383003,19082,0.2855987731050136,0.6564606157317971,0.9327512216902736,213124,grouped_risk_selected,0.4309730688701012
V3-3,P2,2,13,natural_missingness,efb672880ee0ff1680cafed70e33ce265ddcc65e24e6b7c44c7798d6500b08df,grouped_risk_full_compact,ed6b7ef0b738c337e05453c5f54c76e5d9d73ea1c87e88b38f504078b40100aa,extrasensory-p2-fold2-seed13-v2_seed13,0.25,0.2500078608936263,23853,0.2949554312789857,0.6635684368619025,0.9133911999126544,264291,grouped_risk_selected,0.4213831213342464
V3-3,P2,2,13,natural_missingness,efb672880ee0ff1680cafed70e33ce265ddcc65e24e6b7c44c7798d6500b08df,grouped_risk_full_compact,ed6b7ef0b738c337e05453c5f54c76e5d9d73ea1c87e88b38f504078b40100aa,extrasensory-p2-fold2-seed13-v2_seed13,0.3,0.3000031443574505,28623,0.3116552327814396,0.6663040054588852,0.8905912417237775,314574,grouped_risk_selected,0.4137105292414851
V3-3,P2,2,13,natural_missingness,efb672880ee0ff1680cafed70e33ce265ddcc65e24e6b7c44c7798d6500b08df,grouped_risk_full_compact,ed6b7ef0b738c337e05453c5f54c76e5d9d73ea1c87e88b38f504078b40100aa,extrasensory-p2-fold2-seed13-v2_seed13,0.35,0.3500089090127766,33394,0.3270300096400664,0.6638527323834195,0.8666622822771171,364299,grouped_risk_selected,0.4067883096424693
V3-3,P2,2,13,natural_missingness,efb672880ee0ff1680cafed70e33ce265ddcc65e24e6b7c44c7798d6500b08df,grouped_risk_full_compact,ed6b7ef0b738c337e05453c5f54c76e5d9d73ea1c87e88b38f504078b40100aa,extrasensory-p2-fold2-seed13-v2_seed13,0.4,0.4000041924766007,38164,0.341894016964497,0.6659284224970842,0.8455074800680821,413919,grouped_risk_selected,0.4011049298890017
V3-3,P2,2,13,natural_missingness,efb672880ee0ff1680cafed70e33ce265ddcc65e24e6b7c44c7798d6500b08df,grouped_risk_full_compact,ed6b7ef0b738c337e05453c5f54c76e5d9d73ea1c87e88b38f504078b40100aa,extrasensory-p2-fold2-seed13-v2_seed13,0.45,0.4500099571319267,42935,0.3546023175089752,0.6624684316972065,0.8273265712298875,464446,grouped_risk_selected,0.3964987697484555
V3-3,P2,2,13,natural_missingness,efb672880ee0ff1680cafed70e33ce265ddcc65e24e6b7c44c7798d6500b08df,grouped_risk_full_compact,ed6b7ef0b738c337e05453c5f54c76e5d9d73ea1c87e88b38f504078b40100aa,extrasensory-p2-fold2-seed13-v2_seed13,0.5,0.5000052405957509,47705,0.3657400674339393,0.6592509027017015,0.8111229931120401,514659,grouped_risk_selected,0.3924670813106423
V3-3,P2,2,13,natural_missingness,efb672880ee0ff1680cafed70e33ce265ddcc65e24e6b7c44c7798d6500b08df,grouped_risk_full_compact,ed6b7ef0b738c337e05453c5f54c76e5d9d73ea1c87e88b38f504078b40100aa,extrasensory-p2-fold2-seed13-v2_seed13,0.55,0.5500005240595751,52475,0.3771668363091676,0.6517974102363125,0.795672133720474,564249,grouped_risk_selected,0.3886053155692253
V3-3,P2,2,13,natural_missingness,efb672880ee0ff1680cafed70e33ce265ddcc65e24e6b7c44c7798d6500b08df,grouped_risk_full_compact,ed6b7ef0b738c337e05453c5f54c76e5d9d73ea1c87e88b38f504078b40100aa,extrasensory-p2-fold2-seed13-v2_seed13,0.6,0.6000062887149011,57246,0.3864369490821447,0.643559275199986,0.7821309082877941,614206,grouped_risk_selected,0.3847806094499957
V3-3,P2,2,13,natural_missingness,efb672880ee0ff1680cafed70e33ce265ddcc65e24e6b7c44c7798d6500b08df,grouped_risk_full_compact,ed6b7ef0b738c337e05453c5f54c76e5d9d73ea1c87e88b38f504078b40100aa,extrasensory-p2-fold2-seed13-v2_seed13,0.65,0.6500015721787252,62016,0.3949439307637751,0.6360556706685454,0.7701969802745952,664448,grouped_risk_selected,0.3808776369201304
V3-3,P2,2,13,natural_missingness,efb672880ee0ff1680cafed70e33ce265ddcc65e24e6b7c44c7798d6500b08df,grouped_risk_full_compact,ed6b7ef0b738c337e05453c5f54c76e5d9d73ea1c87e88b38f504078b40100aa,extrasensory-p2-fold2-seed13-v2_seed13,0.7,0.7000073368340513,66787,0.403781160841394,0.627291645623701,0.758549238509414,713858,grouped_risk_selected,0.3767495878976254
V3-3,P2,2,13,natural_missingness,efb672880ee0ff1680cafed70e33ce265ddcc65e24e6b7c44c7798d6500b08df,grouped_risk_full_compact,ed6b7ef0b738c337e05453c5f54c76e5d9d73ea1c87e88b38f504078b40100aa,extrasensory-p2-fold2-seed13-v2_seed13,0.75,0.7500026202978755,71557,0.4127356519950891,0.6189165731154639,0.7474846994189415,762834,grouped_risk_selected,0.3723912551335605
V3-3,P2,2,13,natural_missingness,efb672880ee0ff1680cafed70e33ce265ddcc65e24e6b7c44c7798d6500b08df,grouped_risk_full_compact,ed6b7ef0b738c337e05453c5f54c76e5d9d73ea1c87e88b38f504078b40100aa,extrasensory-p2-fold2-seed13-v2_seed13,0.8,0.8000083849532015,76328,0.4219707591523726,0.6099232080449328,0.7372522691520381,810221,grouped_risk_selected,0.3669754333294277
V3-3,P2,2,13,natural_missingness,efb672880ee0ff1680cafed70e33ce265ddcc65e24e6b7c44c7798d6500b08df,grouped_risk_full_compact,ed6b7ef0b738c337e05453c5f54c76e5d9d73ea1c87e88b38f504078b40100aa,extrasensory-p2-fold2-seed13-v2_seed13,0.85,0.8500036684170257,81098,0.4298706024437347,0.6045261787506445,0.7291308500477555,854817,grouped_risk_selected,0.3594279492590702
V3-3,P2,2,13,natural_missingness,efb672880ee0ff1680cafed70e33ce265ddcc65e24e6b7c44c7798d6500b08df,grouped_risk_full_compact,ed6b7ef0b738c337e05453c5f54c76e5d9d73ea1c87e88b38f504078b40100aa,extrasensory-p2-fold2-seed13-v2_seed13,0.9,0.9000094330723517,85869,0.4371778708240194,0.5994439123121681,0.7220909943380773,896576,grouped_risk_selected,0.3509562657994165
V3-3,P2,2,13,natural_missingness,efb672880ee0ff1680cafed70e33ce265ddcc65e24e6b7c44c7798d6500b08df,grouped_risk_full_compact,ed6b7ef0b738c337e05453c5f54c76e5d9d73ea1c87e88b38f504078b40100aa,extrasensory-p2-fold2-seed13-v2_seed13,0.95,0.9500047165361758,90639,0.4482668291760054,0.5932412290577854,0.7142076790934571,937782,grouped_risk_selected,0.3417695577952881
V3-3,P2,2,13,natural_missingness,efb672880ee0ff1680cafed70e33ce265ddcc65e24e6b7c44c7798d6500b08df,grouped_risk_full_compact,ed6b7ef0b738c337e05453c5f54c76e5d9d73ea1c87e88b38f504078b40100aa,extrasensory-p2-fold2-seed13-v2_seed13,1.0,1.0,95409,0.4643390512323677,0.5770586778765388,0.6988816342362144,986204,grouped_risk_selected,0.2396986292982406
V3-3,P2,2,29,natural_missingness,efb672880ee0ff1680cafed70e33ce265ddcc65e24e6b7c44c7798d6500b08df,grouped_risk_full_compact,1ed60f7f4fc293cbc82fec8318ae629b0e76ef865078cee76c827c563851dafe,extrasensory-p2-fold2-seed29-v2_multiseed,0.05,0.050005764655326,4771,0.3424336456515869,0.5228801430000296,0.9298234552332914,54705,mean_binary_certainty,0.9511760949706632
V3-3,P2,2,29,natural_missingness,efb672880ee0ff1680cafed70e33ce265ddcc65e24e6b7c44c7798d6500b08df,grouped_risk_full_compact,1ed60f7f4fc293cbc82fec8318ae629b0e76ef865078cee76c827c563851dafe,extrasensory-p2-fold2-seed29-v2_multiseed,0.1,0.1000010481191501,9541,0.2854458420727419,0.4112131120423774,0.9326879395961588,111097,mean_binary_certainty,0.927711720930533
V3-3,P2,2,29,natural_missingness,efb672880ee0ff1680cafed70e33ce265ddcc65e24e6b7c44c7798d6500b08df,grouped_risk_full_compact,1ed60f7f4fc293cbc82fec8318ae629b0e76ef865078cee76c827c563851dafe,extrasensory-p2-fold2-seed29-v2_multiseed,0.15,0.1500068127744762,14312,0.2552000274936593,0.4373913388695356,0.9360119507546488,167789,mean_binary_certainty,0.9002892806959417
V3-3,P2,2,29,natural_missingness,efb672880ee0ff1680cafed70e33ce265ddcc65e24e6b7c44c7798d6500b08df,grouped_risk_full_compact,1ed60f7f4fc293cbc82fec8318ae629b0e76ef865078cee76c827c563851dafe,extrasensory-p2-fold2-seed29-v2_multiseed,0.2,0.2000020962383003,19082,0.2434928760947186,0.381367164711833,0.9332820641597088,222087,mean_binary_certainty,0.852359009622641
V3-3,P2,2,29,natural_missingness,efb672880ee0ff1680cafed70e33ce265ddcc65e24e6b7c44c7798d6500b08df,grouped_risk_full_compact,1ed60f7f4fc293cbc82fec8318ae629b0e76ef865078cee76c827c563851dafe,extrasensory-p2-fold2-seed29-v2_multiseed,0.25,0.2500078608936263,23853,0.2437539414702471,0.5860913483169011,0.9283649704897112,274383,mean_binary_certainty,0.7565486601898477
V3-3,P2,2,29,natural_missingness,efb672880ee0ff1680cafed70e33ce265ddcc65e24e6b7c44c7798d6500b08df,grouped_risk_full_compact,1ed60f7f4fc293cbc82fec8318ae629b0e76ef865078cee76c827c563851dafe,extrasensory-p2-fold2-seed29-v2_multiseed,0.3,0.3000031443574505,28623,0.2571933033402852,0.659941438052736,0.914686754111284,324281,mean_binary_certainty,0.6605579667484887
V3-3,P2,2,29,natural_missingness,efb672880ee0ff1680cafed70e33ce265ddcc65e24e6b7c44c7798d6500b08df,grouped_risk_full_compact,1ed60f7f4fc293cbc82fec8318ae629b0e76ef865078cee76c827c563851dafe,extrasensory-p2-fold2-seed29-v2_multiseed,0.35,0.3500089090127766,33394,0.2791288867292318,0.6824968051942262,0.8896569626581549,373566,mean_binary_certainty,0.5981794655313494
V3-3,P2,2,29,natural_missingness,efb672880ee0ff1680cafed70e33ce265ddcc65e24e6b7c44c7798d6500b08df,grouped_risk_full_compact,1ed60f7f4fc293cbc82fec8318ae629b0e76ef865078cee76c827c563851dafe,extrasensory-p2-fold2-seed29-v2_multiseed,0.4,0.4000041924766007,38164,0.3057705856792654,0.6728329298736784,0.8612009960441105,422859,mean_binary_certainty,0.5557794028061063
V3-3,P2,2,29,natural_missingness,efb672880ee0ff1680cafed70e33ce265ddcc65e24e6b7c44c7798d6500b08df,grouped_risk_full_compact,1ed60f7f4fc293cbc82fec8318ae629b0e76ef865078cee76c827c563851dafe,extrasensory-p2-fold2-seed29-v2_multiseed,0.45,0.4500099571319267,42935,0.3305607533899809,0.6611996132192827,0.8352345767658401,471577,mean_binary_certainty,0.5226268990449856
V3-3,P2,2,29,natural_missingness,efb672880ee0ff1680cafed70e33ce265ddcc65e24e6b7c44c7798d6500b08df,grouped_risk_full_compact,1ed60f7f4fc293cbc82fec8318ae629b0e76ef865078cee76c827c563851dafe,extrasensory-p2-fold2-seed29-v2_multiseed,0.5,0.5000052405957509,47705,0.3488697279122844,0.6505879034567743,0.8139069939038316,519189,mean_binary_certainty,0.4937136348690299
V3-3,P2,2,29,natural_missingness,efb672880ee0ff1680cafed70e33ce265ddcc65e24e6b7c44c7798d6500b08df,grouped_risk_full_compact,1ed60f7f4fc293cbc82fec8318ae629b0e76ef865078cee76c827c563851dafe,extrasensory-p2-fold2-seed29-v2_multiseed,0.55,0.5500005240595751,52475,0.3631329729793312,0.6400856618079168,0.7954192471531407,566457,mean_binary_certainty,0.4680852751902428
V3-3,P2,2,29,natural_missingness,efb672880ee0ff1680cafed70e33ce265ddcc65e24e6b7c44c7798d6500b08df,grouped_risk_full_compact,1ed60f7f4fc293cbc82fec8318ae629b0e76ef865078cee76c827c563851dafe,extrasensory-p2-fold2-seed29-v2_multiseed,0.6,0.6000062887149011,57246,0.3734146295607947,0.6326455124039138,0.7804978069393431,613710,mean_binary_certainty,0.4447088274583904
V3-3,P2,2,29,natural_missingness,efb672880ee0ff1680cafed70e33ce265ddcc65e24e6b7c44c7798d6500b08df,grouped_risk_full_compact,1ed60f7f4fc293cbc82fec8318ae629b0e76ef865078cee76c827c563851dafe,extrasensory-p2-fold2-seed29-v2_multiseed,0.65,0.6500015721787252,62016,0.3826750164435742,0.6262669574691468,0.7681978098211188,660785,mean_binary_certainty,0.4224627113656048
V3-3,P2,2,29,natural_missingness,efb672880ee0ff1680cafed70e33ce265ddcc65e24e6b7c44c7798d6500b08df,grouped_risk_full_compact,1ed60f7f4fc293cbc82fec8318ae629b0e76ef865078cee76c827c563851dafe,extrasensory-p2-fold2-seed29-v2_multiseed,0.7,0.7000073368340513,66787,0.3916142457914084,0.6201222347952946,0.7571398919118382,707556,mean_binary_certainty,0.3994834160968257
V3-3,P2,2,29,natural_missingness,efb672880ee0ff1680cafed70e33ce265ddcc65e24e6b7c44c7798d6500b08df,grouped_risk_full_compact,1ed60f7f4fc293cbc82fec8318ae629b0e76ef865078cee76c827c563851dafe,extrasensory-p2-fold2-seed29-v2_multiseed,0.75,0.7500026202978755,71557,0.4001844261457522,0.6148917797556215,0.7472272548624891,753708,mean_binary_certainty,0.3763681148460368
V3-3,P2,2,29,natural_missingness,efb672880ee0ff1680cafed70e33ce265ddcc65e24e6b7c44c7798d6500b08df,grouped_risk_full_compact,1ed60f7f4fc293cbc82fec8318ae629b0e76ef865078cee76c827c563851dafe,extrasensory-p2-fold2-seed29-v2_multiseed,0.8,0.8000083849532015,76328,0.4092475369068434,0.6087845306546135,0.7378183463887907,799262,mean_binary_certainty,0.3512710021098122
V3-3,P2,2,29,natural_missingness,efb672880ee0ff1680cafed70e33ce265ddcc65e24e6b7c44c7798d6500b08df,grouped_risk_full_compact,1ed60f7f4fc293cbc82fec8318ae629b0e76ef865078cee76c827c563851dafe,extrasensory-p2-fold2-seed29-v2_multiseed,0.85,0.8500036684170257,81098,0.4176440159421362,0.6028989237706226,0.7290767281955254,845862,mean_binary_certainty,0.3219626617555975
V3-3,P2,2,29,natural_missingness,efb672880ee0ff1680cafed70e33ce265ddcc65e24e6b7c44c7798d6500b08df,grouped_risk_full_compact,1ed60f7f4fc293cbc82fec8318ae629b0e76ef865078cee76c827c563851dafe,extrasensory-p2-fold2-seed29-v2_multiseed,0.9,0.9000094330723517,85869,0.4256557319921704,0.5964822939540665,0.720634267462231,893163,mean_binary_certainty,0.2857888396374828
V3-3,P2,2,29,natural_missingness,efb672880ee0ff1680cafed70e33ce265ddcc65e24e6b7c44c7798d6500b08df,grouped_risk_full_compact,1ed60f7f4fc293cbc82fec8318ae629b0e76ef865078cee76c827c563851dafe,extrasensory-p2-fold2-seed29-v2_multiseed,0.95,0.9500047165361758,90639,0.4335695562577993,0.5900215749294636,0.7128933749561187,940332,mean_binary_certainty,0.2328731178018768
V3-3,P2,2,29,natural_missingness,efb672880ee0ff1680cafed70e33ce265ddcc65e24e6b7c44c7798d6500b08df,grouped_risk_full_compact,1ed60f7f4fc293cbc82fec8318ae629b0e76ef865078cee76c827c563851dafe,extrasensory-p2-fold2-seed29-v2_multiseed,1.0,1.0,95409,0.4423086046441318,0.5825977193345135,0.704627681801785,986204,mean_binary_certainty,0.0315888845492881
V3-3,P2,2,29,natural_missingness,efb672880ee0ff1680cafed70e33ce265ddcc65e24e6b7c44c7798d6500b08df,grouped_risk_full_compact,1ed60f7f4fc293cbc82fec8318ae629b0e76ef865078cee76c827c563851dafe,extrasensory-p2-fold2-seed29-v2_multiseed,0.05,0.050005764655326,4771,0.4148627309785497,0.5478746395052629,0.6945163658847625,52054,p2_system_reliability,0.9935921430587769
V3-3,P2,2,29,natural_missingness,efb672880ee0ff1680cafed70e33ce265ddcc65e24e6b7c44c7798d6500b08df,grouped_risk_full_compact,1ed60f7f4fc293cbc82fec8318ae629b0e76ef865078cee76c827c563851dafe,extrasensory-p2-fold2-seed29-v2_multiseed,0.1,0.1000010481191501,9541,0.3872180361547387,0.5703071443415696,0.7263550098195768,104754,p2_system_reliability,0.9921760559082032
V3-3,P2,2,29,natural_missingness,efb672880ee0ff1680cafed70e33ce265ddcc65e24e6b7c44c7798d6500b08df,grouped_risk_full_compact,1ed60f7f4fc293cbc82fec8318ae629b0e76ef865078cee76c827c563851dafe,extrasensory-p2-fold2-seed29-v2_multiseed,0.15,0.1500068127744762,14312,0.3812764451749981,0.5748979258115698,0.735133447791478,156995,p2_system_reliability,0.991055965423584
V3-3,P2,2,29,natural_missingness,efb672880ee0ff1680cafed70e33ce265ddcc65e24e6b7c44c7798d6500b08df,grouped_risk_full_compact,1ed60f7f4fc293cbc82fec8318ae629b0e76ef865078cee76c827c563851dafe,extrasensory-p2-fold2-seed29-v2_multiseed,0.2,0.2000020962383003,19082,0.3834030083482172,0.5780557668007035,0.7367687524568488,208803,p2_system_reliability,0.990058422088623
V3-3,P2,2,29,natural_missingness,efb672880ee0ff1680cafed70e33ce265ddcc65e24e6b7c44c7798d6500b08df,grouped_risk_full_compact,1ed60f7f4fc293cbc82fec8318ae629b0e76ef865078cee76c827c563851dafe,extrasensory-p2-fold2-seed29-v2_multiseed,0.25,0.2500078608936263,23853,0.3842026399082206,0.5797185027092204,0.7381471408993758,260564,p2_system_reliability,0.9890518188476562
V3-3,P2,2,29,natural_missingness,efb672880ee0ff1680cafed70e33ce265ddcc65e24e6b7c44c7798d6500b08df,grouped_risk_full_compact,1ed60f7f4fc293cbc82fec8318ae629b0e76ef865078cee76c827c563851dafe,extrasensory-p2-fold2-seed29-v2_multiseed,0.3,0.3000031443574505,28623,0.3860939657765503,0.5802948204698829,0.7360702078084898,311562,p2_system_reliability,0.9880942702293396
V3-3,P2,2,29,natural_missingness,efb672880ee0ff1680cafed70e33ce265ddcc65e24e6b7c44c7798d6500b08df,grouped_risk_full_compact,1ed60f7f4fc293cbc82fec8318ae629b0e76ef865078cee76c827c563851dafe,extrasensory-p2-fold2-seed29-v2_multiseed,0.35,0.3500089090127766,33394,0.3889492601880703,0.582104055327341,0.734366605508307,362000,p2_system_reliability,0.9871212244033812
V3-3,P2,2,29,natural_missingness,efb672880ee0ff1680cafed70e33ce265ddcc65e24e6b7c44c7798d6500b08df,grouped_risk_full_compact,1ed60f7f4fc293cbc82fec8318ae629b0e76ef865078cee76c827c563851dafe,extrasensory-p2-fold2-seed29-v2_multiseed,0.4,0.4000041924766007,38164,0.3929362448780317,0.586082196578793,0.7319930473031695,411602,p2_system_reliability,0.9860919117927552
V3-3,P2,2,29,natural_missingness,efb672880ee0ff1680cafed70e33ce265ddcc65e24e6b7c44c7798d6500b08df,grouped_risk_full_compact,1ed60f7f4fc293cbc82fec8318ae629b0e76ef865078cee76c827c563851dafe,extrasensory-p2-fold2-seed29-v2_multiseed,0.45,0.4500099571319267,42935,0.398358382705981,0.5882016574297967,0.7292191832619107,460741,p2_system_reliability,0.9849840998649596
V3-3,P2,2,29,natural_missingness,efb672880ee0ff1680cafed70e33ce265ddcc65e24e6b7c44c7798d6500b08df,grouped_risk_full_compact,1ed60f7f4fc293cbc82fec8318ae629b0e76ef865078cee76c827c563851dafe,extrasensory-p2-fold2-seed29-v2_multiseed,0.5,0.5000052405957509,47705,0.404726619657771,0.588892964404573,0.7265469061876247,509668,p2_system_reliability,0.9837814569473268
V3-3,P2,2,29,natural_missingness,efb672880ee0ff1680cafed70e33ce265ddcc65e24e6b7c44c7798d6500b08df,grouped_risk_full_compact,1ed60f7f4fc293cbc82fec8318ae629b0e76ef865078cee76c827c563851dafe,extrasensory-p2-fold2-seed29-v2_multiseed,0.55,0.5500005240595751,52475,0.4109504973233288,0.5906836489713824,0.7246255651089061,558097,p2_system_reliability,0.9823579788208008
V3-3,P2,2,29,natural_missingness,efb672880ee0ff1680cafed70e33ce265ddcc65e24e6b7c44c7798d6500b08df,grouped_risk_full_compact,1ed60f7f4fc293cbc82fec8318ae629b0e76ef865078cee76c827c563851dafe,extrasensory-p2-fold2-seed29-v2_multiseed,0.6,0.6000062887149011,57246,0.4184708876231133,0.5900668290846347,0.7213790662695019,605590,p2_system_reliability,0.9807407855987548
V3-3,P2,2,29,natural_missingness,efb672880ee0ff1680cafed70e33ce265ddcc65e24e6b7c44c7798d6500b08df,grouped_risk_full_compact,1ed60f7f4fc293cbc82fec8318ae629b0e76ef865078cee76c827c563851dafe,extrasensory-p2-fold2-seed29-v2_multiseed,0.65,0.6500015721787252,62016,0.4244155272504197,0.5882644060827308,0.7183205711497415,652685,p2_system_reliability,0.978807806968689
V3-3,P2,2,29,natural_missingness,efb672880ee0ff1680cafed70e33ce265ddcc65e24e6b7c44c7798d6500b08df,grouped_risk_full_compact,1ed60f7f4fc293cbc82fec8318ae629b0e76ef865078cee76c827c563851dafe,extrasensory-p2-fold2-seed29-v2_multiseed,0.7,0.7000073368340513,66787,0.4312581804832151,0.5871330357778548,0.7148734008562604,699092,p2_system_reliability,0.9764145612716676
V3-3,P2,2,29,natural_missingness,efb672880ee0ff1680cafed70e33ce265ddcc65e24e6b7c44c7798d6500b08df,grouped_risk_full_compact,1ed60f7f4fc293cbc82fec8318ae629b0e76ef865078cee76c827c563851dafe,extrasensory-p2-fold2-seed29-v2_multiseed,0.75,0.7500026202978755,71557,0.4368657994774153,0.585526468862423,0.712199125245491,745830,p2_system_reliability,0.97343647480011
V3-3,P2,2,29,natural_missingness,efb672880ee0ff1680cafed70e33ce265ddcc65e24e6b7c44c7798d6500b08df,grouped_risk_full_compact,1ed60f7f4fc293cbc82fec8318ae629b0e76ef865078cee76c827c563851dafe,extrasensory-p2-fold2-seed29-v2_multiseed,0.8,0.8000083849532015,76328,0.440250973010806,0.5844821426272301,0.7099324855881843,793867,p2_system_reliability,0.9696664810180664
V3-3,P2,2,29,natural_missingness,efb672880ee0ff1680cafed70e33ce265ddcc65e24e6b7c44c7798d6500b08df,grouped_risk_full_compact,1ed60f7f4fc293cbc82fec8318ae629b0e76ef865078cee76c827c563851dafe,extrasensory-p2-fold2-seed29-v2_multiseed,0.85,0.8500036684170257,81098,0.4414664160436269,0.5842809202076716,0.708694270711395,841668,p2_system_reliability,0.9648813009262084
V3-3,P2,2,29,natural_missingness,efb672880ee0ff1680cafed70e33ce265ddcc65e24e6b7c44c7798d6500b08df,grouped_risk_full_compact,1ed60f7f4fc293cbc82fec8318ae629b0e76ef865078cee76c827c563851dafe,extrasensory-p2-fold2-seed29-v2_multiseed,0.9,0.9000094330723517,85869,0.442176214725503,0.5851000571500963,0.707670833719415,890509,p2_system_reliability,0.9580270051956176
V3-3,P2,2,29,natural_missingness,efb672880ee0ff1680cafed70e33ce265ddcc65e24e6b7c44c7798d6500b08df,grouped_risk_full_compact,1ed60f7f4fc293cbc82fec8318ae629b0e76ef865078cee76c827c563851dafe,extrasensory-p2-fold2-seed29-v2_multiseed,0.95,0.9500047165361758,90639,0.4423653006932601,0.5842471218404184,0.7062378459237098,938837,p2_system_reliability,0.9457665681838988
V3-3,P2,2,29,natural_missingness,efb672880ee0ff1680cafed70e33ce265ddcc65e24e6b7c44c7798d6500b08df,grouped_risk_full_compact,1ed60f7f4fc293cbc82fec8318ae629b0e76ef865078cee76c827c563851dafe,extrasensory-p2-fold2-seed29-v2_multiseed,1.0,1.0,95409,0.4423086046441317,0.5825977193345135,0.704627681801785,986204,p2_system_reliability,0.8140796422958374
V3-3,P2,2,29,natural_missingness,efb672880ee0ff1680cafed70e33ce265ddcc65e24e6b7c44c7798d6500b08df,grouped_risk_full_compact,1ed60f7f4fc293cbc82fec8318ae629b0e76ef865078cee76c827c563851dafe,extrasensory-p2-fold2-seed29-v2_multiseed,0.05,0.050005764655326,4771,0.2878261709469553,0.5712420819371808,0.9262082747391016,52768,grouped_risk_output_compact,0.4677073045135702
V3-3,P2,2,29,natural_missingness,efb672880ee0ff1680cafed70e33ce265ddcc65e24e6b7c44c7798d6500b08df,grouped_risk_full_compact,1ed60f7f4fc293cbc82fec8318ae629b0e76ef865078cee76c827c563851dafe,extrasensory-p2-fold2-seed29-v2_multiseed,0.1,0.1000010481191501,9541,0.2666198831429544,0.4254575036875951,0.9327228127555192,109337,grouped_risk_output_compact,0.4639039491612627
V3-3,P2,2,29,natural_missingness,efb672880ee0ff1680cafed70e33ce265ddcc65e24e6b7c44c7798d6500b08df,grouped_risk_full_compact,1ed60f7f4fc293cbc82fec8318ae629b0e76ef865078cee76c827c563851dafe,extrasensory-p2-fold2-seed29-v2_multiseed,0.15,0.1500068127744762,14312,0.2461169399803005,0.5376764056119294,0.9354041577724266,166314,grouped_risk_output_compact,0.4593956229439812
V3-3,P2,2,29,natural_missingness,efb672880ee0ff1680cafed70e33ce265ddcc65e24e6b7c44c7798d6500b08df,grouped_risk_full_compact,1ed60f7f4fc293cbc82fec8318ae629b0e76ef865078cee76c827c563851dafe,extrasensory-p2-fold2-seed29-v2_multiseed,0.2,0.2000020962383003,19082,0.242236367457296,0.5244353815393606,0.933341756757824,221435,grouped_risk_output_compact,0.4525292091608378
V3-3,P2,2,29,natural_missingness,efb672880ee0ff1680cafed70e33ce265ddcc65e24e6b7c44c7798d6500b08df,grouped_risk_full_compact,1ed60f7f4fc293cbc82fec8318ae629b0e76ef865078cee76c827c563851dafe,extrasensory-p2-fold2-seed29-v2_multiseed,0.25,0.2500078608936263,23853,0.2433654597201658,0.5633842185565882,0.9285668557380828,274100,grouped_risk_output_compact,0.437116495978645
V3-3,P2,2,29,natural_missingness,efb672880ee0ff1680cafed70e33ce265ddcc65e24e6b7c44c7798d6500b08df,grouped_risk_full_compact,1ed60f7f4fc293cbc82fec8318ae629b0e76ef865078cee76c827c563851dafe,extrasensory-p2-fold2-seed29-v2_multiseed,0.3,0.3000031443574505,28623,0.2599628826900119,0.67012940173069,0.9137475214805024,324501,grouped_risk_output_compact,0.4193480334684323
V3-3,P2,2,29,natural_missingness,efb672880ee0ff1680cafed70e33ce265ddcc65e24e6b7c44c7798d6500b08df,grouped_risk_full_compact,1ed60f7f4fc293cbc82fec8318ae629b0e76ef865078cee76c827c563851dafe,extrasensory-p2-fold2-seed29-v2_multiseed,0.35,0.3500089090127766,33394,0.2782605948200031,0.6960315882451032,0.8933185569716235,373172,grouped_risk_output_compact,0.4077694823431798
V3-3,P2,2,29,natural_missingness,efb672880ee0ff1680cafed70e33ce265ddcc65e24e6b7c44c7798d6500b08df,grouped_risk_full_compact,1ed60f7f4fc293cbc82fec8318ae629b0e76ef865078cee76c827c563851dafe,extrasensory-p2-fold2-seed29-v2_multiseed,0.4,0.4000041924766007,38164,0.2973073820685689,0.6961235140497686,0.8706146530086742,422022,grouped_risk_output_compact,0.4004811533600442
V3-3,P2,2,29,natural_missingness,efb672880ee0ff1680cafed70e33ce265ddcc65e24e6b7c44c7798d6500b08df,grouped_risk_full_compact,1ed60f7f4fc293cbc82fec8318ae629b0e76ef865078cee76c827c563851dafe,extrasensory-p2-fold2-seed29-v2_multiseed,0.45,0.4500099571319267,42935,0.3167824662569612,0.68771482462058,0.8471725697354827,471382,grouped_risk_output_compact,0.3951807932757208
V3-3,P2,2,29,natural_missingness,efb672880ee0ff1680cafed70e33ce265ddcc65e24e6b7c44c7798d6500b08df,grouped_risk_full_compact,1ed60f7f4fc293cbc82fec8318ae629b0e76ef865078cee76c827c563851dafe,extrasensory-p2-fold2-seed29-v2_multiseed,0.5,0.5000052405957509,47705,0.3323680167518488,0.6785281441611476,0.8269333049675567,519844,grouped_risk_output_compact,0.3908353810435484
V3-3,P2,2,29,natural_missingness,efb672880ee0ff1680cafed70e33ce265ddcc65e24e6b7c44c7798d6500b08df,grouped_risk_full_compact,1ed60f7f4fc293cbc82fec8318ae629b0e76ef865078cee76c827c563851dafe,extrasensory-p2-fold2-seed29-v2_multiseed,0.55,0.5500005240595751,52475,0.3460057142387577,0.6673619794412395,0.8089066956315305,567326,grouped_risk_output_compact,0.3869042002579911
V3-3,P2,2,29,natural_missingness,efb672880ee0ff1680cafed70e33ce265ddcc65e24e6b7c44c7798d6500b08df,grouped_risk_full_compact,1ed60f7f4fc293cbc82fec8318ae629b0e76ef865078cee76c827c563851dafe,extrasensory-p2-fold2-seed29-v2_multiseed,0.6,0.6000062887149011,57246,0.3584628441410956,0.6566679383868362,0.7927910632221835,614637,grouped_risk_output_compact,0.3834993380270682
V3-3,P2,2,29,natural_missingness,efb672880ee0ff1680cafed70e33ce265ddcc65e24e6b7c44c7798d6500b08df,grouped_risk_full_compact,1ed60f7f4fc293cbc82fec8318ae629b0e76ef865078cee76c827c563851dafe,extrasensory-p2-fold2-seed29-v2_multiseed,0.65,0.6500015721787252,62016,0.3693433244589833,0.6482239527279466,0.7792555927867303,661543,grouped_risk_output_compact,0.3801479861201765
V3-3,P2,2,29,natural_missingness,efb672880ee0ff1680cafed70e33ce265ddcc65e24e6b7c44c7798d6500b08df,grouped_risk_full_compact,1ed60f7f4fc293cbc82fec8318ae629b0e76ef865078cee76c827c563851dafe,extrasensory-p2-fold2-seed29-v2_multiseed,0.7,0.7000073368340513,66787,0.3798295981980125,0.6381428745093048,0.7663734722448652,708474,grouped_risk_output_compact,0.3769556488255378
V3-3,P2,2,29,natural_missingness,efb672880ee0ff1680cafed70e33ce265ddcc65e24e6b7c44c7798d6500b08df,grouped_risk_full_compact,1ed60f7f4fc293cbc82fec8318ae629b0e76ef865078cee76c827c563851dafe,extrasensory-p2-fold2-seed29-v2_multiseed,0.75,0.7500026202978755,71557,0.3901644708517319,0.6282684766692764,0.7545679298489589,755896,grouped_risk_output_compact,0.373681358404807
V3-3,P2,2,29,natural_missingness,efb672880ee0ff1680cafed70e33ce265ddcc65e24e6b7c44c7798d6500b08df,grouped_risk_full_compact,1ed60f7f4fc293cbc82fec8318ae629b0e76ef865078cee76c827c563851dafe,extrasensory-p2-fold2-seed29-v2_multiseed,0.8,0.8000083849532015,76328,0.4002617255500877,0.6193430338075468,0.7437693840755931,802451,grouped_risk_output_compact,0.3701353210273911
V3-3,P2,2,29,natural_missingness,efb672880ee0ff1680cafed70e33ce265ddcc65e24e6b7c44c7798d6500b08df,grouped_risk_full_compact,1ed60f7f4fc293cbc82fec8318ae629b0e76ef865078cee76c827c563851dafe,extrasensory-p2-fold2-seed29-v2_multiseed,0.85,0.8500036684170257,81098,0.4105360351335211,0.6109944813806892,0.7338195832811036,848680,grouped_risk_output_compact,0.366341187375106
V3-3,P2,2,29,natural_missingness,efb672880ee0ff1680cafed70e33ce265ddcc65e24e6b7c44c7798d6500b08df,grouped_risk_full_compact,1ed60f7f4fc293cbc82fec8318ae629b0e76ef865078cee76c827c563851dafe,extrasensory-p2-fold2-seed29-v2_multiseed,0.9,0.9000094330723517,85869,0.4208637024976114,0.603089138352446,0.7247520631388527,894614,grouped_risk_output_compact,0.3619988783098997
V3-3,P2,2,29,natural_missingness,efb672880ee0ff1680cafed70e33ce265ddcc65e24e6b7c44c7798d6500b08df,grouped_risk_full_compact,1ed60f7f4fc293cbc82fec8318ae629b0e76ef865078cee76c827c563851dafe,extrasensory-p2-fold2-seed29-v2_multiseed,0.95,0.9500047165361758,90639,0.4317051958804808,0.5947064152926554,0.7157624836914758,940450,grouped_risk_output_compact,0.3563081089407565
V3-3,P2,2,29,natural_missingness,efb672880ee0ff1680cafed70e33ce265ddcc65e24e6b7c44c7798d6500b08df,grouped_risk_full_compact,1ed60f7f4fc293cbc82fec8318ae629b0e76ef865078cee76c827c563851dafe,extrasensory-p2-fold2-seed29-v2_multiseed,1.0,1.0,95409,0.4423086046441317,0.5825977193345135,0.704627681801785,986204,grouped_risk_output_compact,0.3304074616754672
V3-3,P2,2,29,natural_missingness,efb672880ee0ff1680cafed70e33ce265ddcc65e24e6b7c44c7798d6500b08df,grouped_risk_full_compact,1ed60f7f4fc293cbc82fec8318ae629b0e76ef865078cee76c827c563851dafe,extrasensory-p2-fold2-seed29-v2_multiseed,0.05,0.050005764655326,4771,0.1482675993794831,0.6220116099387751,0.9527575952665625,56025,grouped_risk_full_compact,0.4752816770551356
V3-3,P2,2,29,natural_missingness,efb672880ee0ff1680cafed70e33ce265ddcc65e24e6b7c44c7798d6500b08df,grouped_risk_full_compact,1ed60f7f4fc293cbc82fec8318ae629b0e76ef865078cee76c827c563851dafe,extrasensory-p2-fold2-seed29-v2_multiseed,0.1,0.1000010481191501,9541,0.1507483490396099,0.5152633435265798,0.9503388099879329,112652,grouped_risk_full_compact,0.4666330549636394
V3-3,P2,2,29,natural_missingness,efb672880ee0ff1680cafed70e33ce265ddcc65e24e6b7c44c7798d6500b08df,grouped_risk_full_compact,1ed60f7f4fc293cbc82fec8318ae629b0e76ef865078cee76c827c563851dafe,extrasensory-p2-fold2-seed29-v2_multiseed,0.15,0.1500068127744762,14312,0.2100487145820378,0.5190543093982655,0.9419723360121748,166646,grouped_risk_full_compact,0.4587563188507203
V3-3,P2,2,29,natural_missingness,efb672880ee0ff1680cafed70e33ce265ddcc65e24e6b7c44c7798d6500b08df,grouped_risk_full_compact,1ed60f7f4fc293cbc82fec8318ae629b0e76ef865078cee76c827c563851dafe,extrasensory-p2-fold2-seed29-v2_multiseed,0.2,0.2000020962383003,19082,0.2326325831573929,0.5665527067123439,0.9370716217065962,219951,grouped_risk_full_compact,0.4506172095297616
V3-3,P2,2,29,natural_missingness,efb672880ee0ff1680cafed70e33ce265ddcc65e24e6b7c44c7798d6500b08df,grouped_risk_full_compact,1ed60f7f4fc293cbc82fec8318ae629b0e76ef865078cee76c827c563851dafe,extrasensory-p2-fold2-seed29-v2_multiseed,0.25,0.2500078608936263,23853,0.249602708265499,0.6230130706371327,0.92808769292057,272789,grouped_risk_full_compact,0.4360557344500118
V3-3,P2,2,29,natural_missingness,efb672880ee0ff1680cafed70e33ce265ddcc65e24e6b7c44c7798d6500b08df,grouped_risk_full_compact,1ed60f7f4fc293cbc82fec8318ae629b0e76ef865078cee76c827c563851dafe,extrasensory-p2-fold2-seed29-v2_multiseed,0.3,0.3000031443574505,28623,0.2630616721449418,0.6992659044007137,0.9127555268802974,323966,grouped_risk_full_compact,0.4216255160499841
V3-3,P2,2,29,natural_missingness,efb672880ee0ff1680cafed70e33ce265ddcc65e24e6b7c44c7798d6500b08df,grouped_risk_full_compact,1ed60f7f4fc293cbc82fec8318ae629b0e76ef865078cee76c827c563851dafe,extrasensory-p2-fold2-seed29-v2_multiseed,0.35,0.3500089090127766,33394,0.2799357288418901,0.7126852139169592,0.8913327894099075,374563,grouped_risk_full_compact,0.411791694603213
V3-3,P2,2,29,natural_missingness,efb672880ee0ff1680cafed70e33ce265ddcc65e24e6b7c44c7798d6500b08df,grouped_risk_full_compact,1ed60f7f4fc293cbc82fec8318ae629b0e76ef865078cee76c827c563851dafe,extrasensory-p2-fold2-seed29-v2_multiseed,0.4,0.4000041924766007,38164,0.2993243970241093,0.7064109197895906,0.8670349308111953,424867,grouped_risk_full_compact,0.4050461229130002
V3-3,P2,2,29,natural_missingness,efb672880ee0ff1680cafed70e33ce265ddcc65e24e6b7c44c7798d6500b08df,grouped_risk_full_compact,1ed60f7f4fc293cbc82fec8318ae629b0e76ef865078cee76c827c563851dafe,extrasensory-p2-fold2-seed29-v2_multiseed,0.45,0.4500099571319267,42935,0.3160187110867979,0.6982050334339142,0.8462291719676467,473766,grouped_risk_full_compact,0.3996000447762964
V3-3,P2,2,29,natural_missingness,efb672880ee0ff1680cafed70e33ce265ddcc65e24e6b7c44c7798d6500b08df,grouped_risk_full_compact,1ed60f7f4fc293cbc82fec8318ae629b0e76ef865078cee76c827c563851dafe,extrasensory-p2-fold2-seed29-v2_multiseed,0.5,0.5000052405957509,47705,0.3298888067015559,0.6865910741707851,0.8271392709970836,522284,grouped_risk_full_compact,0.3948876945824094
V3-3,P2,2,29,natural_missingness,efb672880ee0ff1680cafed70e33ce265ddcc65e24e6b7c44c7798d6500b08df,grouped_risk_full_compact,1ed60f7f4fc293cbc82fec8318ae629b0e76ef865078cee76c827c563851dafe,extrasensory-p2-fold2-seed29-v2_multiseed,0.55,0.5500005240595751,52475,0.3417729751249596,0.6792427002744812,0.8117335143546951,570363,grouped_risk_full_compact,0.3905619614608934
V3-3,P2,2,29,natural_missingness,efb672880ee0ff1680cafed70e33ce265ddcc65e24e6b7c44c7798d6500b08df,grouped_risk_full_compact,1ed60f7f4fc293cbc82fec8318ae629b0e76ef865078cee76c827c563851dafe,extrasensory-p2-fold2-seed29-v2_multiseed,0.6,0.6000062887149011,57246,0.3527410596926126,0.6689145162603474,0.7973453648502494,617835,grouped_risk_full_compact,0.386569694922355
V3-3,P2,2,29,natural_missingness,efb672880ee0ff1680cafed70e33ce265ddcc65e24e6b7c44c7798d6500b08df,grouped_risk_full_compact,1ed60f7f4fc293cbc82fec8318ae629b0e76ef865078cee76c827c563851dafe,extrasensory-p2-fold2-seed29-v2_multiseed,0.65,0.6500015721787252,62016,0.3632768464421036,0.6569029465445057,0.7837179819240154,665399,grouped_risk_full_compact,0.3826398109366196
V3-3,P2,2,29,natural_missingness,efb672880ee0ff1680cafed70e33ce265ddcc65e24e6b7c44c7798d6500b08df,grouped_risk_full_compact,1ed60f7f4fc293cbc82fec8318ae629b0e76ef865078cee76c827c563851dafe,extrasensory-p2-fold2-seed29-v2_multiseed,0.7,0.7000073368340513,66787,0.3742580791664845,0.6446552924659527,0.7701322465696486,712526,grouped_risk_full_compact,0.3787416867775866
V3-3,P2,2,29,natural_missingness,efb672880ee0ff1680cafed70e33ce265ddcc65e24e6b7c44c7798d6500b08df,grouped_risk_full_compact,1ed60f7f4fc293cbc82fec8318ae629b0e76ef865078cee76c827c563851dafe,extrasensory-p2-fold2-seed29-v2_multiseed,0.75,0.7500026202978755,71557,0.3848471619409023,0.6335487994233827,0.7576807478404922,759409,grouped_risk_full_compact,0.3746409079381382
V3-3,P2,2,29,natural_missingness,efb672880ee0ff1680cafed70e33ce265ddcc65e24e6b7c44c7798d6500b08df,grouped_risk_full_compact,1ed60f7f4fc293cbc82fec8318ae629b0e76ef865078cee76c827c563851dafe,extrasensory-p2-fold2-seed29-v2_multiseed,0.8,0.8000083849532015,76328,0.3960292248749663,0.6224829451986261,0.7458384696565241,806857,grouped_risk_full_compact,0.370189735974481
V3-3,P2,2,29,natural_missingness,efb672880ee0ff1680cafed70e33ce265ddcc65e24e6b7c44c7798d6500b08df,grouped_risk_full_compact,1ed60f7f4fc293cbc82fec8318ae629b0e76ef865078cee76c827c563851dafe,extrasensory-p2-fold2-seed29-v2_multiseed,0.85,0.8500036684170257,81098,0.406634794764009,0.6119558768865531,0.7348248406647361,853347,grouped_risk_full_compact,0.3652325683913946
V3-3,P2,2,29,natural_missingness,efb672880ee0ff1680cafed70e33ce265ddcc65e24e6b7c44c7798d6500b08df,grouped_risk_full_compact,1ed60f7f4fc293cbc82fec8318ae629b0e76ef865078cee76c827c563851dafe,extrasensory-p2-fold2-seed29-v2_multiseed,0.9,0.9000094330723517,85869,0.4171088000962218,0.6033645463065491,0.7253349645795923,897738,grouped_risk_full_compact,0.3590909906875602
V3-3,P2,2,29,natural_missingness,efb672880ee0ff1680cafed70e33ce265ddcc65e24e6b7c44c7798d6500b08df,grouped_risk_full_compact,1ed60f7f4fc293cbc82fec8318ae629b0e76ef865078cee76c827c563851dafe,extrasensory-p2-fold2-seed29-v2_multiseed,0.95,0.9500047165361758,90639,0.4292890583193268,0.5944649597076891,0.7159745548028748,940810,grouped_risk_full_compact,0.3507568170007688
V3-3,P2,2,29,natural_missingness,efb672880ee0ff1680cafed70e33ce265ddcc65e24e6b7c44c7798d6500b08df,grouped_risk_full_compact,1ed60f7f4fc293cbc82fec8318ae629b0e76ef865078cee76c827c563851dafe,extrasensory-p2-fold2-seed29-v2_multiseed,1.0,1.0,95409,0.4423086046441317,0.5825977193345135,0.704627681801785,986204,grouped_risk_full_compact,0.2777079926465455
V3-3,P2,2,29,natural_missingness,efb672880ee0ff1680cafed70e33ce265ddcc65e24e6b7c44c7798d6500b08df,grouped_risk_full_compact,1ed60f7f4fc293cbc82fec8318ae629b0e76ef865078cee76c827c563851dafe,extrasensory-p2-fold2-seed29-v2_multiseed,0.05,0.050005764655326,4771,0.1482675993794831,0.6220116099387751,0.9527575952665625,56025,grouped_risk_selected,0.4752816770551356
V3-3,P2,2,29,natural_missingness,efb672880ee0ff1680cafed70e33ce265ddcc65e24e6b7c44c7798d6500b08df,grouped_risk_full_compact,1ed60f7f4fc293cbc82fec8318ae629b0e76ef865078cee76c827c563851dafe,extrasensory-p2-fold2-seed29-v2_multiseed,0.1,0.1000010481191501,9541,0.1507483490396099,0.5152633435265798,0.9503388099879329,112652,grouped_risk_selected,0.4666330549636394
V3-3,P2,2,29,natural_missingness,efb672880ee0ff1680cafed70e33ce265ddcc65e24e6b7c44c7798d6500b08df,grouped_risk_full_compact,1ed60f7f4fc293cbc82fec8318ae629b0e76ef865078cee76c827c563851dafe,extrasensory-p2-fold2-seed29-v2_multiseed,0.15,0.1500068127744762,14312,0.2100487145820378,0.5190543093982655,0.9419723360121748,166646,grouped_risk_selected,0.4587563188507203
V3-3,P2,2,29,natural_missingness,efb672880ee0ff1680cafed70e33ce265ddcc65e24e6b7c44c7798d6500b08df,grouped_risk_full_compact,1ed60f7f4fc293cbc82fec8318ae629b0e76ef865078cee76c827c563851dafe,extrasensory-p2-fold2-seed29-v2_multiseed,0.2,0.2000020962383003,19082,0.2326325831573929,0.5665527067123439,0.9370716217065962,219951,grouped_risk_selected,0.4506172095297616
V3-3,P2,2,29,natural_missingness,efb672880ee0ff1680cafed70e33ce265ddcc65e24e6b7c44c7798d6500b08df,grouped_risk_full_compact,1ed60f7f4fc293cbc82fec8318ae629b0e76ef865078cee76c827c563851dafe,extrasensory-p2-fold2-seed29-v2_multiseed,0.25,0.2500078608936263,23853,0.249602708265499,0.6230130706371327,0.92808769292057,272789,grouped_risk_selected,0.4360557344500118
V3-3,P2,2,29,natural_missingness,efb672880ee0ff1680cafed70e33ce265ddcc65e24e6b7c44c7798d6500b08df,grouped_risk_full_compact,1ed60f7f4fc293cbc82fec8318ae629b0e76ef865078cee76c827c563851dafe,extrasensory-p2-fold2-seed29-v2_multiseed,0.3,0.3000031443574505,28623,0.2630616721449418,0.6992659044007137,0.9127555268802974,323966,grouped_risk_selected,0.4216255160499841
V3-3,P2,2,29,natural_missingness,efb672880ee0ff1680cafed70e33ce265ddcc65e24e6b7c44c7798d6500b08df,grouped_risk_full_compact,1ed60f7f4fc293cbc82fec8318ae629b0e76ef865078cee76c827c563851dafe,extrasensory-p2-fold2-seed29-v2_multiseed,0.35,0.3500089090127766,33394,0.2799357288418901,0.7126852139169592,0.8913327894099075,374563,grouped_risk_selected,0.411791694603213
V3-3,P2,2,29,natural_missingness,efb672880ee0ff1680cafed70e33ce265ddcc65e24e6b7c44c7798d6500b08df,grouped_risk_full_compact,1ed60f7f4fc293cbc82fec8318ae629b0e76ef865078cee76c827c563851dafe,extrasensory-p2-fold2-seed29-v2_multiseed,0.4,0.4000041924766007,38164,0.2993243970241093,0.7064109197895906,0.8670349308111953,424867,grouped_risk_selected,0.4050461229130002
V3-3,P2,2,29,natural_missingness,efb672880ee0ff1680cafed70e33ce265ddcc65e24e6b7c44c7798d6500b08df,grouped_risk_full_compact,1ed60f7f4fc293cbc82fec8318ae629b0e76ef865078cee76c827c563851dafe,extrasensory-p2-fold2-seed29-v2_multiseed,0.45,0.4500099571319267,42935,0.3160187110867979,0.6982050334339142,0.8462291719676467,473766,grouped_risk_selected,0.3996000447762964
V3-3,P2,2,29,natural_missingness,efb672880ee0ff1680cafed70e33ce265ddcc65e24e6b7c44c7798d6500b08df,grouped_risk_full_compact,1ed60f7f4fc293cbc82fec8318ae629b0e76ef865078cee76c827c563851dafe,extrasensory-p2-fold2-seed29-v2_multiseed,0.5,0.5000052405957509,47705,0.3298888067015559,0.6865910741707851,0.8271392709970836,522284,grouped_risk_selected,0.3948876945824094
V3-3,P2,2,29,natural_missingness,efb672880ee0ff1680cafed70e33ce265ddcc65e24e6b7c44c7798d6500b08df,grouped_risk_full_compact,1ed60f7f4fc293cbc82fec8318ae629b0e76ef865078cee76c827c563851dafe,extrasensory-p2-fold2-seed29-v2_multiseed,0.55,0.5500005240595751,52475,0.3417729751249596,0.6792427002744812,0.8117335143546951,570363,grouped_risk_selected,0.3905619614608934
V3-3,P2,2,29,natural_missingness,efb672880ee0ff1680cafed70e33ce265ddcc65e24e6b7c44c7798d6500b08df,grouped_risk_full_compact,1ed60f7f4fc293cbc82fec8318ae629b0e76ef865078cee76c827c563851dafe,extrasensory-p2-fold2-seed29-v2_multiseed,0.6,0.6000062887149011,57246,0.3527410596926126,0.6689145162603474,0.7973453648502494,617835,grouped_risk_selected,0.386569694922355
V3-3,P2,2,29,natural_missingness,efb672880ee0ff1680cafed70e33ce265ddcc65e24e6b7c44c7798d6500b08df,grouped_risk_full_compact,1ed60f7f4fc293cbc82fec8318ae629b0e76ef865078cee76c827c563851dafe,extrasensory-p2-fold2-seed29-v2_multiseed,0.65,0.6500015721787252,62016,0.3632768464421036,0.6569029465445057,0.7837179819240154,665399,grouped_risk_selected,0.3826398109366196
V3-3,P2,2,29,natural_missingness,efb672880ee0ff1680cafed70e33ce265ddcc65e24e6b7c44c7798d6500b08df,grouped_risk_full_compact,1ed60f7f4fc293cbc82fec8318ae629b0e76ef865078cee76c827c563851dafe,extrasensory-p2-fold2-seed29-v2_multiseed,0.7,0.7000073368340513,66787,0.3742580791664845,0.6446552924659527,0.7701322465696486,712526,grouped_risk_selected,0.3787416867775866
V3-3,P2,2,29,natural_missingness,efb672880ee0ff1680cafed70e33ce265ddcc65e24e6b7c44c7798d6500b08df,grouped_risk_full_compact,1ed60f7f4fc293cbc82fec8318ae629b0e76ef865078cee76c827c563851dafe,extrasensory-p2-fold2-seed29-v2_multiseed,0.75,0.7500026202978755,71557,0.3848471619409023,0.6335487994233827,0.7576807478404922,759409,grouped_risk_selected,0.3746409079381382
V3-3,P2,2,29,natural_missingness,efb672880ee0ff1680cafed70e33ce265ddcc65e24e6b7c44c7798d6500b08df,grouped_risk_full_compact,1ed60f7f4fc293cbc82fec8318ae629b0e76ef865078cee76c827c563851dafe,extrasensory-p2-fold2-seed29-v2_multiseed,0.8,0.8000083849532015,76328,0.3960292248749663,0.6224829451986261,0.7458384696565241,806857,grouped_risk_selected,0.370189735974481
V3-3,P2,2,29,natural_missingness,efb672880ee0ff1680cafed70e33ce265ddcc65e24e6b7c44c7798d6500b08df,grouped_risk_full_compact,1ed60f7f4fc293cbc82fec8318ae629b0e76ef865078cee76c827c563851dafe,extrasensory-p2-fold2-seed29-v2_multiseed,0.85,0.8500036684170257,81098,0.406634794764009,0.6119558768865531,0.7348248406647361,853347,grouped_risk_selected,0.3652325683913946
V3-3,P2,2,29,natural_missingness,efb672880ee0ff1680cafed70e33ce265ddcc65e24e6b7c44c7798d6500b08df,grouped_risk_full_compact,1ed60f7f4fc293cbc82fec8318ae629b0e76ef865078cee76c827c563851dafe,extrasensory-p2-fold2-seed29-v2_multiseed,0.9,0.9000094330723517,85869,0.4171088000962218,0.6033645463065491,0.7253349645795923,897738,grouped_risk_selected,0.3590909906875602
V3-3,P2,2,29,natural_missingness,efb672880ee0ff1680cafed70e33ce265ddcc65e24e6b7c44c7798d6500b08df,grouped_risk_full_compact,1ed60f7f4fc293cbc82fec8318ae629b0e76ef865078cee76c827c563851dafe,extrasensory-p2-fold2-seed29-v2_multiseed,0.95,0.9500047165361758,90639,0.4292890583193268,0.5944649597076891,0.7159745548028748,940810,grouped_risk_selected,0.3507568170007688
V3-3,P2,2,29,natural_missingness,efb672880ee0ff1680cafed70e33ce265ddcc65e24e6b7c44c7798d6500b08df,grouped_risk_full_compact,1ed60f7f4fc293cbc82fec8318ae629b0e76ef865078cee76c827c563851dafe,extrasensory-p2-fold2-seed29-v2_multiseed,1.0,1.0,95409,0.4423086046441317,0.5825977193345135,0.704627681801785,986204,grouped_risk_selected,0.2777079926465455
V3-3,P2,2,47,natural_missingness,efb672880ee0ff1680cafed70e33ce265ddcc65e24e6b7c44c7798d6500b08df,grouped_risk_full_compact,21937929ea4a94565783eb7608ce89a63294679f682db7a966f3a6864bbcb1f2,extrasensory-p2-fold2-seed47-v2_multiseed,0.05,0.050005764655326,4771,0.4070327812990955,0.525007655624608,0.9329232661848378,55333,mean_binary_certainty,0.975921313801216
V3-3,P2,2,47,natural_missingness,efb672880ee0ff1680cafed70e33ce265ddcc65e24e6b7c44c7798d6500b08df,grouped_risk_full_compact,21937929ea4a94565783eb7608ce89a63294679f682db7a966f3a6864bbcb1f2,extrasensory-p2-fold2-seed47-v2_multiseed,0.1,0.1000010481191501,9541,0.3566092307634853,0.5797723200194214,0.936677532295062,110485,mean_binary_certainty,0.9480062727912646
V3-3,P2,2,47,natural_missingness,efb672880ee0ff1680cafed70e33ce265ddcc65e24e6b7c44c7798d6500b08df,grouped_risk_full_compact,21937929ea4a94565783eb7608ce89a63294679f682db7a966f3a6864bbcb1f2,extrasensory-p2-fold2-seed47-v2_multiseed,0.15,0.1500068127744762,14312,0.3314162521216056,0.5388261933646741,0.9349768247338665,165014,mean_binary_certainty,0.9174287077302457
V3-3,P2,2,47,natural_missingness,efb672880ee0ff1680cafed70e33ce265ddcc65e24e6b7c44c7798d6500b08df,grouped_risk_full_compact,21937929ea4a94565783eb7608ce89a63294679f682db7a966f3a6864bbcb1f2,extrasensory-p2-fold2-seed47-v2_multiseed,0.2,0.2000020962383003,19082,0.3100711609260581,0.529671733896236,0.9328041582515304,219043,mean_binary_certainty,0.8667887087736903
V3-3,P2,2,47,natural_missingness,efb672880ee0ff1680cafed70e33ce265ddcc65e24e6b7c44c7798d6500b08df,grouped_risk_full_compact,21937929ea4a94565783eb7608ce89a63294679f682db7a966f3a6864bbcb1f2,extrasensory-p2-fold2-seed47-v2_multiseed,0.25,0.2500078608936263,23853,0.2989062049798804,0.541081701482319,0.9240087466377692,271519,mean_binary_certainty,0.7871485908434186
V3-3,P2,2,47,natural_missingness,efb672880ee0ff1680cafed70e33ce265ddcc65e24e6b7c44c7798d6500b08df,grouped_risk_full_compact,21937929ea4a94565783eb7608ce89a63294679f682db7a966f3a6864bbcb1f2,extrasensory-p2-fold2-seed47-v2_multiseed,0.3,0.3000031443574505,28623,0.3136531827890028,0.6279082630385358,0.9036585567829876,321612,mean_binary_certainty,0.6992297314171223
V3-3,P2,2,47,natural_missingness,efb672880ee0ff1680cafed70e33ce265ddcc65e24e6b7c44c7798d6500b08df,grouped_risk_full_compact,21937929ea4a94565783eb7608ce89a63294679f682db7a966f3a6864bbcb1f2,extrasensory-p2-fold2-seed47-v2_multiseed,0.35,0.3500089090127766,33394,0.3462653619772137,0.6508424215108676,0.874918338094913,371195,mean_binary_certainty,0.6413137968631565
V3-3,P2,2,47,natural_missingness,efb672880ee0ff1680cafed70e33ce265ddcc65e24e6b7c44c7798d6500b08df,grouped_risk_full_compact,21937929ea4a94565783eb7608ce89a63294679f682db7a966f3a6864bbcb1f2,extrasensory-p2-fold2-seed47-v2_multiseed,0.4,0.4000041924766007,38164,0.3663178383429727,0.6532461705358892,0.8493508421801921,420637,mean_binary_certainty,0.6023555345525544
V3-3,P2,2,47,natural_missingness,efb672880ee0ff1680cafed70e33ce265ddcc65e24e6b7c44c7798d6500b08df,grouped_risk_full_compact,21937929ea4a94565783eb7608ce89a63294679f682db7a966f3a6864bbcb1f2,extrasensory-p2-fold2-seed47-v2_multiseed,0.45,0.4500099571319267,42935,0.378251374856298,0.6512795999192367,0.8280228145880831,469916,mean_binary_certainty,0.5689259115666256
V3-3,P2,2,47,natural_missingness,efb672880ee0ff1680cafed70e33ce265ddcc65e24e6b7c44c7798d6500b08df,grouped_risk_full_compact,21937929ea4a94565783eb7608ce89a63294679f682db7a966f3a6864bbcb1f2,extrasensory-p2-fold2-seed47-v2_multiseed,0.5,0.5000052405957509,47705,0.3879359823386699,0.6465767436381561,0.8101411448334376,518447,mean_binary_certainty,0.5406598730380873
V3-3,P2,2,47,natural_missingness,efb672880ee0ff1680cafed70e33ce265ddcc65e24e6b7c44c7798d6500b08df,grouped_risk_full_compact,21937929ea4a94565783eb7608ce89a63294679f682db7a966f3a6864bbcb1f2,extrasensory-p2-fold2-seed47-v2_multiseed,0.55,0.5500005240595751,52475,0.3960301854532017,0.6411393527460814,0.7944086645264636,566277,mean_binary_certainty,0.5148294481546005
V3-3,P2,2,47,natural_missingness,efb672880ee0ff1680cafed70e33ce265ddcc65e24e6b7c44c7798d6500b08df,grouped_risk_full_compact,21937929ea4a94565783eb7608ce89a63294679f682db7a966f3a6864bbcb1f2,extrasensory-p2-fold2-seed47-v2_multiseed,0.6,0.6000062887149011,57246,0.4043353279971941,0.6343288293995178,0.780367530447435,613277,mean_binary_certainty,0.4900439348143771
V3-3,P2,2,47,natural_missingness,efb672880ee0ff1680cafed70e33ce265ddcc65e24e6b7c44c7798d6500b08df,grouped_risk_full_compact,21937929ea4a94565783eb7608ce89a63294679f682db7a966f3a6864bbcb1f2,extrasensory-p2-fold2-seed47-v2_multiseed,0.65,0.6500015721787252,62016,0.4117831645435743,0.6279973359331252,0.7682184634840341,660384,mean_binary_certainty,0.4655958133574034
V3-3,P2,2,47,natural_missingness,efb672880ee0ff1680cafed70e33ce265ddcc65e24e6b7c44c7798d6500b08df,grouped_risk_full_compact,21937929ea4a94565783eb7608ce89a63294679f682db7a966f3a6864bbcb1f2,extrasensory-p2-fold2-seed47-v2_multiseed,0.7,0.7000073368340513,66787,0.4192650997504409,0.6207001906381042,0.7568432662365523,706784,mean_binary_certainty,0.4407062110389097
V3-3,P2,2,47,natural_missingness,efb672880ee0ff1680cafed70e33ce265ddcc65e24e6b7c44c7798d6500b08df,grouped_risk_full_compact,21937929ea4a94565783eb7608ce89a63294679f682db7a966f3a6864bbcb1f2,extrasensory-p2-fold2-seed47-v2_multiseed,0.75,0.7500026202978755,71557,0.4260581149537245,0.6138629798269868,0.7469450904647404,753601,mean_binary_certainty,0.4149869946459501
V3-3,P2,2,47,natural_missingness,efb672880ee0ff1680cafed70e33ce265ddcc65e24e6b7c44c7798d6500b08df,grouped_risk_full_compact,21937929ea4a94565783eb7608ce89a63294679f682db7a966f3a6864bbcb1f2,extrasensory-p2-fold2-seed47-v2_multiseed,0.8,0.8000083849532015,76328,0.4321944269928328,0.6070450438055438,0.7379515141968989,799618,mean_binary_certainty,0.387387443115652
V3-3,P2,2,47,natural_missingness,efb672880ee0ff1680cafed70e33ce265ddcc65e24e6b7c44c7798d6500b08df,grouped_risk_full_compact,21937929ea4a94565783eb7608ce89a63294679f682db7a966f3a6864bbcb1f2,extrasensory-p2-fold2-seed47-v2_multiseed,0.85,0.8500036684170257,81098,0.438013051173156,0.600451147845692,0.7297617877387856,845799,mean_binary_certainty,0.356481877558669
V3-3,P2,2,47,natural_missingness,efb672880ee0ff1680cafed70e33ce265ddcc65e24e6b7c44c7798d6500b08df,grouped_risk_full_compact,21937929ea4a94565783eb7608ce89a63294679f682db7a966f3a6864bbcb1f2,extrasensory-p2-fold2-seed47-v2_multiseed,0.9,0.9000094330723517,85869,0.443628480297883,0.5950505255711077,0.7227754657154182,892069,mean_binary_certainty,0.3186993089563071
V3-3,P2,2,47,natural_missingness,efb672880ee0ff1680cafed70e33ce265ddcc65e24e6b7c44c7798d6500b08df,grouped_risk_full_compact,21937929ea4a94565783eb7608ce89a63294679f682db7a966f3a6864bbcb1f2,extrasensory-p2-fold2-seed47-v2_multiseed,0.95,0.9500047165361758,90639,0.450155858941575,0.5891787439053681,0.7160599387806097,939063,mean_binary_certainty,0.263597703766683
V3-3,P2,2,47,natural_missingness,efb672880ee0ff1680cafed70e33ce265ddcc65e24e6b7c44c7798d6500b08df,grouped_risk_full_compact,21937929ea4a94565783eb7608ce89a63294679f682db7a966f3a6864bbcb1f2,extrasensory-p2-fold2-seed47-v2_multiseed,1.0,1.0,95409,0.4574452741192514,0.5829432410903688,0.710276853537573,986204,mean_binary_certainty,0.0522168103564951
V3-3,P2,2,47,natural_missingness,efb672880ee0ff1680cafed70e33ce265ddcc65e24e6b7c44c7798d6500b08df,grouped_risk_full_compact,21937929ea4a94565783eb7608ce89a63294679f682db7a966f3a6864bbcb1f2,extrasensory-p2-fold2-seed47-v2_multiseed,0.05,0.050005764655326,4771,0.4811174608322597,0.5573868358507522,0.593518227176698,49073,p2_system_reliability,0.9942800998687744
V3-3,P2,2,47,natural_missingness,efb672880ee0ff1680cafed70e33ce265ddcc65e24e6b7c44c7798d6500b08df,grouped_risk_full_compact,21937929ea4a94565783eb7608ce89a63294679f682db7a966f3a6864bbcb1f2,extrasensory-p2-fold2-seed47-v2_multiseed,0.1,0.1000010481191501,9541,0.4439760842533581,0.5712849219478372,0.6342204347081979,100418,p2_system_reliability,0.9924697875976562
V3-3,P2,2,47,natural_missingness,efb672880ee0ff1680cafed70e33ce265ddcc65e24e6b7c44c7798d6500b08df,grouped_risk_full_compact,21937929ea4a94565783eb7608ce89a63294679f682db7a966f3a6864bbcb1f2,extrasensory-p2-fold2-seed47-v2_multiseed,0.15,0.1500068127744762,14312,0.4306151902558437,0.5836278385311338,0.6557998064426932,152254,p2_system_reliability,0.991008460521698
V3-3,P2,2,47,natural_missingness,efb672880ee0ff1680cafed70e33ce265ddcc65e24e6b7c44c7798d6500b08df,grouped_risk_full_compact,21937929ea4a94565783eb7608ce89a63294679f682db7a966f3a6864bbcb1f2,extrasensory-p2-fold2-seed47-v2_multiseed,0.2,0.2000020962383003,19082,0.435306289712896,0.5861601073251136,0.6658221690751738,203244,p2_system_reliability,0.9895906448364258
V3-3,P2,2,47,natural_missingness,efb672880ee0ff1680cafed70e33ce265ddcc65e24e6b7c44c7798d6500b08df,grouped_risk_full_compact,21937929ea4a94565783eb7608ce89a63294679f682db7a966f3a6864bbcb1f2,extrasensory-p2-fold2-seed47-v2_multiseed,0.25,0.2500078608936263,23853,0.4398679780324198,0.5857650484290554,0.6711336587856163,254122,p2_system_reliability,0.9882096648216248
V3-3,P2,2,47,natural_missingness,efb672880ee0ff1680cafed70e33ce265ddcc65e24e6b7c44c7798d6500b08df,grouped_risk_full_compact,21937929ea4a94565783eb7608ce89a63294679f682db7a966f3a6864bbcb1f2,extrasensory-p2-fold2-seed47-v2_multiseed,0.3,0.3000031443574505,28623,0.4446194365370027,0.5864284796023792,0.6752291894654758,305241,p2_system_reliability,0.9867678880691528
V3-3,P2,2,47,natural_missingness,efb672880ee0ff1680cafed70e33ce265ddcc65e24e6b7c44c7798d6500b08df,grouped_risk_full_compact,21937929ea4a94565783eb7608ce89a63294679f682db7a966f3a6864bbcb1f2,extrasensory-p2-fold2-seed47-v2_multiseed,0.35,0.3500089090127766,33394,0.448065804177961,0.5858164453931832,0.6785780008364701,355292,p2_system_reliability,0.985295295715332
V3-3,P2,2,47,natural_missingness,efb672880ee0ff1680cafed70e33ce265ddcc65e24e6b7c44c7798d6500b08df,grouped_risk_full_compact,21937929ea4a94565783eb7608ce89a63294679f682db7a966f3a6864bbcb1f2,extrasensory-p2-fold2-seed47-v2_multiseed,0.4,0.4000041924766007,38164,0.4540030642978154,0.58482122711121,0.6814136151007719,405245,p2_system_reliability,0.9837306141853333
V3-3,P2,2,47,natural_missingness,efb672880ee0ff1680cafed70e33ce265ddcc65e24e6b7c44c7798d6500b08df,grouped_risk_full_compact,21937929ea4a94565783eb7608ce89a63294679f682db7a966f3a6864bbcb1f2,extrasensory-p2-fold2-seed47-v2_multiseed,0.45,0.4500099571319267,42935,0.4589090815190788,0.5842618733028945,0.6848985943431718,455330,p2_system_reliability,0.9820514917373656
V3-3,P2,2,47,natural_missingness,efb672880ee0ff1680cafed70e33ce265ddcc65e24e6b7c44c7798d6500b08df,grouped_risk_full_compact,21937929ea4a94565783eb7608ce89a63294679f682db7a966f3a6864bbcb1f2,extrasensory-p2-fold2-seed47-v2_multiseed,0.5,0.5000052405957509,47705,0.4637548604978467,0.5846519249776375,0.6880039897188015,504195,p2_system_reliability,0.9802273511886596
V3-3,P2,2,47,natural_missingness,efb672880ee0ff1680cafed70e33ce265ddcc65e24e6b7c44c7798d6500b08df,grouped_risk_full_compact,21937929ea4a94565783eb7608ce89a63294679f682db7a966f3a6864bbcb1f2,extrasensory-p2-fold2-seed47-v2_multiseed,0.55,0.5500005240595751,52475,0.4666364457882221,0.5851234756786219,0.6905855178939166,552318,p2_system_reliability,0.9782707691192628
V3-3,P2,2,47,natural_missingness,efb672880ee0ff1680cafed70e33ce265ddcc65e24e6b7c44c7798d6500b08df,grouped_risk_full_compact,21937929ea4a94565783eb7608ce89a63294679f682db7a966f3a6864bbcb1f2,extrasensory-p2-fold2-seed47-v2_multiseed,0.6,0.6000062887149011,57246,0.4688720249961841,0.5847929102134733,0.6924406816289431,600542,p2_system_reliability,0.9760905504226683
V3-3,P2,2,47,natural_missingness,efb672880ee0ff1680cafed70e33ce265ddcc65e24e6b7c44c7798d6500b08df,grouped_risk_full_compact,21937929ea4a94565783eb7608ce89a63294679f682db7a966f3a6864bbcb1f2,extrasensory-p2-fold2-seed47-v2_multiseed,0.65,0.6500015721787252,62016,0.4663675374586157,0.5847405416509045,0.6960320264434238,649174,p2_system_reliability,0.9737979173660278
V3-3,P2,2,47,natural_missingness,efb672880ee0ff1680cafed70e33ce265ddcc65e24e6b7c44c7798d6500b08df,grouped_risk_full_compact,21937929ea4a94565783eb7608ce89a63294679f682db7a966f3a6864bbcb1f2,extrasensory-p2-fold2-seed47-v2_multiseed,0.7,0.7000073368340513,66787,0.46400558352475,0.585766315234454,0.7002793107635844,697831,p2_system_reliability,0.9713670611381532
V3-3,P2,2,47,natural_missingness,efb672880ee0ff1680cafed70e33ce265ddcc65e24e6b7c44c7798d6500b08df,grouped_risk_full_compact,21937929ea4a94565783eb7608ce89a63294679f682db7a966f3a6864bbcb1f2,extrasensory-p2-fold2-seed47-v2_multiseed,0.75,0.7500026202978755,71557,0.4605420035962301,0.585415866027611,0.7045361237670855,746988,p2_system_reliability,0.968608021736145
V3-3,P2,2,47,natural_missingness,efb672880ee0ff1680cafed70e33ce265ddcc65e24e6b7c44c7798d6500b08df,grouped_risk_full_compact,21937929ea4a94565783eb7608ce89a63294679f682db7a966f3a6864bbcb1f2,extrasensory-p2-fold2-seed47-v2_multiseed,0.8,0.8000083849532015,76328,0.4581562822911643,0.5858214506260015,0.7078635696673222,796102,p2_system_reliability,0.9652265310287476
V3-3,P2,2,47,natural_missingness,efb672880ee0ff1680cafed70e33ce265ddcc65e24e6b7c44c7798d6500b08df,grouped_risk_full_compact,21937929ea4a94565783eb7608ce89a63294679f682db7a966f3a6864bbcb1f2,extrasensory-p2-fold2-seed47-v2_multiseed,0.85,0.8500036684170257,81098,0.456642929444813,0.5859047844322647,0.7103474518448538,844630,p2_system_reliability,0.9608386754989624
V3-3,P2,2,47,natural_missingness,efb672880ee0ff1680cafed70e33ce265ddcc65e24e6b7c44c7798d6500b08df,grouped_risk_full_compact,21937929ea4a94565783eb7608ce89a63294679f682db7a966f3a6864bbcb1f2,extrasensory-p2-fold2-seed47-v2_multiseed,0.9,0.9000094330723517,85869,0.4557547416748751,0.5850662126053677,0.7115594811952846,892655,p2_system_reliability,0.9546194672584534
V3-3,P2,2,47,natural_missingness,efb672880ee0ff1680cafed70e33ce265ddcc65e24e6b7c44c7798d6500b08df,grouped_risk_full_compact,21937929ea4a94565783eb7608ce89a63294679f682db7a966f3a6864bbcb1f2,extrasensory-p2-fold2-seed47-v2_multiseed,0.95,0.9500047165361758,90639,0.4555405859302877,0.5837654852883334,0.7118345969692195,940095,p2_system_reliability,0.9436347484588624
V3-3,P2,2,47,natural_missingness,efb672880ee0ff1680cafed70e33ce265ddcc65e24e6b7c44c7798d6500b08df,grouped_risk_full_compact,21937929ea4a94565783eb7608ce89a63294679f682db7a966f3a6864bbcb1f2,extrasensory-p2-fold2-seed47-v2_multiseed,1.0,1.0,95409,0.4574452741192513,0.5829432410903688,0.710276853537573,986204,p2_system_reliability,0.8238255977630615
V3-3,P2,2,47,natural_missingness,efb672880ee0ff1680cafed70e33ce265ddcc65e24e6b7c44c7798d6500b08df,grouped_risk_full_compact,21937929ea4a94565783eb7608ce89a63294679f682db7a966f3a6864bbcb1f2,extrasensory-p2-fold2-seed47-v2_multiseed,0.05,0.050005764655326,4771,0.2531384283673077,0.552352589658504,0.9126549437878352,51585,grouped_risk_output_compact,0.445295841532299
V3-3,P2,2,47,natural_missingness,efb672880ee0ff1680cafed70e33ce265ddcc65e24e6b7c44c7798d6500b08df,grouped_risk_full_compact,21937929ea4a94565783eb7608ce89a63294679f682db7a966f3a6864bbcb1f2,extrasensory-p2-fold2-seed47-v2_multiseed,0.1,0.1000010481191501,9541,0.293165177704145,0.5485459189187012,0.9256969718076864,106274,grouped_risk_output_compact,0.4422332501933674
V3-3,P2,2,47,natural_missingness,efb672880ee0ff1680cafed70e33ce265ddcc65e24e6b7c44c7798d6500b08df,grouped_risk_full_compact,21937929ea4a94565783eb7608ce89a63294679f682db7a966f3a6864bbcb1f2,extrasensory-p2-fold2-seed47-v2_multiseed,0.15,0.1500068127744762,14312,0.2980819956598141,0.5485780987463659,0.9284281233027036,161857,grouped_risk_output_compact,0.4388879771596523
V3-3,P2,2,47,natural_missingness,efb672880ee0ff1680cafed70e33ce265ddcc65e24e6b7c44c7798d6500b08df,grouped_risk_full_compact,21937929ea4a94565783eb7608ce89a63294679f682db7a966f3a6864bbcb1f2,extrasensory-p2-fold2-seed47-v2_multiseed,0.2,0.2000020962383003,19082,0.2972748991171113,0.5588906238141571,0.9276666584254292,216237,grouped_risk_output_compact,0.4323354538355148
V3-3,P2,2,47,natural_missingness,efb672880ee0ff1680cafed70e33ce265ddcc65e24e6b7c44c7798d6500b08df,grouped_risk_full_compact,21937929ea4a94565783eb7608ce89a63294679f682db7a966f3a6864bbcb1f2,extrasensory-p2-fold2-seed47-v2_multiseed,0.25,0.2500078608936263,23853,0.3020729923242691,0.5965450095487989,0.9169141654207926,269207,grouped_risk_output_compact,0.420938656601814
V3-3,P2,2,47,natural_missingness,efb672880ee0ff1680cafed70e33ce265ddcc65e24e6b7c44c7798d6500b08df,grouped_risk_full_compact,21937929ea4a94565783eb7608ce89a63294679f682db7a966f3a6864bbcb1f2,extrasensory-p2-fold2-seed47-v2_multiseed,0.3,0.3000031443574505,28623,0.3181797693267094,0.6089900294725731,0.8958050490642562,320393,grouped_risk_output_compact,0.4097319938803308
V3-3,P2,2,47,natural_missingness,efb672880ee0ff1680cafed70e33ce265ddcc65e24e6b7c44c7798d6500b08df,grouped_risk_full_compact,21937929ea4a94565783eb7608ce89a63294679f682db7a966f3a6864bbcb1f2,extrasensory-p2-fold2-seed47-v2_multiseed,0.35,0.3500089090127766,33394,0.3345470946464993,0.6157070085942196,0.8720383925150726,370030,grouped_risk_output_compact,0.4008707249107102
V3-3,P2,2,47,natural_missingness,efb672880ee0ff1680cafed70e33ce265ddcc65e24e6b7c44c7798d6500b08df,grouped_risk_full_compact,21937929ea4a94565783eb7608ce89a63294679f682db7a966f3a6864bbcb1f2,extrasensory-p2-fold2-seed47-v2_multiseed,0.4,0.4000041924766007,38164,0.3508490687898182,0.6260833461807295,0.8490451734239937,418374,grouped_risk_output_compact,0.3939078914327008
V3-3,P2,2,47,natural_missingness,efb672880ee0ff1680cafed70e33ce265ddcc65e24e6b7c44c7798d6500b08df,grouped_risk_full_compact,21937929ea4a94565783eb7608ce89a63294679f682db7a966f3a6864bbcb1f2,extrasensory-p2-fold2-seed47-v2_multiseed,0.45,0.4500099571319267,42935,0.3649650644788434,0.6308681923296702,0.8275709763698378,466774,grouped_risk_output_compact,0.388552409871204
V3-3,P2,2,47,natural_missingness,efb672880ee0ff1680cafed70e33ce265ddcc65e24e6b7c44c7798d6500b08df,grouped_risk_full_compact,21937929ea4a94565783eb7608ce89a63294679f682db7a966f3a6864bbcb1f2,extrasensory-p2-fold2-seed47-v2_multiseed,0.5,0.5000052405957509,47705,0.3795226158331699,0.62898028780415,0.8085416883832443,514791,grouped_risk_output_compact,0.3842129572364246
V3-3,P2,2,47,natural_missingness,efb672880ee0ff1680cafed70e33ce265ddcc65e24e6b7c44c7798d6500b08df,grouped_risk_full_compact,21937929ea4a94565783eb7608ce89a63294679f682db7a966f3a6864bbcb1f2,extrasensory-p2-fold2-seed47-v2_multiseed,0.55,0.5500005240595751,52475,0.394006695591362,0.6233869114652297,0.7908589053341248,562777,grouped_risk_output_compact,0.3804529114954134
V3-3,P2,2,47,natural_missingness,efb672880ee0ff1680cafed70e33ce265ddcc65e24e6b7c44c7798d6500b08df,grouped_risk_full_compact,21937929ea4a94565783eb7608ce89a63294679f682db7a966f3a6864bbcb1f2,extrasensory-p2-fold2-seed47-v2_multiseed,0.6,0.6000062887149011,57246,0.4016665928375136,0.6216180151224692,0.7778225020283146,610102,grouped_risk_output_compact,0.3769035522352088
V3-3,P2,2,47,natural_missingness,efb672880ee0ff1680cafed70e33ce265ddcc65e24e6b7c44c7798d6500b08df,grouped_risk_full_compact,21937929ea4a94565783eb7608ce89a63294679f682db7a966f3a6864bbcb1f2,extrasensory-p2-fold2-seed47-v2_multiseed,0.65,0.6500015721787252,62016,0.4086906964331899,0.6184067447812018,0.7661575644628219,657317,grouped_risk_output_compact,0.3737121333849758
V3-3,P2,2,47,natural_missingness,efb672880ee0ff1680cafed70e33ce265ddcc65e24e6b7c44c7798d6500b08df,grouped_risk_full_compact,21937929ea4a94565783eb7608ce89a63294679f682db7a966f3a6864bbcb1f2,extrasensory-p2-fold2-seed47-v2_multiseed,0.7,0.7000073368340513,66787,0.4146283233774099,0.6149563598524324,0.7557224403102539,704189,grouped_risk_output_compact,0.3706875479963842
V3-3,P2,2,47,natural_missingness,efb672880ee0ff1680cafed70e33ce265ddcc65e24e6b7c44c7798d6500b08df,grouped_risk_full_compact,21937929ea4a94565783eb7608ce89a63294679f682db7a966f3a6864bbcb1f2,extrasensory-p2-fold2-seed47-v2_multiseed,0.75,0.7500026202978755,71557,0.4209436019237376,0.6101604372571906,0.7465261188842124,751140,grouped_risk_output_compact,0.3677097375173705
V3-3,P2,2,47,natural_missingness,efb672880ee0ff1680cafed70e33ce265ddcc65e24e6b7c44c7798d6500b08df,grouped_risk_full_compact,21937929ea4a94565783eb7608ce89a63294679f682db7a966f3a6864bbcb1f2,extrasensory-p2-fold2-seed47-v2_multiseed,0.8,0.8000083849532015,76328,0.4277716371366751,0.6055671196929875,0.7382082787721786,797918,grouped_risk_output_compact,0.3647491488941903
V3-3,P2,2,47,natural_missingness,efb672880ee0ff1680cafed70e33ce265ddcc65e24e6b7c44c7798d6500b08df,grouped_risk_full_compact,21937929ea4a94565783eb7608ce89a63294679f682db7a966f3a6864bbcb1f2,extrasensory-p2-fold2-seed47-v2_multiseed,0.85,0.8500036684170257,81098,0.434955707079141,0.600267141776025,0.730474714986519,844311,grouped_risk_output_compact,0.361732925048545
V3-3,P2,2,47,natural_missingness,efb672880ee0ff1680cafed70e33ce265ddcc65e24e6b7c44c7798d6500b08df,grouped_risk_full_compact,21937929ea4a94565783eb7608ce89a63294679f682db7a966f3a6864bbcb1f2,extrasensory-p2-fold2-seed47-v2_multiseed,0.9,0.9000094330723517,85869,0.4417614595961479,0.5942222102491991,0.7232037100867985,891124,grouped_risk_output_compact,0.3584819417471809
V3-3,P2,2,47,natural_missingness,efb672880ee0ff1680cafed70e33ce265ddcc65e24e6b7c44c7798d6500b08df,grouped_risk_full_compact,21937929ea4a94565783eb7608ce89a63294679f682db7a966f3a6864bbcb1f2,extrasensory-p2-fold2-seed47-v2_multiseed,0.95,0.9500047165361758,90639,0.449215957612751,0.5886736215513975,0.7165861988331673,938487,grouped_risk_output_compact,0.3546031937675566
V3-3,P2,2,47,natural_missingness,efb672880ee0ff1680cafed70e33ce265ddcc65e24e6b7c44c7798d6500b08df,grouped_risk_full_compact,21937929ea4a94565783eb7608ce89a63294679f682db7a966f3a6864bbcb1f2,extrasensory-p2-fold2-seed47-v2_multiseed,1.0,1.0,95409,0.4574452741192513,0.5829432410903688,0.710276853537573,986204,grouped_risk_output_compact,0.3364070796220341
V3-3,P2,2,47,natural_missingness,efb672880ee0ff1680cafed70e33ce265ddcc65e24e6b7c44c7798d6500b08df,grouped_risk_full_compact,21937929ea4a94565783eb7608ce89a63294679f682db7a966f3a6864bbcb1f2,extrasensory-p2-fold2-seed47-v2_multiseed,0.05,0.050005764655326,4771,0.180811235818468,0.6150254508414095,0.9466427424685996,53674,grouped_risk_full_compact,0.4554343870217868
V3-3,P2,2,47,natural_missingness,efb672880ee0ff1680cafed70e33ce265ddcc65e24e6b7c44c7798d6500b08df,grouped_risk_full_compact,21937929ea4a94565783eb7608ce89a63294679f682db7a966f3a6864bbcb1f2,extrasensory-p2-fold2-seed47-v2_multiseed,0.1,0.1000010481191501,9541,0.2064040178159285,0.5795997771802754,0.9409596441054972,108092,grouped_risk_full_compact,0.4469677838216371
V3-3,P2,2,47,natural_missingness,efb672880ee0ff1680cafed70e33ce265ddcc65e24e6b7c44c7798d6500b08df,grouped_risk_full_compact,21937929ea4a94565783eb7608ce89a63294679f682db7a966f3a6864bbcb1f2,extrasensory-p2-fold2-seed47-v2_multiseed,0.15,0.1500068127744762,14312,0.209300434672503,0.5894294431464271,0.9337653221016252,163719,grouped_risk_full_compact,0.4372488804605942
V3-3,P2,2,47,natural_missingness,efb672880ee0ff1680cafed70e33ce265ddcc65e24e6b7c44c7798d6500b08df,grouped_risk_full_compact,21937929ea4a94565783eb7608ce89a63294679f682db7a966f3a6864bbcb1f2,extrasensory-p2-fold2-seed47-v2_multiseed,0.2,0.2000020962383003,19082,0.2738925352418446,0.608389756059842,0.9230972167260256,216114,grouped_risk_full_compact,0.4295256987082946
V3-3,P2,2,47,natural_missingness,efb672880ee0ff1680cafed70e33ce265ddcc65e24e6b7c44c7798d6500b08df,grouped_risk_full_compact,21937929ea4a94565783eb7608ce89a63294679f682db7a966f3a6864bbcb1f2,extrasensory-p2-fold2-seed47-v2_multiseed,0.25,0.2500078608936263,23853,0.2981822618512076,0.6327646151717589,0.9118066952194158,268274,grouped_risk_full_compact,0.4220189632707492
V3-3,P2,2,47,natural_missingness,efb672880ee0ff1680cafed70e33ce265ddcc65e24e6b7c44c7798d6500b08df,grouped_risk_full_compact,21937929ea4a94565783eb7608ce89a63294679f682db7a966f3a6864bbcb1f2,extrasensory-p2-fold2-seed47-v2_multiseed,0.3,0.3000031443574505,28623,0.3115110846236558,0.6602372323187734,0.893802791248321,319380,grouped_risk_full_compact,0.4130670476029417
V3-3,P2,2,47,natural_missingness,efb672880ee0ff1680cafed70e33ce265ddcc65e24e6b7c44c7798d6500b08df,grouped_risk_full_compact,21937929ea4a94565783eb7608ce89a63294679f682db7a966f3a6864bbcb1f2,extrasensory-p2-fold2-seed47-v2_multiseed,0.35,0.3500089090127766,33394,0.3261980192311524,0.6730204251587615,0.8726526495538723,369195,grouped_risk_full_compact,0.4057259279023778
V3-3,P2,2,47,natural_missingness,efb672880ee0ff1680cafed70e33ce265ddcc65e24e6b7c44c7798d6500b08df,grouped_risk_full_compact,21937929ea4a94565783eb7608ce89a63294679f682db7a966f3a6864bbcb1f2,extrasensory-p2-fold2-seed47-v2_multiseed,0.4,0.4000041924766007,38164,0.3392644927079156,0.6778320410129489,0.8526258307694357,419105,grouped_risk_full_compact,0.3996540272545818
V3-3,P2,2,47,natural_missingness,efb672880ee0ff1680cafed70e33ce265ddcc65e24e6b7c44c7798d6500b08df,grouped_risk_full_compact,21937929ea4a94565783eb7608ce89a63294679f682db7a966f3a6864bbcb1f2,extrasensory-p2-fold2-seed47-v2_multiseed,0.45,0.4500099571319267,42935,0.3510612514719468,0.6724746701681565,0.8349823786963827,468578,grouped_risk_full_compact,0.3945558278619562
V3-3,P2,2,47,natural_missingness,efb672880ee0ff1680cafed70e33ce265ddcc65e24e6b7c44c7798d6500b08df,grouped_risk_full_compact,21937929ea4a94565783eb7608ce89a63294679f682db7a966f3a6864bbcb1f2,extrasensory-p2-fold2-seed47-v2_multiseed,0.5,0.5000052405957509,47705,0.3613644564895233,0.6657523241156819,0.8193418061844345,517910,grouped_risk_full_compact,0.3901246975794347
V3-3,P2,2,47,natural_missingness,efb672880ee0ff1680cafed70e33ce265ddcc65e24e6b7c44c7798d6500b08df,grouped_risk_full_compact,21937929ea4a94565783eb7608ce89a63294679f682db7a966f3a6864bbcb1f2,extrasensory-p2-fold2-seed47-v2_multiseed,0.55,0.5500005240595751,52475,0.3714069040753804,0.6574234870629443,0.8053601450469754,567277,grouped_risk_full_compact,0.3861673643450586
V3-3,P2,2,47,natural_missingness,efb672880ee0ff1680cafed70e33ce265ddcc65e24e6b7c44c7798d6500b08df,grouped_risk_full_compact,21937929ea4a94565783eb7608ce89a63294679f682db7a966f3a6864bbcb1f2,extrasensory-p2-fold2-seed47-v2_multiseed,0.6,0.6000062887149011,57246,0.3815391795236899,0.6486625255476334,0.7920661157024793,615752,grouped_risk_full_compact,0.3825017783420005
V3-3,P2,2,47,natural_missingness,efb672880ee0ff1680cafed70e33ce265ddcc65e24e6b7c44c7798d6500b08df,grouped_risk_full_compact,21937929ea4a94565783eb7608ce89a63294679f682db7a966f3a6864bbcb1f2,extrasensory-p2-fold2-seed47-v2_multiseed,0.65,0.6500015721787252,62016,0.3918737902662838,0.6409720297739732,0.7798314622469834,664938,grouped_risk_full_compact,0.3789013411513036
V3-3,P2,2,47,natural_missingness,efb672880ee0ff1680cafed70e33ce265ddcc65e24e6b7c44c7798d6500b08df,grouped_risk_full_compact,21937929ea4a94565783eb7608ce89a63294679f682db7a966f3a6864bbcb1f2,extrasensory-p2-fold2-seed47-v2_multiseed,0.7,0.7000073368340513,66787,0.4003496666843794,0.6327336574867615,0.7686245191034687,713932,grouped_risk_full_compact,0.3752143513906275
V3-3,P2,2,47,natural_missingness,efb672880ee0ff1680cafed70e33ce265ddcc65e24e6b7c44c7798d6500b08df,grouped_risk_full_compact,21937929ea4a94565783eb7608ce89a63294679f682db7a966f3a6864bbcb1f2,extrasensory-p2-fold2-seed47-v2_multiseed,0.75,0.7500026202978755,71557,0.4094618550555686,0.6242903058223913,0.7577951109992839,762375,grouped_risk_full_compact,0.3713304462038434
V3-3,P2,2,47,natural_missingness,efb672880ee0ff1680cafed70e33ce265ddcc65e24e6b7c44c7798d6500b08df,grouped_risk_full_compact,21937929ea4a94565783eb7608ce89a63294679f682db7a966f3a6864bbcb1f2,extrasensory-p2-fold2-seed47-v2_multiseed,0.8,0.8000083849532015,76328,0.4178751694609163,0.6162623685095717,0.7475842425259491,809626,grouped_risk_full_compact,0.3670435780516629
V3-3,P2,2,47,natural_missingness,efb672880ee0ff1680cafed70e33ce265ddcc65e24e6b7c44c7798d6500b08df,grouped_risk_full_compact,21937929ea4a94565783eb7608ce89a63294679f682db7a966f3a6864bbcb1f2,extrasensory-p2-fold2-seed47-v2_multiseed,0.85,0.8500036684170257,81098,0.4250812369183526,0.6095696043100846,0.7385215872907179,855287,grouped_risk_full_compact,0.3613601345405776
V3-3,P2,2,47,natural_missingness,efb672880ee0ff1680cafed70e33ce265ddcc65e24e6b7c44c7798d6500b08df,grouped_risk_full_compact,21937929ea4a94565783eb7608ce89a63294679f682db7a966f3a6864bbcb1f2,extrasensory-p2-fold2-seed47-v2_multiseed,0.9,0.9000094330723517,85869,0.4328080257599304,0.6028034230188175,0.7299703626255826,898753,grouped_risk_full_compact,0.3539204788013589
V3-3,P2,2,47,natural_missingness,efb672880ee0ff1680cafed70e33ce265ddcc65e24e6b7c44c7798d6500b08df,grouped_risk_full_compact,21937929ea4a94565783eb7608ce89a63294679f682db7a966f3a6864bbcb1f2,extrasensory-p2-fold2-seed47-v2_multiseed,0.95,0.9500047165361758,90639,0.4413035208870159,0.5952585336919627,0.7217848328754801,941395,grouped_risk_full_compact,0.3446987140972528
V3-3,P2,2,47,natural_missingness,efb672880ee0ff1680cafed70e33ce265ddcc65e24e6b7c44c7798d6500b08df,grouped_risk_full_compact,21937929ea4a94565783eb7608ce89a63294679f682db7a966f3a6864bbcb1f2,extrasensory-p2-fold2-seed47-v2_multiseed,1.0,1.0,95409,0.4574452741192514,0.5829432410903688,0.710276853537573,986204,grouped_risk_full_compact,0.2904299704190846
V3-3,P2,2,47,natural_missingness,efb672880ee0ff1680cafed70e33ce265ddcc65e24e6b7c44c7798d6500b08df,grouped_risk_full_compact,21937929ea4a94565783eb7608ce89a63294679f682db7a966f3a6864bbcb1f2,extrasensory-p2-fold2-seed47-v2_multiseed,0.05,0.050005764655326,4771,0.180811235818468,0.6150254508414095,0.9466427424685996,53674,grouped_risk_selected,0.4554343870217868
V3-3,P2,2,47,natural_missingness,efb672880ee0ff1680cafed70e33ce265ddcc65e24e6b7c44c7798d6500b08df,grouped_risk_full_compact,21937929ea4a94565783eb7608ce89a63294679f682db7a966f3a6864bbcb1f2,extrasensory-p2-fold2-seed47-v2_multiseed,0.1,0.1000010481191501,9541,0.2064040178159285,0.5795997771802754,0.9409596441054972,108092,grouped_risk_selected,0.4469677838216371
V3-3,P2,2,47,natural_missingness,efb672880ee0ff1680cafed70e33ce265ddcc65e24e6b7c44c7798d6500b08df,grouped_risk_full_compact,21937929ea4a94565783eb7608ce89a63294679f682db7a966f3a6864bbcb1f2,extrasensory-p2-fold2-seed47-v2_multiseed,0.15,0.1500068127744762,14312,0.209300434672503,0.5894294431464271,0.9337653221016252,163719,grouped_risk_selected,0.4372488804605942
V3-3,P2,2,47,natural_missingness,efb672880ee0ff1680cafed70e33ce265ddcc65e24e6b7c44c7798d6500b08df,grouped_risk_full_compact,21937929ea4a94565783eb7608ce89a63294679f682db7a966f3a6864bbcb1f2,extrasensory-p2-fold2-seed47-v2_multiseed,0.2,0.2000020962383003,19082,0.2738925352418446,0.608389756059842,0.9230972167260256,216114,grouped_risk_selected,0.4295256987082946
V3-3,P2,2,47,natural_missingness,efb672880ee0ff1680cafed70e33ce265ddcc65e24e6b7c44c7798d6500b08df,grouped_risk_full_compact,21937929ea4a94565783eb7608ce89a63294679f682db7a966f3a6864bbcb1f2,extrasensory-p2-fold2-seed47-v2_multiseed,0.25,0.2500078608936263,23853,0.2981822618512076,0.6327646151717589,0.9118066952194158,268274,grouped_risk_selected,0.4220189632707492
V3-3,P2,2,47,natural_missingness,efb672880ee0ff1680cafed70e33ce265ddcc65e24e6b7c44c7798d6500b08df,grouped_risk_full_compact,21937929ea4a94565783eb7608ce89a63294679f682db7a966f3a6864bbcb1f2,extrasensory-p2-fold2-seed47-v2_multiseed,0.3,0.3000031443574505,28623,0.3115110846236558,0.6602372323187734,0.893802791248321,319380,grouped_risk_selected,0.4130670476029417
V3-3,P2,2,47,natural_missingness,efb672880ee0ff1680cafed70e33ce265ddcc65e24e6b7c44c7798d6500b08df,grouped_risk_full_compact,21937929ea4a94565783eb7608ce89a63294679f682db7a966f3a6864bbcb1f2,extrasensory-p2-fold2-seed47-v2_multiseed,0.35,0.3500089090127766,33394,0.3261980192311524,0.6730204251587615,0.8726526495538723,369195,grouped_risk_selected,0.4057259279023778
V3-3,P2,2,47,natural_missingness,efb672880ee0ff1680cafed70e33ce265ddcc65e24e6b7c44c7798d6500b08df,grouped_risk_full_compact,21937929ea4a94565783eb7608ce89a63294679f682db7a966f3a6864bbcb1f2,extrasensory-p2-fold2-seed47-v2_multiseed,0.4,0.4000041924766007,38164,0.3392644927079156,0.6778320410129489,0.8526258307694357,419105,grouped_risk_selected,0.3996540272545818
V3-3,P2,2,47,natural_missingness,efb672880ee0ff1680cafed70e33ce265ddcc65e24e6b7c44c7798d6500b08df,grouped_risk_full_compact,21937929ea4a94565783eb7608ce89a63294679f682db7a966f3a6864bbcb1f2,extrasensory-p2-fold2-seed47-v2_multiseed,0.45,0.4500099571319267,42935,0.3510612514719468,0.6724746701681565,0.8349823786963827,468578,grouped_risk_selected,0.3945558278619562
V3-3,P2,2,47,natural_missingness,efb672880ee0ff1680cafed70e33ce265ddcc65e24e6b7c44c7798d6500b08df,grouped_risk_full_compact,21937929ea4a94565783eb7608ce89a63294679f682db7a966f3a6864bbcb1f2,extrasensory-p2-fold2-seed47-v2_multiseed,0.5,0.5000052405957509,47705,0.3613644564895233,0.6657523241156819,0.8193418061844345,517910,grouped_risk_selected,0.3901246975794347
V3-3,P2,2,47,natural_missingness,efb672880ee0ff1680cafed70e33ce265ddcc65e24e6b7c44c7798d6500b08df,grouped_risk_full_compact,21937929ea4a94565783eb7608ce89a63294679f682db7a966f3a6864bbcb1f2,extrasensory-p2-fold2-seed47-v2_multiseed,0.55,0.5500005240595751,52475,0.3714069040753804,0.6574234870629443,0.8053601450469754,567277,grouped_risk_selected,0.3861673643450586
V3-3,P2,2,47,natural_missingness,efb672880ee0ff1680cafed70e33ce265ddcc65e24e6b7c44c7798d6500b08df,grouped_risk_full_compact,21937929ea4a94565783eb7608ce89a63294679f682db7a966f3a6864bbcb1f2,extrasensory-p2-fold2-seed47-v2_multiseed,0.6,0.6000062887149011,57246,0.3815391795236899,0.6486625255476334,0.7920661157024793,615752,grouped_risk_selected,0.3825017783420005
V3-3,P2,2,47,natural_missingness,efb672880ee0ff1680cafed70e33ce265ddcc65e24e6b7c44c7798d6500b08df,grouped_risk_full_compact,21937929ea4a94565783eb7608ce89a63294679f682db7a966f3a6864bbcb1f2,extrasensory-p2-fold2-seed47-v2_multiseed,0.65,0.6500015721787252,62016,0.3918737902662838,0.6409720297739732,0.7798314622469834,664938,grouped_risk_selected,0.3789013411513036
V3-3,P2,2,47,natural_missingness,efb672880ee0ff1680cafed70e33ce265ddcc65e24e6b7c44c7798d6500b08df,grouped_risk_full_compact,21937929ea4a94565783eb7608ce89a63294679f682db7a966f3a6864bbcb1f2,extrasensory-p2-fold2-seed47-v2_multiseed,0.7,0.7000073368340513,66787,0.4003496666843794,0.6327336574867615,0.7686245191034687,713932,grouped_risk_selected,0.3752143513906275
V3-3,P2,2,47,natural_missingness,efb672880ee0ff1680cafed70e33ce265ddcc65e24e6b7c44c7798d6500b08df,grouped_risk_full_compact,21937929ea4a94565783eb7608ce89a63294679f682db7a966f3a6864bbcb1f2,extrasensory-p2-fold2-seed47-v2_multiseed,0.75,0.7500026202978755,71557,0.4094618550555686,0.6242903058223913,0.7577951109992839,762375,grouped_risk_selected,0.3713304462038434
V3-3,P2,2,47,natural_missingness,efb672880ee0ff1680cafed70e33ce265ddcc65e24e6b7c44c7798d6500b08df,grouped_risk_full_compact,21937929ea4a94565783eb7608ce89a63294679f682db7a966f3a6864bbcb1f2,extrasensory-p2-fold2-seed47-v2_multiseed,0.8,0.8000083849532015,76328,0.4178751694609163,0.6162623685095717,0.7475842425259491,809626,grouped_risk_selected,0.3670435780516629
V3-3,P2,2,47,natural_missingness,efb672880ee0ff1680cafed70e33ce265ddcc65e24e6b7c44c7798d6500b08df,grouped_risk_full_compact,21937929ea4a94565783eb7608ce89a63294679f682db7a966f3a6864bbcb1f2,extrasensory-p2-fold2-seed47-v2_multiseed,0.85,0.8500036684170257,81098,0.4250812369183526,0.6095696043100846,0.7385215872907179,855287,grouped_risk_selected,0.3613601345405776
V3-3,P2,2,47,natural_missingness,efb672880ee0ff1680cafed70e33ce265ddcc65e24e6b7c44c7798d6500b08df,grouped_risk_full_compact,21937929ea4a94565783eb7608ce89a63294679f682db7a966f3a6864bbcb1f2,extrasensory-p2-fold2-seed47-v2_multiseed,0.9,0.9000094330723517,85869,0.4328080257599304,0.6028034230188175,0.7299703626255826,898753,grouped_risk_selected,0.3539204788013589
V3-3,P2,2,47,natural_missingness,efb672880ee0ff1680cafed70e33ce265ddcc65e24e6b7c44c7798d6500b08df,grouped_risk_full_compact,21937929ea4a94565783eb7608ce89a63294679f682db7a966f3a6864bbcb1f2,extrasensory-p2-fold2-seed47-v2_multiseed,0.95,0.9500047165361758,90639,0.4413035208870159,0.5952585336919627,0.7217848328754801,941395,grouped_risk_selected,0.3446987140972528
V3-3,P2,2,47,natural_missingness,efb672880ee0ff1680cafed70e33ce265ddcc65e24e6b7c44c7798d6500b08df,grouped_risk_full_compact,21937929ea4a94565783eb7608ce89a63294679f682db7a966f3a6864bbcb1f2,extrasensory-p2-fold2-seed47-v2_multiseed,1.0,1.0,95409,0.4574452741192514,0.5829432410903688,0.710276853537573,986204,grouped_risk_selected,0.2904299704190846
V3-3,P2,3,13,natural_missingness,efb672880ee0ff1680cafed70e33ce265ddcc65e24e6b7c44c7798d6500b08df,grouped_risk_full_compact,798c57a3ac7a11de427c0a84f98e03963a324e88ac17f5f896df91646b94d404,extrasensory-p2-fold3-seed13-v2_seed13,0.05,0.0500069438014998,4321,0.245706612951476,0.5485367763337246,0.95096554335479,35691,mean_binary_certainty,0.9399996735830976
V3-3,P2,3,13,natural_missingness,efb672880ee0ff1680cafed70e33ce265ddcc65e24e6b7c44c7798d6500b08df,grouped_risk_full_compact,798c57a3ac7a11de427c0a84f98e03963a324e88ac17f5f896df91646b94d404,extrasensory-p2-fold3-seed13-v2_seed13,0.1,0.1000023146004999,8641,0.2249122027955561,0.4756915987303071,0.9460894033382362,80986,mean_binary_certainty,0.9019133088082664
V3-3,P2,3,13,natural_missingness,efb672880ee0ff1680cafed70e33ce265ddcc65e24e6b7c44c7798d6500b08df,grouped_risk_full_compact,798c57a3ac7a11de427c0a84f98e03963a324e88ac17f5f896df91646b94d404,extrasensory-p2-fold3-seed13-v2_seed13,0.15,0.1500092584019998,12962,0.2283764047779607,0.5845379537218307,0.9432444632915202,127437,mean_binary_certainty,0.8419706551374746
V3-3,P2,3,13,natural_missingness,efb672880ee0ff1680cafed70e33ce265ddcc65e24e6b7c44c7798d6500b08df,grouped_risk_full_compact,798c57a3ac7a11de427c0a84f98e03963a324e88ac17f5f896df91646b94d404,extrasensory-p2-fold3-seed13-v2_seed13,0.2,0.2000046292009999,17282,0.2358084155931399,0.7034216792298339,0.9374719834241484,175586,mean_binary_certainty,0.7738366200646463
V3-3,P2,3,13,natural_missingness,efb672880ee0ff1680cafed70e33ce265ddcc65e24e6b7c44c7798d6500b08df,grouped_risk_full_compact,798c57a3ac7a11de427c0a84f98e03963a324e88ac17f5f896df91646b94d404,extrasensory-p2-fold3-seed13-v2_seed13,0.25,0.25,21602,0.2524204681848488,0.7044446215784916,0.9239495000632832,222419,mean_binary_certainty,0.7093817703009128
V3-3,P2,3,13,natural_missingness,efb672880ee0ff1680cafed70e33ce265ddcc65e24e6b7c44c7798d6500b08df,grouped_risk_full_compact,798c57a3ac7a11de427c0a84f98e03963a324e88ac17f5f896df91646b94d404,extrasensory-p2-fold3-seed13-v2_seed13,0.3,0.3000069438014998,25923,0.2637858460509074,0.7064381679361602,0.9052620446688832,269983,mean_binary_certainty,0.6497646200345544
V3-3,P2,3,13,natural_missingness,efb672880ee0ff1680cafed70e33ce265ddcc65e24e6b7c44c7798d6500b08df,grouped_risk_full_compact,798c57a3ac7a11de427c0a84f98e03963a324e88ac17f5f896df91646b94d404,extrasensory-p2-fold3-seed13-v2_seed13,0.35,0.3500023146004999,30243,0.2771017973760052,0.7035775816101566,0.8826628791349767,316268,mean_binary_certainty,0.6028642265691705
V3-3,P2,3,13,natural_missingness,efb672880ee0ff1680cafed70e33ce265ddcc65e24e6b7c44c7798d6500b08df,grouped_risk_full_compact,798c57a3ac7a11de427c0a84f98e03963a324e88ac17f5f896df91646b94d404,extrasensory-p2-fold3-seed13-v2_seed13,0.4,0.4000092584019998,34564,0.2929392656859092,0.6830850188660108,0.859458882923881,361008,mean_binary_certainty,0.565669052819237
V3-3,P2,3,13,natural_missingness,efb672880ee0ff1680cafed70e33ce265ddcc65e24e6b7c44c7798d6500b08df,grouped_risk_full_compact,798c57a3ac7a11de427c0a84f98e03963a324e88ac17f5f896df91646b94d404,extrasensory-p2-fold3-seed13-v2_seed13,0.45,0.4500046292009999,38884,0.3098840904490323,0.6679441972771065,0.8383613497241029,404515,mean_binary_certainty,0.534249770185709
V3-3,P2,3,13,natural_missingness,efb672880ee0ff1680cafed70e33ce265ddcc65e24e6b7c44c7798d6500b08df,grouped_risk_full_compact,798c57a3ac7a11de427c0a84f98e03963a324e88ac17f5f896df91646b94d404,extrasensory-p2-fold3-seed13-v2_seed13,0.5,0.5,43204,0.3247321648987849,0.6507226363903619,0.818219265287781,447509,mean_binary_certainty,0.5059511987097156
V3-3,P2,3,13,natural_missingness,efb672880ee0ff1680cafed70e33ce265ddcc65e24e6b7c44c7798d6500b08df,grouped_risk_full_compact,798c57a3ac7a11de427c0a84f98e03963a324e88ac17f5f896df91646b94d404,extrasensory-p2-fold3-seed13-v2_seed13,0.55,0.5500069438014998,47525,0.3381395574540932,0.6375622118731791,0.8010926703854189,488822,mean_binary_certainty,0.480015419545465
V3-3,P2,3,13,natural_missingness,efb672880ee0ff1680cafed70e33ce265ddcc65e24e6b7c44c7798d6500b08df,grouped_risk_full_compact,798c57a3ac7a11de427c0a84f98e03963a324e88ac17f5f896df91646b94d404,extrasensory-p2-fold3-seed13-v2_seed13,0.6,0.6000023146004999,51845,0.3504468518553068,0.6246748951114601,0.7857926874753567,528117,mean_binary_certainty,0.4563894211130032
V3-3,P2,3,13,natural_missingness,efb672880ee0ff1680cafed70e33ce265ddcc65e24e6b7c44c7798d6500b08df,grouped_risk_full_compact,798c57a3ac7a11de427c0a84f98e03963a324e88ac17f5f896df91646b94d404,extrasensory-p2-fold3-seed13-v2_seed13,0.65,0.6500092584019999,56166,0.3621515239605012,0.611431530023997,0.7712651515653032,567990,mean_binary_certainty,0.4329909813921913
V3-3,P2,3,13,natural_missingness,efb672880ee0ff1680cafed70e33ce265ddcc65e24e6b7c44c7798d6500b08df,grouped_risk_full_compact,798c57a3ac7a11de427c0a84f98e03963a324e88ac17f5f896df91646b94d404,extrasensory-p2-fold3-seed13-v2_seed13,0.7,0.7000046292009999,60486,0.372720713605831,0.598881093317035,0.7580230330453944,608514,mean_binary_certainty,0.4097235393463571
V3-3,P2,3,13,natural_missingness,efb672880ee0ff1680cafed70e33ce265ddcc65e24e6b7c44c7798d6500b08df,grouped_risk_full_compact,798c57a3ac7a11de427c0a84f98e03963a324e88ac17f5f896df91646b94d404,extrasensory-p2-fold3-seed13-v2_seed13,0.75,0.75,64806,0.3817850599558406,0.5888663213850527,0.7455840637635088,649848,mean_binary_certainty,0.3853353944432042
V3-3,P2,3,13,natural_missingness,efb672880ee0ff1680cafed70e33ce265ddcc65e24e6b7c44c7798d6500b08df,grouped_risk_full_compact,798c57a3ac7a11de427c0a84f98e03963a324e88ac17f5f896df91646b94d404,extrasensory-p2-fold3-seed13-v2_seed13,0.8,0.8000069438014998,69127,0.3898672505725663,0.5800017666851839,0.7346049610932073,691614,mean_binary_certainty,0.3601393328483072
V3-3,P2,3,13,natural_missingness,efb672880ee0ff1680cafed70e33ce265ddcc65e24e6b7c44c7798d6500b08df,grouped_risk_full_compact,798c57a3ac7a11de427c0a84f98e03963a324e88ac17f5f896df91646b94d404,extrasensory-p2-fold3-seed13-v2_seed13,0.85,0.8500023146004999,73447,0.3973659663694714,0.5727115726335296,0.724939723731628,733599,mean_binary_certainty,0.3316859817521167
V3-3,P2,3,13,natural_missingness,efb672880ee0ff1680cafed70e33ce265ddcc65e24e6b7c44c7798d6500b08df,grouped_risk_full_compact,798c57a3ac7a11de427c0a84f98e03963a324e88ac17f5f896df91646b94d404,extrasensory-p2-fold3-seed13-v2_seed13,0.9,0.9000092584019999,77768,0.4051646944091246,0.5657244565270434,0.716022174707309,774459,mean_binary_certainty,0.295647597035516
V3-3,P2,3,13,natural_missingness,efb672880ee0ff1680cafed70e33ce265ddcc65e24e6b7c44c7798d6500b08df,grouped_risk_full_compact,798c57a3ac7a11de427c0a84f98e03963a324e88ac17f5f896df91646b94d404,extrasensory-p2-fold3-seed13-v2_seed13,0.95,0.950004629201,82088,0.4131389069946992,0.5566725091113293,0.7065008281162777,815631,mean_binary_certainty,0.245767003385702
V3-3,P2,3,13,natural_missingness,efb672880ee0ff1680cafed70e33ce265ddcc65e24e6b7c44c7798d6500b08df,grouped_risk_full_compact,798c57a3ac7a11de427c0a84f98e03963a324e88ac17f5f896df91646b94d404,extrasensory-p2-fold3-seed13-v2_seed13,1.0,1.0,86408,0.4228649436786789,0.5462291450377689,0.6957399211112716,856815,mean_binary_certainty,0.033572289972099
V3-3,P2,3,13,natural_missingness,efb672880ee0ff1680cafed70e33ce265ddcc65e24e6b7c44c7798d6500b08df,grouped_risk_full_compact,798c57a3ac7a11de427c0a84f98e03963a324e88ac17f5f896df91646b94d404,extrasensory-p2-fold3-seed13-v2_seed13,0.05,0.0500069438014998,4321,0.4302530168119553,0.5693352788682922,0.6258749362629212,46372,p2_system_reliability,0.9932311773300172
V3-3,P2,3,13,natural_missingness,efb672880ee0ff1680cafed70e33ce265ddcc65e24e6b7c44c7798d6500b08df,grouped_risk_full_compact,798c57a3ac7a11de427c0a84f98e03963a324e88ac17f5f896df91646b94d404,extrasensory-p2-fold3-seed13-v2_seed13,0.1,0.1000023146004999,8641,0.4277371428146371,0.5716122288043153,0.6432788220126213,91773,p2_system_reliability,0.9913259744644164
V3-3,P2,3,13,natural_missingness,efb672880ee0ff1680cafed70e33ce265ddcc65e24e6b7c44c7798d6500b08df,grouped_risk_full_compact,798c57a3ac7a11de427c0a84f98e03963a324e88ac17f5f896df91646b94d404,extrasensory-p2-fold3-seed13-v2_seed13,0.15,0.1500092584019998,12962,0.4296956207332991,0.5664547260021509,0.6492469498115513,136124,p2_system_reliability,0.9896785020828248
V3-3,P2,3,13,natural_missingness,efb672880ee0ff1680cafed70e33ce265ddcc65e24e6b7c44c7798d6500b08df,grouped_risk_full_compact,798c57a3ac7a11de427c0a84f98e03963a324e88ac17f5f896df91646b94d404,extrasensory-p2-fold3-seed13-v2_seed13,0.2,0.2000046292009999,17282,0.4304112062418299,0.5680871689183091,0.6543068453539453,179546,p2_system_reliability,0.98819100856781
V3-3,P2,3,13,natural_missingness,efb672880ee0ff1680cafed70e33ce265ddcc65e24e6b7c44c7798d6500b08df,grouped_risk_full_compact,798c57a3ac7a11de427c0a84f98e03963a324e88ac17f5f896df91646b94d404,extrasensory-p2-fold3-seed13-v2_seed13,0.25,0.25,21602,0.433319590712585,0.564748132740574,0.656440293576671,221336,p2_system_reliability,0.9867528080940248
V3-3,P2,3,13,natural_missingness,efb672880ee0ff1680cafed70e33ce265ddcc65e24e6b7c44c7798d6500b08df,grouped_risk_full_compact,798c57a3ac7a11de427c0a84f98e03963a324e88ac17f5f896df91646b94d404,extrasensory-p2-fold3-seed13-v2_seed13,0.3,0.3000069438014998,25923,0.4404443700050912,0.5610691882462052,0.6579338466478966,262347,p2_system_reliability,0.9853547215461732
V3-3,P2,3,13,natural_missingness,efb672880ee0ff1680cafed70e33ce265ddcc65e24e6b7c44c7798d6500b08df,grouped_risk_full_compact,798c57a3ac7a11de427c0a84f98e03963a324e88ac17f5f896df91646b94d404,extrasensory-p2-fold3-seed13-v2_seed13,0.35,0.3500023146004999,30243,0.4431431232134492,0.5605347852784063,0.6614618750080189,302995,p2_system_reliability,0.9839788675308228
V3-3,P2,3,13,natural_missingness,efb672880ee0ff1680cafed70e33ce265ddcc65e24e6b7c44c7798d6500b08df,grouped_risk_full_compact,798c57a3ac7a11de427c0a84f98e03963a324e88ac17f5f896df91646b94d404,extrasensory-p2-fold3-seed13-v2_seed13,0.4,0.4000092584019998,34564,0.4443267229069284,0.5575467420292373,0.6637637896012659,343984,p2_system_reliability,0.9825583696365356
V3-3,P2,3,13,natural_missingness,efb672880ee0ff1680cafed70e33ce265ddcc65e24e6b7c44c7798d6500b08df,grouped_risk_full_compact,798c57a3ac7a11de427c0a84f98e03963a324e88ac17f5f896df91646b94d404,extrasensory-p2-fold3-seed13-v2_seed13,0.45,0.4500046292009999,38884,0.4440104254737492,0.55596167130557,0.6658019715049687,384731,p2_system_reliability,0.9810806512832642
V3-3,P2,3,13,natural_missingness,efb672880ee0ff1680cafed70e33ce265ddcc65e24e6b7c44c7798d6500b08df,grouped_risk_full_compact,798c57a3ac7a11de427c0a84f98e03963a324e88ac17f5f896df91646b94d404,extrasensory-p2-fold3-seed13-v2_seed13,0.5,0.5,43204,0.4430095562994882,0.5533085602965361,0.6667414258672815,426133,p2_system_reliability,0.9794697165489196
V3-3,P2,3,13,natural_missingness,efb672880ee0ff1680cafed70e33ce265ddcc65e24e6b7c44c7798d6500b08df,grouped_risk_full_compact,798c57a3ac7a11de427c0a84f98e03963a324e88ac17f5f896df91646b94d404,extrasensory-p2-fold3-seed13-v2_seed13,0.55,0.5500069438014998,47525,0.4427249401614387,0.5504948854548674,0.6688226475499417,468513,p2_system_reliability,0.9777783155441284
V3-3,P2,3,13,natural_missingness,efb672880ee0ff1680cafed70e33ce265ddcc65e24e6b7c44c7798d6500b08df,grouped_risk_full_compact,798c57a3ac7a11de427c0a84f98e03963a324e88ac17f5f896df91646b94d404,extrasensory-p2-fold3-seed13-v2_seed13,0.6,0.6000023146004999,51845,0.4400049793631175,0.5491401925319687,0.6722139319219562,510012,p2_system_reliability,0.976021409034729
V3-3,P2,3,13,natural_missingness,efb672880ee0ff1680cafed70e33ce265ddcc65e24e6b7c44c7798d6500b08df,grouped_risk_full_compact,798c57a3ac7a11de427c0a84f98e03963a324e88ac17f5f896df91646b94d404,extrasensory-p2-fold3-seed13-v2_seed13,0.65,0.6500092584019999,56166,0.4362354976050454,0.5479259607520179,0.6756838342743844,551728,p2_system_reliability,0.974127471446991
V3-3,P2,3,13,natural_missingness,efb672880ee0ff1680cafed70e33ce265ddcc65e24e6b7c44c7798d6500b08df,grouped_risk_full_compact,798c57a3ac7a11de427c0a84f98e03963a324e88ac17f5f896df91646b94d404,extrasensory-p2-fold3-seed13-v2_seed13,0.7,0.7000046292009999,60486,0.4357918189901434,0.5472777850889562,0.6787370083554106,593042,p2_system_reliability,0.972070813179016
V3-3,P2,3,13,natural_missingness,efb672880ee0ff1680cafed70e33ce265ddcc65e24e6b7c44c7798d6500b08df,grouped_risk_full_compact,798c57a3ac7a11de427c0a84f98e03963a324e88ac17f5f896df91646b94d404,extrasensory-p2-fold3-seed13-v2_seed13,0.75,0.75,64806,0.4347256724825282,0.5460630191926121,0.6814291019832133,634386,p2_system_reliability,0.9696160554885864
V3-3,P2,3,13,natural_missingness,efb672880ee0ff1680cafed70e33ce265ddcc65e24e6b7c44c7798d6500b08df,grouped_risk_full_compact,798c57a3ac7a11de427c0a84f98e03963a324e88ac17f5f896df91646b94d404,extrasensory-p2-fold3-seed13-v2_seed13,0.8,0.8000069438014998,69127,0.4325674499144233,0.5455017040152208,0.6841649278907093,676035,p2_system_reliability,0.9665448069572448
V3-3,P2,3,13,natural_missingness,efb672880ee0ff1680cafed70e33ce265ddcc65e24e6b7c44c7798d6500b08df,grouped_risk_full_compact,798c57a3ac7a11de427c0a84f98e03963a324e88ac17f5f896df91646b94d404,extrasensory-p2-fold3-seed13-v2_seed13,0.85,0.8500023146004999,73447,0.429942017236462,0.5457081079069652,0.687290249285052,720272,p2_system_reliability,0.9624250531196594
V3-3,P2,3,13,natural_missingness,efb672880ee0ff1680cafed70e33ce265ddcc65e24e6b7c44c7798d6500b08df,grouped_risk_full_compact,798c57a3ac7a11de427c0a84f98e03963a324e88ac17f5f896df91646b94d404,extrasensory-p2-fold3-seed13-v2_seed13,0.9,0.9000092584019999,77768,0.4262380784092025,0.5451795058401987,0.6908515880701669,766762,p2_system_reliability,0.9564945697784424
V3-3,P2,3,13,natural_missingness,efb672880ee0ff1680cafed70e33ce265ddcc65e24e6b7c44c7798d6500b08df,grouped_risk_full_compact,798c57a3ac7a11de427c0a84f98e03963a324e88ac17f5f896df91646b94d404,extrasensory-p2-fold3-seed13-v2_seed13,0.95,0.950004629201,82088,0.4235505351083088,0.5451167263063698,0.6936293262262987,812999,p2_system_reliability,0.9461342692375184
V3-3,P2,3,13,natural_missingness,efb672880ee0ff1680cafed70e33ce265ddcc65e24e6b7c44c7798d6500b08df,grouped_risk_full_compact,798c57a3ac7a11de427c0a84f98e03963a324e88ac17f5f896df91646b94d404,extrasensory-p2-fold3-seed13-v2_seed13,1.0,1.0,86408,0.4228649436786789,0.5462291450377689,0.6957399211112716,856815,p2_system_reliability,0.8326734304428101
V3-3,P2,3,13,natural_missingness,efb672880ee0ff1680cafed70e33ce265ddcc65e24e6b7c44c7798d6500b08df,grouped_risk_full_compact,798c57a3ac7a11de427c0a84f98e03963a324e88ac17f5f896df91646b94d404,extrasensory-p2-fold3-seed13-v2_seed13,0.05,0.0500069438014998,4321,0.2117545636724416,0.4687662610541763,0.924473157975696,44772,grouped_risk_output_compact,0.4481174138247042
V3-3,P2,3,13,natural_missingness,efb672880ee0ff1680cafed70e33ce265ddcc65e24e6b7c44c7798d6500b08df,grouped_risk_full_compact,798c57a3ac7a11de427c0a84f98e03963a324e88ac17f5f896df91646b94d404,extrasensory-p2-fold3-seed13-v2_seed13,0.1,0.1000023146004999,8641,0.221307183375127,0.5908994979198644,0.9243045799381848,93032,grouped_risk_output_compact,0.4308222884718198
V3-3,P2,3,13,natural_missingness,efb672880ee0ff1680cafed70e33ce265ddcc65e24e6b7c44c7798d6500b08df,grouped_risk_full_compact,798c57a3ac7a11de427c0a84f98e03963a324e88ac17f5f896df91646b94d404,extrasensory-p2-fold3-seed13-v2_seed13,0.15,0.1500092584019998,12962,0.2465877742246924,0.6768364036072196,0.9141723168513312,138828,grouped_risk_output_compact,0.4213100210086311
V3-3,P2,3,13,natural_missingness,efb672880ee0ff1680cafed70e33ce265ddcc65e24e6b7c44c7798d6500b08df,grouped_risk_full_compact,798c57a3ac7a11de427c0a84f98e03963a324e88ac17f5f896df91646b94d404,extrasensory-p2-fold3-seed13-v2_seed13,0.2,0.2000046292009999,17282,0.2714983642896411,0.6911680430140454,0.9037271351946088,181885,grouped_risk_output_compact,0.4140781913528281
V3-3,P2,3,13,natural_missingness,efb672880ee0ff1680cafed70e33ce265ddcc65e24e6b7c44c7798d6500b08df,grouped_risk_full_compact,798c57a3ac7a11de427c0a84f98e03963a324e88ac17f5f896df91646b94d404,extrasensory-p2-fold3-seed13-v2_seed13,0.25,0.25,21602,0.280103040238682,0.6957363825961059,0.8922840131232532,224191,grouped_risk_output_compact,0.4076942177488504
V3-3,P2,3,13,natural_missingness,efb672880ee0ff1680cafed70e33ce265ddcc65e24e6b7c44c7798d6500b08df,grouped_risk_full_compact,798c57a3ac7a11de427c0a84f98e03963a324e88ac17f5f896df91646b94d404,extrasensory-p2-fold3-seed13-v2_seed13,0.3,0.3000069438014998,25923,0.2834675907959041,0.6907493618072855,0.8799229790599319,268091,grouped_risk_output_compact,0.4019713121301506
V3-3,P2,3,13,natural_missingness,efb672880ee0ff1680cafed70e33ce265ddcc65e24e6b7c44c7798d6500b08df,grouped_risk_full_compact,798c57a3ac7a11de427c0a84f98e03963a324e88ac17f5f896df91646b94d404,extrasensory-p2-fold3-seed13-v2_seed13,0.35,0.3500023146004999,30243,0.288742020718264,0.6845845603528056,0.8652179900959863,311864,grouped_risk_output_compact,0.3972076042861031
V3-3,P2,3,13,natural_missingness,efb672880ee0ff1680cafed70e33ce265ddcc65e24e6b7c44c7798d6500b08df,grouped_risk_full_compact,798c57a3ac7a11de427c0a84f98e03963a324e88ac17f5f896df91646b94d404,extrasensory-p2-fold3-seed13-v2_seed13,0.4,0.4000092584019998,34564,0.2984314324332593,0.669880284352379,0.8501602521513121,354744,grouped_risk_output_compact,0.3929590049090444
V3-3,P2,3,13,natural_missingness,efb672880ee0ff1680cafed70e33ce265ddcc65e24e6b7c44c7798d6500b08df,grouped_risk_full_compact,798c57a3ac7a11de427c0a84f98e03963a324e88ac17f5f896df91646b94d404,extrasensory-p2-fold3-seed13-v2_seed13,0.45,0.4500046292009999,38884,0.3082946865463397,0.653788745690225,0.8342150077037193,398242,grouped_risk_output_compact,0.389376274859193
V3-3,P2,3,13,natural_missingness,efb672880ee0ff1680cafed70e33ce265ddcc65e24e6b7c44c7798d6500b08df,grouped_risk_full_compact,798c57a3ac7a11de427c0a84f98e03963a324e88ac17f5f896df91646b94d404,extrasensory-p2-fold3-seed13-v2_seed13,0.5,0.5,43204,0.3210071464566329,0.6407930238677934,0.8194378853327672,440578,grouped_risk_output_compact,0.3859862767262796
V3-3,P2,3,13,natural_missingness,efb672880ee0ff1680cafed70e33ce265ddcc65e24e6b7c44c7798d6500b08df,grouped_risk_full_compact,798c57a3ac7a11de427c0a84f98e03963a324e88ac17f5f896df91646b94d404,extrasensory-p2-fold3-seed13-v2_seed13,0.55,0.5500069438014998,47525,0.3339421028519668,0.630538972407097,0.8051276552652584,482198,grouped_risk_output_compact,0.3829616998591391
V3-3,P2,3,13,natural_missingness,efb672880ee0ff1680cafed70e33ce265ddcc65e24e6b7c44c7798d6500b08df,grouped_risk_full_compact,798c57a3ac7a11de427c0a84f98e03963a324e88ac17f5f896df91646b94d404,extrasensory-p2-fold3-seed13-v2_seed13,0.6,0.6000023146004999,51845,0.3459288644996572,0.6177007384081533,0.7907693885324192,523971,grouped_risk_output_compact,0.3799925621001558
V3-3,P2,3,13,natural_missingness,efb672880ee0ff1680cafed70e33ce265ddcc65e24e6b7c44c7798d6500b08df,grouped_risk_full_compact,798c57a3ac7a11de427c0a84f98e03963a324e88ac17f5f896df91646b94d404,extrasensory-p2-fold3-seed13-v2_seed13,0.65,0.6500092584019999,56166,0.3571406721639874,0.6057570240695263,0.7776510677581829,565728,grouped_risk_output_compact,0.3771820454608049
V3-3,P2,3,13,natural_missingness,efb672880ee0ff1680cafed70e33ce265ddcc65e24e6b7c44c7798d6500b08df,grouped_risk_full_compact,798c57a3ac7a11de427c0a84f98e03963a324e88ac17f5f896df91646b94d404,extrasensory-p2-fold3-seed13-v2_seed13,0.7,0.7000046292009999,60486,0.3671656639645452,0.5953230891305857,0.765319731244983,607623,grouped_risk_output_compact,0.3744690271059817
V3-3,P2,3,13,natural_missingness,efb672880ee0ff1680cafed70e33ce265ddcc65e24e6b7c44c7798d6500b08df,grouped_risk_full_compact,798c57a3ac7a11de427c0a84f98e03963a324e88ac17f5f896df91646b94d404,extrasensory-p2-fold3-seed13-v2_seed13,0.75,0.75,64806,0.376885532481176,0.5872628707859676,0.7532593378219086,649496,grouped_risk_output_compact,0.3716292847933969
V3-3,P2,3,13,natural_missingness,efb672880ee0ff1680cafed70e33ce265ddcc65e24e6b7c44c7798d6500b08df,grouped_risk_full_compact,798c57a3ac7a11de427c0a84f98e03963a324e88ac17f5f896df91646b94d404,extrasensory-p2-fold3-seed13-v2_seed13,0.8,0.8000069438014998,69127,0.3860571952224925,0.5790928459189791,0.741547065132146,691340,grouped_risk_output_compact,0.3686044847087004
V3-3,P2,3,13,natural_missingness,efb672880ee0ff1680cafed70e33ce265ddcc65e24e6b7c44c7798d6500b08df,grouped_risk_full_compact,798c57a3ac7a11de427c0a84f98e03963a324e88ac17f5f896df91646b94d404,extrasensory-p2-fold3-seed13-v2_seed13,0.85,0.8500023146004999,73447,0.3948195042632731,0.5702984003784166,0.7302371180792757,732566,grouped_risk_output_compact,0.3653552787196227
V3-3,P2,3,13,natural_missingness,efb672880ee0ff1680cafed70e33ce265ddcc65e24e6b7c44c7798d6500b08df,grouped_risk_full_compact,798c57a3ac7a11de427c0a84f98e03963a324e88ac17f5f896df91646b94d404,extrasensory-p2-fold3-seed13-v2_seed13,0.9,0.9000092584019999,77768,0.4039987307239126,0.561964614534266,0.719011983778985,773631,grouped_risk_output_compact,0.3617078809561135
V3-3,P2,3,13,natural_missingness,efb672880ee0ff1680cafed70e33ce265ddcc65e24e6b7c44c7798d6500b08df,grouped_risk_full_compact,798c57a3ac7a11de427c0a84f98e03963a324e88ac17f5f896df91646b94d404,extrasensory-p2-fold3-seed13-v2_seed13,0.95,0.950004629201,82088,0.4130454652567815,0.5544877452204992,0.7078934721387063,814894,grouped_risk_output_compact,0.3570493960929917
V3-3,P2,3,13,natural_missingness,efb672880ee0ff1680cafed70e33ce265ddcc65e24e6b7c44c7798d6500b08df,grouped_risk_full_compact,798c57a3ac7a11de427c0a84f98e03963a324e88ac17f5f896df91646b94d404,extrasensory-p2-fold3-seed13-v2_seed13,1.0,1.0,86408,0.4228649436786789,0.5462291450377689,0.6957399211112716,856815,grouped_risk_output_compact,0.3334222598676334
V3-3,P2,3,13,natural_missingness,efb672880ee0ff1680cafed70e33ce265ddcc65e24e6b7c44c7798d6500b08df,grouped_risk_full_compact,798c57a3ac7a11de427c0a84f98e03963a324e88ac17f5f896df91646b94d404,extrasensory-p2-fold3-seed13-v2_seed13,0.05,0.0500069438014998,4321,0.2071288168311195,0.6533164544600902,0.9243402635213318,46423,grouped_risk_full_compact,0.4510186584445695
V3-3,P2,3,13,natural_missingness,efb672880ee0ff1680cafed70e33ce265ddcc65e24e6b7c44c7798d6500b08df,grouped_risk_full_compact,798c57a3ac7a11de427c0a84f98e03963a324e88ac17f5f896df91646b94d404,extrasensory-p2-fold3-seed13-v2_seed13,0.1,0.1000023146004999,8641,0.2148551957137872,0.6615279028525964,0.9209420610349404,95125,grouped_risk_full_compact,0.4347425069579531
V3-3,P2,3,13,natural_missingness,efb672880ee0ff1680cafed70e33ce265ddcc65e24e6b7c44c7798d6500b08df,grouped_risk_full_compact,798c57a3ac7a11de427c0a84f98e03963a324e88ac17f5f896df91646b94d404,extrasensory-p2-fold3-seed13-v2_seed13,0.15,0.1500092584019998,12962,0.2317575190525452,0.7004981359795092,0.9118896098235302,142921,grouped_risk_full_compact,0.4238022296429826
V3-3,P2,3,13,natural_missingness,efb672880ee0ff1680cafed70e33ce265ddcc65e24e6b7c44c7798d6500b08df,grouped_risk_full_compact,798c57a3ac7a11de427c0a84f98e03963a324e88ac17f5f896df91646b94d404,extrasensory-p2-fold3-seed13-v2_seed13,0.2,0.2000046292009999,17282,0.2575055675155279,0.6889595324376399,0.9007105856072715,186872,grouped_risk_full_compact,0.4156358722760425
V3-3,P2,3,13,natural_missingness,efb672880ee0ff1680cafed70e33ce265ddcc65e24e6b7c44c7798d6500b08df,grouped_risk_full_compact,798c57a3ac7a11de427c0a84f98e03963a324e88ac17f5f896df91646b94d404,extrasensory-p2-fold3-seed13-v2_seed13,0.25,0.25,21602,0.2754161298024276,0.691576271057262,0.8892525826693705,227916,grouped_risk_full_compact,0.4092194339418724
V3-3,P2,3,13,natural_missingness,efb672880ee0ff1680cafed70e33ce265ddcc65e24e6b7c44c7798d6500b08df,grouped_risk_full_compact,798c57a3ac7a11de427c0a84f98e03963a324e88ac17f5f896df91646b94d404,extrasensory-p2-fold3-seed13-v2_seed13,0.3,0.3000069438014998,25923,0.288363879157352,0.6853281637734994,0.8766163903869744,268620,grouped_risk_full_compact,0.4036401947989274
V3-3,P2,3,13,natural_missingness,efb672880ee0ff1680cafed70e33ce265ddcc65e24e6b7c44c7798d6500b08df,grouped_risk_full_compact,798c57a3ac7a11de427c0a84f98e03963a324e88ac17f5f896df91646b94d404,extrasensory-p2-fold3-seed13-v2_seed13,0.35,0.3500023146004999,30243,0.2966675185853832,0.6710808042246751,0.8619076356813795,312010,grouped_risk_full_compact,0.3988030297891243
V3-3,P2,3,13,natural_missingness,efb672880ee0ff1680cafed70e33ce265ddcc65e24e6b7c44c7798d6500b08df,grouped_risk_full_compact,798c57a3ac7a11de427c0a84f98e03963a324e88ac17f5f896df91646b94d404,extrasensory-p2-fold3-seed13-v2_seed13,0.4,0.4000092584019998,34564,0.3029652776631342,0.6581771811328614,0.8481556985411225,354646,grouped_risk_full_compact,0.3943126129637033
V3-3,P2,3,13,natural_missingness,efb672880ee0ff1680cafed70e33ce265ddcc65e24e6b7c44c7798d6500b08df,grouped_risk_full_compact,798c57a3ac7a11de427c0a84f98e03963a324e88ac17f5f896df91646b94d404,extrasensory-p2-fold3-seed13-v2_seed13,0.45,0.4500046292009999,38884,0.311747486711999,0.6458190573013131,0.8331303055925783,397450,grouped_risk_full_compact,0.3904300040329266
V3-3,P2,3,13,natural_missingness,efb672880ee0ff1680cafed70e33ce265ddcc65e24e6b7c44c7798d6500b08df,grouped_risk_full_compact,798c57a3ac7a11de427c0a84f98e03963a324e88ac17f5f896df91646b94d404,extrasensory-p2-fold3-seed13-v2_seed13,0.5,0.5,43204,0.3222966293724651,0.6332111450647779,0.8182499815801222,440214,grouped_risk_full_compact,0.386904846924701
V3-3,P2,3,13,natural_missingness,efb672880ee0ff1680cafed70e33ce265ddcc65e24e6b7c44c7798d6500b08df,grouped_risk_full_compact,798c57a3ac7a11de427c0a84f98e03963a324e88ac17f5f896df91646b94d404,extrasensory-p2-fold3-seed13-v2_seed13,0.55,0.5500069438014998,47525,0.3325582583526318,0.6203367957122701,0.8037188032186225,482658,grouped_risk_full_compact,0.3835194218451745
V3-3,P2,3,13,natural_missingness,efb672880ee0ff1680cafed70e33ce265ddcc65e24e6b7c44c7798d6500b08df,grouped_risk_full_compact,798c57a3ac7a11de427c0a84f98e03963a324e88ac17f5f896df91646b94d404,extrasensory-p2-fold3-seed13-v2_seed13,0.6,0.6000023146004999,51845,0.3431144911382848,0.6099393794225764,0.7895514203195262,525486,grouped_risk_full_compact,0.3803506085711728
V3-3,P2,3,13,natural_missingness,efb672880ee0ff1680cafed70e33ce265ddcc65e24e6b7c44c7798d6500b08df,grouped_risk_full_compact,798c57a3ac7a11de427c0a84f98e03963a324e88ac17f5f896df91646b94d404,extrasensory-p2-fold3-seed13-v2_seed13,0.65,0.6500092584019999,56166,0.354191971051613,0.6005497501437801,0.7762426917907694,567568,grouped_risk_full_compact,0.3772608252671623
V3-3,P2,3,13,natural_missingness,efb672880ee0ff1680cafed70e33ce265ddcc65e24e6b7c44c7798d6500b08df,grouped_risk_full_compact,798c57a3ac7a11de427c0a84f98e03963a324e88ac17f5f896df91646b94d404,extrasensory-p2-fold3-seed13-v2_seed13,0.7,0.7000046292009999,60486,0.3651167353338526,0.5917510912310824,0.7639019807504973,609437,grouped_risk_full_compact,0.3742462891477142
V3-3,P2,3,13,natural_missingness,efb672880ee0ff1680cafed70e33ce265ddcc65e24e6b7c44c7798d6500b08df,grouped_risk_full_compact,798c57a3ac7a11de427c0a84f98e03963a324e88ac17f5f896df91646b94d404,extrasensory-p2-fold3-seed13-v2_seed13,0.75,0.75,64806,0.3759611290208601,0.5829409798741387,0.7511971586257267,651740,grouped_risk_full_compact,0.3712938155764178
V3-3,P2,3,13,natural_missingness,efb672880ee0ff1680cafed70e33ce265ddcc65e24e6b7c44c7798d6500b08df,grouped_risk_full_compact,798c57a3ac7a11de427c0a84f98e03963a324e88ac17f5f896df91646b94d404,extrasensory-p2-fold3-seed13-v2_seed13,0.8,0.8000069438014998,69127,0.3857699553682657,0.5758060410155827,0.7397245157784098,694235,grouped_risk_full_compact,0.3681060401471772
V3-3,P2,3,13,natural_missingness,efb672880ee0ff1680cafed70e33ce265ddcc65e24e6b7c44c7798d6500b08df,grouped_risk_full_compact,798c57a3ac7a11de427c0a84f98e03963a324e88ac17f5f896df91646b94d404,extrasensory-p2-fold3-seed13-v2_seed13,0.85,0.8500023146004999,73447,0.3954176686876942,0.5685545590583202,0.7286357444048005,735657,grouped_risk_full_compact,0.364667033024093
V3-3,P2,3,13,natural_missingness,efb672880ee0ff1680cafed70e33ce265ddcc65e24e6b7c44c7798d6500b08df,grouped_risk_full_compact,798c57a3ac7a11de427c0a84f98e03963a324e88ac17f5f896df91646b94d404,extrasensory-p2-fold3-seed13-v2_seed13,0.9,0.9000092584019999,77768,0.4042779483122021,0.5618092022343641,0.7180380916480843,776528,grouped_risk_full_compact,0.3606940077562506
V3-3,P2,3,13,natural_missingness,efb672880ee0ff1680cafed70e33ce265ddcc65e24e6b7c44c7798d6500b08df,grouped_risk_full_compact,798c57a3ac7a11de427c0a84f98e03963a324e88ac17f5f896df91646b94d404,extrasensory-p2-fold3-seed13-v2_seed13,0.95,0.950004629201,82088,0.4135558110861871,0.554263232057552,0.7073035878288187,817124,grouped_risk_full_compact,0.3553335936094194
V3-3,P2,3,13,natural_missingness,efb672880ee0ff1680cafed70e33ce265ddcc65e24e6b7c44c7798d6500b08df,grouped_risk_full_compact,798c57a3ac7a11de427c0a84f98e03963a324e88ac17f5f896df91646b94d404,extrasensory-p2-fold3-seed13-v2_seed13,1.0,1.0,86408,0.4228649436786789,0.5462291450377689,0.6957399211112716,856815,grouped_risk_full_compact,0.3067785993726001
V3-3,P2,3,13,natural_missingness,efb672880ee0ff1680cafed70e33ce265ddcc65e24e6b7c44c7798d6500b08df,grouped_risk_full_compact,798c57a3ac7a11de427c0a84f98e03963a324e88ac17f5f896df91646b94d404,extrasensory-p2-fold3-seed13-v2_seed13,0.05,0.0500069438014998,4321,0.2071288168311195,0.6533164544600902,0.9243402635213318,46423,grouped_risk_selected,0.4510186584445695
V3-3,P2,3,13,natural_missingness,efb672880ee0ff1680cafed70e33ce265ddcc65e24e6b7c44c7798d6500b08df,grouped_risk_full_compact,798c57a3ac7a11de427c0a84f98e03963a324e88ac17f5f896df91646b94d404,extrasensory-p2-fold3-seed13-v2_seed13,0.1,0.1000023146004999,8641,0.2148551957137872,0.6615279028525964,0.9209420610349404,95125,grouped_risk_selected,0.4347425069579531
V3-3,P2,3,13,natural_missingness,efb672880ee0ff1680cafed70e33ce265ddcc65e24e6b7c44c7798d6500b08df,grouped_risk_full_compact,798c57a3ac7a11de427c0a84f98e03963a324e88ac17f5f896df91646b94d404,extrasensory-p2-fold3-seed13-v2_seed13,0.15,0.1500092584019998,12962,0.2317575190525452,0.7004981359795092,0.9118896098235302,142921,grouped_risk_selected,0.4238022296429826
V3-3,P2,3,13,natural_missingness,efb672880ee0ff1680cafed70e33ce265ddcc65e24e6b7c44c7798d6500b08df,grouped_risk_full_compact,798c57a3ac7a11de427c0a84f98e03963a324e88ac17f5f896df91646b94d404,extrasensory-p2-fold3-seed13-v2_seed13,0.2,0.2000046292009999,17282,0.2575055675155279,0.6889595324376399,0.9007105856072715,186872,grouped_risk_selected,0.4156358722760425
V3-3,P2,3,13,natural_missingness,efb672880ee0ff1680cafed70e33ce265ddcc65e24e6b7c44c7798d6500b08df,grouped_risk_full_compact,798c57a3ac7a11de427c0a84f98e03963a324e88ac17f5f896df91646b94d404,extrasensory-p2-fold3-seed13-v2_seed13,0.25,0.25,21602,0.2754161298024276,0.691576271057262,0.8892525826693705,227916,grouped_risk_selected,0.4092194339418724
V3-3,P2,3,13,natural_missingness,efb672880ee0ff1680cafed70e33ce265ddcc65e24e6b7c44c7798d6500b08df,grouped_risk_full_compact,798c57a3ac7a11de427c0a84f98e03963a324e88ac17f5f896df91646b94d404,extrasensory-p2-fold3-seed13-v2_seed13,0.3,0.3000069438014998,25923,0.288363879157352,0.6853281637734994,0.8766163903869744,268620,grouped_risk_selected,0.4036401947989274
V3-3,P2,3,13,natural_missingness,efb672880ee0ff1680cafed70e33ce265ddcc65e24e6b7c44c7798d6500b08df,grouped_risk_full_compact,798c57a3ac7a11de427c0a84f98e03963a324e88ac17f5f896df91646b94d404,extrasensory-p2-fold3-seed13-v2_seed13,0.35,0.3500023146004999,30243,0.2966675185853832,0.6710808042246751,0.8619076356813795,312010,grouped_risk_selected,0.3988030297891243
V3-3,P2,3,13,natural_missingness,efb672880ee0ff1680cafed70e33ce265ddcc65e24e6b7c44c7798d6500b08df,grouped_risk_full_compact,798c57a3ac7a11de427c0a84f98e03963a324e88ac17f5f896df91646b94d404,extrasensory-p2-fold3-seed13-v2_seed13,0.4,0.4000092584019998,34564,0.3029652776631342,0.6581771811328614,0.8481556985411225,354646,grouped_risk_selected,0.3943126129637033
V3-3,P2,3,13,natural_missingness,efb672880ee0ff1680cafed70e33ce265ddcc65e24e6b7c44c7798d6500b08df,grouped_risk_full_compact,798c57a3ac7a11de427c0a84f98e03963a324e88ac17f5f896df91646b94d404,extrasensory-p2-fold3-seed13-v2_seed13,0.45,0.4500046292009999,38884,0.311747486711999,0.6458190573013131,0.8331303055925783,397450,grouped_risk_selected,0.3904300040329266
V3-3,P2,3,13,natural_missingness,efb672880ee0ff1680cafed70e33ce265ddcc65e24e6b7c44c7798d6500b08df,grouped_risk_full_compact,798c57a3ac7a11de427c0a84f98e03963a324e88ac17f5f896df91646b94d404,extrasensory-p2-fold3-seed13-v2_seed13,0.5,0.5,43204,0.3222966293724651,0.6332111450647779,0.8182499815801222,440214,grouped_risk_selected,0.386904846924701
V3-3,P2,3,13,natural_missingness,efb672880ee0ff1680cafed70e33ce265ddcc65e24e6b7c44c7798d6500b08df,grouped_risk_full_compact,798c57a3ac7a11de427c0a84f98e03963a324e88ac17f5f896df91646b94d404,extrasensory-p2-fold3-seed13-v2_seed13,0.55,0.5500069438014998,47525,0.3325582583526318,0.6203367957122701,0.8037188032186225,482658,grouped_risk_selected,0.3835194218451745
V3-3,P2,3,13,natural_missingness,efb672880ee0ff1680cafed70e33ce265ddcc65e24e6b7c44c7798d6500b08df,grouped_risk_full_compact,798c57a3ac7a11de427c0a84f98e03963a324e88ac17f5f896df91646b94d404,extrasensory-p2-fold3-seed13-v2_seed13,0.6,0.6000023146004999,51845,0.3431144911382848,0.6099393794225764,0.7895514203195262,525486,grouped_risk_selected,0.3803506085711728
V3-3,P2,3,13,natural_missingness,efb672880ee0ff1680cafed70e33ce265ddcc65e24e6b7c44c7798d6500b08df,grouped_risk_full_compact,798c57a3ac7a11de427c0a84f98e03963a324e88ac17f5f896df91646b94d404,extrasensory-p2-fold3-seed13-v2_seed13,0.65,0.6500092584019999,56166,0.354191971051613,0.6005497501437801,0.7762426917907694,567568,grouped_risk_selected,0.3772608252671623
V3-3,P2,3,13,natural_missingness,efb672880ee0ff1680cafed70e33ce265ddcc65e24e6b7c44c7798d6500b08df,grouped_risk_full_compact,798c57a3ac7a11de427c0a84f98e03963a324e88ac17f5f896df91646b94d404,extrasensory-p2-fold3-seed13-v2_seed13,0.7,0.7000046292009999,60486,0.3651167353338526,0.5917510912310824,0.7639019807504973,609437,grouped_risk_selected,0.3742462891477142
V3-3,P2,3,13,natural_missingness,efb672880ee0ff1680cafed70e33ce265ddcc65e24e6b7c44c7798d6500b08df,grouped_risk_full_compact,798c57a3ac7a11de427c0a84f98e03963a324e88ac17f5f896df91646b94d404,extrasensory-p2-fold3-seed13-v2_seed13,0.75,0.75,64806,0.3759611290208601,0.5829409798741387,0.7511971586257267,651740,grouped_risk_selected,0.3712938155764178
V3-3,P2,3,13,natural_missingness,efb672880ee0ff1680cafed70e33ce265ddcc65e24e6b7c44c7798d6500b08df,grouped_risk_full_compact,798c57a3ac7a11de427c0a84f98e03963a324e88ac17f5f896df91646b94d404,extrasensory-p2-fold3-seed13-v2_seed13,0.8,0.8000069438014998,69127,0.3857699553682657,0.5758060410155827,0.7397245157784098,694235,grouped_risk_selected,0.3681060401471772
V3-3,P2,3,13,natural_missingness,efb672880ee0ff1680cafed70e33ce265ddcc65e24e6b7c44c7798d6500b08df,grouped_risk_full_compact,798c57a3ac7a11de427c0a84f98e03963a324e88ac17f5f896df91646b94d404,extrasensory-p2-fold3-seed13-v2_seed13,0.85,0.8500023146004999,73447,0.3954176686876942,0.5685545590583202,0.7286357444048005,735657,grouped_risk_selected,0.364667033024093
V3-3,P2,3,13,natural_missingness,efb672880ee0ff1680cafed70e33ce265ddcc65e24e6b7c44c7798d6500b08df,grouped_risk_full_compact,798c57a3ac7a11de427c0a84f98e03963a324e88ac17f5f896df91646b94d404,extrasensory-p2-fold3-seed13-v2_seed13,0.9,0.9000092584019999,77768,0.4042779483122021,0.5618092022343641,0.7180380916480843,776528,grouped_risk_selected,0.3606940077562506
V3-3,P2,3,13,natural_missingness,efb672880ee0ff1680cafed70e33ce265ddcc65e24e6b7c44c7798d6500b08df,grouped_risk_full_compact,798c57a3ac7a11de427c0a84f98e03963a324e88ac17f5f896df91646b94d404,extrasensory-p2-fold3-seed13-v2_seed13,0.95,0.950004629201,82088,0.4135558110861871,0.554263232057552,0.7073035878288187,817124,grouped_risk_selected,0.3553335936094194
V3-3,P2,3,13,natural_missingness,efb672880ee0ff1680cafed70e33ce265ddcc65e24e6b7c44c7798d6500b08df,grouped_risk_full_compact,798c57a3ac7a11de427c0a84f98e03963a324e88ac17f5f896df91646b94d404,extrasensory-p2-fold3-seed13-v2_seed13,1.0,1.0,86408,0.4228649436786789,0.5462291450377689,0.6957399211112716,856815,grouped_risk_selected,0.3067785993726001
V3-3,P2,3,29,natural_missingness,efb672880ee0ff1680cafed70e33ce265ddcc65e24e6b7c44c7798d6500b08df,grouped_risk_full_compact,10d9503e683f16ee3cc2a2ddfc4f697fdc3e0f9813fdab4aa08f1b14b187abdf,extrasensory-p2-fold3-seed29-v2_multiseed,0.05,0.0500069438014998,4321,0.2186205197320467,0.629442348823509,0.9538038659336762,38148,mean_binary_certainty,0.9240243631882552
V3-3,P2,3,29,natural_missingness,efb672880ee0ff1680cafed70e33ce265ddcc65e24e6b7c44c7798d6500b08df,grouped_risk_full_compact,10d9503e683f16ee3cc2a2ddfc4f697fdc3e0f9813fdab4aa08f1b14b187abdf,extrasensory-p2-fold3-seed29-v2_multiseed,0.1,0.1000023146004999,8641,0.2216285705437946,0.6160253841311925,0.9408144338588652,82978,mean_binary_certainty,0.865931273038889
V3-3,P2,3,29,natural_missingness,efb672880ee0ff1680cafed70e33ce265ddcc65e24e6b7c44c7798d6500b08df,grouped_risk_full_compact,10d9503e683f16ee3cc2a2ddfc4f697fdc3e0f9813fdab4aa08f1b14b187abdf,extrasensory-p2-fold3-seed29-v2_multiseed,0.15,0.1500092584019998,12962,0.2213102274735758,0.6386187938486049,0.93010855595964,130059,mean_binary_certainty,0.8136979616246318
V3-3,P2,3,29,natural_missingness,efb672880ee0ff1680cafed70e33ce265ddcc65e24e6b7c44c7798d6500b08df,grouped_risk_full_compact,10d9503e683f16ee3cc2a2ddfc4f697fdc3e0f9813fdab4aa08f1b14b187abdf,extrasensory-p2-fold3-seed29-v2_multiseed,0.2,0.2000046292009999,17282,0.2274346173409863,0.6502337859717087,0.9172462535978776,176465,mean_binary_certainty,0.7598928040340386
V3-3,P2,3,29,natural_missingness,efb672880ee0ff1680cafed70e33ce265ddcc65e24e6b7c44c7798d6500b08df,grouped_risk_full_compact,10d9503e683f16ee3cc2a2ddfc4f697fdc3e0f9813fdab4aa08f1b14b187abdf,extrasensory-p2-fold3-seed29-v2_multiseed,0.25,0.25,21602,0.2550813671795624,0.6637285810848703,0.8990410605720369,220388,mean_binary_certainty,0.712114619443305
V3-3,P2,3,29,natural_missingness,efb672880ee0ff1680cafed70e33ce265ddcc65e24e6b7c44c7798d6500b08df,grouped_risk_full_compact,10d9503e683f16ee3cc2a2ddfc4f697fdc3e0f9813fdab4aa08f1b14b187abdf,extrasensory-p2-fold3-seed29-v2_multiseed,0.3,0.3000069438014998,25923,0.2767854079319475,0.6730953520266191,0.8768672402679297,263743,mean_binary_certainty,0.6751068054655793
V3-3,P2,3,29,natural_missingness,efb672880ee0ff1680cafed70e33ce265ddcc65e24e6b7c44c7798d6500b08df,grouped_risk_full_compact,10d9503e683f16ee3cc2a2ddfc4f697fdc3e0f9813fdab4aa08f1b14b187abdf,extrasensory-p2-fold3-seed29-v2_multiseed,0.35,0.3500023146004999,30243,0.296252525070718,0.663959424743094,0.8543672815144928,306952,mean_binary_certainty,0.6428586337681419
V3-3,P2,3,29,natural_missingness,efb672880ee0ff1680cafed70e33ce265ddcc65e24e6b7c44c7798d6500b08df,grouped_risk_full_compact,10d9503e683f16ee3cc2a2ddfc4f697fdc3e0f9813fdab4aa08f1b14b187abdf,extrasensory-p2-fold3-seed29-v2_multiseed,0.4,0.4000092584019998,34564,0.312715498958202,0.6517727389211877,0.83372352764294,349076,mean_binary_certainty,0.6139512394113205
V3-3,P2,3,29,natural_missingness,efb672880ee0ff1680cafed70e33ce265ddcc65e24e6b7c44c7798d6500b08df,grouped_risk_full_compact,10d9503e683f16ee3cc2a2ddfc4f697fdc3e0f9813fdab4aa08f1b14b187abdf,extrasensory-p2-fold3-seed29-v2_multiseed,0.45,0.4500046292009999,38884,0.3245578863729549,0.6399622860574835,0.8152971855222377,390324,mean_binary_certainty,0.5855846153219386
V3-3,P2,3,29,natural_missingness,efb672880ee0ff1680cafed70e33ce265ddcc65e24e6b7c44c7798d6500b08df,grouped_risk_full_compact,10d9503e683f16ee3cc2a2ddfc4f697fdc3e0f9813fdab4aa08f1b14b187abdf,extrasensory-p2-fold3-seed29-v2_multiseed,0.5,0.5,43204,0.3361762537122543,0.6296671688139693,0.7978666759774098,432070,mean_binary_certainty,0.5585511852987148
V3-3,P2,3,29,natural_missingness,efb672880ee0ff1680cafed70e33ce265ddcc65e24e6b7c44c7798d6500b08df,grouped_risk_full_compact,10d9503e683f16ee3cc2a2ddfc4f697fdc3e0f9813fdab4aa08f1b14b187abdf,extrasensory-p2-fold3-seed29-v2_multiseed,0.55,0.5500069438014998,47525,0.3456274069166036,0.6161482559294331,0.7817044173699702,474306,mean_binary_certainty,0.5324941560997829
V3-3,P2,3,29,natural_missingness,efb672880ee0ff1680cafed70e33ce265ddcc65e24e6b7c44c7798d6500b08df,grouped_risk_full_compact,10d9503e683f16ee3cc2a2ddfc4f697fdc3e0f9813fdab4aa08f1b14b187abdf,extrasensory-p2-fold3-seed29-v2_multiseed,0.6,0.6000023146004999,51845,0.3552282595036514,0.6039959585609425,0.7668314362825628,515732,mean_binary_certainty,0.5074944648343778
V3-3,P2,3,29,natural_missingness,efb672880ee0ff1680cafed70e33ce265ddcc65e24e6b7c44c7798d6500b08df,grouped_risk_full_compact,10d9503e683f16ee3cc2a2ddfc4f697fdc3e0f9813fdab4aa08f1b14b187abdf,extrasensory-p2-fold3-seed29-v2_multiseed,0.65,0.6500092584019999,56166,0.3647704224300009,0.5906960066429142,0.7529786837151724,557819,mean_binary_certainty,0.4831107444724716
V3-3,P2,3,29,natural_missingness,efb672880ee0ff1680cafed70e33ce265ddcc65e24e6b7c44c7798d6500b08df,grouped_risk_full_compact,10d9503e683f16ee3cc2a2ddfc4f697fdc3e0f9813fdab4aa08f1b14b187abdf,extrasensory-p2-fold3-seed29-v2_multiseed,0.7,0.7000046292009999,60486,0.3741103723372495,0.5781494553890588,0.7402966652707677,600326,mean_binary_certainty,0.4590013105955328
V3-3,P2,3,29,natural_missingness,efb672880ee0ff1680cafed70e33ce265ddcc65e24e6b7c44c7798d6500b08df,grouped_risk_full_compact,10d9503e683f16ee3cc2a2ddfc4f697fdc3e0f9813fdab4aa08f1b14b187abdf,extrasensory-p2-fold3-seed29-v2_multiseed,0.75,0.75,64806,0.3831052198516907,0.5671220413350824,0.7286456651302076,642561,mean_binary_certainty,0.4349338582444002
V3-3,P2,3,29,natural_missingness,efb672880ee0ff1680cafed70e33ce265ddcc65e24e6b7c44c7798d6500b08df,grouped_risk_full_compact,10d9503e683f16ee3cc2a2ddfc4f697fdc3e0f9813fdab4aa08f1b14b187abdf,extrasensory-p2-fold3-seed29-v2_multiseed,0.8,0.8000069438014998,69127,0.3915367125011464,0.5583180923749389,0.7179841442152702,686363,mean_binary_certainty,0.4100884715873274
V3-3,P2,3,29,natural_missingness,efb672880ee0ff1680cafed70e33ce265ddcc65e24e6b7c44c7798d6500b08df,grouped_risk_full_compact,10d9503e683f16ee3cc2a2ddfc4f697fdc3e0f9813fdab4aa08f1b14b187abdf,extrasensory-p2-fold3-seed29-v2_multiseed,0.85,0.8500023146004999,73447,0.3999696391717127,0.5487914744338838,0.7080667458078309,729765,mean_binary_certainty,0.3816911002665628
V3-3,P2,3,29,natural_missingness,efb672880ee0ff1680cafed70e33ce265ddcc65e24e6b7c44c7798d6500b08df,grouped_risk_full_compact,10d9503e683f16ee3cc2a2ddfc4f697fdc3e0f9813fdab4aa08f1b14b187abdf,extrasensory-p2-fold3-seed29-v2_multiseed,0.9,0.9000092584019999,77768,0.4077948262607071,0.5383879479140184,0.697878474204065,772444,mean_binary_certainty,0.347598944875209
V3-3,P2,3,29,natural_missingness,efb672880ee0ff1680cafed70e33ce265ddcc65e24e6b7c44c7798d6500b08df,grouped_risk_full_compact,10d9503e683f16ee3cc2a2ddfc4f697fdc3e0f9813fdab4aa08f1b14b187abdf,extrasensory-p2-fold3-seed29-v2_multiseed,0.95,0.950004629201,82088,0.4159849435617666,0.5288869367150588,0.6883637557811773,815002,mean_binary_certainty,0.2971633898960788
V3-3,P2,3,29,natural_missingness,efb672880ee0ff1680cafed70e33ce265ddcc65e24e6b7c44c7798d6500b08df,grouped_risk_full_compact,10d9503e683f16ee3cc2a2ddfc4f697fdc3e0f9813fdab4aa08f1b14b187abdf,extrasensory-p2-fold3-seed29-v2_multiseed,1.0,1.0,86408,0.4258320735001711,0.5175101340642319,0.6772116485465142,856815,mean_binary_certainty,0.062575685041164
V3-3,P2,3,29,natural_missingness,efb672880ee0ff1680cafed70e33ce265ddcc65e24e6b7c44c7798d6500b08df,grouped_risk_full_compact,10d9503e683f16ee3cc2a2ddfc4f697fdc3e0f9813fdab4aa08f1b14b187abdf,extrasensory-p2-fold3-seed29-v2_multiseed,0.05,0.0500069438014998,4321,0.4901504786824806,0.4700819741865592,0.503741650344031,43558,p2_system_reliability,0.996312379837036
V3-3,P2,3,29,natural_missingness,efb672880ee0ff1680cafed70e33ce265ddcc65e24e6b7c44c7798d6500b08df,grouped_risk_full_compact,10d9503e683f16ee3cc2a2ddfc4f697fdc3e0f9813fdab4aa08f1b14b187abdf,extrasensory-p2-fold3-seed29-v2_multiseed,0.1,0.1000023146004999,8641,0.4861712634561782,0.5052368304812525,0.5412763535466123,87731,p2_system_reliability,0.9946086406707764
V3-3,P2,3,29,natural_missingness,efb672880ee0ff1680cafed70e33ce265ddcc65e24e6b7c44c7798d6500b08df,grouped_risk_full_compact,10d9503e683f16ee3cc2a2ddfc4f697fdc3e0f9813fdab4aa08f1b14b187abdf,extrasensory-p2-fold3-seed29-v2_multiseed,0.15,0.1500092584019998,12962,0.4789884923306581,0.5176068632318721,0.5660174655063922,131406,p2_system_reliability,0.993011236190796
V3-3,P2,3,29,natural_missingness,efb672880ee0ff1680cafed70e33ce265ddcc65e24e6b7c44c7798d6500b08df,grouped_risk_full_compact,10d9503e683f16ee3cc2a2ddfc4f697fdc3e0f9813fdab4aa08f1b14b187abdf,extrasensory-p2-fold3-seed29-v2_multiseed,0.2,0.2000046292009999,17282,0.474239877118227,0.5211607373964375,0.5834374077522196,174323,p2_system_reliability,0.9914805293083192
V3-3,P2,3,29,natural_missingness,efb672880ee0ff1680cafed70e33ce265ddcc65e24e6b7c44c7798d6500b08df,grouped_risk_full_compact,10d9503e683f16ee3cc2a2ddfc4f697fdc3e0f9813fdab4aa08f1b14b187abdf,extrasensory-p2-fold3-seed29-v2_multiseed,0.25,0.25,21602,0.4677432745424666,0.5247492288852149,0.5989950832786531,217037,p2_system_reliability,0.9899615049362184
V3-3,P2,3,29,natural_missingness,efb672880ee0ff1680cafed70e33ce265ddcc65e24e6b7c44c7798d6500b08df,grouped_risk_full_compact,10d9503e683f16ee3cc2a2ddfc4f697fdc3e0f9813fdab4aa08f1b14b187abdf,extrasensory-p2-fold3-seed29-v2_multiseed,0.3,0.3000069438014998,25923,0.4603457273968127,0.528734077573562,0.6116424116424116,259560,p2_system_reliability,0.988469898700714
V3-3,P2,3,29,natural_missingness,efb672880ee0ff1680cafed70e33ce265ddcc65e24e6b7c44c7798d6500b08df,grouped_risk_full_compact,10d9503e683f16ee3cc2a2ddfc4f697fdc3e0f9813fdab4aa08f1b14b187abdf,extrasensory-p2-fold3-seed29-v2_multiseed,0.35,0.3500023146004999,30243,0.4538435888071744,0.5312450277273582,0.6232772499131917,302210,p2_system_reliability,0.9869556427001952
V3-3,P2,3,29,natural_missingness,efb672880ee0ff1680cafed70e33ce265ddcc65e24e6b7c44c7798d6500b08df,grouped_risk_full_compact,10d9503e683f16ee3cc2a2ddfc4f697fdc3e0f9813fdab4aa08f1b14b187abdf,extrasensory-p2-fold3-seed29-v2_multiseed,0.4,0.4000092584019998,34564,0.4479652542043782,0.5314493951116609,0.6332900795541028,345583,p2_system_reliability,0.9853886961936952
V3-3,P2,3,29,natural_missingness,efb672880ee0ff1680cafed70e33ce265ddcc65e24e6b7c44c7798d6500b08df,grouped_risk_full_compact,10d9503e683f16ee3cc2a2ddfc4f697fdc3e0f9813fdab4aa08f1b14b187abdf,extrasensory-p2-fold3-seed29-v2_multiseed,0.45,0.4500046292009999,38884,0.4447388017760345,0.532008522088874,0.6408523933661896,388814,p2_system_reliability,0.9836342930793762
V3-3,P2,3,29,natural_missingness,efb672880ee0ff1680cafed70e33ce265ddcc65e24e6b7c44c7798d6500b08df,grouped_risk_full_compact,10d9503e683f16ee3cc2a2ddfc4f697fdc3e0f9813fdab4aa08f1b14b187abdf,extrasensory-p2-fold3-seed29-v2_multiseed,0.5,0.5,43204,0.4422785940625309,0.531541685368616,0.6477984153786206,431921,p2_system_reliability,0.98164564371109
V3-3,P2,3,29,natural_missingness,efb672880ee0ff1680cafed70e33ce265ddcc65e24e6b7c44c7798d6500b08df,grouped_risk_full_compact,10d9503e683f16ee3cc2a2ddfc4f697fdc3e0f9813fdab4aa08f1b14b187abdf,extrasensory-p2-fold3-seed29-v2_multiseed,0.55,0.5500069438014998,47525,0.4415289520422859,0.5319489846790235,0.6528088078812319,474494,p2_system_reliability,0.979325234889984
V3-3,P2,3,29,natural_missingness,efb672880ee0ff1680cafed70e33ce265ddcc65e24e6b7c44c7798d6500b08df,grouped_risk_full_compact,10d9503e683f16ee3cc2a2ddfc4f697fdc3e0f9813fdab4aa08f1b14b187abdf,extrasensory-p2-fold3-seed29-v2_multiseed,0.6,0.6000023146004999,51845,0.4408466253705693,0.5304521030350577,0.6566402529962446,516801,p2_system_reliability,0.9765565395355223
V3-3,P2,3,29,natural_missingness,efb672880ee0ff1680cafed70e33ce265ddcc65e24e6b7c44c7798d6500b08df,grouped_risk_full_compact,10d9503e683f16ee3cc2a2ddfc4f697fdc3e0f9813fdab4aa08f1b14b187abdf,extrasensory-p2-fold3-seed29-v2_multiseed,0.65,0.6500092584019999,56166,0.440910515139789,0.5294986899880194,0.6596692893005167,558515,p2_system_reliability,0.9733250737190248
V3-3,P2,3,29,natural_missingness,efb672880ee0ff1680cafed70e33ce265ddcc65e24e6b7c44c7798d6500b08df,grouped_risk_full_compact,10d9503e683f16ee3cc2a2ddfc4f697fdc3e0f9813fdab4aa08f1b14b187abdf,extrasensory-p2-fold3-seed29-v2_multiseed,0.7,0.7000046292009999,60486,0.4401583544404911,0.527828232393015,0.6625202078165685,599908,p2_system_reliability,0.9697365164756776
V3-3,P2,3,29,natural_missingness,efb672880ee0ff1680cafed70e33ce265ddcc65e24e6b7c44c7798d6500b08df,grouped_risk_full_compact,10d9503e683f16ee3cc2a2ddfc4f697fdc3e0f9813fdab4aa08f1b14b187abdf,extrasensory-p2-fold3-seed29-v2_multiseed,0.75,0.75,64806,0.4373995827926112,0.5260883356881536,0.6657121621543762,641348,p2_system_reliability,0.965652585029602
V3-3,P2,3,29,natural_missingness,efb672880ee0ff1680cafed70e33ce265ddcc65e24e6b7c44c7798d6500b08df,grouped_risk_full_compact,10d9503e683f16ee3cc2a2ddfc4f697fdc3e0f9813fdab4aa08f1b14b187abdf,extrasensory-p2-fold3-seed29-v2_multiseed,0.8,0.8000069438014998,69127,0.4339660792452614,0.5244799965964678,0.6687880912572137,684026,p2_system_reliability,0.9607537388801576
V3-3,P2,3,29,natural_missingness,efb672880ee0ff1680cafed70e33ce265ddcc65e24e6b7c44c7798d6500b08df,grouped_risk_full_compact,10d9503e683f16ee3cc2a2ddfc4f697fdc3e0f9813fdab4aa08f1b14b187abdf,extrasensory-p2-fold3-seed29-v2_multiseed,0.85,0.8500023146004999,73447,0.4324059665435036,0.5225131403141763,0.6707721675470817,726232,p2_system_reliability,0.9543663263320924
V3-3,P2,3,29,natural_missingness,efb672880ee0ff1680cafed70e33ce265ddcc65e24e6b7c44c7798d6500b08df,grouped_risk_full_compact,10d9503e683f16ee3cc2a2ddfc4f697fdc3e0f9813fdab4aa08f1b14b187abdf,extrasensory-p2-fold3-seed29-v2_multiseed,0.9,0.9000092584019999,77768,0.430374717571895,0.5212895702748203,0.6728293134321184,767412,p2_system_reliability,0.9450314044952391
V3-3,P2,3,29,natural_missingness,efb672880ee0ff1680cafed70e33ce265ddcc65e24e6b7c44c7798d6500b08df,grouped_risk_full_compact,10d9503e683f16ee3cc2a2ddfc4f697fdc3e0f9813fdab4aa08f1b14b187abdf,extrasensory-p2-fold3-seed29-v2_multiseed,0.95,0.950004629201,82088,0.4280854638730292,0.5190864024135894,0.6751071528350358,811775,p2_system_reliability,0.9300694465637208
V3-3,P2,3,29,natural_missingness,efb672880ee0ff1680cafed70e33ce265ddcc65e24e6b7c44c7798d6500b08df,grouped_risk_full_compact,10d9503e683f16ee3cc2a2ddfc4f697fdc3e0f9813fdab4aa08f1b14b187abdf,extrasensory-p2-fold3-seed29-v2_multiseed,1.0,1.0,86408,0.425832073500171,0.5175101340642319,0.6772116485465142,856815,p2_system_reliability,0.7320342063903809
V3-3,P2,3,29,natural_missingness,efb672880ee0ff1680cafed70e33ce265ddcc65e24e6b7c44c7798d6500b08df,grouped_risk_full_compact,10d9503e683f16ee3cc2a2ddfc4f697fdc3e0f9813fdab4aa08f1b14b187abdf,extrasensory-p2-fold3-seed29-v2_multiseed,0.05,0.0500069438014998,4321,0.2295964035514372,0.5032558434290512,0.906112922049177,44471,grouped_risk_output_compact,0.4254075186511964
V3-3,P2,3,29,natural_missingness,efb672880ee0ff1680cafed70e33ce265ddcc65e24e6b7c44c7798d6500b08df,grouped_risk_full_compact,10d9503e683f16ee3cc2a2ddfc4f697fdc3e0f9813fdab4aa08f1b14b187abdf,extrasensory-p2-fold3-seed29-v2_multiseed,0.1,0.1000023146004999,8641,0.2365132400250066,0.6066548872295618,0.9007044684004304,89870,grouped_risk_output_compact,0.4175628222969218
V3-3,P2,3,29,natural_missingness,efb672880ee0ff1680cafed70e33ce265ddcc65e24e6b7c44c7798d6500b08df,grouped_risk_full_compact,10d9503e683f16ee3cc2a2ddfc4f697fdc3e0f9813fdab4aa08f1b14b187abdf,extrasensory-p2-fold3-seed29-v2_multiseed,0.15,0.1500092584019998,12962,0.2496327899570181,0.6202663811650617,0.8930499045088434,133489,grouped_risk_output_compact,0.4118983754111037
V3-3,P2,3,29,natural_missingness,efb672880ee0ff1680cafed70e33ce265ddcc65e24e6b7c44c7798d6500b08df,grouped_risk_full_compact,10d9503e683f16ee3cc2a2ddfc4f697fdc3e0f9813fdab4aa08f1b14b187abdf,extrasensory-p2-fold3-seed29-v2_multiseed,0.2,0.2000046292009999,17282,0.2617459503052602,0.6271387912875112,0.8829403285036355,176759,grouped_risk_output_compact,0.4071843877437379
V3-3,P2,3,29,natural_missingness,efb672880ee0ff1680cafed70e33ce265ddcc65e24e6b7c44c7798d6500b08df,grouped_risk_full_compact,10d9503e683f16ee3cc2a2ddfc4f697fdc3e0f9813fdab4aa08f1b14b187abdf,extrasensory-p2-fold3-seed29-v2_multiseed,0.25,0.25,21602,0.273757845658381,0.6188277229681076,0.8721290112396156,217906,grouped_risk_output_compact,0.4031254399131553
V3-3,P2,3,29,natural_missingness,efb672880ee0ff1680cafed70e33ce265ddcc65e24e6b7c44c7798d6500b08df,grouped_risk_full_compact,10d9503e683f16ee3cc2a2ddfc4f697fdc3e0f9813fdab4aa08f1b14b187abdf,extrasensory-p2-fold3-seed29-v2_multiseed,0.3,0.3000069438014998,25923,0.2843319563545776,0.6180839820058068,0.8600097220509174,259287,grouped_risk_output_compact,0.3990614267345614
V3-3,P2,3,29,natural_missingness,efb672880ee0ff1680cafed70e33ce265ddcc65e24e6b7c44c7798d6500b08df,grouped_risk_full_compact,10d9503e683f16ee3cc2a2ddfc4f697fdc3e0f9813fdab4aa08f1b14b187abdf,extrasensory-p2-fold3-seed29-v2_multiseed,0.35,0.3500023146004999,30243,0.2964777066118067,0.6246158471575659,0.8455737704918033,301098,grouped_risk_output_compact,0.3949548449901531
V3-3,P2,3,29,natural_missingness,efb672880ee0ff1680cafed70e33ce265ddcc65e24e6b7c44c7798d6500b08df,grouped_risk_full_compact,10d9503e683f16ee3cc2a2ddfc4f697fdc3e0f9813fdab4aa08f1b14b187abdf,extrasensory-p2-fold3-seed29-v2_multiseed,0.4,0.4000092584019998,34564,0.3087761262350309,0.6217276323142049,0.8302284671006265,344350,grouped_risk_output_compact,0.3908899591906223
V3-3,P2,3,29,natural_missingness,efb672880ee0ff1680cafed70e33ce265ddcc65e24e6b7c44c7798d6500b08df,grouped_risk_full_compact,10d9503e683f16ee3cc2a2ddfc4f697fdc3e0f9813fdab4aa08f1b14b187abdf,extrasensory-p2-fold3-seed29-v2_multiseed,0.45,0.4500046292009999,38884,0.3192976196656794,0.6171370937003833,0.8149945901948522,386752,grouped_risk_output_compact,0.3871163043173188
V3-3,P2,3,29,natural_missingness,efb672880ee0ff1680cafed70e33ce265ddcc65e24e6b7c44c7798d6500b08df,grouped_risk_full_compact,10d9503e683f16ee3cc2a2ddfc4f697fdc3e0f9813fdab4aa08f1b14b187abdf,extrasensory-p2-fold3-seed29-v2_multiseed,0.5,0.5,43204,0.3296595726972551,0.609897460502426,0.8004469815283537,429171,grouped_risk_output_compact,0.3838084640236121
V3-3,P2,3,29,natural_missingness,efb672880ee0ff1680cafed70e33ce265ddcc65e24e6b7c44c7798d6500b08df,grouped_risk_full_compact,10d9503e683f16ee3cc2a2ddfc4f697fdc3e0f9813fdab4aa08f1b14b187abdf,extrasensory-p2-fold3-seed29-v2_multiseed,0.55,0.5500069438014998,47525,0.3397187458951882,0.6020831763388689,0.7863978939944397,470599,grouped_risk_output_compact,0.3807182247629105
V3-3,P2,3,29,natural_missingness,efb672880ee0ff1680cafed70e33ce265ddcc65e24e6b7c44c7798d6500b08df,grouped_risk_full_compact,10d9503e683f16ee3cc2a2ddfc4f697fdc3e0f9813fdab4aa08f1b14b187abdf,extrasensory-p2-fold3-seed29-v2_multiseed,0.6,0.6000023146004999,51845,0.3499252596184103,0.5919830583857454,0.7732078667544933,512432,grouped_risk_output_compact,0.3778128296083315
V3-3,P2,3,29,natural_missingness,efb672880ee0ff1680cafed70e33ce265ddcc65e24e6b7c44c7798d6500b08df,grouped_risk_full_compact,10d9503e683f16ee3cc2a2ddfc4f697fdc3e0f9813fdab4aa08f1b14b187abdf,extrasensory-p2-fold3-seed29-v2_multiseed,0.65,0.6500092584019999,56166,0.3593273763219909,0.5805463253714395,0.7598214720215791,554112,grouped_risk_output_compact,0.3749981216053151
V3-3,P2,3,29,natural_missingness,efb672880ee0ff1680cafed70e33ce265ddcc65e24e6b7c44c7798d6500b08df,grouped_risk_full_compact,10d9503e683f16ee3cc2a2ddfc4f697fdc3e0f9813fdab4aa08f1b14b187abdf,extrasensory-p2-fold3-seed29-v2_multiseed,0.7,0.7000046292009999,60486,0.3685679291212958,0.5723811724160981,0.7475455459066663,596105,grouped_risk_output_compact,0.3722880520066873
V3-3,P2,3,29,natural_missingness,efb672880ee0ff1680cafed70e33ce265ddcc65e24e6b7c44c7798d6500b08df,grouped_risk_full_compact,10d9503e683f16ee3cc2a2ddfc4f697fdc3e0f9813fdab4aa08f1b14b187abdf,extrasensory-p2-fold3-seed29-v2_multiseed,0.75,0.75,64806,0.3771958629505394,0.564311001846296,0.7359997604108953,638802,grouped_risk_output_compact,0.3693644939004685
V3-3,P2,3,29,natural_missingness,efb672880ee0ff1680cafed70e33ce265ddcc65e24e6b7c44c7798d6500b08df,grouped_risk_full_compact,10d9503e683f16ee3cc2a2ddfc4f697fdc3e0f9813fdab4aa08f1b14b187abdf,extrasensory-p2-fold3-seed29-v2_multiseed,0.8,0.8000069438014998,69127,0.3864171649305002,0.5549470438151959,0.7243580989752436,683026,grouped_risk_output_compact,0.3662880810777904
V3-3,P2,3,29,natural_missingness,efb672880ee0ff1680cafed70e33ce265ddcc65e24e6b7c44c7798d6500b08df,grouped_risk_full_compact,10d9503e683f16ee3cc2a2ddfc4f697fdc3e0f9813fdab4aa08f1b14b187abdf,extrasensory-p2-fold3-seed29-v2_multiseed,0.85,0.8500023146004999,73447,0.3962766434873453,0.5445801606418122,0.7126917857718483,727784,grouped_risk_output_compact,0.3628620463045912
V3-3,P2,3,29,natural_missingness,efb672880ee0ff1680cafed70e33ce265ddcc65e24e6b7c44c7798d6500b08df,grouped_risk_full_compact,10d9503e683f16ee3cc2a2ddfc4f697fdc3e0f9813fdab4aa08f1b14b187abdf,extrasensory-p2-fold3-seed29-v2_multiseed,0.9,0.9000092584019999,77768,0.4057106783579188,0.5350593366112221,0.7013241164443579,772392,grouped_risk_output_compact,0.3588261924142341
V3-3,P2,3,29,natural_missingness,efb672880ee0ff1680cafed70e33ce265ddcc65e24e6b7c44c7798d6500b08df,grouped_risk_full_compact,10d9503e683f16ee3cc2a2ddfc4f697fdc3e0f9813fdab4aa08f1b14b187abdf,extrasensory-p2-fold3-seed29-v2_multiseed,0.95,0.950004629201,82088,0.4150866303691721,0.5262114136646645,0.6898304929616138,815581,grouped_risk_output_compact,0.3531620888736012
V3-3,P2,3,29,natural_missingness,efb672880ee0ff1680cafed70e33ce265ddcc65e24e6b7c44c7798d6500b08df,grouped_risk_full_compact,10d9503e683f16ee3cc2a2ddfc4f697fdc3e0f9813fdab4aa08f1b14b187abdf,extrasensory-p2-fold3-seed29-v2_multiseed,1.0,1.0,86408,0.4258320735001711,0.5175101340642319,0.6772116485465142,856815,grouped_risk_output_compact,0.3325436785349578
V3-3,P2,3,29,natural_missingness,efb672880ee0ff1680cafed70e33ce265ddcc65e24e6b7c44c7798d6500b08df,grouped_risk_full_compact,10d9503e683f16ee3cc2a2ddfc4f697fdc3e0f9813fdab4aa08f1b14b187abdf,extrasensory-p2-fold3-seed29-v2_multiseed,0.05,0.0500069438014998,4321,0.2204487394233301,0.5399484443426302,0.9028885412294424,48038,grouped_risk_full_compact,0.4277426568364186
V3-3,P2,3,29,natural_missingness,efb672880ee0ff1680cafed70e33ce265ddcc65e24e6b7c44c7798d6500b08df,grouped_risk_full_compact,10d9503e683f16ee3cc2a2ddfc4f697fdc3e0f9813fdab4aa08f1b14b187abdf,extrasensory-p2-fold3-seed29-v2_multiseed,0.1,0.1000023146004999,8641,0.2195374345695918,0.601964268759773,0.8987380851310153,95519,grouped_risk_full_compact,0.4206351223023117
V3-3,P2,3,29,natural_missingness,efb672880ee0ff1680cafed70e33ce265ddcc65e24e6b7c44c7798d6500b08df,grouped_risk_full_compact,10d9503e683f16ee3cc2a2ddfc4f697fdc3e0f9813fdab4aa08f1b14b187abdf,extrasensory-p2-fold3-seed29-v2_multiseed,0.15,0.1500092584019998,12962,0.2268148658434745,0.6166323412625512,0.8916708916708916,142121,grouped_risk_full_compact,0.4151124502554104
V3-3,P2,3,29,natural_missingness,efb672880ee0ff1680cafed70e33ce265ddcc65e24e6b7c44c7798d6500b08df,grouped_risk_full_compact,10d9503e683f16ee3cc2a2ddfc4f697fdc3e0f9813fdab4aa08f1b14b187abdf,extrasensory-p2-fold3-seed29-v2_multiseed,0.2,0.2000046292009999,17282,0.2417658776660041,0.6233968168314666,0.880453438709935,185586,grouped_risk_full_compact,0.4102631213292785
V3-3,P2,3,29,natural_missingness,efb672880ee0ff1680cafed70e33ce265ddcc65e24e6b7c44c7798d6500b08df,grouped_risk_full_compact,10d9503e683f16ee3cc2a2ddfc4f697fdc3e0f9813fdab4aa08f1b14b187abdf,extrasensory-p2-fold3-seed29-v2_multiseed,0.25,0.25,21602,0.2556047828824611,0.6215908600459561,0.8696138780078344,228928,grouped_risk_full_compact,0.4057652482492144
V3-3,P2,3,29,natural_missingness,efb672880ee0ff1680cafed70e33ce265ddcc65e24e6b7c44c7798d6500b08df,grouped_risk_full_compact,10d9503e683f16ee3cc2a2ddfc4f697fdc3e0f9813fdab4aa08f1b14b187abdf,extrasensory-p2-fold3-seed29-v2_multiseed,0.3,0.3000069438014998,25923,0.2749398508886389,0.6207253367776122,0.8540091032786998,271013,grouped_risk_full_compact,0.4014768082145994
V3-3,P2,3,29,natural_missingness,efb672880ee0ff1680cafed70e33ce265ddcc65e24e6b7c44c7798d6500b08df,grouped_risk_full_compact,10d9503e683f16ee3cc2a2ddfc4f697fdc3e0f9813fdab4aa08f1b14b187abdf,extrasensory-p2-fold3-seed29-v2_multiseed,0.35,0.3500023146004999,30243,0.2941395370743683,0.6171204178290458,0.838866514277421,312213,grouped_risk_full_compact,0.3972418073419047
V3-3,P2,3,29,natural_missingness,efb672880ee0ff1680cafed70e33ce265ddcc65e24e6b7c44c7798d6500b08df,grouped_risk_full_compact,10d9503e683f16ee3cc2a2ddfc4f697fdc3e0f9813fdab4aa08f1b14b187abdf,extrasensory-p2-fold3-seed29-v2_multiseed,0.4,0.4000092584019998,34564,0.3093452304764691,0.6142066570992266,0.82365076124679,353804,grouped_risk_full_compact,0.3932302175218703
V3-3,P2,3,29,natural_missingness,efb672880ee0ff1680cafed70e33ce265ddcc65e24e6b7c44c7798d6500b08df,grouped_risk_full_compact,10d9503e683f16ee3cc2a2ddfc4f697fdc3e0f9813fdab4aa08f1b14b187abdf,extrasensory-p2-fold3-seed29-v2_multiseed,0.45,0.4500046292009999,38884,0.3211292338855698,0.6077062333044534,0.8088410068119233,395528,grouped_risk_full_compact,0.3892649193732078
V3-3,P2,3,29,natural_missingness,efb672880ee0ff1680cafed70e33ce265ddcc65e24e6b7c44c7798d6500b08df,grouped_risk_full_compact,10d9503e683f16ee3cc2a2ddfc4f697fdc3e0f9813fdab4aa08f1b14b187abdf,extrasensory-p2-fold3-seed29-v2_multiseed,0.5,0.5,43204,0.3302129182653465,0.6023045132077556,0.7958572487185446,437244,grouped_risk_full_compact,0.3856810753692239
V3-3,P2,3,29,natural_missingness,efb672880ee0ff1680cafed70e33ce265ddcc65e24e6b7c44c7798d6500b08df,grouped_risk_full_compact,10d9503e683f16ee3cc2a2ddfc4f697fdc3e0f9813fdab4aa08f1b14b187abdf,extrasensory-p2-fold3-seed29-v2_multiseed,0.55,0.5500069438014998,47525,0.3393154498863863,0.5951586813297994,0.782867631735039,479200,grouped_risk_full_compact,0.3822713464798177
V3-3,P2,3,29,natural_missingness,efb672880ee0ff1680cafed70e33ce265ddcc65e24e6b7c44c7798d6500b08df,grouped_risk_full_compact,10d9503e683f16ee3cc2a2ddfc4f697fdc3e0f9813fdab4aa08f1b14b187abdf,extrasensory-p2-fold3-seed29-v2_multiseed,0.6,0.6000023146004999,51845,0.3498577441385429,0.5860441390654603,0.7701323000766103,521368,grouped_risk_full_compact,0.3789926108949344
V3-3,P2,3,29,natural_missingness,efb672880ee0ff1680cafed70e33ce265ddcc65e24e6b7c44c7798d6500b08df,grouped_risk_full_compact,10d9503e683f16ee3cc2a2ddfc4f697fdc3e0f9813fdab4aa08f1b14b187abdf,extrasensory-p2-fold3-seed29-v2_multiseed,0.65,0.6500092584019999,56166,0.3596890144232693,0.5774779329934077,0.757386982570806,563484,grouped_risk_full_compact,0.3758232347398745
V3-3,P2,3,29,natural_missingness,efb672880ee0ff1680cafed70e33ce265ddcc65e24e6b7c44c7798d6500b08df,grouped_risk_full_compact,10d9503e683f16ee3cc2a2ddfc4f697fdc3e0f9813fdab4aa08f1b14b187abdf,extrasensory-p2-fold3-seed29-v2_multiseed,0.7,0.7000046292009999,60486,0.369007146950715,0.5690170671169238,0.7454731742487968,605496,grouped_risk_full_compact,0.3726822743599464
V3-3,P2,3,29,natural_missingness,efb672880ee0ff1680cafed70e33ce265ddcc65e24e6b7c44c7798d6500b08df,grouped_risk_full_compact,10d9503e683f16ee3cc2a2ddfc4f697fdc3e0f9813fdab4aa08f1b14b187abdf,extrasensory-p2-fold3-seed29-v2_multiseed,0.75,0.75,64806,0.3781162445448308,0.560443773455538,0.7338243432595052,648095,grouped_risk_full_compact,0.369544714383041
V3-3,P2,3,29,natural_missingness,efb672880ee0ff1680cafed70e33ce265ddcc65e24e6b7c44c7798d6500b08df,grouped_risk_full_compact,10d9503e683f16ee3cc2a2ddfc4f697fdc3e0f9813fdab4aa08f1b14b187abdf,extrasensory-p2-fold3-seed29-v2_multiseed,0.8,0.8000069438014998,69127,0.3871864071169889,0.5520230953450789,0.7225675608831144,691147,grouped_risk_full_compact,0.3661790571837229
V3-3,P2,3,29,natural_missingness,efb672880ee0ff1680cafed70e33ce265ddcc65e24e6b7c44c7798d6500b08df,grouped_risk_full_compact,10d9503e683f16ee3cc2a2ddfc4f697fdc3e0f9813fdab4aa08f1b14b187abdf,extrasensory-p2-fold3-seed29-v2_multiseed,0.85,0.8500023146004999,73447,0.3963962218147057,0.5428868422243817,0.7116746118206378,733642,grouped_risk_full_compact,0.3625092174514479
V3-3,P2,3,29,natural_missingness,efb672880ee0ff1680cafed70e33ce265ddcc65e24e6b7c44c7798d6500b08df,grouped_risk_full_compact,10d9503e683f16ee3cc2a2ddfc4f697fdc3e0f9813fdab4aa08f1b14b187abdf,extrasensory-p2-fold3-seed29-v2_multiseed,0.9,0.9000092584019999,77768,0.405895846841022,0.5353386451514416,0.701107849727027,776562,grouped_risk_full_compact,0.3580504579841707
V3-3,P2,3,29,natural_missingness,efb672880ee0ff1680cafed70e33ce265ddcc65e24e6b7c44c7798d6500b08df,grouped_risk_full_compact,10d9503e683f16ee3cc2a2ddfc4f697fdc3e0f9813fdab4aa08f1b14b187abdf,extrasensory-p2-fold3-seed29-v2_multiseed,0.95,0.950004629201,82088,0.4160546688102953,0.5258153991356561,0.6892374896197118,818823,grouped_risk_full_compact,0.3518471522635211
V3-3,P2,3,29,natural_missingness,efb672880ee0ff1680cafed70e33ce265ddcc65e24e6b7c44c7798d6500b08df,grouped_risk_full_compact,10d9503e683f16ee3cc2a2ddfc4f697fdc3e0f9813fdab4aa08f1b14b187abdf,extrasensory-p2-fold3-seed29-v2_multiseed,1.0,1.0,86408,0.425832073500171,0.5175101340642319,0.6772116485465142,856815,grouped_risk_full_compact,0.1554191298245344
V3-3,P2,3,29,natural_missingness,efb672880ee0ff1680cafed70e33ce265ddcc65e24e6b7c44c7798d6500b08df,grouped_risk_full_compact,10d9503e683f16ee3cc2a2ddfc4f697fdc3e0f9813fdab4aa08f1b14b187abdf,extrasensory-p2-fold3-seed29-v2_multiseed,0.05,0.0500069438014998,4321,0.2204487394233301,0.5399484443426302,0.9028885412294424,48038,grouped_risk_selected,0.4277426568364186
V3-3,P2,3,29,natural_missingness,efb672880ee0ff1680cafed70e33ce265ddcc65e24e6b7c44c7798d6500b08df,grouped_risk_full_compact,10d9503e683f16ee3cc2a2ddfc4f697fdc3e0f9813fdab4aa08f1b14b187abdf,extrasensory-p2-fold3-seed29-v2_multiseed,0.1,0.1000023146004999,8641,0.2195374345695918,0.601964268759773,0.8987380851310153,95519,grouped_risk_selected,0.4206351223023117
V3-3,P2,3,29,natural_missingness,efb672880ee0ff1680cafed70e33ce265ddcc65e24e6b7c44c7798d6500b08df,grouped_risk_full_compact,10d9503e683f16ee3cc2a2ddfc4f697fdc3e0f9813fdab4aa08f1b14b187abdf,extrasensory-p2-fold3-seed29-v2_multiseed,0.15,0.1500092584019998,12962,0.2268148658434745,0.6166323412625512,0.8916708916708916,142121,grouped_risk_selected,0.4151124502554104
V3-3,P2,3,29,natural_missingness,efb672880ee0ff1680cafed70e33ce265ddcc65e24e6b7c44c7798d6500b08df,grouped_risk_full_compact,10d9503e683f16ee3cc2a2ddfc4f697fdc3e0f9813fdab4aa08f1b14b187abdf,extrasensory-p2-fold3-seed29-v2_multiseed,0.2,0.2000046292009999,17282,0.2417658776660041,0.6233968168314666,0.880453438709935,185586,grouped_risk_selected,0.4102631213292785
V3-3,P2,3,29,natural_missingness,efb672880ee0ff1680cafed70e33ce265ddcc65e24e6b7c44c7798d6500b08df,grouped_risk_full_compact,10d9503e683f16ee3cc2a2ddfc4f697fdc3e0f9813fdab4aa08f1b14b187abdf,extrasensory-p2-fold3-seed29-v2_multiseed,0.25,0.25,21602,0.2556047828824611,0.6215908600459561,0.8696138780078344,228928,grouped_risk_selected,0.4057652482492144
V3-3,P2,3,29,natural_missingness,efb672880ee0ff1680cafed70e33ce265ddcc65e24e6b7c44c7798d6500b08df,grouped_risk_full_compact,10d9503e683f16ee3cc2a2ddfc4f697fdc3e0f9813fdab4aa08f1b14b187abdf,extrasensory-p2-fold3-seed29-v2_multiseed,0.3,0.3000069438014998,25923,0.2749398508886389,0.6207253367776122,0.8540091032786998,271013,grouped_risk_selected,0.4014768082145994
V3-3,P2,3,29,natural_missingness,efb672880ee0ff1680cafed70e33ce265ddcc65e24e6b7c44c7798d6500b08df,grouped_risk_full_compact,10d9503e683f16ee3cc2a2ddfc4f697fdc3e0f9813fdab4aa08f1b14b187abdf,extrasensory-p2-fold3-seed29-v2_multiseed,0.35,0.3500023146004999,30243,0.2941395370743683,0.6171204178290458,0.838866514277421,312213,grouped_risk_selected,0.3972418073419047
V3-3,P2,3,29,natural_missingness,efb672880ee0ff1680cafed70e33ce265ddcc65e24e6b7c44c7798d6500b08df,grouped_risk_full_compact,10d9503e683f16ee3cc2a2ddfc4f697fdc3e0f9813fdab4aa08f1b14b187abdf,extrasensory-p2-fold3-seed29-v2_multiseed,0.4,0.4000092584019998,34564,0.3093452304764691,0.6142066570992266,0.82365076124679,353804,grouped_risk_selected,0.3932302175218703
V3-3,P2,3,29,natural_missingness,efb672880ee0ff1680cafed70e33ce265ddcc65e24e6b7c44c7798d6500b08df,grouped_risk_full_compact,10d9503e683f16ee3cc2a2ddfc4f697fdc3e0f9813fdab4aa08f1b14b187abdf,extrasensory-p2-fold3-seed29-v2_multiseed,0.45,0.4500046292009999,38884,0.3211292338855698,0.6077062333044534,0.8088410068119233,395528,grouped_risk_selected,0.3892649193732078
V3-3,P2,3,29,natural_missingness,efb672880ee0ff1680cafed70e33ce265ddcc65e24e6b7c44c7798d6500b08df,grouped_risk_full_compact,10d9503e683f16ee3cc2a2ddfc4f697fdc3e0f9813fdab4aa08f1b14b187abdf,extrasensory-p2-fold3-seed29-v2_multiseed,0.5,0.5,43204,0.3302129182653465,0.6023045132077556,0.7958572487185446,437244,grouped_risk_selected,0.3856810753692239
V3-3,P2,3,29,natural_missingness,efb672880ee0ff1680cafed70e33ce265ddcc65e24e6b7c44c7798d6500b08df,grouped_risk_full_compact,10d9503e683f16ee3cc2a2ddfc4f697fdc3e0f9813fdab4aa08f1b14b187abdf,extrasensory-p2-fold3-seed29-v2_multiseed,0.55,0.5500069438014998,47525,0.3393154498863863,0.5951586813297994,0.782867631735039,479200,grouped_risk_selected,0.3822713464798177
V3-3,P2,3,29,natural_missingness,efb672880ee0ff1680cafed70e33ce265ddcc65e24e6b7c44c7798d6500b08df,grouped_risk_full_compact,10d9503e683f16ee3cc2a2ddfc4f697fdc3e0f9813fdab4aa08f1b14b187abdf,extrasensory-p2-fold3-seed29-v2_multiseed,0.6,0.6000023146004999,51845,0.3498577441385429,0.5860441390654603,0.7701323000766103,521368,grouped_risk_selected,0.3789926108949344
V3-3,P2,3,29,natural_missingness,efb672880ee0ff1680cafed70e33ce265ddcc65e24e6b7c44c7798d6500b08df,grouped_risk_full_compact,10d9503e683f16ee3cc2a2ddfc4f697fdc3e0f9813fdab4aa08f1b14b187abdf,extrasensory-p2-fold3-seed29-v2_multiseed,0.65,0.6500092584019999,56166,0.3596890144232693,0.5774779329934077,0.757386982570806,563484,grouped_risk_selected,0.3758232347398745
V3-3,P2,3,29,natural_missingness,efb672880ee0ff1680cafed70e33ce265ddcc65e24e6b7c44c7798d6500b08df,grouped_risk_full_compact,10d9503e683f16ee3cc2a2ddfc4f697fdc3e0f9813fdab4aa08f1b14b187abdf,extrasensory-p2-fold3-seed29-v2_multiseed,0.7,0.7000046292009999,60486,0.369007146950715,0.5690170671169238,0.7454731742487968,605496,grouped_risk_selected,0.3726822743599464
V3-3,P2,3,29,natural_missingness,efb672880ee0ff1680cafed70e33ce265ddcc65e24e6b7c44c7798d6500b08df,grouped_risk_full_compact,10d9503e683f16ee3cc2a2ddfc4f697fdc3e0f9813fdab4aa08f1b14b187abdf,extrasensory-p2-fold3-seed29-v2_multiseed,0.75,0.75,64806,0.3781162445448308,0.560443773455538,0.7338243432595052,648095,grouped_risk_selected,0.369544714383041
V3-3,P2,3,29,natural_missingness,efb672880ee0ff1680cafed70e33ce265ddcc65e24e6b7c44c7798d6500b08df,grouped_risk_full_compact,10d9503e683f16ee3cc2a2ddfc4f697fdc3e0f9813fdab4aa08f1b14b187abdf,extrasensory-p2-fold3-seed29-v2_multiseed,0.8,0.8000069438014998,69127,0.3871864071169889,0.5520230953450789,0.7225675608831144,691147,grouped_risk_selected,0.3661790571837229
V3-3,P2,3,29,natural_missingness,efb672880ee0ff1680cafed70e33ce265ddcc65e24e6b7c44c7798d6500b08df,grouped_risk_full_compact,10d9503e683f16ee3cc2a2ddfc4f697fdc3e0f9813fdab4aa08f1b14b187abdf,extrasensory-p2-fold3-seed29-v2_multiseed,0.85,0.8500023146004999,73447,0.3963962218147057,0.5428868422243817,0.7116746118206378,733642,grouped_risk_selected,0.3625092174514479
V3-3,P2,3,29,natural_missingness,efb672880ee0ff1680cafed70e33ce265ddcc65e24e6b7c44c7798d6500b08df,grouped_risk_full_compact,10d9503e683f16ee3cc2a2ddfc4f697fdc3e0f9813fdab4aa08f1b14b187abdf,extrasensory-p2-fold3-seed29-v2_multiseed,0.9,0.9000092584019999,77768,0.405895846841022,0.5353386451514416,0.701107849727027,776562,grouped_risk_selected,0.3580504579841707
V3-3,P2,3,29,natural_missingness,efb672880ee0ff1680cafed70e33ce265ddcc65e24e6b7c44c7798d6500b08df,grouped_risk_full_compact,10d9503e683f16ee3cc2a2ddfc4f697fdc3e0f9813fdab4aa08f1b14b187abdf,extrasensory-p2-fold3-seed29-v2_multiseed,0.95,0.950004629201,82088,0.4160546688102953,0.5258153991356561,0.6892374896197118,818823,grouped_risk_selected,0.3518471522635211
V3-3,P2,3,29,natural_missingness,efb672880ee0ff1680cafed70e33ce265ddcc65e24e6b7c44c7798d6500b08df,grouped_risk_full_compact,10d9503e683f16ee3cc2a2ddfc4f697fdc3e0f9813fdab4aa08f1b14b187abdf,extrasensory-p2-fold3-seed29-v2_multiseed,1.0,1.0,86408,0.425832073500171,0.5175101340642319,0.6772116485465142,856815,grouped_risk_selected,0.1554191298245344
V3-3,P2,3,47,natural_missingness,efb672880ee0ff1680cafed70e33ce265ddcc65e24e6b7c44c7798d6500b08df,grouped_risk_output_compact,fddf27fbe61a255d005bf7833cc7779aea0b14df027e31641f7a0b8e0de887ca,extrasensory-p2-fold3-seed47-v2_multiseed,0.05,0.0500069438014998,4321,0.3970028312091492,0.6324961556369647,0.9334828482593404,33782,mean_binary_certainty,0.929500251237486
V3-3,P2,3,47,natural_missingness,efb672880ee0ff1680cafed70e33ce265ddcc65e24e6b7c44c7798d6500b08df,grouped_risk_output_compact,fddf27fbe61a255d005bf7833cc7779aea0b14df027e31641f7a0b8e0de887ca,extrasensory-p2-fold3-seed47-v2_multiseed,0.1,0.1000023146004999,8641,0.3185976432214281,0.4226956152093192,0.9440920682665273,79396,mean_binary_certainty,0.865732707281954
V3-3,P2,3,47,natural_missingness,efb672880ee0ff1680cafed70e33ce265ddcc65e24e6b7c44c7798d6500b08df,grouped_risk_output_compact,fddf27fbe61a255d005bf7833cc7779aea0b14df027e31641f7a0b8e0de887ca,extrasensory-p2-fold3-seed47-v2_multiseed,0.15,0.1500092584019998,12962,0.3092748319600338,0.7042457310467719,0.9458091795676192,127728,mean_binary_certainty,0.7906592772314303
V3-3,P2,3,47,natural_missingness,efb672880ee0ff1680cafed70e33ce265ddcc65e24e6b7c44c7798d6500b08df,grouped_risk_output_compact,fddf27fbe61a255d005bf7833cc7779aea0b14df027e31641f7a0b8e0de887ca,extrasensory-p2-fold3-seed47-v2_multiseed,0.2,0.2000046292009999,17282,0.3096318679836934,0.6904576882734523,0.9430760755246156,175508,mean_binary_certainty,0.726596519194325
V3-3,P2,3,47,natural_missingness,efb672880ee0ff1680cafed70e33ce265ddcc65e24e6b7c44c7798d6500b08df,grouped_risk_output_compact,fddf27fbe61a255d005bf7833cc7779aea0b14df027e31641f7a0b8e0de887ca,extrasensory-p2-fold3-seed47-v2_multiseed,0.25,0.25,21602,0.3155524276176237,0.6850673917830991,0.93263078052756,220824,mean_binary_certainty,0.6644515089841541
V3-3,P2,3,47,natural_missingness,efb672880ee0ff1680cafed70e33ce265ddcc65e24e6b7c44c7798d6500b08df,grouped_risk_output_compact,fddf27fbe61a255d005bf7833cc7779aea0b14df027e31641f7a0b8e0de887ca,extrasensory-p2-fold3-seed47-v2_multiseed,0.3,0.3000069438014998,25923,0.3207213129183254,0.7030710221988642,0.9171438240270728,267432,mean_binary_certainty,0.6066173136690975
V3-3,P2,3,47,natural_missingness,efb672880ee0ff1680cafed70e33ce265ddcc65e24e6b7c44c7798d6500b08df,grouped_risk_output_compact,fddf27fbe61a255d005bf7833cc7779aea0b14df027e31641f7a0b8e0de887ca,extrasensory-p2-fold3-seed47-v2_multiseed,0.35,0.3500023146004999,30243,0.3263053149861197,0.6935238015959629,0.8983229426796826,315028,mean_binary_certainty,0.5633934291481834
V3-3,P2,3,47,natural_missingness,efb672880ee0ff1680cafed70e33ce265ddcc65e24e6b7c44c7798d6500b08df,grouped_risk_output_compact,fddf27fbe61a255d005bf7833cc7779aea0b14df027e31641f7a0b8e0de887ca,extrasensory-p2-fold3-seed47-v2_multiseed,0.4,0.4000092584019998,34564,0.336500147955349,0.677887683907357,0.8783335654129212,360929,mean_binary_certainty,0.5247451411749198
V3-3,P2,3,47,natural_missingness,efb672880ee0ff1680cafed70e33ce265ddcc65e24e6b7c44c7798d6500b08df,grouped_risk_output_compact,fddf27fbe61a255d005bf7833cc7779aea0b14df027e31641f7a0b8e0de887ca,extrasensory-p2-fold3-seed47-v2_multiseed,0.45,0.4500046292009999,38884,0.3463066022865821,0.6641293541794793,0.8599383510288714,406561,mean_binary_certainty,0.4899813980607918
V3-3,P2,3,47,natural_missingness,efb672880ee0ff1680cafed70e33ce265ddcc65e24e6b7c44c7798d6500b08df,grouped_risk_output_compact,fddf27fbe61a255d005bf7833cc7779aea0b14df027e31641f7a0b8e0de887ca,extrasensory-p2-fold3-seed47-v2_multiseed,0.5,0.5,43204,0.3579764429543292,0.6484978773573192,0.8415089102081502,451541,mean_binary_certainty,0.4573067280405692
V3-3,P2,3,47,natural_missingness,efb672880ee0ff1680cafed70e33ce265ddcc65e24e6b7c44c7798d6500b08df,grouped_risk_output_compact,fddf27fbe61a255d005bf7833cc7779aea0b14df027e31641f7a0b8e0de887ca,extrasensory-p2-fold3-seed47-v2_multiseed,0.55,0.5500069438014998,47525,0.3721281905039539,0.6337922005593104,0.8248241583407205,493790,mean_binary_certainty,0.4289055313209042
V3-3,P2,3,47,natural_missingness,efb672880ee0ff1680cafed70e33ce265ddcc65e24e6b7c44c7798d6500b08df,grouped_risk_output_compact,fddf27fbe61a255d005bf7833cc7779aea0b14df027e31641f7a0b8e0de887ca,extrasensory-p2-fold3-seed47-v2_multiseed,0.6,0.6000023146004999,51845,0.385953883013085,0.6210792805589761,0.8092177929510995,535811,mean_binary_certainty,0.4007630784231515
V3-3,P2,3,47,natural_missingness,efb672880ee0ff1680cafed70e33ce265ddcc65e24e6b7c44c7798d6500b08df,grouped_risk_output_compact,fddf27fbe61a255d005bf7833cc7779aea0b14df027e31641f7a0b8e0de887ca,extrasensory-p2-fold3-seed47-v2_multiseed,0.65,0.6500092584019999,56166,0.3992228674728408,0.6108348050959373,0.7946249243900239,577107,mean_binary_certainty,0.3731551668958528
V3-3,P2,3,47,natural_missingness,efb672880ee0ff1680cafed70e33ce265ddcc65e24e6b7c44c7798d6500b08df,grouped_risk_output_compact,fddf27fbe61a255d005bf7833cc7779aea0b14df027e31641f7a0b8e0de887ca,extrasensory-p2-fold3-seed47-v2_multiseed,0.7,0.7000046292009999,60486,0.4111784493991125,0.5999649424971693,0.7809563713795249,618788,mean_binary_certainty,0.3470232287532614
V3-3,P2,3,47,natural_missingness,efb672880ee0ff1680cafed70e33ce265ddcc65e24e6b7c44c7798d6500b08df,grouped_risk_output_compact,fddf27fbe61a255d005bf7833cc7779aea0b14df027e31641f7a0b8e0de887ca,extrasensory-p2-fold3-seed47-v2_multiseed,0.75,0.75,64806,0.421500726168419,0.5902202074455986,0.7685025741560035,658912,mean_binary_certainty,0.3219585378479691
V3-3,P2,3,47,natural_missingness,efb672880ee0ff1680cafed70e33ce265ddcc65e24e6b7c44c7798d6500b08df,grouped_risk_output_compact,fddf27fbe61a255d005bf7833cc7779aea0b14df027e31641f7a0b8e0de887ca,extrasensory-p2-fold3-seed47-v2_multiseed,0.8,0.8000069438014998,69127,0.4294980238857495,0.5821611565799469,0.7580978865406006,699194,mean_binary_certainty,0.2963965869609338
V3-3,P2,3,47,natural_missingness,efb672880ee0ff1680cafed70e33ce265ddcc65e24e6b7c44c7798d6500b08df,grouped_risk_output_compact,fddf27fbe61a255d005bf7833cc7779aea0b14df027e31641f7a0b8e0de887ca,extrasensory-p2-fold3-seed47-v2_multiseed,0.85,0.8500023146004999,73447,0.4374338263619178,0.5748621393210546,0.7486109757286286,739366,mean_binary_certainty,0.2707390752024197
V3-3,P2,3,47,natural_missingness,efb672880ee0ff1680cafed70e33ce265ddcc65e24e6b7c44c7798d6500b08df,grouped_risk_output_compact,fddf27fbe61a255d005bf7833cc7779aea0b14df027e31641f7a0b8e0de887ca,extrasensory-p2-fold3-seed47-v2_multiseed,0.9,0.9000092584019999,77768,0.4451085756248069,0.5670584409000708,0.7398877545137574,778496,mean_binary_certainty,0.2412122844038646
V3-3,P2,3,47,natural_missingness,efb672880ee0ff1680cafed70e33ce265ddcc65e24e6b7c44c7798d6500b08df,grouped_risk_output_compact,fddf27fbe61a255d005bf7833cc7779aea0b14df027e31641f7a0b8e0de887ca,extrasensory-p2-fold3-seed47-v2_multiseed,0.95,0.950004629201,82088,0.452707886519462,0.5572571740105959,0.7308408578552662,817342,mean_binary_certainty,0.2010142300644093
V3-3,P2,3,47,natural_missingness,efb672880ee0ff1680cafed70e33ce265ddcc65e24e6b7c44c7798d6500b08df,grouped_risk_output_compact,fddf27fbe61a255d005bf7833cc7779aea0b14df027e31641f7a0b8e0de887ca,extrasensory-p2-fold3-seed47-v2_multiseed,1.0,1.0,86408,0.4612080525665025,0.5465091951413192,0.7210616321225802,856815,mean_binary_certainty,0.0247457336406248
V3-3,P2,3,47,natural_missingness,efb672880ee0ff1680cafed70e33ce265ddcc65e24e6b7c44c7798d6500b08df,grouped_risk_output_compact,fddf27fbe61a255d005bf7833cc7779aea0b14df027e31641f7a0b8e0de887ca,extrasensory-p2-fold3-seed47-v2_multiseed,0.05,0.0500069438014998,4321,0.3982203521389021,0.4993941546163875,0.7387185669996555,44035,p2_system_reliability,0.9968308806419371
V3-3,P2,3,47,natural_missingness,efb672880ee0ff1680cafed70e33ce265ddcc65e24e6b7c44c7798d6500b08df,grouped_risk_output_compact,fddf27fbe61a255d005bf7833cc7779aea0b14df027e31641f7a0b8e0de887ca,extrasensory-p2-fold3-seed47-v2_multiseed,0.1,0.1000023146004999,8641,0.3994361091468965,0.5190869278132852,0.7370278077932388,87544,p2_system_reliability,0.9959814548492432
V3-3,P2,3,47,natural_missingness,efb672880ee0ff1680cafed70e33ce265ddcc65e24e6b7c44c7798d6500b08df,grouped_risk_output_compact,fddf27fbe61a255d005bf7833cc7779aea0b14df027e31641f7a0b8e0de887ca,extrasensory-p2-fold3-seed47-v2_multiseed,0.15,0.1500092584019998,12962,0.3997236718787557,0.5337442866474658,0.7384748467538665,130838,p2_system_reliability,0.9952472448349
V3-3,P2,3,47,natural_missingness,efb672880ee0ff1680cafed70e33ce265ddcc65e24e6b7c44c7798d6500b08df,grouped_risk_output_compact,fddf27fbe61a255d005bf7833cc7779aea0b14df027e31641f7a0b8e0de887ca,extrasensory-p2-fold3-seed47-v2_multiseed,0.2,0.2000046292009999,17282,0.4023089975173328,0.5422921802126499,0.7386057013830087,173661,p2_system_reliability,0.9945087432861328
V3-3,P2,3,47,natural_missingness,efb672880ee0ff1680cafed70e33ce265ddcc65e24e6b7c44c7798d6500b08df,grouped_risk_output_compact,fddf27fbe61a255d005bf7833cc7779aea0b14df027e31641f7a0b8e0de887ca,extrasensory-p2-fold3-seed47-v2_multiseed,0.25,0.25,21602,0.4079602233549109,0.5476416977331807,0.7386986270251606,216436,p2_system_reliability,0.9938008785247804
V3-3,P2,3,47,natural_missingness,efb672880ee0ff1680cafed70e33ce265ddcc65e24e6b7c44c7798d6500b08df,grouped_risk_output_compact,fddf27fbe61a255d005bf7833cc7779aea0b14df027e31641f7a0b8e0de887ca,extrasensory-p2-fold3-seed47-v2_multiseed,0.3,0.3000069438014998,25923,0.4183080064873914,0.5512934133775025,0.7384224576561228,258056,p2_system_reliability,0.9930884838104248
V3-3,P2,3,47,natural_missingness,efb672880ee0ff1680cafed70e33ce265ddcc65e24e6b7c44c7798d6500b08df,grouped_risk_output_compact,fddf27fbe61a255d005bf7833cc7779aea0b14df027e31641f7a0b8e0de887ca,extrasensory-p2-fold3-seed47-v2_multiseed,0.35,0.3500023146004999,30243,0.4262763288702282,0.5512962549628339,0.7379240671337787,300112,p2_system_reliability,0.9923700094223022
V3-3,P2,3,47,natural_missingness,efb672880ee0ff1680cafed70e33ce265ddcc65e24e6b7c44c7798d6500b08df,grouped_risk_output_compact,fddf27fbe61a255d005bf7833cc7779aea0b14df027e31641f7a0b8e0de887ca,extrasensory-p2-fold3-seed47-v2_multiseed,0.4,0.4000092584019998,34564,0.434463532724465,0.550122898553917,0.7356203603696274,341357,p2_system_reliability,0.991604208946228
V3-3,P2,3,47,natural_missingness,efb672880ee0ff1680cafed70e33ce265ddcc65e24e6b7c44c7798d6500b08df,grouped_risk_output_compact,fddf27fbe61a255d005bf7833cc7779aea0b14df027e31641f7a0b8e0de887ca,extrasensory-p2-fold3-seed47-v2_multiseed,0.45,0.4500046292009999,38884,0.4397730081195528,0.5483184818972824,0.7329174214822203,382882,p2_system_reliability,0.99076247215271
V3-3,P2,3,47,natural_missingness,efb672880ee0ff1680cafed70e33ce265ddcc65e24e6b7c44c7798d6500b08df,grouped_risk_output_compact,fddf27fbe61a255d005bf7833cc7779aea0b14df027e31641f7a0b8e0de887ca,extrasensory-p2-fold3-seed47-v2_multiseed,0.5,0.5,43204,0.4432327443049112,0.5484726103462573,0.7321100328668412,424047,p2_system_reliability,0.9898800253868104
V3-3,P2,3,47,natural_missingness,efb672880ee0ff1680cafed70e33ce265ddcc65e24e6b7c44c7798d6500b08df,grouped_risk_output_compact,fddf27fbe61a255d005bf7833cc7779aea0b14df027e31641f7a0b8e0de887ca,extrasensory-p2-fold3-seed47-v2_multiseed,0.55,0.5500069438014998,47525,0.4470938410553968,0.5457177236498717,0.7300593028783999,465017,p2_system_reliability,0.9889523983001708
V3-3,P2,3,47,natural_missingness,efb672880ee0ff1680cafed70e33ce265ddcc65e24e6b7c44c7798d6500b08df,grouped_risk_output_compact,fddf27fbe61a255d005bf7833cc7779aea0b14df027e31641f7a0b8e0de887ca,extrasensory-p2-fold3-seed47-v2_multiseed,0.6,0.6000023146004999,51845,0.4516674284064963,0.5458748834953534,0.727602135792917,505742,p2_system_reliability,0.9878451228141784
V3-3,P2,3,47,natural_missingness,efb672880ee0ff1680cafed70e33ce265ddcc65e24e6b7c44c7798d6500b08df,grouped_risk_output_compact,fddf27fbe61a255d005bf7833cc7779aea0b14df027e31641f7a0b8e0de887ca,extrasensory-p2-fold3-seed47-v2_multiseed,0.65,0.6500092584019999,56166,0.4580168643679371,0.5460998800956739,0.723734800190464,545182,p2_system_reliability,0.9865621328353882
V3-3,P2,3,47,natural_missingness,efb672880ee0ff1680cafed70e33ce265ddcc65e24e6b7c44c7798d6500b08df,grouped_risk_output_compact,fddf27fbe61a255d005bf7833cc7779aea0b14df027e31641f7a0b8e0de887ca,extrasensory-p2-fold3-seed47-v2_multiseed,0.7,0.7000046292009999,60486,0.465543444130215,0.5440886574231606,0.7189228307561564,584064,p2_system_reliability,0.984969198703766
V3-3,P2,3,47,natural_missingness,efb672880ee0ff1680cafed70e33ce265ddcc65e24e6b7c44c7798d6500b08df,grouped_risk_output_compact,fddf27fbe61a255d005bf7833cc7779aea0b14df027e31641f7a0b8e0de887ca,extrasensory-p2-fold3-seed47-v2_multiseed,0.75,0.75,64806,0.4693886935384291,0.5432436872655475,0.7153892745655314,625292,p2_system_reliability,0.9829109907150269
V3-3,P2,3,47,natural_missingness,efb672880ee0ff1680cafed70e33ce265ddcc65e24e6b7c44c7798d6500b08df,grouped_risk_output_compact,fddf27fbe61a255d005bf7833cc7779aea0b14df027e31641f7a0b8e0de887ca,extrasensory-p2-fold3-seed47-v2_multiseed,0.8,0.8000069438014998,69127,0.4693345970675315,0.5434336853317615,0.7146824231392174,669180,p2_system_reliability,0.9802091121673584
V3-3,P2,3,47,natural_missingness,efb672880ee0ff1680cafed70e33ce265ddcc65e24e6b7c44c7798d6500b08df,grouped_risk_output_compact,fddf27fbe61a255d005bf7833cc7779aea0b14df027e31641f7a0b8e0de887ca,extrasensory-p2-fold3-seed47-v2_multiseed,0.85,0.8500023146004999,73447,0.4675080184167964,0.5446901913851829,0.7178594038261418,715931,p2_system_reliability,0.977397918701172
V3-3,P2,3,47,natural_missingness,efb672880ee0ff1680cafed70e33ce265ddcc65e24e6b7c44c7798d6500b08df,grouped_risk_output_compact,fddf27fbe61a255d005bf7833cc7779aea0b14df027e31641f7a0b8e0de887ca,extrasensory-p2-fold3-seed47-v2_multiseed,0.9,0.9000092584019999,77768,0.4651769094218302,0.5461760561823262,0.7214361999694858,764490,p2_system_reliability,0.9738093614578248
V3-3,P2,3,47,natural_missingness,efb672880ee0ff1680cafed70e33ce265ddcc65e24e6b7c44c7798d6500b08df,grouped_risk_output_compact,fddf27fbe61a255d005bf7833cc7779aea0b14df027e31641f7a0b8e0de887ca,extrasensory-p2-fold3-seed47-v2_multiseed,0.95,0.950004629201,82088,0.46328084016617,0.5472878395964141,0.7222874392084522,812547,p2_system_reliability,0.9660580158233644
V3-3,P2,3,47,natural_missingness,efb672880ee0ff1680cafed70e33ce265ddcc65e24e6b7c44c7798d6500b08df,grouped_risk_output_compact,fddf27fbe61a255d005bf7833cc7779aea0b14df027e31641f7a0b8e0de887ca,extrasensory-p2-fold3-seed47-v2_multiseed,1.0,1.0,86408,0.4612080525665025,0.5465091951413192,0.7210616321225802,856815,p2_system_reliability,0.8412141799926758
V3-3,P2,3,47,natural_missingness,efb672880ee0ff1680cafed70e33ce265ddcc65e24e6b7c44c7798d6500b08df,grouped_risk_output_compact,fddf27fbe61a255d005bf7833cc7779aea0b14df027e31641f7a0b8e0de887ca,extrasensory-p2-fold3-seed47-v2_multiseed,0.05,0.0500069438014998,4321,0.1732185398523391,0.5334679410679724,0.950915850871508,50231,grouped_risk_output_compact,0.4459024890041716
V3-3,P2,3,47,natural_missingness,efb672880ee0ff1680cafed70e33ce265ddcc65e24e6b7c44c7798d6500b08df,grouped_risk_output_compact,fddf27fbe61a255d005bf7833cc7779aea0b14df027e31641f7a0b8e0de887ca,extrasensory-p2-fold3-seed47-v2_multiseed,0.1,0.1000023146004999,8641,0.2299934401485695,0.6896673958690804,0.9471616026945476,99030,grouped_risk_output_compact,0.4329209231931886
V3-3,P2,3,47,natural_missingness,efb672880ee0ff1680cafed70e33ce265ddcc65e24e6b7c44c7798d6500b08df,grouped_risk_output_compact,fddf27fbe61a255d005bf7833cc7779aea0b14df027e31641f7a0b8e0de887ca,extrasensory-p2-fold3-seed47-v2_multiseed,0.15,0.1500092584019998,12962,0.2748440106271607,0.6924589888629629,0.9340895565892228,143779,grouped_risk_output_compact,0.4229207933684754
V3-3,P2,3,47,natural_missingness,efb672880ee0ff1680cafed70e33ce265ddcc65e24e6b7c44c7798d6500b08df,grouped_risk_output_compact,fddf27fbe61a255d005bf7833cc7779aea0b14df027e31641f7a0b8e0de887ca,extrasensory-p2-fold3-seed47-v2_multiseed,0.2,0.2000046292009999,17282,0.2929241186722436,0.6946690284072494,0.922437128272374,188878,grouped_risk_output_compact,0.4131092796696562
V3-3,P2,3,47,natural_missingness,efb672880ee0ff1680cafed70e33ce265ddcc65e24e6b7c44c7798d6500b08df,grouped_risk_output_compact,fddf27fbe61a255d005bf7833cc7779aea0b14df027e31641f7a0b8e0de887ca,extrasensory-p2-fold3-seed47-v2_multiseed,0.25,0.25,21602,0.3062326931701623,0.6882578339552808,0.9093448353021968,234097,grouped_risk_output_compact,0.4047818942348879
V3-3,P2,3,47,natural_missingness,efb672880ee0ff1680cafed70e33ce265ddcc65e24e6b7c44c7798d6500b08df,grouped_risk_output_compact,fddf27fbe61a255d005bf7833cc7779aea0b14df027e31641f7a0b8e0de887ca,extrasensory-p2-fold3-seed47-v2_multiseed,0.3,0.3000069438014998,25923,0.3157447101660422,0.6800223203248906,0.8950538684330323,278635,grouped_risk_output_compact,0.3976436907656121
V3-3,P2,3,47,natural_missingness,efb672880ee0ff1680cafed70e33ce265ddcc65e24e6b7c44c7798d6500b08df,grouped_risk_output_compact,fddf27fbe61a255d005bf7833cc7779aea0b14df027e31641f7a0b8e0de887ca,extrasensory-p2-fold3-seed47-v2_multiseed,0.35,0.3500023146004999,30243,0.3263398614452904,0.6682049933505229,0.8809044501485306,323036,grouped_risk_output_compact,0.3917720707092408
V3-3,P2,3,47,natural_missingness,efb672880ee0ff1680cafed70e33ce265ddcc65e24e6b7c44c7798d6500b08df,grouped_risk_output_compact,fddf27fbe61a255d005bf7833cc7779aea0b14df027e31641f7a0b8e0de887ca,extrasensory-p2-fold3-seed47-v2_multiseed,0.4,0.4000092584019998,34564,0.334118259794732,0.6623918235998401,0.8670152237428879,367129,grouped_risk_output_compact,0.386771084675576
V3-3,P2,3,47,natural_missingness,efb672880ee0ff1680cafed70e33ce265ddcc65e24e6b7c44c7798d6500b08df,grouped_risk_output_compact,fddf27fbe61a255d005bf7833cc7779aea0b14df027e31641f7a0b8e0de887ca,extrasensory-p2-fold3-seed47-v2_multiseed,0.45,0.4500046292009999,38884,0.3447756706514646,0.6515003087781606,0.8526400999144251,410213,grouped_risk_output_compact,0.3823478817567086
V3-3,P2,3,47,natural_missingness,efb672880ee0ff1680cafed70e33ce265ddcc65e24e6b7c44c7798d6500b08df,grouped_risk_output_compact,fddf27fbe61a255d005bf7833cc7779aea0b14df027e31641f7a0b8e0de887ca,extrasensory-p2-fold3-seed47-v2_multiseed,0.5,0.5,43204,0.3564903511574632,0.6410850404140294,0.8381838365334695,452514,grouped_risk_output_compact,0.3783480619919111
V3-3,P2,3,47,natural_missingness,efb672880ee0ff1680cafed70e33ce265ddcc65e24e6b7c44c7798d6500b08df,grouped_risk_output_compact,fddf27fbe61a255d005bf7833cc7779aea0b14df027e31641f7a0b8e0de887ca,extrasensory-p2-fold3-seed47-v2_multiseed,0.55,0.5500069438014998,47525,0.3687254483530345,0.6289113942484743,0.8240785838694217,493159,grouped_risk_output_compact,0.3746774781515746
V3-3,P2,3,47,natural_missingness,efb672880ee0ff1680cafed70e33ce265ddcc65e24e6b7c44c7798d6500b08df,grouped_risk_output_compact,fddf27fbe61a255d005bf7833cc7779aea0b14df027e31641f7a0b8e0de887ca,extrasensory-p2-fold3-seed47-v2_multiseed,0.6,0.6000023146004999,51845,0.3803112882500731,0.619092000741208,0.8110084959549976,532589,grouped_risk_output_compact,0.3713260009478008
V3-3,P2,3,47,natural_missingness,efb672880ee0ff1680cafed70e33ce265ddcc65e24e6b7c44c7798d6500b08df,grouped_risk_output_compact,fddf27fbe61a255d005bf7833cc7779aea0b14df027e31641f7a0b8e0de887ca,extrasensory-p2-fold3-seed47-v2_multiseed,0.65,0.6500092584019999,56166,0.392738153345196,0.6073001535108211,0.7979485161679856,571596,grouped_risk_output_compact,0.368162120369547
V3-3,P2,3,47,natural_missingness,efb672880ee0ff1680cafed70e33ce265ddcc65e24e6b7c44c7798d6500b08df,grouped_risk_output_compact,fddf27fbe61a255d005bf7833cc7779aea0b14df027e31641f7a0b8e0de887ca,extrasensory-p2-fold3-seed47-v2_multiseed,0.7,0.7000046292009999,60486,0.4038190798283467,0.5982371909141383,0.7856792919813451,611656,grouped_risk_output_compact,0.3651814506416999
V3-3,P2,3,47,natural_missingness,efb672880ee0ff1680cafed70e33ce265ddcc65e24e6b7c44c7798d6500b08df,grouped_risk_output_compact,fddf27fbe61a255d005bf7833cc7779aea0b14df027e31641f7a0b8e0de887ca,extrasensory-p2-fold3-seed47-v2_multiseed,0.75,0.75,64806,0.4135835435945507,0.587738225027837,0.7742199421283509,653267,grouped_risk_output_compact,0.3622093681878808
V3-3,P2,3,47,natural_missingness,efb672880ee0ff1680cafed70e33ce265ddcc65e24e6b7c44c7798d6500b08df,grouped_risk_output_compact,fddf27fbe61a255d005bf7833cc7779aea0b14df027e31641f7a0b8e0de887ca,extrasensory-p2-fold3-seed47-v2_multiseed,0.8,0.8000069438014998,69127,0.4227218492839811,0.5801874948233617,0.7635922248259353,695300,grouped_risk_output_compact,0.3593988560063118
V3-3,P2,3,47,natural_missingness,efb672880ee0ff1680cafed70e33ce265ddcc65e24e6b7c44c7798d6500b08df,grouped_risk_output_compact,fddf27fbe61a255d005bf7833cc7779aea0b14df027e31641f7a0b8e0de887ca,extrasensory-p2-fold3-seed47-v2_multiseed,0.85,0.8500023146004999,73447,0.4319762039527785,0.572786287299992,0.7531414716703849,736728,grouped_risk_output_compact,0.3565221116229336
V3-3,P2,3,47,natural_missingness,efb672880ee0ff1680cafed70e33ce265ddcc65e24e6b7c44c7798d6500b08df,grouped_risk_output_compact,fddf27fbe61a255d005bf7833cc7779aea0b14df027e31641f7a0b8e0de887ca,extrasensory-p2-fold3-seed47-v2_multiseed,0.9,0.9000092584019999,77768,0.4418824953583262,0.5647155944381294,0.7421117769181141,778174,grouped_risk_output_compact,0.3533776160490485
V3-3,P2,3,47,natural_missingness,efb672880ee0ff1680cafed70e33ce265ddcc65e24e6b7c44c7798d6500b08df,grouped_risk_output_compact,fddf27fbe61a255d005bf7833cc7779aea0b14df027e31641f7a0b8e0de887ca,extrasensory-p2-fold3-seed47-v2_multiseed,0.95,0.950004629201,82088,0.4517281574464629,0.5555850804113782,0.7318854249997016,817818,grouped_risk_output_compact,0.3494737604483023
V3-3,P2,3,47,natural_missingness,efb672880ee0ff1680cafed70e33ce265ddcc65e24e6b7c44c7798d6500b08df,grouped_risk_output_compact,fddf27fbe61a255d005bf7833cc7779aea0b14df027e31641f7a0b8e0de887ca,extrasensory-p2-fold3-seed47-v2_multiseed,1.0,1.0,86408,0.4612080525665025,0.5465091951413192,0.7210616321225802,856815,grouped_risk_output_compact,0.3261265848883428
V3-3,P2,3,47,natural_missingness,efb672880ee0ff1680cafed70e33ce265ddcc65e24e6b7c44c7798d6500b08df,grouped_risk_output_compact,fddf27fbe61a255d005bf7833cc7779aea0b14df027e31641f7a0b8e0de887ca,extrasensory-p2-fold3-seed47-v2_multiseed,0.05,0.0500069438014998,4321,0.1702067082789538,0.6800101203916025,0.9522156422299368,50434,grouped_risk_full_compact,0.4446823077402301
V3-3,P2,3,47,natural_missingness,efb672880ee0ff1680cafed70e33ce265ddcc65e24e6b7c44c7798d6500b08df,grouped_risk_output_compact,fddf27fbe61a255d005bf7833cc7779aea0b14df027e31641f7a0b8e0de887ca,extrasensory-p2-fold3-seed47-v2_multiseed,0.1,0.1000023146004999,8641,0.2317379893687138,0.6896993965941578,0.9497134470226448,99596,grouped_risk_full_compact,0.4322514214820808
V3-3,P2,3,47,natural_missingness,efb672880ee0ff1680cafed70e33ce265ddcc65e24e6b7c44c7798d6500b08df,grouped_risk_output_compact,fddf27fbe61a255d005bf7833cc7779aea0b14df027e31641f7a0b8e0de887ca,extrasensory-p2-fold3-seed47-v2_multiseed,0.15,0.1500092584019998,12962,0.2697439387101505,0.7057692754153517,0.9362453441687224,144944,grouped_risk_full_compact,0.4222586269328335
V3-3,P2,3,47,natural_missingness,efb672880ee0ff1680cafed70e33ce265ddcc65e24e6b7c44c7798d6500b08df,grouped_risk_output_compact,fddf27fbe61a255d005bf7833cc7779aea0b14df027e31641f7a0b8e0de887ca,extrasensory-p2-fold3-seed47-v2_multiseed,0.2,0.2000046292009999,17282,0.2924987985296284,0.7000722496414173,0.9231762065095398,189539,grouped_risk_full_compact,0.4130884694153632
V3-3,P2,3,47,natural_missingness,efb672880ee0ff1680cafed70e33ce265ddcc65e24e6b7c44c7798d6500b08df,grouped_risk_output_compact,fddf27fbe61a255d005bf7833cc7779aea0b14df027e31641f7a0b8e0de887ca,extrasensory-p2-fold3-seed47-v2_multiseed,0.25,0.25,21602,0.3054203721111264,0.69359535976529,0.9099354201547756,234513,grouped_risk_full_compact,0.4052587386997666
V3-3,P2,3,47,natural_missingness,efb672880ee0ff1680cafed70e33ce265ddcc65e24e6b7c44c7798d6500b08df,grouped_risk_output_compact,fddf27fbe61a255d005bf7833cc7779aea0b14df027e31641f7a0b8e0de887ca,extrasensory-p2-fold3-seed47-v2_multiseed,0.3,0.3000069438014998,25923,0.3147050542762786,0.6842768422374941,0.8951689648156778,280389,grouped_risk_full_compact,0.3982688264448468
V3-3,P2,3,47,natural_missingness,efb672880ee0ff1680cafed70e33ce265ddcc65e24e6b7c44c7798d6500b08df,grouped_risk_output_compact,fddf27fbe61a255d005bf7833cc7779aea0b14df027e31641f7a0b8e0de887ca,extrasensory-p2-fold3-seed47-v2_multiseed,0.35,0.3500023146004999,30243,0.3243483200512438,0.6720467340775227,0.8809852974076857,324944,grouped_risk_full_compact,0.3925088147767639
V3-3,P2,3,47,natural_missingness,efb672880ee0ff1680cafed70e33ce265ddcc65e24e6b7c44c7798d6500b08df,grouped_risk_output_compact,fddf27fbe61a255d005bf7833cc7779aea0b14df027e31641f7a0b8e0de887ca,extrasensory-p2-fold3-seed47-v2_multiseed,0.4,0.4000092584019998,34564,0.3340373972337475,0.6678219351469868,0.8670353891995591,369122,grouped_risk_full_compact,0.3876032268589625
V3-3,P2,3,47,natural_missingness,efb672880ee0ff1680cafed70e33ce265ddcc65e24e6b7c44c7798d6500b08df,grouped_risk_output_compact,fddf27fbe61a255d005bf7833cc7779aea0b14df027e31641f7a0b8e0de887ca,extrasensory-p2-fold3-seed47-v2_multiseed,0.45,0.4500046292009999,38884,0.3442348984479191,0.6580315071033875,0.8534481964343299,412437,grouped_risk_full_compact,0.3831350937880431
V3-3,P2,3,47,natural_missingness,efb672880ee0ff1680cafed70e33ce265ddcc65e24e6b7c44c7798d6500b08df,grouped_risk_output_compact,fddf27fbe61a255d005bf7833cc7779aea0b14df027e31641f7a0b8e0de887ca,extrasensory-p2-fold3-seed47-v2_multiseed,0.5,0.5,43204,0.3557776202318427,0.6472872873504446,0.8395976173160755,455186,grouped_risk_full_compact,0.379142304336267
V3-3,P2,3,47,natural_missingness,efb672880ee0ff1680cafed70e33ce265ddcc65e24e6b7c44c7798d6500b08df,grouped_risk_output_compact,fddf27fbe61a255d005bf7833cc7779aea0b14df027e31641f7a0b8e0de887ca,extrasensory-p2-fold3-seed47-v2_multiseed,0.55,0.5500069438014998,47525,0.3676422030262883,0.6359857627469186,0.8261423926397011,496566,grouped_risk_full_compact,0.3754599447475875
V3-3,P2,3,47,natural_missingness,efb672880ee0ff1680cafed70e33ce265ddcc65e24e6b7c44c7798d6500b08df,grouped_risk_output_compact,fddf27fbe61a255d005bf7833cc7779aea0b14df027e31641f7a0b8e0de887ca,extrasensory-p2-fold3-seed47-v2_multiseed,0.6,0.6000023146004999,51845,0.3790804135802803,0.6240841083915064,0.8134578793840798,537671,grouped_risk_full_compact,0.3720795538280315
V3-3,P2,3,47,natural_missingness,efb672880ee0ff1680cafed70e33ce265ddcc65e24e6b7c44c7798d6500b08df,grouped_risk_output_compact,fddf27fbe61a255d005bf7833cc7779aea0b14df027e31641f7a0b8e0de887ca,extrasensory-p2-fold3-seed47-v2_multiseed,0.65,0.6500092584019999,56166,0.3898056368509104,0.6120071271103179,0.8000805328590843,578841,grouped_risk_full_compact,0.3687742094676133
V3-3,P2,3,47,natural_missingness,efb672880ee0ff1680cafed70e33ce265ddcc65e24e6b7c44c7798d6500b08df,grouped_risk_output_compact,fddf27fbe61a255d005bf7833cc7779aea0b14df027e31641f7a0b8e0de887ca,extrasensory-p2-fold3-seed47-v2_multiseed,0.7,0.7000046292009999,60486,0.4010295114800913,0.6018758738985921,0.7878061441177858,619581,grouped_risk_full_compact,0.3657079823692783
V3-3,P2,3,47,natural_missingness,efb672880ee0ff1680cafed70e33ce265ddcc65e24e6b7c44c7798d6500b08df,grouped_risk_output_compact,fddf27fbe61a255d005bf7833cc7779aea0b14df027e31641f7a0b8e0de887ca,extrasensory-p2-fold3-seed47-v2_multiseed,0.75,0.75,64806,0.4119049945438272,0.59217851900493,0.7764485062718524,659838,grouped_risk_full_compact,0.36272610291662
V3-3,P2,3,47,natural_missingness,efb672880ee0ff1680cafed70e33ce265ddcc65e24e6b7c44c7798d6500b08df,grouped_risk_output_compact,fddf27fbe61a255d005bf7833cc7779aea0b14df027e31641f7a0b8e0de887ca,extrasensory-p2-fold3-seed47-v2_multiseed,0.8,0.8000069438014998,69127,0.4215939735578434,0.584536332725961,0.765875166952605,700454,grouped_risk_full_compact,0.3597499323037605
V3-3,P2,3,47,natural_missingness,efb672880ee0ff1680cafed70e33ce265ddcc65e24e6b7c44c7798d6500b08df,grouped_risk_output_compact,fddf27fbe61a255d005bf7833cc7779aea0b14df027e31641f7a0b8e0de887ca,extrasensory-p2-fold3-seed47-v2_multiseed,0.85,0.8500023146004999,73447,0.4312196609418928,0.574433074303358,0.7544342192524248,741365,grouped_risk_full_compact,0.3566000424904422
V3-3,P2,3,47,natural_missingness,efb672880ee0ff1680cafed70e33ce265ddcc65e24e6b7c44c7798d6500b08df,grouped_risk_output_compact,fddf27fbe61a255d005bf7833cc7779aea0b14df027e31641f7a0b8e0de887ca,extrasensory-p2-fold3-seed47-v2_multiseed,0.9,0.9000092584019999,77768,0.4409956254473717,0.565793470489766,0.7432887460225666,781925,grouped_risk_full_compact,0.3530942864138173
V3-3,P2,3,47,natural_missingness,efb672880ee0ff1680cafed70e33ce265ddcc65e24e6b7c44c7798d6500b08df,grouped_risk_output_compact,fddf27fbe61a255d005bf7833cc7779aea0b14df027e31641f7a0b8e0de887ca,extrasensory-p2-fold3-seed47-v2_multiseed,0.95,0.950004629201,82088,0.4514056012181922,0.5557847074771453,0.7318875249636405,821371,grouped_risk_full_compact,0.3487704779015985
V3-3,P2,3,47,natural_missingness,efb672880ee0ff1680cafed70e33ce265ddcc65e24e6b7c44c7798d6500b08df,grouped_risk_output_compact,fddf27fbe61a255d005bf7833cc7779aea0b14df027e31641f7a0b8e0de887ca,extrasensory-p2-fold3-seed47-v2_multiseed,1.0,1.0,86408,0.4612080525665025,0.5465091951413192,0.7210616321225802,856815,grouped_risk_full_compact,0.3251984871318659
V3-3,P2,3,47,natural_missingness,efb672880ee0ff1680cafed70e33ce265ddcc65e24e6b7c44c7798d6500b08df,grouped_risk_output_compact,fddf27fbe61a255d005bf7833cc7779aea0b14df027e31641f7a0b8e0de887ca,extrasensory-p2-fold3-seed47-v2_multiseed,0.05,0.0500069438014998,4321,0.1732185398523391,0.5334679410679724,0.950915850871508,50231,grouped_risk_selected,0.4459024890041716
V3-3,P2,3,47,natural_missingness,efb672880ee0ff1680cafed70e33ce265ddcc65e24e6b7c44c7798d6500b08df,grouped_risk_output_compact,fddf27fbe61a255d005bf7833cc7779aea0b14df027e31641f7a0b8e0de887ca,extrasensory-p2-fold3-seed47-v2_multiseed,0.1,0.1000023146004999,8641,0.2299934401485695,0.6896673958690804,0.9471616026945476,99030,grouped_risk_selected,0.4329209231931886
V3-3,P2,3,47,natural_missingness,efb672880ee0ff1680cafed70e33ce265ddcc65e24e6b7c44c7798d6500b08df,grouped_risk_output_compact,fddf27fbe61a255d005bf7833cc7779aea0b14df027e31641f7a0b8e0de887ca,extrasensory-p2-fold3-seed47-v2_multiseed,0.15,0.1500092584019998,12962,0.2748440106271607,0.6924589888629629,0.9340895565892228,143779,grouped_risk_selected,0.4229207933684754
V3-3,P2,3,47,natural_missingness,efb672880ee0ff1680cafed70e33ce265ddcc65e24e6b7c44c7798d6500b08df,grouped_risk_output_compact,fddf27fbe61a255d005bf7833cc7779aea0b14df027e31641f7a0b8e0de887ca,extrasensory-p2-fold3-seed47-v2_multiseed,0.2,0.2000046292009999,17282,0.2929241186722436,0.6946690284072494,0.922437128272374,188878,grouped_risk_selected,0.4131092796696562
V3-3,P2,3,47,natural_missingness,efb672880ee0ff1680cafed70e33ce265ddcc65e24e6b7c44c7798d6500b08df,grouped_risk_output_compact,fddf27fbe61a255d005bf7833cc7779aea0b14df027e31641f7a0b8e0de887ca,extrasensory-p2-fold3-seed47-v2_multiseed,0.25,0.25,21602,0.3062326931701623,0.6882578339552808,0.9093448353021968,234097,grouped_risk_selected,0.4047818942348879
V3-3,P2,3,47,natural_missingness,efb672880ee0ff1680cafed70e33ce265ddcc65e24e6b7c44c7798d6500b08df,grouped_risk_output_compact,fddf27fbe61a255d005bf7833cc7779aea0b14df027e31641f7a0b8e0de887ca,extrasensory-p2-fold3-seed47-v2_multiseed,0.3,0.3000069438014998,25923,0.3157447101660422,0.6800223203248906,0.8950538684330323,278635,grouped_risk_selected,0.3976436907656121
V3-3,P2,3,47,natural_missingness,efb672880ee0ff1680cafed70e33ce265ddcc65e24e6b7c44c7798d6500b08df,grouped_risk_output_compact,fddf27fbe61a255d005bf7833cc7779aea0b14df027e31641f7a0b8e0de887ca,extrasensory-p2-fold3-seed47-v2_multiseed,0.35,0.3500023146004999,30243,0.3263398614452904,0.6682049933505229,0.8809044501485306,323036,grouped_risk_selected,0.3917720707092408
V3-3,P2,3,47,natural_missingness,efb672880ee0ff1680cafed70e33ce265ddcc65e24e6b7c44c7798d6500b08df,grouped_risk_output_compact,fddf27fbe61a255d005bf7833cc7779aea0b14df027e31641f7a0b8e0de887ca,extrasensory-p2-fold3-seed47-v2_multiseed,0.4,0.4000092584019998,34564,0.334118259794732,0.6623918235998401,0.8670152237428879,367129,grouped_risk_selected,0.386771084675576
V3-3,P2,3,47,natural_missingness,efb672880ee0ff1680cafed70e33ce265ddcc65e24e6b7c44c7798d6500b08df,grouped_risk_output_compact,fddf27fbe61a255d005bf7833cc7779aea0b14df027e31641f7a0b8e0de887ca,extrasensory-p2-fold3-seed47-v2_multiseed,0.45,0.4500046292009999,38884,0.3447756706514646,0.6515003087781606,0.8526400999144251,410213,grouped_risk_selected,0.3823478817567086
V3-3,P2,3,47,natural_missingness,efb672880ee0ff1680cafed70e33ce265ddcc65e24e6b7c44c7798d6500b08df,grouped_risk_output_compact,fddf27fbe61a255d005bf7833cc7779aea0b14df027e31641f7a0b8e0de887ca,extrasensory-p2-fold3-seed47-v2_multiseed,0.5,0.5,43204,0.3564903511574632,0.6410850404140294,0.8381838365334695,452514,grouped_risk_selected,0.3783480619919111
V3-3,P2,3,47,natural_missingness,efb672880ee0ff1680cafed70e33ce265ddcc65e24e6b7c44c7798d6500b08df,grouped_risk_output_compact,fddf27fbe61a255d005bf7833cc7779aea0b14df027e31641f7a0b8e0de887ca,extrasensory-p2-fold3-seed47-v2_multiseed,0.55,0.5500069438014998,47525,0.3687254483530345,0.6289113942484743,0.8240785838694217,493159,grouped_risk_selected,0.3746774781515746
V3-3,P2,3,47,natural_missingness,efb672880ee0ff1680cafed70e33ce265ddcc65e24e6b7c44c7798d6500b08df,grouped_risk_output_compact,fddf27fbe61a255d005bf7833cc7779aea0b14df027e31641f7a0b8e0de887ca,extrasensory-p2-fold3-seed47-v2_multiseed,0.6,0.6000023146004999,51845,0.3803112882500731,0.619092000741208,0.8110084959549976,532589,grouped_risk_selected,0.3713260009478008
V3-3,P2,3,47,natural_missingness,efb672880ee0ff1680cafed70e33ce265ddcc65e24e6b7c44c7798d6500b08df,grouped_risk_output_compact,fddf27fbe61a255d005bf7833cc7779aea0b14df027e31641f7a0b8e0de887ca,extrasensory-p2-fold3-seed47-v2_multiseed,0.65,0.6500092584019999,56166,0.392738153345196,0.6073001535108211,0.7979485161679856,571596,grouped_risk_selected,0.368162120369547
V3-3,P2,3,47,natural_missingness,efb672880ee0ff1680cafed70e33ce265ddcc65e24e6b7c44c7798d6500b08df,grouped_risk_output_compact,fddf27fbe61a255d005bf7833cc7779aea0b14df027e31641f7a0b8e0de887ca,extrasensory-p2-fold3-seed47-v2_multiseed,0.7,0.7000046292009999,60486,0.4038190798283467,0.5982371909141383,0.7856792919813451,611656,grouped_risk_selected,0.3651814506416999
V3-3,P2,3,47,natural_missingness,efb672880ee0ff1680cafed70e33ce265ddcc65e24e6b7c44c7798d6500b08df,grouped_risk_output_compact,fddf27fbe61a255d005bf7833cc7779aea0b14df027e31641f7a0b8e0de887ca,extrasensory-p2-fold3-seed47-v2_multiseed,0.75,0.75,64806,0.4135835435945507,0.587738225027837,0.7742199421283509,653267,grouped_risk_selected,0.3622093681878808
V3-3,P2,3,47,natural_missingness,efb672880ee0ff1680cafed70e33ce265ddcc65e24e6b7c44c7798d6500b08df,grouped_risk_output_compact,fddf27fbe61a255d005bf7833cc7779aea0b14df027e31641f7a0b8e0de887ca,extrasensory-p2-fold3-seed47-v2_multiseed,0.8,0.8000069438014998,69127,0.4227218492839811,0.5801874948233617,0.7635922248259353,695300,grouped_risk_selected,0.3593988560063118
V3-3,P2,3,47,natural_missingness,efb672880ee0ff1680cafed70e33ce265ddcc65e24e6b7c44c7798d6500b08df,grouped_risk_output_compact,fddf27fbe61a255d005bf7833cc7779aea0b14df027e31641f7a0b8e0de887ca,extrasensory-p2-fold3-seed47-v2_multiseed,0.85,0.8500023146004999,73447,0.4319762039527785,0.572786287299992,0.7531414716703849,736728,grouped_risk_selected,0.3565221116229336
V3-3,P2,3,47,natural_missingness,efb672880ee0ff1680cafed70e33ce265ddcc65e24e6b7c44c7798d6500b08df,grouped_risk_output_compact,fddf27fbe61a255d005bf7833cc7779aea0b14df027e31641f7a0b8e0de887ca,extrasensory-p2-fold3-seed47-v2_multiseed,0.9,0.9000092584019999,77768,0.4418824953583262,0.5647155944381294,0.7421117769181141,778174,grouped_risk_selected,0.3533776160490485
V3-3,P2,3,47,natural_missingness,efb672880ee0ff1680cafed70e33ce265ddcc65e24e6b7c44c7798d6500b08df,grouped_risk_output_compact,fddf27fbe61a255d005bf7833cc7779aea0b14df027e31641f7a0b8e0de887ca,extrasensory-p2-fold3-seed47-v2_multiseed,0.95,0.950004629201,82088,0.4517281574464629,0.5555850804113782,0.7318854249997016,817818,grouped_risk_selected,0.3494737604483023
V3-3,P2,3,47,natural_missingness,efb672880ee0ff1680cafed70e33ce265ddcc65e24e6b7c44c7798d6500b08df,grouped_risk_output_compact,fddf27fbe61a255d005bf7833cc7779aea0b14df027e31641f7a0b8e0de887ca,extrasensory-p2-fold3-seed47-v2_multiseed,1.0,1.0,86408,0.4612080525665025,0.5465091951413192,0.7210616321225802,856815,grouped_risk_selected,0.3261265848883428
V3-3,P2,4,13,natural_missingness,efb672880ee0ff1680cafed70e33ce265ddcc65e24e6b7c44c7798d6500b08df,grouped_risk_full_compact,0b49226144b5f16876e528192d37fc62d46964c786b06fe3b4858b92c5043a1f,extrasensory-p2-fold4-seed13-v2_seed13,0.05,0.0500098019996079,2551,0.2165413341424968,0.3879960112867785,0.894770819883796,26963,mean_binary_certainty,0.9088485885752654
V3-3,P2,4,13,natural_missingness,efb672880ee0ff1680cafed70e33ce265ddcc65e24e6b7c44c7798d6500b08df,grouped_risk_full_compact,0b49226144b5f16876e528192d37fc62d46964c786b06fe3b4858b92c5043a1f,extrasensory-p2-fold4-seed13-v2_seed13,0.1,0.1,5101,0.212508539170605,0.4208944755972947,0.9040619075737328,54692,mean_binary_certainty,0.8385978508359827
V3-3,P2,4,13,natural_missingness,efb672880ee0ff1680cafed70e33ce265ddcc65e24e6b7c44c7798d6500b08df,grouped_risk_full_compact,0b49226144b5f16876e528192d37fc62d46964c786b06fe3b4858b92c5043a1f,extrasensory-p2-fold4-seed13-v2_seed13,0.15,0.1500098019996079,7652,0.2473623492993405,0.542754716952983,0.8998991850793917,81073,mean_binary_certainty,0.7414627520332642
V3-3,P2,4,13,natural_missingness,efb672880ee0ff1680cafed70e33ce265ddcc65e24e6b7c44c7798d6500b08df,grouped_risk_full_compact,0b49226144b5f16876e528192d37fc62d46964c786b06fe3b4858b92c5043a1f,extrasensory-p2-fold4-seed13-v2_seed13,0.2,0.2,10202,0.278525668045981,0.6512931547480391,0.8859514895002442,106371,mean_binary_certainty,0.6772155616323272
V3-3,P2,4,13,natural_missingness,efb672880ee0ff1680cafed70e33ce265ddcc65e24e6b7c44c7798d6500b08df,grouped_risk_full_compact,0b49226144b5f16876e528192d37fc62d46964c786b06fe3b4858b92c5043a1f,extrasensory-p2-fold4-seed13-v2_seed13,0.25,0.2500098019996079,12753,0.2825559092802887,0.6802472339483607,0.8747886728655959,132009,mean_binary_certainty,0.6291341198896557
V3-3,P2,4,13,natural_missingness,efb672880ee0ff1680cafed70e33ce265ddcc65e24e6b7c44c7798d6500b08df,grouped_risk_full_compact,0b49226144b5f16876e528192d37fc62d46964c786b06fe3b4858b92c5043a1f,extrasensory-p2-fold4-seed13-v2_seed13,0.3,0.3,15303,0.2909150664608274,0.6837685592729932,0.8582736524689031,158084,mean_binary_certainty,0.5903848559674076
V3-3,P2,4,13,natural_missingness,efb672880ee0ff1680cafed70e33ce265ddcc65e24e6b7c44c7798d6500b08df,grouped_risk_full_compact,0b49226144b5f16876e528192d37fc62d46964c786b06fe3b4858b92c5043a1f,extrasensory-p2-fold4-seed13-v2_seed13,0.35,0.3500098019996079,17854,0.3017754769046652,0.6871955829490759,0.8435781144456238,183394,mean_binary_certainty,0.5530972598765707
V3-3,P2,4,13,natural_missingness,efb672880ee0ff1680cafed70e33ce265ddcc65e24e6b7c44c7798d6500b08df,grouped_risk_full_compact,0b49226144b5f16876e528192d37fc62d46964c786b06fe3b4858b92c5043a1f,extrasensory-p2-fold4-seed13-v2_seed13,0.4,0.4,20404,0.3164940883281082,0.6890923138442963,0.8290092834472137,208684,mean_binary_certainty,0.5195807560525509
V3-3,P2,4,13,natural_missingness,efb672880ee0ff1680cafed70e33ce265ddcc65e24e6b7c44c7798d6500b08df,grouped_risk_full_compact,0b49226144b5f16876e528192d37fc62d46964c786b06fe3b4858b92c5043a1f,extrasensory-p2-fold4-seed13-v2_seed13,0.45,0.4500098019996079,22955,0.3329996907348994,0.6858215839043191,0.8156270579046511,232927,mean_binary_certainty,0.4892353348360385
V3-3,P2,4,13,natural_missingness,efb672880ee0ff1680cafed70e33ce265ddcc65e24e6b7c44c7798d6500b08df,grouped_risk_full_compact,0b49226144b5f16876e528192d37fc62d46964c786b06fe3b4858b92c5043a1f,extrasensory-p2-fold4-seed13-v2_seed13,0.5,0.5,25505,0.3453480439471208,0.6874592573536806,0.8037108555117118,256406,mean_binary_certainty,0.4632159012659024
V3-3,P2,4,13,natural_missingness,efb672880ee0ff1680cafed70e33ce265ddcc65e24e6b7c44c7798d6500b08df,grouped_risk_full_compact,0b49226144b5f16876e528192d37fc62d46964c786b06fe3b4858b92c5043a1f,extrasensory-p2-fold4-seed13-v2_seed13,0.55,0.5500098019996079,28056,0.356852995122362,0.684904213055044,0.7914223746790148,281057,mean_binary_certainty,0.4387477143485238
V3-3,P2,4,13,natural_missingness,efb672880ee0ff1680cafed70e33ce265ddcc65e24e6b7c44c7798d6500b08df,grouped_risk_full_compact,0b49226144b5f16876e528192d37fc62d46964c786b06fe3b4858b92c5043a1f,extrasensory-p2-fold4-seed13-v2_seed13,0.6,0.6,30606,0.3687126906583751,0.677787707334048,0.778364603118841,306369,mean_binary_certainty,0.4145574029975667
V3-3,P2,4,13,natural_missingness,efb672880ee0ff1680cafed70e33ce265ddcc65e24e6b7c44c7798d6500b08df,grouped_risk_full_compact,0b49226144b5f16876e528192d37fc62d46964c786b06fe3b4858b92c5043a1f,extrasensory-p2-fold4-seed13-v2_seed13,0.65,0.6500098019996079,33157,0.3798512350201925,0.6693661980542399,0.7664391783745331,330474,mean_binary_certainty,0.3908322164998619
V3-3,P2,4,13,natural_missingness,efb672880ee0ff1680cafed70e33ce265ddcc65e24e6b7c44c7798d6500b08df,grouped_risk_full_compact,0b49226144b5f16876e528192d37fc62d46964c786b06fe3b4858b92c5043a1f,extrasensory-p2-fold4-seed13-v2_seed13,0.7,0.7,35707,0.3900124126495722,0.6598211374599502,0.7557794809538944,354508,mean_binary_certainty,0.3674398733187337
V3-3,P2,4,13,natural_missingness,efb672880ee0ff1680cafed70e33ce265ddcc65e24e6b7c44c7798d6500b08df,grouped_risk_full_compact,0b49226144b5f16876e528192d37fc62d46964c786b06fe3b4858b92c5043a1f,extrasensory-p2-fold4-seed13-v2_seed13,0.75,0.7500098019996079,38258,0.3987868208181073,0.6504771963081197,0.7470434829410066,378975,mean_binary_certainty,0.3426424856827792
V3-3,P2,4,13,natural_missingness,efb672880ee0ff1680cafed70e33ce265ddcc65e24e6b7c44c7798d6500b08df,grouped_risk_full_compact,0b49226144b5f16876e528192d37fc62d46964c786b06fe3b4858b92c5043a1f,extrasensory-p2-fold4-seed13-v2_seed13,0.8,0.8,40808,0.4076467000030888,0.6418791636624225,0.7379098256728034,403330,mean_binary_certainty,0.3176430088435503
V3-3,P2,4,13,natural_missingness,efb672880ee0ff1680cafed70e33ce265ddcc65e24e6b7c44c7798d6500b08df,grouped_risk_full_compact,0b49226144b5f16876e528192d37fc62d46964c786b06fe3b4858b92c5043a1f,extrasensory-p2-fold4-seed13-v2_seed13,0.85,0.850009801999608,43359,0.416489083348447,0.6330798940121098,0.7285040249082076,427936,mean_binary_certainty,0.2884098734372274
V3-3,P2,4,13,natural_missingness,efb672880ee0ff1680cafed70e33ce265ddcc65e24e6b7c44c7798d6500b08df,grouped_risk_full_compact,0b49226144b5f16876e528192d37fc62d46964c786b06fe3b4858b92c5043a1f,extrasensory-p2-fold4-seed13-v2_seed13,0.9,0.9,45909,0.4259420514016705,0.6244447053022004,0.7195409611229763,452681,mean_binary_certainty,0.2539112233524551
V3-3,P2,4,13,natural_missingness,efb672880ee0ff1680cafed70e33ce265ddcc65e24e6b7c44c7798d6500b08df,grouped_risk_full_compact,0b49226144b5f16876e528192d37fc62d46964c786b06fe3b4858b92c5043a1f,extrasensory-p2-fold4-seed13-v2_seed13,0.95,0.950009801999608,48460,0.435465864429254,0.6137858967136226,0.7093448815561858,478043,mean_binary_certainty,0.2072665363376292
V3-3,P2,4,13,natural_missingness,efb672880ee0ff1680cafed70e33ce265ddcc65e24e6b7c44c7798d6500b08df,grouped_risk_full_compact,0b49226144b5f16876e528192d37fc62d46964c786b06fe3b4858b92c5043a1f,extrasensory-p2-fold4-seed13-v2_seed13,1.0,1.0,51010,0.4453039070601362,0.601285630296833,0.6988239583604617,504726,mean_binary_certainty,0.0491734563060806
V3-3,P2,4,13,natural_missingness,efb672880ee0ff1680cafed70e33ce265ddcc65e24e6b7c44c7798d6500b08df,grouped_risk_full_compact,0b49226144b5f16876e528192d37fc62d46964c786b06fe3b4858b92c5043a1f,extrasensory-p2-fold4-seed13-v2_seed13,0.05,0.0500098019996079,2551,0.3725811521582886,0.5014722787405324,0.7647326162702621,25919,p2_system_reliability,0.9944870471954346
V3-3,P2,4,13,natural_missingness,efb672880ee0ff1680cafed70e33ce265ddcc65e24e6b7c44c7798d6500b08df,grouped_risk_full_compact,0b49226144b5f16876e528192d37fc62d46964c786b06fe3b4858b92c5043a1f,extrasensory-p2-fold4-seed13-v2_seed13,0.1,0.1,5101,0.3952568987312125,0.5571914075858666,0.7437217041365166,49874,p2_system_reliability,0.9933100938796996
V3-3,P2,4,13,natural_missingness,efb672880ee0ff1680cafed70e33ce265ddcc65e24e6b7c44c7798d6500b08df,grouped_risk_full_compact,0b49226144b5f16876e528192d37fc62d46964c786b06fe3b4858b92c5043a1f,extrasensory-p2-fold4-seed13-v2_seed13,0.15,0.1500098019996079,7652,0.4108188597268236,0.5740582460687623,0.7362184441009789,74493,p2_system_reliability,0.9923204183578492
V3-3,P2,4,13,natural_missingness,efb672880ee0ff1680cafed70e33ce265ddcc65e24e6b7c44c7798d6500b08df,grouped_risk_full_compact,0b49226144b5f16876e528192d37fc62d46964c786b06fe3b4858b92c5043a1f,extrasensory-p2-fold4-seed13-v2_seed13,0.2,0.2,10202,0.4264165214241551,0.5881763227941722,0.726559359987751,99904,p2_system_reliability,0.9914463758468628
V3-3,P2,4,13,natural_missingness,efb672880ee0ff1680cafed70e33ce265ddcc65e24e6b7c44c7798d6500b08df,grouped_risk_full_compact,0b49226144b5f16876e528192d37fc62d46964c786b06fe3b4858b92c5043a1f,extrasensory-p2-fold4-seed13-v2_seed13,0.25,0.2500098019996079,12753,0.4321705849779497,0.594148749526255,0.7185238233098173,125601,p2_system_reliability,0.9905366897583008
V3-3,P2,4,13,natural_missingness,efb672880ee0ff1680cafed70e33ce265ddcc65e24e6b7c44c7798d6500b08df,grouped_risk_full_compact,0b49226144b5f16876e528192d37fc62d46964c786b06fe3b4858b92c5043a1f,extrasensory-p2-fold4-seed13-v2_seed13,0.3,0.3,15303,0.4346903221819893,0.6004682899494631,0.7141086604613517,151364,p2_system_reliability,0.9895347356796264
V3-3,P2,4,13,natural_missingness,efb672880ee0ff1680cafed70e33ce265ddcc65e24e6b7c44c7798d6500b08df,grouped_risk_full_compact,0b49226144b5f16876e528192d37fc62d46964c786b06fe3b4858b92c5043a1f,extrasensory-p2-fold4-seed13-v2_seed13,0.35,0.3500098019996079,17854,0.4367491392433622,0.6074434825185108,0.7099942418217572,176260,p2_system_reliability,0.9884013533592224
V3-3,P2,4,13,natural_missingness,efb672880ee0ff1680cafed70e33ce265ddcc65e24e6b7c44c7798d6500b08df,grouped_risk_full_compact,0b49226144b5f16876e528192d37fc62d46964c786b06fe3b4858b92c5043a1f,extrasensory-p2-fold4-seed13-v2_seed13,0.4,0.4,20404,0.4360625134298597,0.6085791128798694,0.7072879559150773,200523,p2_system_reliability,0.9870999455451964
V3-3,P2,4,13,natural_missingness,efb672880ee0ff1680cafed70e33ce265ddcc65e24e6b7c44c7798d6500b08df,grouped_risk_full_compact,0b49226144b5f16876e528192d37fc62d46964c786b06fe3b4858b92c5043a1f,extrasensory-p2-fold4-seed13-v2_seed13,0.45,0.4500098019996079,22955,0.4344703956181877,0.616441753548317,0.7073205908053584,225683,p2_system_reliability,0.98556786775589
V3-3,P2,4,13,natural_missingness,efb672880ee0ff1680cafed70e33ce265ddcc65e24e6b7c44c7798d6500b08df,grouped_risk_full_compact,0b49226144b5f16876e528192d37fc62d46964c786b06fe3b4858b92c5043a1f,extrasensory-p2-fold4-seed13-v2_seed13,0.5,0.5,25505,0.4376999567148685,0.6175700428134826,0.7038665331182286,250358,p2_system_reliability,0.9835795760154724
V3-3,P2,4,13,natural_missingness,efb672880ee0ff1680cafed70e33ce265ddcc65e24e6b7c44c7798d6500b08df,grouped_risk_full_compact,0b49226144b5f16876e528192d37fc62d46964c786b06fe3b4858b92c5043a1f,extrasensory-p2-fold4-seed13-v2_seed13,0.55,0.5500098019996079,28056,0.4410072938467654,0.6166606482218626,0.6997524821314348,275308,p2_system_reliability,0.9811811447143556
V3-3,P2,4,13,natural_missingness,efb672880ee0ff1680cafed70e33ce265ddcc65e24e6b7c44c7798d6500b08df,grouped_risk_full_compact,0b49226144b5f16876e528192d37fc62d46964c786b06fe3b4858b92c5043a1f,extrasensory-p2-fold4-seed13-v2_seed13,0.6,0.6,30606,0.4449305460249337,0.6155764767443862,0.6952244678948309,299948,p2_system_reliability,0.9784492254257202
V3-3,P2,4,13,natural_missingness,efb672880ee0ff1680cafed70e33ce265ddcc65e24e6b7c44c7798d6500b08df,grouped_risk_full_compact,0b49226144b5f16876e528192d37fc62d46964c786b06fe3b4858b92c5043a1f,extrasensory-p2-fold4-seed13-v2_seed13,0.65,0.6500098019996079,33157,0.4486730499831783,0.6097969757469106,0.6918471727909115,324656,p2_system_reliability,0.9754230976104736
V3-3,P2,4,13,natural_missingness,efb672880ee0ff1680cafed70e33ce265ddcc65e24e6b7c44c7798d6500b08df,grouped_risk_full_compact,0b49226144b5f16876e528192d37fc62d46964c786b06fe3b4858b92c5043a1f,extrasensory-p2-fold4-seed13-v2_seed13,0.7,0.7,35707,0.4495030278469928,0.6069187254434968,0.6908254430290047,349541,p2_system_reliability,0.9723209142684937
V3-3,P2,4,13,natural_missingness,efb672880ee0ff1680cafed70e33ce265ddcc65e24e6b7c44c7798d6500b08df,grouped_risk_full_compact,0b49226144b5f16876e528192d37fc62d46964c786b06fe3b4858b92c5043a1f,extrasensory-p2-fold4-seed13-v2_seed13,0.75,0.7500098019996079,38258,0.448926184619955,0.6046995442075176,0.6923321795811122,374953,p2_system_reliability,0.9688522815704346
V3-3,P2,4,13,natural_missingness,efb672880ee0ff1680cafed70e33ce265ddcc65e24e6b7c44c7798d6500b08df,grouped_risk_full_compact,0b49226144b5f16876e528192d37fc62d46964c786b06fe3b4858b92c5043a1f,extrasensory-p2-fold4-seed13-v2_seed13,0.8,0.8,40808,0.4496234248287404,0.6014567970596068,0.6932057002346105,401132,p2_system_reliability,0.9649123549461364
V3-3,P2,4,13,natural_missingness,efb672880ee0ff1680cafed70e33ce265ddcc65e24e6b7c44c7798d6500b08df,grouped_risk_full_compact,0b49226144b5f16876e528192d37fc62d46964c786b06fe3b4858b92c5043a1f,extrasensory-p2-fold4-seed13-v2_seed13,0.85,0.850009801999608,43359,0.4491287822437952,0.5997132901146179,0.6950579911649273,426777,p2_system_reliability,0.9604609608650208
V3-3,P2,4,13,natural_missingness,efb672880ee0ff1680cafed70e33ce265ddcc65e24e6b7c44c7798d6500b08df,grouped_risk_full_compact,0b49226144b5f16876e528192d37fc62d46964c786b06fe3b4858b92c5043a1f,extrasensory-p2-fold4-seed13-v2_seed13,0.9,0.9,45909,0.4495919826753438,0.5969363530035261,0.6951550203064388,452627,p2_system_reliability,0.9546124935150146
V3-3,P2,4,13,natural_missingness,efb672880ee0ff1680cafed70e33ce265ddcc65e24e6b7c44c7798d6500b08df,grouped_risk_full_compact,0b49226144b5f16876e528192d37fc62d46964c786b06fe3b4858b92c5043a1f,extrasensory-p2-fold4-seed13-v2_seed13,0.95,0.950009801999608,48460,0.4492651076801838,0.5970869232477564,0.6959509432928571,478821,p2_system_reliability,0.9441665410995485
V3-3,P2,4,13,natural_missingness,efb672880ee0ff1680cafed70e33ce265ddcc65e24e6b7c44c7798d6500b08df,grouped_risk_full_compact,0b49226144b5f16876e528192d37fc62d46964c786b06fe3b4858b92c5043a1f,extrasensory-p2-fold4-seed13-v2_seed13,1.0,1.0,51010,0.445303907060136,0.601285630296833,0.6988239583604617,504726,p2_system_reliability,0.8427388072013855
V3-3,P2,4,13,natural_missingness,efb672880ee0ff1680cafed70e33ce265ddcc65e24e6b7c44c7798d6500b08df,grouped_risk_full_compact,0b49226144b5f16876e528192d37fc62d46964c786b06fe3b4858b92c5043a1f,extrasensory-p2-fold4-seed13-v2_seed13,0.05,0.0500098019996079,2551,0.2355043822586621,0.3744496262295089,0.8769377209681806,25875,grouped_risk_output_compact,0.4634262983905937
V3-3,P2,4,13,natural_missingness,efb672880ee0ff1680cafed70e33ce265ddcc65e24e6b7c44c7798d6500b08df,grouped_risk_full_compact,0b49226144b5f16876e528192d37fc62d46964c786b06fe3b4858b92c5043a1f,extrasensory-p2-fold4-seed13-v2_seed13,0.1,0.1,5101,0.2107497007245495,0.3972255017429241,0.9033482698531242,54865,grouped_risk_output_compact,0.45413440006596
V3-3,P2,4,13,natural_missingness,efb672880ee0ff1680cafed70e33ce265ddcc65e24e6b7c44c7798d6500b08df,grouped_risk_full_compact,0b49226144b5f16876e528192d37fc62d46964c786b06fe3b4858b92c5043a1f,extrasensory-p2-fold4-seed13-v2_seed13,0.15,0.1500098019996079,7652,0.2237371066596796,0.5072498117432599,0.9014209968186638,80638,grouped_risk_output_compact,0.4393115286188158
V3-3,P2,4,13,natural_missingness,efb672880ee0ff1680cafed70e33ce265ddcc65e24e6b7c44c7798d6500b08df,grouped_risk_full_compact,0b49226144b5f16876e528192d37fc62d46964c786b06fe3b4858b92c5043a1f,extrasensory-p2-fold4-seed13-v2_seed13,0.2,0.2,10202,0.2660036921573249,0.6755244891564487,0.8897049049581284,104879,grouped_risk_output_compact,0.4287313423860652
V3-3,P2,4,13,natural_missingness,efb672880ee0ff1680cafed70e33ce265ddcc65e24e6b7c44c7798d6500b08df,grouped_risk_full_compact,0b49226144b5f16876e528192d37fc62d46964c786b06fe3b4858b92c5043a1f,extrasensory-p2-fold4-seed13-v2_seed13,0.25,0.2500098019996079,12753,0.2791469594340403,0.6740037307421421,0.8747240987224935,131219,grouped_risk_output_compact,0.421083267364961
V3-3,P2,4,13,natural_missingness,efb672880ee0ff1680cafed70e33ce265ddcc65e24e6b7c44c7798d6500b08df,grouped_risk_full_compact,0b49226144b5f16876e528192d37fc62d46964c786b06fe3b4858b92c5043a1f,extrasensory-p2-fold4-seed13-v2_seed13,0.3,0.3,15303,0.291261156173334,0.6780024555780654,0.858199202475231,157636,grouped_risk_output_compact,0.4142473667156708
V3-3,P2,4,13,natural_missingness,efb672880ee0ff1680cafed70e33ce265ddcc65e24e6b7c44c7798d6500b08df,grouped_risk_full_compact,0b49226144b5f16876e528192d37fc62d46964c786b06fe3b4858b92c5043a1f,extrasensory-p2-fold4-seed13-v2_seed13,0.35,0.3500098019996079,17854,0.3094102033798376,0.679994730935876,0.842091020672459,183297,grouped_risk_output_compact,0.4085690115545017
V3-3,P2,4,13,natural_missingness,efb672880ee0ff1680cafed70e33ce265ddcc65e24e6b7c44c7798d6500b08df,grouped_risk_full_compact,0b49226144b5f16876e528192d37fc62d46964c786b06fe3b4858b92c5043a1f,extrasensory-p2-fold4-seed13-v2_seed13,0.4,0.4,20404,0.3224657108108552,0.6912318171796432,0.8295579615551972,208766,grouped_risk_output_compact,0.4038589699420878
V3-3,P2,4,13,natural_missingness,efb672880ee0ff1680cafed70e33ce265ddcc65e24e6b7c44c7798d6500b08df,grouped_risk_full_compact,0b49226144b5f16876e528192d37fc62d46964c786b06fe3b4858b92c5043a1f,extrasensory-p2-fold4-seed13-v2_seed13,0.45,0.4500098019996079,22955,0.3361206122149438,0.6937485810080168,0.8171388361989843,234080,grouped_risk_output_compact,0.3996598905906952
V3-3,P2,4,13,natural_missingness,efb672880ee0ff1680cafed70e33ce265ddcc65e24e6b7c44c7798d6500b08df,grouped_risk_full_compact,0b49226144b5f16876e528192d37fc62d46964c786b06fe3b4858b92c5043a1f,extrasensory-p2-fold4-seed13-v2_seed13,0.5,0.5,25505,0.3485238395727782,0.6979168051206449,0.8051480302040022,259483,grouped_risk_output_compact,0.3955107028963203
V3-3,P2,4,13,natural_missingness,efb672880ee0ff1680cafed70e33ce265ddcc65e24e6b7c44c7798d6500b08df,grouped_risk_full_compact,0b49226144b5f16876e528192d37fc62d46964c786b06fe3b4858b92c5043a1f,extrasensory-p2-fold4-seed13-v2_seed13,0.55,0.5500098019996079,28056,0.3594208901426495,0.6977006993809971,0.7948411659118347,284630,grouped_risk_output_compact,0.3918387387478959
V3-3,P2,4,13,natural_missingness,efb672880ee0ff1680cafed70e33ce265ddcc65e24e6b7c44c7798d6500b08df,grouped_risk_full_compact,0b49226144b5f16876e528192d37fc62d46964c786b06fe3b4858b92c5043a1f,extrasensory-p2-fold4-seed13-v2_seed13,0.6,0.6,30606,0.3688806214691805,0.6959371970320812,0.7858059404067103,309360,grouped_risk_output_compact,0.3883573013914128
V3-3,P2,4,13,natural_missingness,efb672880ee0ff1680cafed70e33ce265ddcc65e24e6b7c44c7798d6500b08df,grouped_risk_full_compact,0b49226144b5f16876e528192d37fc62d46964c786b06fe3b4858b92c5043a1f,extrasensory-p2-fold4-seed13-v2_seed13,0.65,0.6500098019996079,33157,0.3790096148520212,0.6908822404670901,0.7759633866268664,333954,grouped_risk_output_compact,0.3847917893839583
V3-3,P2,4,13,natural_missingness,efb672880ee0ff1680cafed70e33ce265ddcc65e24e6b7c44c7798d6500b08df,grouped_risk_full_compact,0b49226144b5f16876e528192d37fc62d46964c786b06fe3b4858b92c5043a1f,extrasensory-p2-fold4-seed13-v2_seed13,0.7,0.7,35707,0.386969036253294,0.6824374248242573,0.7664549235448695,357512,grouped_risk_output_compact,0.3810431103404403
V3-3,P2,4,13,natural_missingness,efb672880ee0ff1680cafed70e33ce265ddcc65e24e6b7c44c7798d6500b08df,grouped_risk_full_compact,0b49226144b5f16876e528192d37fc62d46964c786b06fe3b4858b92c5043a1f,extrasensory-p2-fold4-seed13-v2_seed13,0.75,0.7500098019996079,38258,0.3964495418269803,0.6728037900510926,0.7562286938735755,381602,grouped_risk_output_compact,0.3768458560901601
V3-3,P2,4,13,natural_missingness,efb672880ee0ff1680cafed70e33ce265ddcc65e24e6b7c44c7798d6500b08df,grouped_risk_full_compact,0b49226144b5f16876e528192d37fc62d46964c786b06fe3b4858b92c5043a1f,extrasensory-p2-fold4-seed13-v2_seed13,0.8,0.8,40808,0.4050739543725527,0.6604612132151916,0.7457731579431515,405974,grouped_risk_output_compact,0.3723820642071979
V3-3,P2,4,13,natural_missingness,efb672880ee0ff1680cafed70e33ce265ddcc65e24e6b7c44c7798d6500b08df,grouped_risk_full_compact,0b49226144b5f16876e528192d37fc62d46964c786b06fe3b4858b92c5043a1f,extrasensory-p2-fold4-seed13-v2_seed13,0.85,0.850009801999608,43359,0.4154392990905577,0.646648639294071,0.7344877470631297,430238,grouped_risk_output_compact,0.3676310800522986
V3-3,P2,4,13,natural_missingness,efb672880ee0ff1680cafed70e33ce265ddcc65e24e6b7c44c7798d6500b08df,grouped_risk_full_compact,0b49226144b5f16876e528192d37fc62d46964c786b06fe3b4858b92c5043a1f,extrasensory-p2-fold4-seed13-v2_seed13,0.9,0.9,45909,0.4245213771077946,0.6350039702874898,0.7242132975684872,454046,grouped_risk_output_compact,0.3621633585876114
V3-3,P2,4,13,natural_missingness,efb672880ee0ff1680cafed70e33ce265ddcc65e24e6b7c44c7798d6500b08df,grouped_risk_full_compact,0b49226144b5f16876e528192d37fc62d46964c786b06fe3b4858b92c5043a1f,extrasensory-p2-fold4-seed13-v2_seed13,0.95,0.950009801999608,48460,0.4339346928640343,0.6195544085196789,0.7126952279790708,478480,grouped_risk_output_compact,0.3549864693092288
V3-3,P2,4,13,natural_missingness,efb672880ee0ff1680cafed70e33ce265ddcc65e24e6b7c44c7798d6500b08df,grouped_risk_full_compact,0b49226144b5f16876e528192d37fc62d46964c786b06fe3b4858b92c5043a1f,extrasensory-p2-fold4-seed13-v2_seed13,1.0,1.0,51010,0.445303907060136,0.601285630296833,0.6988239583604617,504726,grouped_risk_output_compact,0.3220959604131604
V3-3,P2,4,13,natural_missingness,efb672880ee0ff1680cafed70e33ce265ddcc65e24e6b7c44c7798d6500b08df,grouped_risk_full_compact,0b49226144b5f16876e528192d37fc62d46964c786b06fe3b4858b92c5043a1f,extrasensory-p2-fold4-seed13-v2_seed13,0.05,0.0500098019996079,2551,0.2556629565982814,0.5453880088552966,0.8635262131331639,29836,grouped_risk_full_compact,0.4636679749669405
V3-3,P2,4,13,natural_missingness,efb672880ee0ff1680cafed70e33ce265ddcc65e24e6b7c44c7798d6500b08df,grouped_risk_full_compact,0b49226144b5f16876e528192d37fc62d46964c786b06fe3b4858b92c5043a1f,extrasensory-p2-fold4-seed13-v2_seed13,0.1,0.1,5101,0.2279271114814471,0.6195353882841859,0.8892759865712295,55332,grouped_risk_full_compact,0.4517798956859629
V3-3,P2,4,13,natural_missingness,efb672880ee0ff1680cafed70e33ce265ddcc65e24e6b7c44c7798d6500b08df,grouped_risk_full_compact,0b49226144b5f16876e528192d37fc62d46964c786b06fe3b4858b92c5043a1f,extrasensory-p2-fold4-seed13-v2_seed13,0.15,0.1500098019996079,7652,0.2250796054321257,0.5578601205781886,0.8965445678115597,83409,grouped_risk_full_compact,0.4387675724991798
V3-3,P2,4,13,natural_missingness,efb672880ee0ff1680cafed70e33ce265ddcc65e24e6b7c44c7798d6500b08df,grouped_risk_full_compact,0b49226144b5f16876e528192d37fc62d46964c786b06fe3b4858b92c5043a1f,extrasensory-p2-fold4-seed13-v2_seed13,0.2,0.2,10202,0.2516560640368869,0.6101452813519974,0.8825362503179852,110394,grouped_risk_full_compact,0.4277456540524256
V3-3,P2,4,13,natural_missingness,efb672880ee0ff1680cafed70e33ce265ddcc65e24e6b7c44c7798d6500b08df,grouped_risk_full_compact,0b49226144b5f16876e528192d37fc62d46964c786b06fe3b4858b92c5043a1f,extrasensory-p2-fold4-seed13-v2_seed13,0.25,0.2500098019996079,12753,0.2683421440695556,0.6341588911046736,0.8681686197241523,136819,grouped_risk_full_compact,0.4190928084014504
V3-3,P2,4,13,natural_missingness,efb672880ee0ff1680cafed70e33ce265ddcc65e24e6b7c44c7798d6500b08df,grouped_risk_full_compact,0b49226144b5f16876e528192d37fc62d46964c786b06fe3b4858b92c5043a1f,extrasensory-p2-fold4-seed13-v2_seed13,0.3,0.3,15303,0.2818071103352735,0.6656635247269983,0.8528140447321171,161730,grouped_risk_full_compact,0.412613717078809
V3-3,P2,4,13,natural_missingness,efb672880ee0ff1680cafed70e33ce265ddcc65e24e6b7c44c7798d6500b08df,grouped_risk_full_compact,0b49226144b5f16876e528192d37fc62d46964c786b06fe3b4858b92c5043a1f,extrasensory-p2-fold4-seed13-v2_seed13,0.35,0.3500098019996079,17854,0.2982259553068621,0.6718040201629416,0.8383425595841908,187360,grouped_risk_full_compact,0.4068198917298227
V3-3,P2,4,13,natural_missingness,efb672880ee0ff1680cafed70e33ce265ddcc65e24e6b7c44c7798d6500b08df,grouped_risk_full_compact,0b49226144b5f16876e528192d37fc62d46964c786b06fe3b4858b92c5043a1f,extrasensory-p2-fold4-seed13-v2_seed13,0.4,0.4,20404,0.3186274304495384,0.6850216890373436,0.824501911245718,212343,grouped_risk_full_compact,0.4019208298009263
V3-3,P2,4,13,natural_missingness,efb672880ee0ff1680cafed70e33ce265ddcc65e24e6b7c44c7798d6500b08df,grouped_risk_full_compact,0b49226144b5f16876e528192d37fc62d46964c786b06fe3b4858b92c5043a1f,extrasensory-p2-fold4-seed13-v2_seed13,0.45,0.4500098019996079,22955,0.3301185469744023,0.6974768531997069,0.8137590535410699,237712,grouped_risk_full_compact,0.3975772138571999
V3-3,P2,4,13,natural_missingness,efb672880ee0ff1680cafed70e33ce265ddcc65e24e6b7c44c7798d6500b08df,grouped_risk_full_compact,0b49226144b5f16876e528192d37fc62d46964c786b06fe3b4858b92c5043a1f,extrasensory-p2-fold4-seed13-v2_seed13,0.5,0.5,25505,0.3428842645897047,0.6991602438672369,0.8018851309940614,262861,grouped_risk_full_compact,0.3935394688633876
V3-3,P2,4,13,natural_missingness,efb672880ee0ff1680cafed70e33ce265ddcc65e24e6b7c44c7798d6500b08df,grouped_risk_full_compact,0b49226144b5f16876e528192d37fc62d46964c786b06fe3b4858b92c5043a1f,extrasensory-p2-fold4-seed13-v2_seed13,0.55,0.5500098019996079,28056,0.3550324161150103,0.700042310337201,0.7910666451508794,287945,grouped_risk_full_compact,0.3895338564310047
V3-3,P2,4,13,natural_missingness,efb672880ee0ff1680cafed70e33ce265ddcc65e24e6b7c44c7798d6500b08df,grouped_risk_full_compact,0b49226144b5f16876e528192d37fc62d46964c786b06fe3b4858b92c5043a1f,extrasensory-p2-fold4-seed13-v2_seed13,0.6,0.6,30606,0.366523794058094,0.6956576128233463,0.7817186128313696,312489,grouped_risk_full_compact,0.3857120078580284
V3-3,P2,4,13,natural_missingness,efb672880ee0ff1680cafed70e33ce265ddcc65e24e6b7c44c7798d6500b08df,grouped_risk_full_compact,0b49226144b5f16876e528192d37fc62d46964c786b06fe3b4858b92c5043a1f,extrasensory-p2-fold4-seed13-v2_seed13,0.65,0.6500098019996079,33157,0.3804893251399158,0.6896229644918763,0.7714457375553528,336240,grouped_risk_full_compact,0.3816405443650678
V3-3,P2,4,13,natural_missingness,efb672880ee0ff1680cafed70e33ce265ddcc65e24e6b7c44c7798d6500b08df,grouped_risk_full_compact,0b49226144b5f16876e528192d37fc62d46964c786b06fe3b4858b92c5043a1f,extrasensory-p2-fold4-seed13-v2_seed13,0.7,0.7,35707,0.3912069874493736,0.6791508989941686,0.7609785556984365,360471,grouped_risk_full_compact,0.3773324368032785
V3-3,P2,4,13,natural_missingness,efb672880ee0ff1680cafed70e33ce265ddcc65e24e6b7c44c7798d6500b08df,grouped_risk_full_compact,0b49226144b5f16876e528192d37fc62d46964c786b06fe3b4858b92c5043a1f,extrasensory-p2-fold4-seed13-v2_seed13,0.75,0.7500098019996079,38258,0.401385759218295,0.6684054128394954,0.7510116603952693,384357,grouped_risk_full_compact,0.3730124710220235
V3-3,P2,4,13,natural_missingness,efb672880ee0ff1680cafed70e33ce265ddcc65e24e6b7c44c7798d6500b08df,grouped_risk_full_compact,0b49226144b5f16876e528192d37fc62d46964c786b06fe3b4858b92c5043a1f,extrasensory-p2-fold4-seed13-v2_seed13,0.8,0.8,40808,0.4109425855595079,0.6582398963671088,0.7415399931785289,408616,grouped_risk_full_compact,0.3680990721448028
V3-3,P2,4,13,natural_missingness,efb672880ee0ff1680cafed70e33ce265ddcc65e24e6b7c44c7798d6500b08df,grouped_risk_full_compact,0b49226144b5f16876e528192d37fc62d46964c786b06fe3b4858b92c5043a1f,extrasensory-p2-fold4-seed13-v2_seed13,0.85,0.850009801999608,43359,0.4206866219168486,0.6440099759418588,0.7314314527521919,433145,grouped_risk_full_compact,0.3623771054181892
V3-3,P2,4,13,natural_missingness,efb672880ee0ff1680cafed70e33ce265ddcc65e24e6b7c44c7798d6500b08df,grouped_risk_full_compact,0b49226144b5f16876e528192d37fc62d46964c786b06fe3b4858b92c5043a1f,extrasensory-p2-fold4-seed13-v2_seed13,0.9,0.9,45909,0.42975866339926,0.6302455985368247,0.7205778905841845,457715,grouped_risk_full_compact,0.3555604685720012
V3-3,P2,4,13,natural_missingness,efb672880ee0ff1680cafed70e33ce265ddcc65e24e6b7c44c7798d6500b08df,grouped_risk_full_compact,0b49226144b5f16876e528192d37fc62d46964c786b06fe3b4858b92c5043a1f,extrasensory-p2-fold4-seed13-v2_seed13,0.95,0.950009801999608,48460,0.4388529641209419,0.6149962504931626,0.7091526691389572,482791,grouped_risk_full_compact,0.3459886566299027
V3-3,P2,4,13,natural_missingness,efb672880ee0ff1680cafed70e33ce265ddcc65e24e6b7c44c7798d6500b08df,grouped_risk_full_compact,0b49226144b5f16876e528192d37fc62d46964c786b06fe3b4858b92c5043a1f,extrasensory-p2-fold4-seed13-v2_seed13,1.0,1.0,51010,0.445303907060136,0.601285630296833,0.6988239583604617,504726,grouped_risk_full_compact,0.2661129497127196
V3-3,P2,4,13,natural_missingness,efb672880ee0ff1680cafed70e33ce265ddcc65e24e6b7c44c7798d6500b08df,grouped_risk_full_compact,0b49226144b5f16876e528192d37fc62d46964c786b06fe3b4858b92c5043a1f,extrasensory-p2-fold4-seed13-v2_seed13,0.05,0.0500098019996079,2551,0.2556629565982814,0.5453880088552966,0.8635262131331639,29836,grouped_risk_selected,0.4636679749669405
V3-3,P2,4,13,natural_missingness,efb672880ee0ff1680cafed70e33ce265ddcc65e24e6b7c44c7798d6500b08df,grouped_risk_full_compact,0b49226144b5f16876e528192d37fc62d46964c786b06fe3b4858b92c5043a1f,extrasensory-p2-fold4-seed13-v2_seed13,0.1,0.1,5101,0.2279271114814471,0.6195353882841859,0.8892759865712295,55332,grouped_risk_selected,0.4517798956859629
V3-3,P2,4,13,natural_missingness,efb672880ee0ff1680cafed70e33ce265ddcc65e24e6b7c44c7798d6500b08df,grouped_risk_full_compact,0b49226144b5f16876e528192d37fc62d46964c786b06fe3b4858b92c5043a1f,extrasensory-p2-fold4-seed13-v2_seed13,0.15,0.1500098019996079,7652,0.2250796054321257,0.5578601205781886,0.8965445678115597,83409,grouped_risk_selected,0.4387675724991798
V3-3,P2,4,13,natural_missingness,efb672880ee0ff1680cafed70e33ce265ddcc65e24e6b7c44c7798d6500b08df,grouped_risk_full_compact,0b49226144b5f16876e528192d37fc62d46964c786b06fe3b4858b92c5043a1f,extrasensory-p2-fold4-seed13-v2_seed13,0.2,0.2,10202,0.2516560640368869,0.6101452813519974,0.8825362503179852,110394,grouped_risk_selected,0.4277456540524256
V3-3,P2,4,13,natural_missingness,efb672880ee0ff1680cafed70e33ce265ddcc65e24e6b7c44c7798d6500b08df,grouped_risk_full_compact,0b49226144b5f16876e528192d37fc62d46964c786b06fe3b4858b92c5043a1f,extrasensory-p2-fold4-seed13-v2_seed13,0.25,0.2500098019996079,12753,0.2683421440695556,0.6341588911046736,0.8681686197241523,136819,grouped_risk_selected,0.4190928084014504
V3-3,P2,4,13,natural_missingness,efb672880ee0ff1680cafed70e33ce265ddcc65e24e6b7c44c7798d6500b08df,grouped_risk_full_compact,0b49226144b5f16876e528192d37fc62d46964c786b06fe3b4858b92c5043a1f,extrasensory-p2-fold4-seed13-v2_seed13,0.3,0.3,15303,0.2818071103352735,0.6656635247269983,0.8528140447321171,161730,grouped_risk_selected,0.412613717078809
V3-3,P2,4,13,natural_missingness,efb672880ee0ff1680cafed70e33ce265ddcc65e24e6b7c44c7798d6500b08df,grouped_risk_full_compact,0b49226144b5f16876e528192d37fc62d46964c786b06fe3b4858b92c5043a1f,extrasensory-p2-fold4-seed13-v2_seed13,0.35,0.3500098019996079,17854,0.2982259553068621,0.6718040201629416,0.8383425595841908,187360,grouped_risk_selected,0.4068198917298227
V3-3,P2,4,13,natural_missingness,efb672880ee0ff1680cafed70e33ce265ddcc65e24e6b7c44c7798d6500b08df,grouped_risk_full_compact,0b49226144b5f16876e528192d37fc62d46964c786b06fe3b4858b92c5043a1f,extrasensory-p2-fold4-seed13-v2_seed13,0.4,0.4,20404,0.3186274304495384,0.6850216890373436,0.824501911245718,212343,grouped_risk_selected,0.4019208298009263
V3-3,P2,4,13,natural_missingness,efb672880ee0ff1680cafed70e33ce265ddcc65e24e6b7c44c7798d6500b08df,grouped_risk_full_compact,0b49226144b5f16876e528192d37fc62d46964c786b06fe3b4858b92c5043a1f,extrasensory-p2-fold4-seed13-v2_seed13,0.45,0.4500098019996079,22955,0.3301185469744023,0.6974768531997069,0.8137590535410699,237712,grouped_risk_selected,0.3975772138571999
V3-3,P2,4,13,natural_missingness,efb672880ee0ff1680cafed70e33ce265ddcc65e24e6b7c44c7798d6500b08df,grouped_risk_full_compact,0b49226144b5f16876e528192d37fc62d46964c786b06fe3b4858b92c5043a1f,extrasensory-p2-fold4-seed13-v2_seed13,0.5,0.5,25505,0.3428842645897047,0.6991602438672369,0.8018851309940614,262861,grouped_risk_selected,0.3935394688633876
V3-3,P2,4,13,natural_missingness,efb672880ee0ff1680cafed70e33ce265ddcc65e24e6b7c44c7798d6500b08df,grouped_risk_full_compact,0b49226144b5f16876e528192d37fc62d46964c786b06fe3b4858b92c5043a1f,extrasensory-p2-fold4-seed13-v2_seed13,0.55,0.5500098019996079,28056,0.3550324161150103,0.700042310337201,0.7910666451508794,287945,grouped_risk_selected,0.3895338564310047
V3-3,P2,4,13,natural_missingness,efb672880ee0ff1680cafed70e33ce265ddcc65e24e6b7c44c7798d6500b08df,grouped_risk_full_compact,0b49226144b5f16876e528192d37fc62d46964c786b06fe3b4858b92c5043a1f,extrasensory-p2-fold4-seed13-v2_seed13,0.6,0.6,30606,0.366523794058094,0.6956576128233463,0.7817186128313696,312489,grouped_risk_selected,0.3857120078580284
V3-3,P2,4,13,natural_missingness,efb672880ee0ff1680cafed70e33ce265ddcc65e24e6b7c44c7798d6500b08df,grouped_risk_full_compact,0b49226144b5f16876e528192d37fc62d46964c786b06fe3b4858b92c5043a1f,extrasensory-p2-fold4-seed13-v2_seed13,0.65,0.6500098019996079,33157,0.3804893251399158,0.6896229644918763,0.7714457375553528,336240,grouped_risk_selected,0.3816405443650678
V3-3,P2,4,13,natural_missingness,efb672880ee0ff1680cafed70e33ce265ddcc65e24e6b7c44c7798d6500b08df,grouped_risk_full_compact,0b49226144b5f16876e528192d37fc62d46964c786b06fe3b4858b92c5043a1f,extrasensory-p2-fold4-seed13-v2_seed13,0.7,0.7,35707,0.3912069874493736,0.6791508989941686,0.7609785556984365,360471,grouped_risk_selected,0.3773324368032785
V3-3,P2,4,13,natural_missingness,efb672880ee0ff1680cafed70e33ce265ddcc65e24e6b7c44c7798d6500b08df,grouped_risk_full_compact,0b49226144b5f16876e528192d37fc62d46964c786b06fe3b4858b92c5043a1f,extrasensory-p2-fold4-seed13-v2_seed13,0.75,0.7500098019996079,38258,0.401385759218295,0.6684054128394954,0.7510116603952693,384357,grouped_risk_selected,0.3730124710220235
V3-3,P2,4,13,natural_missingness,efb672880ee0ff1680cafed70e33ce265ddcc65e24e6b7c44c7798d6500b08df,grouped_risk_full_compact,0b49226144b5f16876e528192d37fc62d46964c786b06fe3b4858b92c5043a1f,extrasensory-p2-fold4-seed13-v2_seed13,0.8,0.8,40808,0.4109425855595079,0.6582398963671088,0.7415399931785289,408616,grouped_risk_selected,0.3680990721448028
V3-3,P2,4,13,natural_missingness,efb672880ee0ff1680cafed70e33ce265ddcc65e24e6b7c44c7798d6500b08df,grouped_risk_full_compact,0b49226144b5f16876e528192d37fc62d46964c786b06fe3b4858b92c5043a1f,extrasensory-p2-fold4-seed13-v2_seed13,0.85,0.850009801999608,43359,0.4206866219168486,0.6440099759418588,0.7314314527521919,433145,grouped_risk_selected,0.3623771054181892
V3-3,P2,4,13,natural_missingness,efb672880ee0ff1680cafed70e33ce265ddcc65e24e6b7c44c7798d6500b08df,grouped_risk_full_compact,0b49226144b5f16876e528192d37fc62d46964c786b06fe3b4858b92c5043a1f,extrasensory-p2-fold4-seed13-v2_seed13,0.9,0.9,45909,0.42975866339926,0.6302455985368247,0.7205778905841845,457715,grouped_risk_selected,0.3555604685720012
V3-3,P2,4,13,natural_missingness,efb672880ee0ff1680cafed70e33ce265ddcc65e24e6b7c44c7798d6500b08df,grouped_risk_full_compact,0b49226144b5f16876e528192d37fc62d46964c786b06fe3b4858b92c5043a1f,extrasensory-p2-fold4-seed13-v2_seed13,0.95,0.950009801999608,48460,0.4388529641209419,0.6149962504931626,0.7091526691389572,482791,grouped_risk_selected,0.3459886566299027
V3-3,P2,4,13,natural_missingness,efb672880ee0ff1680cafed70e33ce265ddcc65e24e6b7c44c7798d6500b08df,grouped_risk_full_compact,0b49226144b5f16876e528192d37fc62d46964c786b06fe3b4858b92c5043a1f,extrasensory-p2-fold4-seed13-v2_seed13,1.0,1.0,51010,0.445303907060136,0.601285630296833,0.6988239583604617,504726,grouped_risk_selected,0.2661129497127196
V3-3,P2,4,29,natural_missingness,efb672880ee0ff1680cafed70e33ce265ddcc65e24e6b7c44c7798d6500b08df,grouped_risk_full_compact,fdfb479e3a4067e69be7dcb34610d1f8aa3d1ffcb924a65827419fb34846aa22,extrasensory-p2-fold4-seed29-v2_multiseed,0.05,0.0500098019996079,2551,0.3654601537227656,0.3765580987707853,0.8552332575858842,24998,mean_binary_certainty,0.9385069321427372
V3-3,P2,4,29,natural_missingness,efb672880ee0ff1680cafed70e33ce265ddcc65e24e6b7c44c7798d6500b08df,grouped_risk_full_compact,fdfb479e3a4067e69be7dcb34610d1f8aa3d1ffcb924a65827419fb34846aa22,extrasensory-p2-fold4-seed29-v2_multiseed,0.1,0.1,5101,0.2498847239307929,0.3916649271332695,0.8900176541642147,55105,mean_binary_certainty,0.9047215601898134
V3-3,P2,4,29,natural_missingness,efb672880ee0ff1680cafed70e33ce265ddcc65e24e6b7c44c7798d6500b08df,grouped_risk_full_compact,fdfb479e3a4067e69be7dcb34610d1f8aa3d1ffcb924a65827419fb34846aa22,extrasensory-p2-fold4-seed29-v2_multiseed,0.15,0.1500098019996079,7652,0.2388463063203975,0.6010572689642917,0.8900307897145711,82256,mean_binary_certainty,0.8041040652569647
V3-3,P2,4,29,natural_missingness,efb672880ee0ff1680cafed70e33ce265ddcc65e24e6b7c44c7798d6500b08df,grouped_risk_full_compact,fdfb479e3a4067e69be7dcb34610d1f8aa3d1ffcb924a65827419fb34846aa22,extrasensory-p2-fold4-seed29-v2_multiseed,0.2,0.2,10202,0.2651113812484653,0.6497060108274622,0.8734419785439358,107157,mean_binary_certainty,0.7256483721832356
V3-3,P2,4,29,natural_missingness,efb672880ee0ff1680cafed70e33ce265ddcc65e24e6b7c44c7798d6500b08df,grouped_risk_full_compact,fdfb479e3a4067e69be7dcb34610d1f8aa3d1ffcb924a65827419fb34846aa22,extrasensory-p2-fold4-seed29-v2_multiseed,0.25,0.2500098019996079,12753,0.2700268642627199,0.6830080674803468,0.8608227450666025,133186,mean_binary_certainty,0.6649763200945763
V3-3,P2,4,29,natural_missingness,efb672880ee0ff1680cafed70e33ce265ddcc65e24e6b7c44c7798d6500b08df,grouped_risk_full_compact,fdfb479e3a4067e69be7dcb34610d1f8aa3d1ffcb924a65827419fb34846aa22,extrasensory-p2-fold4-seed29-v2_multiseed,0.3,0.3,15303,0.2814684285507933,0.7001696075375834,0.8451270468661773,158585,mean_binary_certainty,0.6126547971782268
V3-3,P2,4,29,natural_missingness,efb672880ee0ff1680cafed70e33ce265ddcc65e24e6b7c44c7798d6500b08df,grouped_risk_full_compact,fdfb479e3a4067e69be7dcb34610d1f8aa3d1ffcb924a65827419fb34846aa22,extrasensory-p2-fold4-seed29-v2_multiseed,0.35,0.3500098019996079,17854,0.2979911109285086,0.7066490292853401,0.8288477588492317,183874,mean_binary_certainty,0.5667534778067586
V3-3,P2,4,29,natural_missingness,efb672880ee0ff1680cafed70e33ce265ddcc65e24e6b7c44c7798d6500b08df,grouped_risk_full_compact,fdfb479e3a4067e69be7dcb34610d1f8aa3d1ffcb924a65827419fb34846aa22,extrasensory-p2-fold4-seed29-v2_multiseed,0.4,0.4,20404,0.3171563798566301,0.7088527845231783,0.8120072294837206,208164,mean_binary_certainty,0.5303584959732596
V3-3,P2,4,29,natural_missingness,efb672880ee0ff1680cafed70e33ce265ddcc65e24e6b7c44c7798d6500b08df,grouped_risk_full_compact,fdfb479e3a4067e69be7dcb34610d1f8aa3d1ffcb924a65827419fb34846aa22,extrasensory-p2-fold4-seed29-v2_multiseed,0.45,0.4500098019996079,22955,0.3303844513370405,0.7056462270734019,0.7992749339953501,232566,mean_binary_certainty,0.4984805563893593
V3-3,P2,4,29,natural_missingness,efb672880ee0ff1680cafed70e33ce265ddcc65e24e6b7c44c7798d6500b08df,grouped_risk_full_compact,fdfb479e3a4067e69be7dcb34610d1f8aa3d1ffcb924a65827419fb34846aa22,extrasensory-p2-fold4-seed29-v2_multiseed,0.5,0.5,25505,0.3412337679451921,0.6969812582791711,0.7866988855628089,256339,mean_binary_certainty,0.4703178989394018
V3-3,P2,4,29,natural_missingness,efb672880ee0ff1680cafed70e33ce265ddcc65e24e6b7c44c7798d6500b08df,grouped_risk_full_compact,fdfb479e3a4067e69be7dcb34610d1f8aa3d1ffcb924a65827419fb34846aa22,extrasensory-p2-fold4-seed29-v2_multiseed,0.55,0.5500098019996079,28056,0.3530815800788753,0.6862838247956314,0.7744552588599275,280170,mean_binary_certainty,0.4452284195082572
V3-3,P2,4,29,natural_missingness,efb672880ee0ff1680cafed70e33ce265ddcc65e24e6b7c44c7798d6500b08df,grouped_risk_full_compact,fdfb479e3a4067e69be7dcb34610d1f8aa3d1ffcb924a65827419fb34846aa22,extrasensory-p2-fold4-seed29-v2_multiseed,0.6,0.6,30606,0.3652768060333152,0.6765783807076795,0.7628553364148083,304174,mean_binary_certainty,0.4203701737796285
V3-3,P2,4,29,natural_missingness,efb672880ee0ff1680cafed70e33ce265ddcc65e24e6b7c44c7798d6500b08df,grouped_risk_full_compact,fdfb479e3a4067e69be7dcb34610d1f8aa3d1ffcb924a65827419fb34846aa22,extrasensory-p2-fold4-seed29-v2_multiseed,0.65,0.6500098019996079,33157,0.3749064270752471,0.6697364632481957,0.7528760240929463,327857,mean_binary_certainty,0.395104609680925
V3-3,P2,4,29,natural_missingness,efb672880ee0ff1680cafed70e33ce265ddcc65e24e6b7c44c7798d6500b08df,grouped_risk_full_compact,fdfb479e3a4067e69be7dcb34610d1f8aa3d1ffcb924a65827419fb34846aa22,extrasensory-p2-fold4-seed29-v2_multiseed,0.7,0.7,35707,0.3846325348747615,0.6618608150217623,0.743173073331092,351728,mean_binary_certainty,0.3687885076789173
V3-3,P2,4,29,natural_missingness,efb672880ee0ff1680cafed70e33ce265ddcc65e24e6b7c44c7798d6500b08df,grouped_risk_full_compact,fdfb479e3a4067e69be7dcb34610d1f8aa3d1ffcb924a65827419fb34846aa22,extrasensory-p2-fold4-seed29-v2_multiseed,0.75,0.7500098019996079,38258,0.3945307107985351,0.6527401036340268,0.7334849653818022,375569,mean_binary_certainty,0.3418375692051595
V3-3,P2,4,29,natural_missingness,efb672880ee0ff1680cafed70e33ce265ddcc65e24e6b7c44c7798d6500b08df,grouped_risk_full_compact,fdfb479e3a4067e69be7dcb34610d1f8aa3d1ffcb924a65827419fb34846aa22,extrasensory-p2-fold4-seed29-v2_multiseed,0.8,0.8,40808,0.4055608080519542,0.6440117185318807,0.7235648265920461,400445,mean_binary_certainty,0.312975752497477
V3-3,P2,4,29,natural_missingness,efb672880ee0ff1680cafed70e33ce265ddcc65e24e6b7c44c7798d6500b08df,grouped_risk_full_compact,fdfb479e3a4067e69be7dcb34610d1f8aa3d1ffcb924a65827419fb34846aa22,extrasensory-p2-fold4-seed29-v2_multiseed,0.85,0.850009801999608,43359,0.4168599379001367,0.6339254072630726,0.7140085163822693,425754,mean_binary_certainty,0.2835479309939112
V3-3,P2,4,29,natural_missingness,efb672880ee0ff1680cafed70e33ce265ddcc65e24e6b7c44c7798d6500b08df,grouped_risk_full_compact,fdfb479e3a4067e69be7dcb34610d1f8aa3d1ffcb924a65827419fb34846aa22,extrasensory-p2-fold4-seed29-v2_multiseed,0.9,0.9,45909,0.4271105047889845,0.6242987793878484,0.704480413641106,451578,mean_binary_certainty,0.2505024843384162
V3-3,P2,4,29,natural_missingness,efb672880ee0ff1680cafed70e33ce265ddcc65e24e6b7c44c7798d6500b08df,grouped_risk_full_compact,fdfb479e3a4067e69be7dcb34610d1f8aa3d1ffcb924a65827419fb34846aa22,extrasensory-p2-fold4-seed29-v2_multiseed,0.95,0.950009801999608,48460,0.4379544181218571,0.6133106288298412,0.6943959597398845,477896,mean_binary_certainty,0.2083333137583207
V3-3,P2,4,29,natural_missingness,efb672880ee0ff1680cafed70e33ce265ddcc65e24e6b7c44c7798d6500b08df,grouped_risk_full_compact,fdfb479e3a4067e69be7dcb34610d1f8aa3d1ffcb924a65827419fb34846aa22,extrasensory-p2-fold4-seed29-v2_multiseed,1.0,1.0,51010,0.44783220093212,0.6024232840375966,0.6845457843808327,504726,mean_binary_certainty,0.0524861281392726
V3-3,P2,4,29,natural_missingness,efb672880ee0ff1680cafed70e33ce265ddcc65e24e6b7c44c7798d6500b08df,grouped_risk_full_compact,fdfb479e3a4067e69be7dcb34610d1f8aa3d1ffcb924a65827419fb34846aa22,extrasensory-p2-fold4-seed29-v2_multiseed,0.05,0.0500098019996079,2551,0.5738928477600668,0.4123656144257809,0.4958309094434749,21013,p2_system_reliability,0.9968563318252563
V3-3,P2,4,29,natural_missingness,efb672880ee0ff1680cafed70e33ce265ddcc65e24e6b7c44c7798d6500b08df,grouped_risk_full_compact,fdfb479e3a4067e69be7dcb34610d1f8aa3d1ffcb924a65827419fb34846aa22,extrasensory-p2-fold4-seed29-v2_multiseed,0.1,0.1,5101,0.5470143154441479,0.4612423628019256,0.5301238090854697,43785,p2_system_reliability,0.9957842826843262
V3-3,P2,4,29,natural_missingness,efb672880ee0ff1680cafed70e33ce265ddcc65e24e6b7c44c7798d6500b08df,grouped_risk_full_compact,fdfb479e3a4067e69be7dcb34610d1f8aa3d1ffcb924a65827419fb34846aa22,extrasensory-p2-fold4-seed29-v2_multiseed,0.15,0.1500098019996079,7652,0.5338750147771205,0.5187961911969289,0.5647100320390347,67632,p2_system_reliability,0.994837522506714
V3-3,P2,4,29,natural_missingness,efb672880ee0ff1680cafed70e33ce265ddcc65e24e6b7c44c7798d6500b08df,grouped_risk_full_compact,fdfb479e3a4067e69be7dcb34610d1f8aa3d1ffcb924a65827419fb34846aa22,extrasensory-p2-fold4-seed29-v2_multiseed,0.2,0.2,10202,0.5222502076680002,0.5478586111074849,0.5904863028243789,92368,p2_system_reliability,0.9938657879829408
V3-3,P2,4,29,natural_missingness,efb672880ee0ff1680cafed70e33ce265ddcc65e24e6b7c44c7798d6500b08df,grouped_risk_full_compact,fdfb479e3a4067e69be7dcb34610d1f8aa3d1ffcb924a65827419fb34846aa22,extrasensory-p2-fold4-seed29-v2_multiseed,0.25,0.2500098019996079,12753,0.5113375401894203,0.5662843145769764,0.6067449116030308,117704,p2_system_reliability,0.9929555654525756
V3-3,P2,4,29,natural_missingness,efb672880ee0ff1680cafed70e33ce265ddcc65e24e6b7c44c7798d6500b08df,grouped_risk_full_compact,fdfb479e3a4067e69be7dcb34610d1f8aa3d1ffcb924a65827419fb34846aa22,extrasensory-p2-fold4-seed29-v2_multiseed,0.3,0.3,15303,0.5032125871775862,0.5760283474964651,0.6187848285725851,142555,p2_system_reliability,0.9920796155929564
V3-3,P2,4,29,natural_missingness,efb672880ee0ff1680cafed70e33ce265ddcc65e24e6b7c44c7798d6500b08df,grouped_risk_full_compact,fdfb479e3a4067e69be7dcb34610d1f8aa3d1ffcb924a65827419fb34846aa22,extrasensory-p2-fold4-seed29-v2_multiseed,0.35,0.3500098019996079,17854,0.4943512017915935,0.5863995968112875,0.6318402321258557,168360,p2_system_reliability,0.9912517070770264
V3-3,P2,4,29,natural_missingness,efb672880ee0ff1680cafed70e33ce265ddcc65e24e6b7c44c7798d6500b08df,grouped_risk_full_compact,fdfb479e3a4067e69be7dcb34610d1f8aa3d1ffcb924a65827419fb34846aa22,extrasensory-p2-fold4-seed29-v2_multiseed,0.4,0.4,20404,0.4882664369486998,0.5937873475644743,0.6417596192453459,194278,p2_system_reliability,0.99039489030838
V3-3,P2,4,29,natural_missingness,efb672880ee0ff1680cafed70e33ce265ddcc65e24e6b7c44c7798d6500b08df,grouped_risk_full_compact,fdfb479e3a4067e69be7dcb34610d1f8aa3d1ffcb924a65827419fb34846aa22,extrasensory-p2-fold4-seed29-v2_multiseed,0.45,0.4500098019996079,22955,0.4813268320393429,0.5989168476483006,0.6500129210095615,220212,p2_system_reliability,0.9895482659339904
V3-3,P2,4,29,natural_missingness,efb672880ee0ff1680cafed70e33ce265ddcc65e24e6b7c44c7798d6500b08df,grouped_risk_full_compact,fdfb479e3a4067e69be7dcb34610d1f8aa3d1ffcb924a65827419fb34846aa22,extrasensory-p2-fold4-seed29-v2_multiseed,0.5,0.5,25505,0.4736843438955944,0.6035468880707009,0.6579546853835735,245943,p2_system_reliability,0.9887000918388368
V3-3,P2,4,29,natural_missingness,efb672880ee0ff1680cafed70e33ce265ddcc65e24e6b7c44c7798d6500b08df,grouped_risk_full_compact,fdfb479e3a4067e69be7dcb34610d1f8aa3d1ffcb924a65827419fb34846aa22,extrasensory-p2-fold4-seed29-v2_multiseed,0.55,0.5500098019996079,28056,0.4672536295934533,0.6072584627770905,0.6645093945720251,271798,p2_system_reliability,0.9877640008926392
V3-3,P2,4,29,natural_missingness,efb672880ee0ff1680cafed70e33ce265ddcc65e24e6b7c44c7798d6500b08df,grouped_risk_full_compact,fdfb479e3a4067e69be7dcb34610d1f8aa3d1ffcb924a65827419fb34846aa22,extrasensory-p2-fold4-seed29-v2_multiseed,0.6,0.6,30606,0.4631180121019498,0.6091954568314258,0.6694965799926397,297950,p2_system_reliability,0.9866585731506348
V3-3,P2,4,29,natural_missingness,efb672880ee0ff1680cafed70e33ce265ddcc65e24e6b7c44c7798d6500b08df,grouped_risk_full_compact,fdfb479e3a4067e69be7dcb34610d1f8aa3d1ffcb924a65827419fb34846aa22,extrasensory-p2-fold4-seed29-v2_multiseed,0.65,0.6500098019996079,33157,0.4603804167776131,0.6106426887132168,0.6723853012793937,324176,p2_system_reliability,0.9853512048721312
V3-3,P2,4,29,natural_missingness,efb672880ee0ff1680cafed70e33ce265ddcc65e24e6b7c44c7798d6500b08df,grouped_risk_full_compact,fdfb479e3a4067e69be7dcb34610d1f8aa3d1ffcb924a65827419fb34846aa22,extrasensory-p2-fold4-seed29-v2_multiseed,0.7,0.7,35707,0.4601440622518595,0.6101428130081373,0.6726354901259844,349956,p2_system_reliability,0.9837157726287842
V3-3,P2,4,29,natural_missingness,efb672880ee0ff1680cafed70e33ce265ddcc65e24e6b7c44c7798d6500b08df,grouped_risk_full_compact,fdfb479e3a4067e69be7dcb34610d1f8aa3d1ffcb924a65827419fb34846aa22,extrasensory-p2-fold4-seed29-v2_multiseed,0.75,0.7500098019996079,38258,0.4611799344902497,0.6085273005236834,0.6729508941644535,376033,p2_system_reliability,0.9817550778388976
V3-3,P2,4,29,natural_missingness,efb672880ee0ff1680cafed70e33ce265ddcc65e24e6b7c44c7798d6500b08df,grouped_risk_full_compact,fdfb479e3a4067e69be7dcb34610d1f8aa3d1ffcb924a65827419fb34846aa22,extrasensory-p2-fold4-seed29-v2_multiseed,0.8,0.8,40808,0.4608215267117947,0.6072810328331351,0.6746003669690152,402568,p2_system_reliability,0.9794109463691713
V3-3,P2,4,29,natural_missingness,efb672880ee0ff1680cafed70e33ce265ddcc65e24e6b7c44c7798d6500b08df,grouped_risk_full_compact,fdfb479e3a4067e69be7dcb34610d1f8aa3d1ffcb924a65827419fb34846aa22,extrasensory-p2-fold4-seed29-v2_multiseed,0.85,0.850009801999608,43359,0.460056318684711,0.6068109702304472,0.677030982248416,428158,p2_system_reliability,0.9768528342247008
V3-3,P2,4,29,natural_missingness,efb672880ee0ff1680cafed70e33ce265ddcc65e24e6b7c44c7798d6500b08df,grouped_risk_full_compact,fdfb479e3a4067e69be7dcb34610d1f8aa3d1ffcb924a65827419fb34846aa22,extrasensory-p2-fold4-seed29-v2_multiseed,0.9,0.9,45909,0.4570572633706601,0.6059614761167652,0.679912509113634,454225,p2_system_reliability,0.9730426669120787
V3-3,P2,4,29,natural_missingness,efb672880ee0ff1680cafed70e33ce265ddcc65e24e6b7c44c7798d6500b08df,grouped_risk_full_compact,fdfb479e3a4067e69be7dcb34610d1f8aa3d1ffcb924a65827419fb34846aa22,extrasensory-p2-fold4-seed29-v2_multiseed,0.95,0.950009801999608,48460,0.4527956893978026,0.6047342371091033,0.6825466217679841,479717,p2_system_reliability,0.9659623503684998
V3-3,P2,4,29,natural_missingness,efb672880ee0ff1680cafed70e33ce265ddcc65e24e6b7c44c7798d6500b08df,grouped_risk_full_compact,fdfb479e3a4067e69be7dcb34610d1f8aa3d1ffcb924a65827419fb34846aa22,extrasensory-p2-fold4-seed29-v2_multiseed,1.0,1.0,51010,0.44783220093212,0.6024232840375966,0.6845457843808327,504726,p2_system_reliability,0.8569379448890686
V3-3,P2,4,29,natural_missingness,efb672880ee0ff1680cafed70e33ce265ddcc65e24e6b7c44c7798d6500b08df,grouped_risk_full_compact,fdfb479e3a4067e69be7dcb34610d1f8aa3d1ffcb924a65827419fb34846aa22,extrasensory-p2-fold4-seed29-v2_multiseed,0.05,0.0500098019996079,2551,0.3962626125251483,0.3827957355652938,0.8547695240689045,24642,grouped_risk_output_compact,0.4619884944846332
V3-3,P2,4,29,natural_missingness,efb672880ee0ff1680cafed70e33ce265ddcc65e24e6b7c44c7798d6500b08df,grouped_risk_full_compact,fdfb479e3a4067e69be7dcb34610d1f8aa3d1ffcb924a65827419fb34846aa22,extrasensory-p2-fold4-seed29-v2_multiseed,0.1,0.1,5101,0.2842566332825637,0.6508271562267849,0.8758795745911384,52915,grouped_risk_output_compact,0.4493369006906307
V3-3,P2,4,29,natural_missingness,efb672880ee0ff1680cafed70e33ce265ddcc65e24e6b7c44c7798d6500b08df,grouped_risk_full_compact,fdfb479e3a4067e69be7dcb34610d1f8aa3d1ffcb924a65827419fb34846aa22,extrasensory-p2-fold4-seed29-v2_multiseed,0.15,0.1500098019996079,7652,0.2492164649393103,0.6456176958441532,0.8865548049684027,79241,grouped_risk_output_compact,0.4406638416693793
V3-3,P2,4,29,natural_missingness,efb672880ee0ff1680cafed70e33ce265ddcc65e24e6b7c44c7798d6500b08df,grouped_risk_full_compact,fdfb479e3a4067e69be7dcb34610d1f8aa3d1ffcb924a65827419fb34846aa22,extrasensory-p2-fold4-seed29-v2_multiseed,0.2,0.2,10202,0.2565162455951517,0.5999742163926238,0.8795749315204119,106055,grouped_risk_output_compact,0.4329982260238549
V3-3,P2,4,29,natural_missingness,efb672880ee0ff1680cafed70e33ce265ddcc65e24e6b7c44c7798d6500b08df,grouped_risk_full_compact,fdfb479e3a4067e69be7dcb34610d1f8aa3d1ffcb924a65827419fb34846aa22,extrasensory-p2-fold4-seed29-v2_multiseed,0.25,0.2500098019996079,12753,0.2678773898881783,0.6912745403363922,0.8628851446599987,132724,grouped_risk_output_compact,0.4236640247178557
V3-3,P2,4,29,natural_missingness,efb672880ee0ff1680cafed70e33ce265ddcc65e24e6b7c44c7798d6500b08df,grouped_risk_full_compact,fdfb479e3a4067e69be7dcb34610d1f8aa3d1ffcb924a65827419fb34846aa22,extrasensory-p2-fold4-seed29-v2_multiseed,0.3,0.3,15303,0.2844784412910713,0.7146356289128428,0.844166571068028,158323,grouped_risk_output_compact,0.4153500498516498
V3-3,P2,4,29,natural_missingness,efb672880ee0ff1680cafed70e33ce265ddcc65e24e6b7c44c7798d6500b08df,grouped_risk_full_compact,fdfb479e3a4067e69be7dcb34610d1f8aa3d1ffcb924a65827419fb34846aa22,extrasensory-p2-fold4-seed29-v2_multiseed,0.35,0.3500098019996079,17854,0.2988729117561006,0.7177509570181316,0.8276039654950431,184164,grouped_risk_output_compact,0.4100767742090602
V3-3,P2,4,29,natural_missingness,efb672880ee0ff1680cafed70e33ce265ddcc65e24e6b7c44c7798d6500b08df,grouped_risk_full_compact,fdfb479e3a4067e69be7dcb34610d1f8aa3d1ffcb924a65827419fb34846aa22,extrasensory-p2-fold4-seed29-v2_multiseed,0.4,0.4,20404,0.3135661593551342,0.7126951041809213,0.8129807019997203,210080,grouped_risk_output_compact,0.405226349565342
V3-3,P2,4,29,natural_missingness,efb672880ee0ff1680cafed70e33ce265ddcc65e24e6b7c44c7798d6500b08df,grouped_risk_full_compact,fdfb479e3a4067e69be7dcb34610d1f8aa3d1ffcb924a65827419fb34846aa22,extrasensory-p2-fold4-seed29-v2_multiseed,0.45,0.4500098019996079,22955,0.3306660965107366,0.7120216328021002,0.7999842532084088,235251,grouped_risk_output_compact,0.4008752695300149
V3-3,P2,4,29,natural_missingness,efb672880ee0ff1680cafed70e33ce265ddcc65e24e6b7c44c7798d6500b08df,grouped_risk_full_compact,fdfb479e3a4067e69be7dcb34610d1f8aa3d1ffcb924a65827419fb34846aa22,extrasensory-p2-fold4-seed29-v2_multiseed,0.5,0.5,25505,0.3439951915935464,0.7107510638739216,0.7889241029400139,259687,grouped_risk_output_compact,0.3968910906175197
V3-3,P2,4,29,natural_missingness,efb672880ee0ff1680cafed70e33ce265ddcc65e24e6b7c44c7798d6500b08df,grouped_risk_full_compact,fdfb479e3a4067e69be7dcb34610d1f8aa3d1ffcb924a65827419fb34846aa22,extrasensory-p2-fold4-seed29-v2_multiseed,0.55,0.5500098019996079,28056,0.3537160034454015,0.7060754693906575,0.7797309357749644,283783,grouped_risk_output_compact,0.3932619895655958
V3-3,P2,4,29,natural_missingness,efb672880ee0ff1680cafed70e33ce265ddcc65e24e6b7c44c7798d6500b08df,grouped_risk_full_compact,fdfb479e3a4067e69be7dcb34610d1f8aa3d1ffcb924a65827419fb34846aa22,extrasensory-p2-fold4-seed29-v2_multiseed,0.6,0.6,30606,0.363685553179383,0.6981265335400537,0.770188081834241,308104,grouped_risk_output_compact,0.389582539384075
V3-3,P2,4,29,natural_missingness,efb672880ee0ff1680cafed70e33ce265ddcc65e24e6b7c44c7798d6500b08df,grouped_risk_full_compact,fdfb479e3a4067e69be7dcb34610d1f8aa3d1ffcb924a65827419fb34846aa22,extrasensory-p2-fold4-seed29-v2_multiseed,0.65,0.6500098019996079,33157,0.3742182544969796,0.6891174530486214,0.760871788461757,332490,grouped_risk_output_compact,0.3858212679004743
V3-3,P2,4,29,natural_missingness,efb672880ee0ff1680cafed70e33ce265ddcc65e24e6b7c44c7798d6500b08df,grouped_risk_full_compact,fdfb479e3a4067e69be7dcb34610d1f8aa3d1ffcb924a65827419fb34846aa22,extrasensory-p2-fold4-seed29-v2_multiseed,0.7,0.7,35707,0.3844106934404632,0.6787835844898122,0.7510821592259379,357137,grouped_risk_output_compact,0.3819960033646398
V3-3,P2,4,29,natural_missingness,efb672880ee0ff1680cafed70e33ce265ddcc65e24e6b7c44c7798d6500b08df,grouped_risk_full_compact,fdfb479e3a4067e69be7dcb34610d1f8aa3d1ffcb924a65827419fb34846aa22,extrasensory-p2-fold4-seed29-v2_multiseed,0.75,0.7500098019996079,38258,0.3942692218937557,0.6703262435289983,0.7421518861351647,381512,grouped_risk_output_compact,0.3778409049905636
V3-3,P2,4,29,natural_missingness,efb672880ee0ff1680cafed70e33ce265ddcc65e24e6b7c44c7798d6500b08df,grouped_risk_full_compact,fdfb479e3a4067e69be7dcb34610d1f8aa3d1ffcb924a65827419fb34846aa22,extrasensory-p2-fold4-seed29-v2_multiseed,0.8,0.8,40808,0.4045973857589733,0.6595857989652171,0.7319291953979825,405733,grouped_risk_output_compact,0.3732080463247874
V3-3,P2,4,29,natural_missingness,efb672880ee0ff1680cafed70e33ce265ddcc65e24e6b7c44c7798d6500b08df,grouped_risk_full_compact,fdfb479e3a4067e69be7dcb34610d1f8aa3d1ffcb924a65827419fb34846aa22,extrasensory-p2-fold4-seed29-v2_multiseed,0.85,0.850009801999608,43359,0.4151548090694337,0.6465184903254755,0.7213137994125647,430134,grouped_risk_output_compact,0.3678965783994924
V3-3,P2,4,29,natural_missingness,efb672880ee0ff1680cafed70e33ce265ddcc65e24e6b7c44c7798d6500b08df,grouped_risk_full_compact,fdfb479e3a4067e69be7dcb34610d1f8aa3d1ffcb924a65827419fb34846aa22,extrasensory-p2-fold4-seed29-v2_multiseed,0.9,0.9,45909,0.42547947442664,0.6318576370433054,0.7100322619891677,454003,grouped_risk_output_compact,0.3616401360070018
V3-3,P2,4,29,natural_missingness,efb672880ee0ff1680cafed70e33ce265ddcc65e24e6b7c44c7798d6500b08df,grouped_risk_full_compact,fdfb479e3a4067e69be7dcb34610d1f8aa3d1ffcb924a65827419fb34846aa22,extrasensory-p2-fold4-seed29-v2_multiseed,0.95,0.950009801999608,48460,0.4364027069295224,0.6162523024364795,0.69770396515649,478690,grouped_risk_output_compact,0.3530931592943399
V3-3,P2,4,29,natural_missingness,efb672880ee0ff1680cafed70e33ce265ddcc65e24e6b7c44c7798d6500b08df,grouped_risk_full_compact,fdfb479e3a4067e69be7dcb34610d1f8aa3d1ffcb924a65827419fb34846aa22,extrasensory-p2-fold4-seed29-v2_multiseed,1.0,1.0,51010,0.44783220093212,0.6024232840375966,0.6845457843808327,504726,grouped_risk_output_compact,0.3074994892044563
V3-3,P2,4,29,natural_missingness,efb672880ee0ff1680cafed70e33ce265ddcc65e24e6b7c44c7798d6500b08df,grouped_risk_full_compact,fdfb479e3a4067e69be7dcb34610d1f8aa3d1ffcb924a65827419fb34846aa22,extrasensory-p2-fold4-seed29-v2_multiseed,0.05,0.0500098019996079,2551,0.4208650029609875,0.5287980559130268,0.822294994319321,26003,grouped_risk_full_compact,0.4652621552795224
V3-3,P2,4,29,natural_missingness,efb672880ee0ff1680cafed70e33ce265ddcc65e24e6b7c44c7798d6500b08df,grouped_risk_full_compact,fdfb479e3a4067e69be7dcb34610d1f8aa3d1ffcb924a65827419fb34846aa22,extrasensory-p2-fold4-seed29-v2_multiseed,0.1,0.1,5101,0.2915888248693404,0.6396129969275764,0.8646833013435701,54755,grouped_risk_full_compact,0.4499025036489225
V3-3,P2,4,29,natural_missingness,efb672880ee0ff1680cafed70e33ce265ddcc65e24e6b7c44c7798d6500b08df,grouped_risk_full_compact,fdfb479e3a4067e69be7dcb34610d1f8aa3d1ffcb924a65827419fb34846aa22,extrasensory-p2-fold4-seed29-v2_multiseed,0.15,0.1500098019996079,7652,0.2505210297005593,0.671679777749929,0.8797617781559077,82860,grouped_risk_full_compact,0.4390180275042198
V3-3,P2,4,29,natural_missingness,efb672880ee0ff1680cafed70e33ce265ddcc65e24e6b7c44c7798d6500b08df,grouped_risk_full_compact,fdfb479e3a4067e69be7dcb34610d1f8aa3d1ffcb924a65827419fb34846aa22,extrasensory-p2-fold4-seed29-v2_multiseed,0.2,0.2,10202,0.2471381851108444,0.6725235112805253,0.8717418083271742,109291,grouped_risk_full_compact,0.4296806872511217
V3-3,P2,4,29,natural_missingness,efb672880ee0ff1680cafed70e33ce265ddcc65e24e6b7c44c7798d6500b08df,grouped_risk_full_compact,fdfb479e3a4067e69be7dcb34610d1f8aa3d1ffcb924a65827419fb34846aa22,extrasensory-p2-fold4-seed29-v2_multiseed,0.25,0.2500098019996079,12753,0.2622638588273481,0.6910669549522879,0.8574756969550896,135320,grouped_risk_full_compact,0.4222911115084977
V3-3,P2,4,29,natural_missingness,efb672880ee0ff1680cafed70e33ce265ddcc65e24e6b7c44c7798d6500b08df,grouped_risk_full_compact,fdfb479e3a4067e69be7dcb34610d1f8aa3d1ffcb924a65827419fb34846aa22,extrasensory-p2-fold4-seed29-v2_multiseed,0.3,0.3,15303,0.2858797420398241,0.7032559121707224,0.841603140548683,161054,grouped_risk_full_compact,0.4148889084751357
V3-3,P2,4,29,natural_missingness,efb672880ee0ff1680cafed70e33ce265ddcc65e24e6b7c44c7798d6500b08df,grouped_risk_full_compact,fdfb479e3a4067e69be7dcb34610d1f8aa3d1ffcb924a65827419fb34846aa22,extrasensory-p2-fold4-seed29-v2_multiseed,0.35,0.3500098019996079,17854,0.3011756504697215,0.7130063641578018,0.8267280644676911,186557,grouped_risk_full_compact,0.4081769332080512
V3-3,P2,4,29,natural_missingness,efb672880ee0ff1680cafed70e33ce265ddcc65e24e6b7c44c7798d6500b08df,grouped_risk_full_compact,fdfb479e3a4067e69be7dcb34610d1f8aa3d1ffcb924a65827419fb34846aa22,extrasensory-p2-fold4-seed29-v2_multiseed,0.4,0.4,20404,0.3128852812178852,0.716917400151557,0.8128067846739062,212197,grouped_risk_full_compact,0.4029206891087611
V3-3,P2,4,29,natural_missingness,efb672880ee0ff1680cafed70e33ce265ddcc65e24e6b7c44c7798d6500b08df,grouped_risk_full_compact,fdfb479e3a4067e69be7dcb34610d1f8aa3d1ffcb924a65827419fb34846aa22,extrasensory-p2-fold4-seed29-v2_multiseed,0.45,0.4500098019996079,22955,0.3240219745240866,0.7163933098658848,0.801258445675494,237840,grouped_risk_full_compact,0.398539856241563
V3-3,P2,4,29,natural_missingness,efb672880ee0ff1680cafed70e33ce265ddcc65e24e6b7c44c7798d6500b08df,grouped_risk_full_compact,fdfb479e3a4067e69be7dcb34610d1f8aa3d1ffcb924a65827419fb34846aa22,extrasensory-p2-fold4-seed29-v2_multiseed,0.5,0.5,25505,0.3366252863489757,0.7136352119937648,0.7897457614743206,262524,grouped_risk_full_compact,0.3943720536860661
V3-3,P2,4,29,natural_missingness,efb672880ee0ff1680cafed70e33ce265ddcc65e24e6b7c44c7798d6500b08df,grouped_risk_full_compact,fdfb479e3a4067e69be7dcb34610d1f8aa3d1ffcb924a65827419fb34846aa22,extrasensory-p2-fold4-seed29-v2_multiseed,0.55,0.5500098019996079,28056,0.3484276870465382,0.7081954284283255,0.7785953625519367,287129,grouped_risk_full_compact,0.390382166666292
V3-3,P2,4,29,natural_missingness,efb672880ee0ff1680cafed70e33ce265ddcc65e24e6b7c44c7798d6500b08df,grouped_risk_full_compact,fdfb479e3a4067e69be7dcb34610d1f8aa3d1ffcb924a65827419fb34846aa22,extrasensory-p2-fold4-seed29-v2_multiseed,0.6,0.6,30606,0.3612952100444509,0.7004056656288636,0.7683732987686326,311760,grouped_risk_full_compact,0.3864523473345399
V3-3,P2,4,29,natural_missingness,efb672880ee0ff1680cafed70e33ce265ddcc65e24e6b7c44c7798d6500b08df,grouped_risk_full_compact,fdfb479e3a4067e69be7dcb34610d1f8aa3d1ffcb924a65827419fb34846aa22,extrasensory-p2-fold4-seed29-v2_multiseed,0.65,0.6500098019996079,33157,0.3766061120174827,0.6907450776240448,0.7570913964023297,335806,grouped_risk_full_compact,0.382463823306684
V3-3,P2,4,29,natural_missingness,efb672880ee0ff1680cafed70e33ce265ddcc65e24e6b7c44c7798d6500b08df,grouped_risk_full_compact,fdfb479e3a4067e69be7dcb34610d1f8aa3d1ffcb924a65827419fb34846aa22,extrasensory-p2-fold4-seed29-v2_multiseed,0.7,0.7,35707,0.3888999755602776,0.6809283701220888,0.7467791878579795,359721,grouped_risk_full_compact,0.3782722493584134
V3-3,P2,4,29,natural_missingness,efb672880ee0ff1680cafed70e33ce265ddcc65e24e6b7c44c7798d6500b08df,grouped_risk_full_compact,fdfb479e3a4067e69be7dcb34610d1f8aa3d1ffcb924a65827419fb34846aa22,extrasensory-p2-fold4-seed29-v2_multiseed,0.75,0.7500098019996079,38258,0.3997912287560841,0.6698619243519741,0.7372486469947986,383284,grouped_risk_full_compact,0.3736856158584452
V3-3,P2,4,29,natural_missingness,efb672880ee0ff1680cafed70e33ce265ddcc65e24e6b7c44c7798d6500b08df,grouped_risk_full_compact,fdfb479e3a4067e69be7dcb34610d1f8aa3d1ffcb924a65827419fb34846aa22,extrasensory-p2-fold4-seed29-v2_multiseed,0.8,0.8,40808,0.409268308994334,0.6576095623565481,0.7280030171600981,407073,grouped_risk_full_compact,0.3687056763304255
V3-3,P2,4,29,natural_missingness,efb672880ee0ff1680cafed70e33ce265ddcc65e24e6b7c44c7798d6500b08df,grouped_risk_full_compact,fdfb479e3a4067e69be7dcb34610d1f8aa3d1ffcb924a65827419fb34846aa22,extrasensory-p2-fold4-seed29-v2_multiseed,0.85,0.850009801999608,43359,0.4183983185475929,0.6450325665750867,0.7184118410064144,430667,grouped_risk_full_compact,0.3630117604830485
V3-3,P2,4,29,natural_missingness,efb672880ee0ff1680cafed70e33ce265ddcc65e24e6b7c44c7798d6500b08df,grouped_risk_full_compact,fdfb479e3a4067e69be7dcb34610d1f8aa3d1ffcb924a65827419fb34846aa22,extrasensory-p2-fold4-seed29-v2_multiseed,0.9,0.9,45909,0.427811342575073,0.6307634103474639,0.7078581969412396,455043,grouped_risk_full_compact,0.3557109790241844
V3-3,P2,4,29,natural_missingness,efb672880ee0ff1680cafed70e33ce265ddcc65e24e6b7c44c7798d6500b08df,grouped_risk_full_compact,fdfb479e3a4067e69be7dcb34610d1f8aa3d1ffcb924a65827419fb34846aa22,extrasensory-p2-fold4-seed29-v2_multiseed,0.95,0.950009801999608,48460,0.4377380849422175,0.6160690531175004,0.6964727490074535,479992,grouped_risk_full_compact,0.3456012810480001
V3-3,P2,4,29,natural_missingness,efb672880ee0ff1680cafed70e33ce265ddcc65e24e6b7c44c7798d6500b08df,grouped_risk_full_compact,fdfb479e3a4067e69be7dcb34610d1f8aa3d1ffcb924a65827419fb34846aa22,extrasensory-p2-fold4-seed29-v2_multiseed,1.0,1.0,51010,0.44783220093212,0.6024232840375966,0.6845457843808327,504726,grouped_risk_full_compact,0.2858760622498478
V3-3,P2,4,29,natural_missingness,efb672880ee0ff1680cafed70e33ce265ddcc65e24e6b7c44c7798d6500b08df,grouped_risk_full_compact,fdfb479e3a4067e69be7dcb34610d1f8aa3d1ffcb924a65827419fb34846aa22,extrasensory-p2-fold4-seed29-v2_multiseed,0.05,0.0500098019996079,2551,0.4208650029609875,0.5287980559130268,0.822294994319321,26003,grouped_risk_selected,0.4652621552795224
V3-3,P2,4,29,natural_missingness,efb672880ee0ff1680cafed70e33ce265ddcc65e24e6b7c44c7798d6500b08df,grouped_risk_full_compact,fdfb479e3a4067e69be7dcb34610d1f8aa3d1ffcb924a65827419fb34846aa22,extrasensory-p2-fold4-seed29-v2_multiseed,0.1,0.1,5101,0.2915888248693404,0.6396129969275764,0.8646833013435701,54755,grouped_risk_selected,0.4499025036489225
V3-3,P2,4,29,natural_missingness,efb672880ee0ff1680cafed70e33ce265ddcc65e24e6b7c44c7798d6500b08df,grouped_risk_full_compact,fdfb479e3a4067e69be7dcb34610d1f8aa3d1ffcb924a65827419fb34846aa22,extrasensory-p2-fold4-seed29-v2_multiseed,0.15,0.1500098019996079,7652,0.2505210297005593,0.671679777749929,0.8797617781559077,82860,grouped_risk_selected,0.4390180275042198
V3-3,P2,4,29,natural_missingness,efb672880ee0ff1680cafed70e33ce265ddcc65e24e6b7c44c7798d6500b08df,grouped_risk_full_compact,fdfb479e3a4067e69be7dcb34610d1f8aa3d1ffcb924a65827419fb34846aa22,extrasensory-p2-fold4-seed29-v2_multiseed,0.2,0.2,10202,0.2471381851108444,0.6725235112805253,0.8717418083271742,109291,grouped_risk_selected,0.4296806872511217
V3-3,P2,4,29,natural_missingness,efb672880ee0ff1680cafed70e33ce265ddcc65e24e6b7c44c7798d6500b08df,grouped_risk_full_compact,fdfb479e3a4067e69be7dcb34610d1f8aa3d1ffcb924a65827419fb34846aa22,extrasensory-p2-fold4-seed29-v2_multiseed,0.25,0.2500098019996079,12753,0.2622638588273481,0.6910669549522879,0.8574756969550896,135320,grouped_risk_selected,0.4222911115084977
V3-3,P2,4,29,natural_missingness,efb672880ee0ff1680cafed70e33ce265ddcc65e24e6b7c44c7798d6500b08df,grouped_risk_full_compact,fdfb479e3a4067e69be7dcb34610d1f8aa3d1ffcb924a65827419fb34846aa22,extrasensory-p2-fold4-seed29-v2_multiseed,0.3,0.3,15303,0.2858797420398241,0.7032559121707224,0.841603140548683,161054,grouped_risk_selected,0.4148889084751357
V3-3,P2,4,29,natural_missingness,efb672880ee0ff1680cafed70e33ce265ddcc65e24e6b7c44c7798d6500b08df,grouped_risk_full_compact,fdfb479e3a4067e69be7dcb34610d1f8aa3d1ffcb924a65827419fb34846aa22,extrasensory-p2-fold4-seed29-v2_multiseed,0.35,0.3500098019996079,17854,0.3011756504697215,0.7130063641578018,0.8267280644676911,186557,grouped_risk_selected,0.4081769332080512
V3-3,P2,4,29,natural_missingness,efb672880ee0ff1680cafed70e33ce265ddcc65e24e6b7c44c7798d6500b08df,grouped_risk_full_compact,fdfb479e3a4067e69be7dcb34610d1f8aa3d1ffcb924a65827419fb34846aa22,extrasensory-p2-fold4-seed29-v2_multiseed,0.4,0.4,20404,0.3128852812178852,0.716917400151557,0.8128067846739062,212197,grouped_risk_selected,0.4029206891087611
V3-3,P2,4,29,natural_missingness,efb672880ee0ff1680cafed70e33ce265ddcc65e24e6b7c44c7798d6500b08df,grouped_risk_full_compact,fdfb479e3a4067e69be7dcb34610d1f8aa3d1ffcb924a65827419fb34846aa22,extrasensory-p2-fold4-seed29-v2_multiseed,0.45,0.4500098019996079,22955,0.3240219745240866,0.7163933098658848,0.801258445675494,237840,grouped_risk_selected,0.398539856241563
V3-3,P2,4,29,natural_missingness,efb672880ee0ff1680cafed70e33ce265ddcc65e24e6b7c44c7798d6500b08df,grouped_risk_full_compact,fdfb479e3a4067e69be7dcb34610d1f8aa3d1ffcb924a65827419fb34846aa22,extrasensory-p2-fold4-seed29-v2_multiseed,0.5,0.5,25505,0.3366252863489757,0.7136352119937648,0.7897457614743206,262524,grouped_risk_selected,0.3943720536860661
V3-3,P2,4,29,natural_missingness,efb672880ee0ff1680cafed70e33ce265ddcc65e24e6b7c44c7798d6500b08df,grouped_risk_full_compact,fdfb479e3a4067e69be7dcb34610d1f8aa3d1ffcb924a65827419fb34846aa22,extrasensory-p2-fold4-seed29-v2_multiseed,0.55,0.5500098019996079,28056,0.3484276870465382,0.7081954284283255,0.7785953625519367,287129,grouped_risk_selected,0.390382166666292
V3-3,P2,4,29,natural_missingness,efb672880ee0ff1680cafed70e33ce265ddcc65e24e6b7c44c7798d6500b08df,grouped_risk_full_compact,fdfb479e3a4067e69be7dcb34610d1f8aa3d1ffcb924a65827419fb34846aa22,extrasensory-p2-fold4-seed29-v2_multiseed,0.6,0.6,30606,0.3612952100444509,0.7004056656288636,0.7683732987686326,311760,grouped_risk_selected,0.3864523473345399
V3-3,P2,4,29,natural_missingness,efb672880ee0ff1680cafed70e33ce265ddcc65e24e6b7c44c7798d6500b08df,grouped_risk_full_compact,fdfb479e3a4067e69be7dcb34610d1f8aa3d1ffcb924a65827419fb34846aa22,extrasensory-p2-fold4-seed29-v2_multiseed,0.65,0.6500098019996079,33157,0.3766061120174827,0.6907450776240448,0.7570913964023297,335806,grouped_risk_selected,0.382463823306684
V3-3,P2,4,29,natural_missingness,efb672880ee0ff1680cafed70e33ce265ddcc65e24e6b7c44c7798d6500b08df,grouped_risk_full_compact,fdfb479e3a4067e69be7dcb34610d1f8aa3d1ffcb924a65827419fb34846aa22,extrasensory-p2-fold4-seed29-v2_multiseed,0.7,0.7,35707,0.3888999755602776,0.6809283701220888,0.7467791878579795,359721,grouped_risk_selected,0.3782722493584134
V3-3,P2,4,29,natural_missingness,efb672880ee0ff1680cafed70e33ce265ddcc65e24e6b7c44c7798d6500b08df,grouped_risk_full_compact,fdfb479e3a4067e69be7dcb34610d1f8aa3d1ffcb924a65827419fb34846aa22,extrasensory-p2-fold4-seed29-v2_multiseed,0.75,0.7500098019996079,38258,0.3997912287560841,0.6698619243519741,0.7372486469947986,383284,grouped_risk_selected,0.3736856158584452
V3-3,P2,4,29,natural_missingness,efb672880ee0ff1680cafed70e33ce265ddcc65e24e6b7c44c7798d6500b08df,grouped_risk_full_compact,fdfb479e3a4067e69be7dcb34610d1f8aa3d1ffcb924a65827419fb34846aa22,extrasensory-p2-fold4-seed29-v2_multiseed,0.8,0.8,40808,0.409268308994334,0.6576095623565481,0.7280030171600981,407073,grouped_risk_selected,0.3687056763304255
V3-3,P2,4,29,natural_missingness,efb672880ee0ff1680cafed70e33ce265ddcc65e24e6b7c44c7798d6500b08df,grouped_risk_full_compact,fdfb479e3a4067e69be7dcb34610d1f8aa3d1ffcb924a65827419fb34846aa22,extrasensory-p2-fold4-seed29-v2_multiseed,0.85,0.850009801999608,43359,0.4183983185475929,0.6450325665750867,0.7184118410064144,430667,grouped_risk_selected,0.3630117604830485
V3-3,P2,4,29,natural_missingness,efb672880ee0ff1680cafed70e33ce265ddcc65e24e6b7c44c7798d6500b08df,grouped_risk_full_compact,fdfb479e3a4067e69be7dcb34610d1f8aa3d1ffcb924a65827419fb34846aa22,extrasensory-p2-fold4-seed29-v2_multiseed,0.9,0.9,45909,0.427811342575073,0.6307634103474639,0.7078581969412396,455043,grouped_risk_selected,0.3557109790241844
V3-3,P2,4,29,natural_missingness,efb672880ee0ff1680cafed70e33ce265ddcc65e24e6b7c44c7798d6500b08df,grouped_risk_full_compact,fdfb479e3a4067e69be7dcb34610d1f8aa3d1ffcb924a65827419fb34846aa22,extrasensory-p2-fold4-seed29-v2_multiseed,0.95,0.950009801999608,48460,0.4377380849422175,0.6160690531175004,0.6964727490074535,479992,grouped_risk_selected,0.3456012810480001
V3-3,P2,4,29,natural_missingness,efb672880ee0ff1680cafed70e33ce265ddcc65e24e6b7c44c7798d6500b08df,grouped_risk_full_compact,fdfb479e3a4067e69be7dcb34610d1f8aa3d1ffcb924a65827419fb34846aa22,extrasensory-p2-fold4-seed29-v2_multiseed,1.0,1.0,51010,0.44783220093212,0.6024232840375966,0.6845457843808327,504726,grouped_risk_selected,0.2858760622498478
V3-3,P2,4,47,natural_missingness,efb672880ee0ff1680cafed70e33ce265ddcc65e24e6b7c44c7798d6500b08df,grouped_risk_output_compact,36acd56b56e9691b25833311a6dba037d1103629d12b6c53e97c0f66da24fd24,extrasensory-p2-fold4-seed47-v2_multiseed,0.05,0.0500098019996079,2551,0.2762511540926981,0.3685800440519374,0.8689740420271941,25552,mean_binary_certainty,0.9177673121339563
V3-3,P2,4,47,natural_missingness,efb672880ee0ff1680cafed70e33ce265ddcc65e24e6b7c44c7798d6500b08df,grouped_risk_output_compact,36acd56b56e9691b25833311a6dba037d1103629d12b6c53e97c0f66da24fd24,extrasensory-p2-fold4-seed47-v2_multiseed,0.1,0.1,5101,0.2365855961743989,0.3962077692699826,0.9004936508429321,54811,mean_binary_certainty,0.8690322994430809
V3-3,P2,4,47,natural_missingness,efb672880ee0ff1680cafed70e33ce265ddcc65e24e6b7c44c7798d6500b08df,grouped_risk_output_compact,36acd56b56e9691b25833311a6dba037d1103629d12b6c53e97c0f66da24fd24,extrasensory-p2-fold4-seed47-v2_multiseed,0.15,0.1500098019996079,7652,0.2213043180576956,0.4353791133711787,0.9095141458756116,83722,mean_binary_certainty,0.738761384017602
V3-3,P2,4,47,natural_missingness,efb672880ee0ff1680cafed70e33ce265ddcc65e24e6b7c44c7798d6500b08df,grouped_risk_output_compact,36acd56b56e9691b25833311a6dba037d1103629d12b6c53e97c0f66da24fd24,extrasensory-p2-fold4-seed47-v2_multiseed,0.2,0.2,10202,0.2176927107401506,0.6316289446924831,0.8963361802203244,110929,mean_binary_certainty,0.649307614106327
V3-3,P2,4,47,natural_missingness,efb672880ee0ff1680cafed70e33ce265ddcc65e24e6b7c44c7798d6500b08df,grouped_risk_output_compact,36acd56b56e9691b25833311a6dba037d1103629d12b6c53e97c0f66da24fd24,extrasensory-p2-fold4-seed47-v2_multiseed,0.25,0.2500098019996079,12753,0.2431376825149184,0.6761384177894851,0.8767919512067976,135732,mean_binary_certainty,0.5805076975741819
V3-3,P2,4,47,natural_missingness,efb672880ee0ff1680cafed70e33ce265ddcc65e24e6b7c44c7798d6500b08df,grouped_risk_output_compact,36acd56b56e9691b25833311a6dba037d1103629d12b6c53e97c0f66da24fd24,extrasensory-p2-fold4-seed47-v2_multiseed,0.3,0.3,15303,0.2726232821634577,0.6906801591545039,0.8603848496469579,159853,mean_binary_certainty,0.5340464952726167
V3-3,P2,4,47,natural_missingness,efb672880ee0ff1680cafed70e33ce265ddcc65e24e6b7c44c7798d6500b08df,grouped_risk_output_compact,36acd56b56e9691b25833311a6dba037d1103629d12b6c53e97c0f66da24fd24,extrasensory-p2-fold4-seed47-v2_multiseed,0.35,0.3500098019996079,17854,0.2919625788847995,0.6915139281856807,0.8431115276476101,184788,mean_binary_certainty,0.4980055240689078
V3-3,P2,4,47,natural_missingness,efb672880ee0ff1680cafed70e33ce265ddcc65e24e6b7c44c7798d6500b08df,grouped_risk_output_compact,36acd56b56e9691b25833311a6dba037d1103629d12b6c53e97c0f66da24fd24,extrasensory-p2-fold4-seed47-v2_multiseed,0.4,0.4,20404,0.3143130743429005,0.6939120369426965,0.827865979742754,208954,mean_binary_certainty,0.4677131172185719
V3-3,P2,4,47,natural_missingness,efb672880ee0ff1680cafed70e33ce265ddcc65e24e6b7c44c7798d6500b08df,grouped_risk_output_compact,36acd56b56e9691b25833311a6dba037d1103629d12b6c53e97c0f66da24fd24,extrasensory-p2-fold4-seed47-v2_multiseed,0.45,0.4500098019996079,22955,0.3343419671987728,0.692311160219469,0.8129136730234093,233485,mean_binary_certainty,0.4394539256967739
V3-3,P2,4,47,natural_missingness,efb672880ee0ff1680cafed70e33ce265ddcc65e24e6b7c44c7798d6500b08df,grouped_risk_output_compact,36acd56b56e9691b25833311a6dba037d1103629d12b6c53e97c0f66da24fd24,extrasensory-p2-fold4-seed47-v2_multiseed,0.5,0.5,25505,0.3503460841802356,0.6901966267832118,0.7996191539777648,258327,mean_binary_certainty,0.4117799174110153
V3-3,P2,4,47,natural_missingness,efb672880ee0ff1680cafed70e33ce265ddcc65e24e6b7c44c7798d6500b08df,grouped_risk_output_compact,36acd56b56e9691b25833311a6dba037d1103629d12b6c53e97c0f66da24fd24,extrasensory-p2-fold4-seed47-v2_multiseed,0.55,0.5500098019996079,28056,0.3637517383975341,0.6831922330622583,0.7868744483817001,283047,mean_binary_certainty,0.3862352327104383
V3-3,P2,4,47,natural_missingness,efb672880ee0ff1680cafed70e33ce265ddcc65e24e6b7c44c7798d6500b08df,grouped_risk_output_compact,36acd56b56e9691b25833311a6dba037d1103629d12b6c53e97c0f66da24fd24,extrasensory-p2-fold4-seed47-v2_multiseed,0.6,0.6,30606,0.3745482299477567,0.6773907569286701,0.7765455533108319,307366,mean_binary_certainty,0.3613986501361551
V3-3,P2,4,47,natural_missingness,efb672880ee0ff1680cafed70e33ce265ddcc65e24e6b7c44c7798d6500b08df,grouped_risk_output_compact,36acd56b56e9691b25833311a6dba037d1103629d12b6c53e97c0f66da24fd24,extrasensory-p2-fold4-seed47-v2_multiseed,0.65,0.6500098019996079,33157,0.3839402461640609,0.6695558785521505,0.7660785364796587,331093,mean_binary_certainty,0.3374044943296251
V3-3,P2,4,47,natural_missingness,efb672880ee0ff1680cafed70e33ce265ddcc65e24e6b7c44c7798d6500b08df,grouped_risk_output_compact,36acd56b56e9691b25833311a6dba037d1103629d12b6c53e97c0f66da24fd24,extrasensory-p2-fold4-seed47-v2_multiseed,0.7,0.7,35707,0.3934850043618055,0.6605223844561614,0.7558145752018393,354864,mean_binary_certainty,0.3134731923878036
V3-3,P2,4,47,natural_missingness,efb672880ee0ff1680cafed70e33ce265ddcc65e24e6b7c44c7798d6500b08df,grouped_risk_output_compact,36acd56b56e9691b25833311a6dba037d1103629d12b6c53e97c0f66da24fd24,extrasensory-p2-fold4-seed47-v2_multiseed,0.75,0.7500098019996079,38258,0.4033471619643153,0.651156978461778,0.7463127436402363,378994,mean_binary_certainty,0.2895200071339235
V3-3,P2,4,47,natural_missingness,efb672880ee0ff1680cafed70e33ce265ddcc65e24e6b7c44c7798d6500b08df,grouped_risk_output_compact,36acd56b56e9691b25833311a6dba037d1103629d12b6c53e97c0f66da24fd24,extrasensory-p2-fold4-seed47-v2_multiseed,0.8,0.8,40808,0.4134483585387355,0.641609198330482,0.736763340847525,403018,mean_binary_certainty,0.2637170013012831
V3-3,P2,4,47,natural_missingness,efb672880ee0ff1680cafed70e33ce265ddcc65e24e6b7c44c7798d6500b08df,grouped_risk_output_compact,36acd56b56e9691b25833311a6dba037d1103629d12b6c53e97c0f66da24fd24,extrasensory-p2-fold4-seed47-v2_multiseed,0.85,0.850009801999608,43359,0.4228353698975462,0.6320084741743657,0.7278323633382169,426949,mean_binary_certainty,0.2371555424061578
V3-3,P2,4,47,natural_missingness,efb672880ee0ff1680cafed70e33ce265ddcc65e24e6b7c44c7798d6500b08df,grouped_risk_output_compact,36acd56b56e9691b25833311a6dba037d1103629d12b6c53e97c0f66da24fd24,extrasensory-p2-fold4-seed47-v2_multiseed,0.9,0.9,45909,0.4320628824458843,0.6211940743864898,0.7185586534296948,451694,mean_binary_certainty,0.2066780408761067
V3-3,P2,4,47,natural_missingness,efb672880ee0ff1680cafed70e33ce265ddcc65e24e6b7c44c7798d6500b08df,grouped_risk_output_compact,36acd56b56e9691b25833311a6dba037d1103629d12b6c53e97c0f66da24fd24,extrasensory-p2-fold4-seed47-v2_multiseed,0.95,0.950009801999608,48460,0.4414109296619199,0.6099401724284513,0.709374924473733,477522,mean_binary_certainty,0.1658999233262246
V3-3,P2,4,47,natural_missingness,efb672880ee0ff1680cafed70e33ce265ddcc65e24e6b7c44c7798d6500b08df,grouped_risk_output_compact,36acd56b56e9691b25833311a6dba037d1103629d12b6c53e97c0f66da24fd24,extrasensory-p2-fold4-seed47-v2_multiseed,1.0,1.0,51010,0.4503193512823913,0.5976761634819686,0.6998710940936614,504726,mean_binary_certainty,0.0390326011617009
V3-3,P2,4,47,natural_missingness,efb672880ee0ff1680cafed70e33ce265ddcc65e24e6b7c44c7798d6500b08df,grouped_risk_output_compact,36acd56b56e9691b25833311a6dba037d1103629d12b6c53e97c0f66da24fd24,extrasensory-p2-fold4-seed47-v2_multiseed,0.05,0.0500098019996079,2551,0.42632249624667,0.6247896911761673,0.7026975502811934,22434,p2_system_reliability,0.993522882461548
V3-3,P2,4,47,natural_missingness,efb672880ee0ff1680cafed70e33ce265ddcc65e24e6b7c44c7798d6500b08df,grouped_risk_output_compact,36acd56b56e9691b25833311a6dba037d1103629d12b6c53e97c0f66da24fd24,extrasensory-p2-fold4-seed47-v2_multiseed,0.1,0.1,5101,0.4330216462978399,0.637047545028776,0.7066129414553212,44396,p2_system_reliability,0.9921039938926696
V3-3,P2,4,47,natural_missingness,efb672880ee0ff1680cafed70e33ce265ddcc65e24e6b7c44c7798d6500b08df,grouped_risk_output_compact,36acd56b56e9691b25833311a6dba037d1103629d12b6c53e97c0f66da24fd24,extrasensory-p2-fold4-seed47-v2_multiseed,0.15,0.1500098019996079,7652,0.4371934812039644,0.6410938423195292,0.7050205357690186,67571,p2_system_reliability,0.990791916847229
V3-3,P2,4,47,natural_missingness,efb672880ee0ff1680cafed70e33ce265ddcc65e24e6b7c44c7798d6500b08df,grouped_risk_output_compact,36acd56b56e9691b25833311a6dba037d1103629d12b6c53e97c0f66da24fd24,extrasensory-p2-fold4-seed47-v2_multiseed,0.2,0.2,10202,0.4538492480443544,0.644791288725519,0.6974561620153125,91413,p2_system_reliability,0.9896233081817628
V3-3,P2,4,47,natural_missingness,efb672880ee0ff1680cafed70e33ce265ddcc65e24e6b7c44c7798d6500b08df,grouped_risk_output_compact,36acd56b56e9691b25833311a6dba037d1103629d12b6c53e97c0f66da24fd24,extrasensory-p2-fold4-seed47-v2_multiseed,0.25,0.2500098019996079,12753,0.4554256492359573,0.6361994824318323,0.6938312141958921,116563,p2_system_reliability,0.9885545372962952
V3-3,P2,4,47,natural_missingness,efb672880ee0ff1680cafed70e33ce265ddcc65e24e6b7c44c7798d6500b08df,grouped_risk_output_compact,36acd56b56e9691b25833311a6dba037d1103629d12b6c53e97c0f66da24fd24,extrasensory-p2-fold4-seed47-v2_multiseed,0.3,0.3,15303,0.4514357811982796,0.6297178555764799,0.6945050613129848,142801,p2_system_reliability,0.9875880479812622
V3-3,P2,4,47,natural_missingness,efb672880ee0ff1680cafed70e33ce265ddcc65e24e6b7c44c7798d6500b08df,grouped_risk_output_compact,36acd56b56e9691b25833311a6dba037d1103629d12b6c53e97c0f66da24fd24,extrasensory-p2-fold4-seed47-v2_multiseed,0.35,0.3500098019996079,17854,0.4480917781106532,0.6257772013105466,0.6967549684413055,169424,p2_system_reliability,0.9867034554481506
V3-3,P2,4,47,natural_missingness,efb672880ee0ff1680cafed70e33ce265ddcc65e24e6b7c44c7798d6500b08df,grouped_risk_output_compact,36acd56b56e9691b25833311a6dba037d1103629d12b6c53e97c0f66da24fd24,extrasensory-p2-fold4-seed47-v2_multiseed,0.4,0.4,20404,0.4446354998143442,0.6244175131077906,0.6998844743583305,196134,p2_system_reliability,0.9858317375183104
V3-3,P2,4,47,natural_missingness,efb672880ee0ff1680cafed70e33ce265ddcc65e24e6b7c44c7798d6500b08df,grouped_risk_output_compact,36acd56b56e9691b25833311a6dba037d1103629d12b6c53e97c0f66da24fd24,extrasensory-p2-fold4-seed47-v2_multiseed,0.45,0.4500098019996079,22955,0.441126680917107,0.6234645111197719,0.7045606268226696,222606,p2_system_reliability,0.9849587678909302
V3-3,P2,4,47,natural_missingness,efb672880ee0ff1680cafed70e33ce265ddcc65e24e6b7c44c7798d6500b08df,grouped_risk_output_compact,36acd56b56e9691b25833311a6dba037d1103629d12b6c53e97c0f66da24fd24,extrasensory-p2-fold4-seed47-v2_multiseed,0.5,0.5,25505,0.4393390024852728,0.6223464514422223,0.7078671832973407,249258,p2_system_reliability,0.9840949773788452
V3-3,P2,4,47,natural_missingness,efb672880ee0ff1680cafed70e33ce265ddcc65e24e6b7c44c7798d6500b08df,grouped_risk_output_compact,36acd56b56e9691b25833311a6dba037d1103629d12b6c53e97c0f66da24fd24,extrasensory-p2-fold4-seed47-v2_multiseed,0.55,0.5500098019996079,28056,0.4374131481303902,0.6224982624731397,0.7111821265382783,275941,p2_system_reliability,0.983213186264038
V3-3,P2,4,47,natural_missingness,efb672880ee0ff1680cafed70e33ce265ddcc65e24e6b7c44c7798d6500b08df,grouped_risk_output_compact,36acd56b56e9691b25833311a6dba037d1103629d12b6c53e97c0f66da24fd24,extrasensory-p2-fold4-seed47-v2_multiseed,0.6,0.6,30606,0.4365370245386913,0.6214599310854549,0.7126093531652596,302350,p2_system_reliability,0.9822317957878112
V3-3,P2,4,47,natural_missingness,efb672880ee0ff1680cafed70e33ce265ddcc65e24e6b7c44c7798d6500b08df,grouped_risk_output_compact,36acd56b56e9691b25833311a6dba037d1103629d12b6c53e97c0f66da24fd24,extrasensory-p2-fold4-seed47-v2_multiseed,0.65,0.6500098019996079,33157,0.4363368719720721,0.6214099623335706,0.7136937243202373,328299,p2_system_reliability,0.9811030626296996
V3-3,P2,4,47,natural_missingness,efb672880ee0ff1680cafed70e33ce265ddcc65e24e6b7c44c7798d6500b08df,grouped_risk_output_compact,36acd56b56e9691b25833311a6dba037d1103629d12b6c53e97c0f66da24fd24,extrasensory-p2-fold4-seed47-v2_multiseed,0.7,0.7,35707,0.4366062422623136,0.6191098571651477,0.7136380398707131,354117,p2_system_reliability,0.9797248840332032
V3-3,P2,4,47,natural_missingness,efb672880ee0ff1680cafed70e33ce265ddcc65e24e6b7c44c7798d6500b08df,grouped_risk_output_compact,36acd56b56e9691b25833311a6dba037d1103629d12b6c53e97c0f66da24fd24,extrasensory-p2-fold4-seed47-v2_multiseed,0.75,0.7500098019996079,38258,0.4379857034984212,0.6172093500094977,0.7124756778611679,379930,p2_system_reliability,0.9780938625335692
V3-3,P2,4,47,natural_missingness,efb672880ee0ff1680cafed70e33ce265ddcc65e24e6b7c44c7798d6500b08df,grouped_risk_output_compact,36acd56b56e9691b25833311a6dba037d1103629d12b6c53e97c0f66da24fd24,extrasensory-p2-fold4-seed47-v2_multiseed,0.8,0.8,40808,0.4412100785502372,0.6135680899590653,0.7100151314545111,405596,p2_system_reliability,0.9760766625404358
V3-3,P2,4,47,natural_missingness,efb672880ee0ff1680cafed70e33ce265ddcc65e24e6b7c44c7798d6500b08df,grouped_risk_output_compact,36acd56b56e9691b25833311a6dba037d1103629d12b6c53e97c0f66da24fd24,extrasensory-p2-fold4-seed47-v2_multiseed,0.85,0.850009801999608,43359,0.444734610788269,0.6095677852373868,0.7072772345529559,431305,p2_system_reliability,0.9734745621681212
V3-3,P2,4,47,natural_missingness,efb672880ee0ff1680cafed70e33ce265ddcc65e24e6b7c44c7798d6500b08df,grouped_risk_output_compact,36acd56b56e9691b25833311a6dba037d1103629d12b6c53e97c0f66da24fd24,extrasensory-p2-fold4-seed47-v2_multiseed,0.9,0.9,45909,0.4483486601215271,0.6057885982452456,0.7041049078773494,456895,p2_system_reliability,0.9698034524917604
V3-3,P2,4,47,natural_missingness,efb672880ee0ff1680cafed70e33ce265ddcc65e24e6b7c44c7798d6500b08df,grouped_risk_output_compact,36acd56b56e9691b25833311a6dba037d1103629d12b6c53e97c0f66da24fd24,extrasensory-p2-fold4-seed47-v2_multiseed,0.95,0.950009801999608,48460,0.4511741637303624,0.6011603311011585,0.700784723306002,481807,p2_system_reliability,0.9633378982543944
V3-3,P2,4,47,natural_missingness,efb672880ee0ff1680cafed70e33ce265ddcc65e24e6b7c44c7798d6500b08df,grouped_risk_output_compact,36acd56b56e9691b25833311a6dba037d1103629d12b6c53e97c0f66da24fd24,extrasensory-p2-fold4-seed47-v2_multiseed,1.0,1.0,51010,0.4503193512823913,0.5976761634819686,0.6998710940936614,504726,p2_system_reliability,0.8920919895172119
V3-3,P2,4,47,natural_missingness,efb672880ee0ff1680cafed70e33ce265ddcc65e24e6b7c44c7798d6500b08df,grouped_risk_output_compact,36acd56b56e9691b25833311a6dba037d1103629d12b6c53e97c0f66da24fd24,extrasensory-p2-fold4-seed47-v2_multiseed,0.05,0.0500098019996079,2551,0.2753703545635395,0.3667780672804651,0.8667730078368819,25496,grouped_risk_output_compact,0.4671842917326057
V3-3,P2,4,47,natural_missingness,efb672880ee0ff1680cafed70e33ce265ddcc65e24e6b7c44c7798d6500b08df,grouped_risk_output_compact,36acd56b56e9691b25833311a6dba037d1103629d12b6c53e97c0f66da24fd24,extrasensory-p2-fold4-seed47-v2_multiseed,0.1,0.1,5101,0.2306962533348977,0.3970919419527665,0.9025081788440568,54931,grouped_risk_output_compact,0.4568553465644089
V3-3,P2,4,47,natural_missingness,efb672880ee0ff1680cafed70e33ce265ddcc65e24e6b7c44c7798d6500b08df,grouped_risk_output_compact,36acd56b56e9691b25833311a6dba037d1103629d12b6c53e97c0f66da24fd24,extrasensory-p2-fold4-seed47-v2_multiseed,0.15,0.1500098019996079,7652,0.227297529327183,0.6464405268933057,0.906871979687116,82008,grouped_risk_output_compact,0.4355652943194068
V3-3,P2,4,47,natural_missingness,efb672880ee0ff1680cafed70e33ce265ddcc65e24e6b7c44c7798d6500b08df,grouped_risk_output_compact,36acd56b56e9691b25833311a6dba037d1103629d12b6c53e97c0f66da24fd24,extrasensory-p2-fold4-seed47-v2_multiseed,0.2,0.2,10202,0.2357136518649678,0.6765267031331776,0.8950182493436639,109392,grouped_risk_output_compact,0.4240502715429451
V3-3,P2,4,47,natural_missingness,efb672880ee0ff1680cafed70e33ce265ddcc65e24e6b7c44c7798d6500b08df,grouped_risk_output_compact,36acd56b56e9691b25833311a6dba037d1103629d12b6c53e97c0f66da24fd24,extrasensory-p2-fold4-seed47-v2_multiseed,0.25,0.2500098019996079,12753,0.255438816162981,0.6830098987292599,0.8815846929458934,134786,grouped_risk_output_compact,0.4162082797041577
V3-3,P2,4,47,natural_missingness,efb672880ee0ff1680cafed70e33ce265ddcc65e24e6b7c44c7798d6500b08df,grouped_risk_output_compact,36acd56b56e9691b25833311a6dba037d1103629d12b6c53e97c0f66da24fd24,extrasensory-p2-fold4-seed47-v2_multiseed,0.3,0.3,15303,0.2743349232774709,0.6839463603267923,0.8651693017574812,159642,grouped_risk_output_compact,0.4099798771940444
V3-3,P2,4,47,natural_missingness,efb672880ee0ff1680cafed70e33ce265ddcc65e24e6b7c44c7798d6500b08df,grouped_risk_output_compact,36acd56b56e9691b25833311a6dba037d1103629d12b6c53e97c0f66da24fd24,extrasensory-p2-fold4-seed47-v2_multiseed,0.35,0.3500098019996079,17854,0.298457255548697,0.6877701580304957,0.8478956656995005,183389,grouped_risk_output_compact,0.4038058437381789
V3-3,P2,4,47,natural_missingness,efb672880ee0ff1680cafed70e33ce265ddcc65e24e6b7c44c7798d6500b08df,grouped_risk_output_compact,36acd56b56e9691b25833311a6dba037d1103629d12b6c53e97c0f66da24fd24,extrasensory-p2-fold4-seed47-v2_multiseed,0.4,0.4,20404,0.3156678511980526,0.6850757110543372,0.8319367925029673,208147,grouped_risk_output_compact,0.398743685203935
V3-3,P2,4,47,natural_missingness,efb672880ee0ff1680cafed70e33ce265ddcc65e24e6b7c44c7798d6500b08df,grouped_risk_output_compact,36acd56b56e9691b25833311a6dba037d1103629d12b6c53e97c0f66da24fd24,extrasensory-p2-fold4-seed47-v2_multiseed,0.45,0.4500098019996079,22955,0.3321929677874369,0.6931009673024037,0.8179492476125403,233313,grouped_risk_output_compact,0.3940363744270845
V3-3,P2,4,47,natural_missingness,efb672880ee0ff1680cafed70e33ce265ddcc65e24e6b7c44c7798d6500b08df,grouped_risk_output_compact,36acd56b56e9691b25833311a6dba037d1103629d12b6c53e97c0f66da24fd24,extrasensory-p2-fold4-seed47-v2_multiseed,0.5,0.5,25505,0.3471097833791999,0.699333414196687,0.8066448527561036,258780,grouped_risk_output_compact,0.3898995673349184
V3-3,P2,4,47,natural_missingness,efb672880ee0ff1680cafed70e33ce265ddcc65e24e6b7c44c7798d6500b08df,grouped_risk_output_compact,36acd56b56e9691b25833311a6dba037d1103629d12b6c53e97c0f66da24fd24,extrasensory-p2-fold4-seed47-v2_multiseed,0.55,0.5500098019996079,28056,0.3605338923068291,0.6956057731890076,0.7956252470681249,283947,grouped_risk_output_compact,0.3860108883885894
V3-3,P2,4,47,natural_missingness,efb672880ee0ff1680cafed70e33ce265ddcc65e24e6b7c44c7798d6500b08df,grouped_risk_output_compact,36acd56b56e9691b25833311a6dba037d1103629d12b6c53e97c0f66da24fd24,extrasensory-p2-fold4-seed47-v2_multiseed,0.6,0.6,30606,0.3731476989041547,0.6901736592667131,0.7843108531248283,308366,grouped_risk_output_compact,0.3820203889744655
V3-3,P2,4,47,natural_missingness,efb672880ee0ff1680cafed70e33ce265ddcc65e24e6b7c44c7798d6500b08df,grouped_risk_output_compact,36acd56b56e9691b25833311a6dba037d1103629d12b6c53e97c0f66da24fd24,extrasensory-p2-fold4-seed47-v2_multiseed,0.65,0.6500098019996079,33157,0.3850351886995045,0.6812023379630062,0.7726177486815785,332984,grouped_risk_output_compact,0.3779985774360614
V3-3,P2,4,47,natural_missingness,efb672880ee0ff1680cafed70e33ce265ddcc65e24e6b7c44c7798d6500b08df,grouped_risk_output_compact,36acd56b56e9691b25833311a6dba037d1103629d12b6c53e97c0f66da24fd24,extrasensory-p2-fold4-seed47-v2_multiseed,0.7,0.7,35707,0.3949178744553514,0.6740920305984648,0.7623239155539708,357342,grouped_risk_output_compact,0.3739923813347975
V3-3,P2,4,47,natural_missingness,efb672880ee0ff1680cafed70e33ce265ddcc65e24e6b7c44c7798d6500b08df,grouped_risk_output_compact,36acd56b56e9691b25833311a6dba037d1103629d12b6c53e97c0f66da24fd24,extrasensory-p2-fold4-seed47-v2_multiseed,0.75,0.7500098019996079,38258,0.4029976416906343,0.665023425255568,0.7532235388632256,380564,grouped_risk_output_compact,0.3701905493897094
V3-3,P2,4,47,natural_missingness,efb672880ee0ff1680cafed70e33ce265ddcc65e24e6b7c44c7798d6500b08df,grouped_risk_output_compact,36acd56b56e9691b25833311a6dba037d1103629d12b6c53e97c0f66da24fd24,extrasensory-p2-fold4-seed47-v2_multiseed,0.8,0.8,40808,0.41090605333689,0.6542734498812252,0.743987649922812,403914,grouped_risk_output_compact,0.3664385126332061
V3-3,P2,4,47,natural_missingness,efb672880ee0ff1680cafed70e33ce265ddcc65e24e6b7c44c7798d6500b08df,grouped_risk_output_compact,36acd56b56e9691b25833311a6dba037d1103629d12b6c53e97c0f66da24fd24,extrasensory-p2-fold4-seed47-v2_multiseed,0.85,0.850009801999608,43359,0.420291077930439,0.6405510705016018,0.733319550933458,428076,grouped_risk_output_compact,0.3623594475832553
V3-3,P2,4,47,natural_missingness,efb672880ee0ff1680cafed70e33ce265ddcc65e24e6b7c44c7798d6500b08df,grouped_risk_output_compact,36acd56b56e9691b25833311a6dba037d1103629d12b6c53e97c0f66da24fd24,extrasensory-p2-fold4-seed47-v2_multiseed,0.9,0.9,45909,0.4300931010203683,0.6271120207928326,0.7224876915535284,452484,grouped_risk_output_compact,0.3576801425189951
V3-3,P2,4,47,natural_missingness,efb672880ee0ff1680cafed70e33ce265ddcc65e24e6b7c44c7798d6500b08df,grouped_risk_output_compact,36acd56b56e9691b25833311a6dba037d1103629d12b6c53e97c0f66da24fd24,extrasensory-p2-fold4-seed47-v2_multiseed,0.95,0.950009801999608,48460,0.4399854388460675,0.6132034599164665,0.7122023797490873,477878,grouped_risk_output_compact,0.3516011228407353
V3-3,P2,4,47,natural_missingness,efb672880ee0ff1680cafed70e33ce265ddcc65e24e6b7c44c7798d6500b08df,grouped_risk_output_compact,36acd56b56e9691b25833311a6dba037d1103629d12b6c53e97c0f66da24fd24,extrasensory-p2-fold4-seed47-v2_multiseed,1.0,1.0,51010,0.4503193512823913,0.5976761634819686,0.6998710940936614,504726,grouped_risk_output_compact,0.3258373621342909
V3-3,P2,4,47,natural_missingness,efb672880ee0ff1680cafed70e33ce265ddcc65e24e6b7c44c7798d6500b08df,grouped_risk_output_compact,36acd56b56e9691b25833311a6dba037d1103629d12b6c53e97c0f66da24fd24,extrasensory-p2-fold4-seed47-v2_multiseed,0.05,0.0500098019996079,2551,0.294813813024295,0.3575503880982853,0.8537052555967916,29197,grouped_risk_full_compact,0.4646513311223056
V3-3,P2,4,47,natural_missingness,efb672880ee0ff1680cafed70e33ce265ddcc65e24e6b7c44c7798d6500b08df,grouped_risk_output_compact,36acd56b56e9691b25833311a6dba037d1103629d12b6c53e97c0f66da24fd24,extrasensory-p2-fold4-seed47-v2_multiseed,0.1,0.1,5101,0.2369224816906867,0.398791993896497,0.8966734807656569,55401,grouped_risk_full_compact,0.4525211616996705
V3-3,P2,4,47,natural_missingness,efb672880ee0ff1680cafed70e33ce265ddcc65e24e6b7c44c7798d6500b08df,grouped_risk_output_compact,36acd56b56e9691b25833311a6dba037d1103629d12b6c53e97c0f66da24fd24,extrasensory-p2-fold4-seed47-v2_multiseed,0.15,0.1500098019996079,7652,0.2273430050719682,0.651020400139876,0.9058773163720872,83070,grouped_risk_full_compact,0.4334567764058997
V3-3,P2,4,47,natural_missingness,efb672880ee0ff1680cafed70e33ce265ddcc65e24e6b7c44c7798d6500b08df,grouped_risk_output_compact,36acd56b56e9691b25833311a6dba037d1103629d12b6c53e97c0f66da24fd24,extrasensory-p2-fold4-seed47-v2_multiseed,0.2,0.2,10202,0.2380251707067781,0.6643715204770444,0.8936855060115497,111232,grouped_risk_full_compact,0.4225581124506266
V3-3,P2,4,47,natural_missingness,efb672880ee0ff1680cafed70e33ce265ddcc65e24e6b7c44c7798d6500b08df,grouped_risk_output_compact,36acd56b56e9691b25833311a6dba037d1103629d12b6c53e97c0f66da24fd24,extrasensory-p2-fold4-seed47-v2_multiseed,0.25,0.2500098019996079,12753,0.251947532573913,0.6620658486387737,0.878380840817389,138260,grouped_risk_full_compact,0.4141234687873253
V3-3,P2,4,47,natural_missingness,efb672880ee0ff1680cafed70e33ce265ddcc65e24e6b7c44c7798d6500b08df,grouped_risk_output_compact,36acd56b56e9691b25833311a6dba037d1103629d12b6c53e97c0f66da24fd24,extrasensory-p2-fold4-seed47-v2_multiseed,0.3,0.3,15303,0.2688744723217623,0.67454171418277,0.8633734163863074,163607,grouped_risk_full_compact,0.4073190270477435
V3-3,P2,4,47,natural_missingness,efb672880ee0ff1680cafed70e33ce265ddcc65e24e6b7c44c7798d6500b08df,grouped_risk_output_compact,36acd56b56e9691b25833311a6dba037d1103629d12b6c53e97c0f66da24fd24,extrasensory-p2-fold4-seed47-v2_multiseed,0.35,0.3500098019996079,17854,0.2928960641886186,0.675204640952194,0.8471793460093989,187710,grouped_risk_full_compact,0.4012738457655708
V3-3,P2,4,47,natural_missingness,efb672880ee0ff1680cafed70e33ce265ddcc65e24e6b7c44c7798d6500b08df,grouped_risk_output_compact,36acd56b56e9691b25833311a6dba037d1103629d12b6c53e97c0f66da24fd24,extrasensory-p2-fold4-seed47-v2_multiseed,0.4,0.4,20404,0.3141876379010807,0.6878038353915065,0.8306487715386709,212705,grouped_risk_full_compact,0.3963689603516695
V3-3,P2,4,47,natural_missingness,efb672880ee0ff1680cafed70e33ce265ddcc65e24e6b7c44c7798d6500b08df,grouped_risk_output_compact,36acd56b56e9691b25833311a6dba037d1103629d12b6c53e97c0f66da24fd24,extrasensory-p2-fold4-seed47-v2_multiseed,0.45,0.4500098019996079,22955,0.3333008024693897,0.6941219191962288,0.8156256435439669,237666,grouped_risk_full_compact,0.3921174117472375
V3-3,P2,4,47,natural_missingness,efb672880ee0ff1680cafed70e33ce265ddcc65e24e6b7c44c7798d6500b08df,grouped_risk_output_compact,36acd56b56e9691b25833311a6dba037d1103629d12b6c53e97c0f66da24fd24,extrasensory-p2-fold4-seed47-v2_multiseed,0.5,0.5,25505,0.3509194943821792,0.6963597648103215,0.802447464042939,261882,grouped_risk_full_compact,0.3880845789842053
V3-3,P2,4,47,natural_missingness,efb672880ee0ff1680cafed70e33ce265ddcc65e24e6b7c44c7798d6500b08df,grouped_risk_output_compact,36acd56b56e9691b25833311a6dba037d1103629d12b6c53e97c0f66da24fd24,extrasensory-p2-fold4-seed47-v2_multiseed,0.55,0.5500098019996079,28056,0.3656209238159293,0.6946525664295832,0.7911997341309405,285557,grouped_risk_full_compact,0.3842791202944371
V3-3,P2,4,47,natural_missingness,efb672880ee0ff1680cafed70e33ce265ddcc65e24e6b7c44c7798d6500b08df,grouped_risk_output_compact,36acd56b56e9691b25833311a6dba037d1103629d12b6c53e97c0f66da24fd24,extrasensory-p2-fold4-seed47-v2_multiseed,0.6,0.6,30606,0.376070636240214,0.6918669203410033,0.7809845316051771,309444,grouped_risk_full_compact,0.3803008271362883
V3-3,P2,4,47,natural_missingness,efb672880ee0ff1680cafed70e33ce265ddcc65e24e6b7c44c7798d6500b08df,grouped_risk_output_compact,36acd56b56e9691b25833311a6dba037d1103629d12b6c53e97c0f66da24fd24,extrasensory-p2-fold4-seed47-v2_multiseed,0.65,0.6500098019996079,33157,0.3862110062331891,0.6856816246367451,0.7703724093635665,333807,grouped_risk_full_compact,0.3763765605751764
V3-3,P2,4,47,natural_missingness,efb672880ee0ff1680cafed70e33ce265ddcc65e24e6b7c44c7798d6500b08df,grouped_risk_output_compact,36acd56b56e9691b25833311a6dba037d1103629d12b6c53e97c0f66da24fd24,extrasensory-p2-fold4-seed47-v2_multiseed,0.7,0.7,35707,0.3968880787079933,0.6744727282046926,0.7597139592397282,357772,grouped_risk_full_compact,0.3722532513883805
V3-3,P2,4,47,natural_missingness,efb672880ee0ff1680cafed70e33ce265ddcc65e24e6b7c44c7798d6500b08df,grouped_risk_output_compact,36acd56b56e9691b25833311a6dba037d1103629d12b6c53e97c0f66da24fd24,extrasensory-p2-fold4-seed47-v2_multiseed,0.75,0.7500098019996079,38258,0.4073331502593875,0.6628002515045758,0.7492915704446215,381589,grouped_risk_full_compact,0.3680807734028618
V3-3,P2,4,47,natural_missingness,efb672880ee0ff1680cafed70e33ce265ddcc65e24e6b7c44c7798d6500b08df,grouped_risk_output_compact,36acd56b56e9691b25833311a6dba037d1103629d12b6c53e97c0f66da24fd24,extrasensory-p2-fold4-seed47-v2_multiseed,0.8,0.8,40808,0.4160919492756441,0.6517839983326188,0.7401481227955088,405430,grouped_risk_full_compact,0.3637535871085467
V3-3,P2,4,47,natural_missingness,efb672880ee0ff1680cafed70e33ce265ddcc65e24e6b7c44c7798d6500b08df,grouped_risk_output_compact,36acd56b56e9691b25833311a6dba037d1103629d12b6c53e97c0f66da24fd24,extrasensory-p2-fold4-seed47-v2_multiseed,0.85,0.850009801999608,43359,0.4246082742945331,0.6399203563082122,0.7312664403426336,429365,grouped_risk_full_compact,0.3591563566133507
V3-3,P2,4,47,natural_missingness,efb672880ee0ff1680cafed70e33ce265ddcc65e24e6b7c44c7798d6500b08df,grouped_risk_output_compact,36acd56b56e9691b25833311a6dba037d1103629d12b6c53e97c0f66da24fd24,extrasensory-p2-fold4-seed47-v2_multiseed,0.9,0.9,45909,0.4318625555687712,0.6268325586112401,0.7216986972839802,453146,grouped_risk_full_compact,0.354164111867687
V3-3,P2,4,47,natural_missingness,efb672880ee0ff1680cafed70e33ce265ddcc65e24e6b7c44c7798d6500b08df,grouped_risk_output_compact,36acd56b56e9691b25833311a6dba037d1103629d12b6c53e97c0f66da24fd24,extrasensory-p2-fold4-seed47-v2_multiseed,0.95,0.950009801999608,48460,0.4403879604785929,0.6128982079006577,0.7116344833158278,478784,grouped_risk_full_compact,0.3472040144721691
V3-3,P2,4,47,natural_missingness,efb672880ee0ff1680cafed70e33ce265ddcc65e24e6b7c44c7798d6500b08df,grouped_risk_output_compact,36acd56b56e9691b25833311a6dba037d1103629d12b6c53e97c0f66da24fd24,extrasensory-p2-fold4-seed47-v2_multiseed,1.0,1.0,51010,0.4503193512823913,0.5976761634819686,0.6998710940936614,504726,grouped_risk_full_compact,0.2954979424976275
V3-3,P2,4,47,natural_missingness,efb672880ee0ff1680cafed70e33ce265ddcc65e24e6b7c44c7798d6500b08df,grouped_risk_output_compact,36acd56b56e9691b25833311a6dba037d1103629d12b6c53e97c0f66da24fd24,extrasensory-p2-fold4-seed47-v2_multiseed,0.05,0.0500098019996079,2551,0.2753703545635395,0.3667780672804651,0.8667730078368819,25496,grouped_risk_selected,0.4671842917326057
V3-3,P2,4,47,natural_missingness,efb672880ee0ff1680cafed70e33ce265ddcc65e24e6b7c44c7798d6500b08df,grouped_risk_output_compact,36acd56b56e9691b25833311a6dba037d1103629d12b6c53e97c0f66da24fd24,extrasensory-p2-fold4-seed47-v2_multiseed,0.1,0.1,5101,0.2306962533348977,0.3970919419527665,0.9025081788440568,54931,grouped_risk_selected,0.4568553465644089
V3-3,P2,4,47,natural_missingness,efb672880ee0ff1680cafed70e33ce265ddcc65e24e6b7c44c7798d6500b08df,grouped_risk_output_compact,36acd56b56e9691b25833311a6dba037d1103629d12b6c53e97c0f66da24fd24,extrasensory-p2-fold4-seed47-v2_multiseed,0.15,0.1500098019996079,7652,0.227297529327183,0.6464405268933057,0.906871979687116,82008,grouped_risk_selected,0.4355652943194068
V3-3,P2,4,47,natural_missingness,efb672880ee0ff1680cafed70e33ce265ddcc65e24e6b7c44c7798d6500b08df,grouped_risk_output_compact,36acd56b56e9691b25833311a6dba037d1103629d12b6c53e97c0f66da24fd24,extrasensory-p2-fold4-seed47-v2_multiseed,0.2,0.2,10202,0.2357136518649678,0.6765267031331776,0.8950182493436639,109392,grouped_risk_selected,0.4240502715429451
V3-3,P2,4,47,natural_missingness,efb672880ee0ff1680cafed70e33ce265ddcc65e24e6b7c44c7798d6500b08df,grouped_risk_output_compact,36acd56b56e9691b25833311a6dba037d1103629d12b6c53e97c0f66da24fd24,extrasensory-p2-fold4-seed47-v2_multiseed,0.25,0.2500098019996079,12753,0.255438816162981,0.6830098987292599,0.8815846929458934,134786,grouped_risk_selected,0.4162082797041577
V3-3,P2,4,47,natural_missingness,efb672880ee0ff1680cafed70e33ce265ddcc65e24e6b7c44c7798d6500b08df,grouped_risk_output_compact,36acd56b56e9691b25833311a6dba037d1103629d12b6c53e97c0f66da24fd24,extrasensory-p2-fold4-seed47-v2_multiseed,0.3,0.3,15303,0.2743349232774709,0.6839463603267923,0.8651693017574812,159642,grouped_risk_selected,0.4099798771940444
V3-3,P2,4,47,natural_missingness,efb672880ee0ff1680cafed70e33ce265ddcc65e24e6b7c44c7798d6500b08df,grouped_risk_output_compact,36acd56b56e9691b25833311a6dba037d1103629d12b6c53e97c0f66da24fd24,extrasensory-p2-fold4-seed47-v2_multiseed,0.35,0.3500098019996079,17854,0.298457255548697,0.6877701580304957,0.8478956656995005,183389,grouped_risk_selected,0.4038058437381789
V3-3,P2,4,47,natural_missingness,efb672880ee0ff1680cafed70e33ce265ddcc65e24e6b7c44c7798d6500b08df,grouped_risk_output_compact,36acd56b56e9691b25833311a6dba037d1103629d12b6c53e97c0f66da24fd24,extrasensory-p2-fold4-seed47-v2_multiseed,0.4,0.4,20404,0.3156678511980526,0.6850757110543372,0.8319367925029673,208147,grouped_risk_selected,0.398743685203935
V3-3,P2,4,47,natural_missingness,efb672880ee0ff1680cafed70e33ce265ddcc65e24e6b7c44c7798d6500b08df,grouped_risk_output_compact,36acd56b56e9691b25833311a6dba037d1103629d12b6c53e97c0f66da24fd24,extrasensory-p2-fold4-seed47-v2_multiseed,0.45,0.4500098019996079,22955,0.3321929677874369,0.6931009673024037,0.8179492476125403,233313,grouped_risk_selected,0.3940363744270845
V3-3,P2,4,47,natural_missingness,efb672880ee0ff1680cafed70e33ce265ddcc65e24e6b7c44c7798d6500b08df,grouped_risk_output_compact,36acd56b56e9691b25833311a6dba037d1103629d12b6c53e97c0f66da24fd24,extrasensory-p2-fold4-seed47-v2_multiseed,0.5,0.5,25505,0.3471097833791999,0.699333414196687,0.8066448527561036,258780,grouped_risk_selected,0.3898995673349184
V3-3,P2,4,47,natural_missingness,efb672880ee0ff1680cafed70e33ce265ddcc65e24e6b7c44c7798d6500b08df,grouped_risk_output_compact,36acd56b56e9691b25833311a6dba037d1103629d12b6c53e97c0f66da24fd24,extrasensory-p2-fold4-seed47-v2_multiseed,0.55,0.5500098019996079,28056,0.3605338923068291,0.6956057731890076,0.7956252470681249,283947,grouped_risk_selected,0.3860108883885894
V3-3,P2,4,47,natural_missingness,efb672880ee0ff1680cafed70e33ce265ddcc65e24e6b7c44c7798d6500b08df,grouped_risk_output_compact,36acd56b56e9691b25833311a6dba037d1103629d12b6c53e97c0f66da24fd24,extrasensory-p2-fold4-seed47-v2_multiseed,0.6,0.6,30606,0.3731476989041547,0.6901736592667131,0.7843108531248283,308366,grouped_risk_selected,0.3820203889744655
V3-3,P2,4,47,natural_missingness,efb672880ee0ff1680cafed70e33ce265ddcc65e24e6b7c44c7798d6500b08df,grouped_risk_output_compact,36acd56b56e9691b25833311a6dba037d1103629d12b6c53e97c0f66da24fd24,extrasensory-p2-fold4-seed47-v2_multiseed,0.65,0.6500098019996079,33157,0.3850351886995045,0.6812023379630062,0.7726177486815785,332984,grouped_risk_selected,0.3779985774360614
V3-3,P2,4,47,natural_missingness,efb672880ee0ff1680cafed70e33ce265ddcc65e24e6b7c44c7798d6500b08df,grouped_risk_output_compact,36acd56b56e9691b25833311a6dba037d1103629d12b6c53e97c0f66da24fd24,extrasensory-p2-fold4-seed47-v2_multiseed,0.7,0.7,35707,0.3949178744553514,0.6740920305984648,0.7623239155539708,357342,grouped_risk_selected,0.3739923813347975
V3-3,P2,4,47,natural_missingness,efb672880ee0ff1680cafed70e33ce265ddcc65e24e6b7c44c7798d6500b08df,grouped_risk_output_compact,36acd56b56e9691b25833311a6dba037d1103629d12b6c53e97c0f66da24fd24,extrasensory-p2-fold4-seed47-v2_multiseed,0.75,0.7500098019996079,38258,0.4029976416906343,0.665023425255568,0.7532235388632256,380564,grouped_risk_selected,0.3701905493897094
V3-3,P2,4,47,natural_missingness,efb672880ee0ff1680cafed70e33ce265ddcc65e24e6b7c44c7798d6500b08df,grouped_risk_output_compact,36acd56b56e9691b25833311a6dba037d1103629d12b6c53e97c0f66da24fd24,extrasensory-p2-fold4-seed47-v2_multiseed,0.8,0.8,40808,0.41090605333689,0.6542734498812252,0.743987649922812,403914,grouped_risk_selected,0.3664385126332061
V3-3,P2,4,47,natural_missingness,efb672880ee0ff1680cafed70e33ce265ddcc65e24e6b7c44c7798d6500b08df,grouped_risk_output_compact,36acd56b56e9691b25833311a6dba037d1103629d12b6c53e97c0f66da24fd24,extrasensory-p2-fold4-seed47-v2_multiseed,0.85,0.850009801999608,43359,0.420291077930439,0.6405510705016018,0.733319550933458,428076,grouped_risk_selected,0.3623594475832553
V3-3,P2,4,47,natural_missingness,efb672880ee0ff1680cafed70e33ce265ddcc65e24e6b7c44c7798d6500b08df,grouped_risk_output_compact,36acd56b56e9691b25833311a6dba037d1103629d12b6c53e97c0f66da24fd24,extrasensory-p2-fold4-seed47-v2_multiseed,0.9,0.9,45909,0.4300931010203683,0.6271120207928326,0.7224876915535284,452484,grouped_risk_selected,0.3576801425189951
V3-3,P2,4,47,natural_missingness,efb672880ee0ff1680cafed70e33ce265ddcc65e24e6b7c44c7798d6500b08df,grouped_risk_output_compact,36acd56b56e9691b25833311a6dba037d1103629d12b6c53e97c0f66da24fd24,extrasensory-p2-fold4-seed47-v2_multiseed,0.95,0.950009801999608,48460,0.4399854388460675,0.6132034599164665,0.7122023797490873,477878,grouped_risk_selected,0.3516011228407353
V3-3,P2,4,47,natural_missingness,efb672880ee0ff1680cafed70e33ce265ddcc65e24e6b7c44c7798d6500b08df,grouped_risk_output_compact,36acd56b56e9691b25833311a6dba037d1103629d12b6c53e97c0f66da24fd24,extrasensory-p2-fold4-seed47-v2_multiseed,1.0,1.0,51010,0.4503193512823913,0.5976761634819686,0.6998710940936614,504726,grouped_risk_selected,0.3258373621342909
